setup_key,dataset,data_setup,task,seed,n1,budget,projection_margin,cut_quantile,fit_low_share,deploy_low_share,empty_low_cells,empty_high_cells,runtime_seconds,raw_fit_phase2_cost,raw_deploy_phase2_cost,raw_projection_cost_gap,projection_space,projection_raw_base_phase1_expected_cost,projection_pre_intercept_mixed_phase1_expected_cost,projection_raw_phase1_expected_cost,projection_budget_logit_shift,projection_corrected_phase1_expected_cost,projection_budget_boundary,expected_cost_per_sample,exact_target_variance_pp2,fit_soft_surrogate,deploy_soft_surrogate,fit_mean_endpoint_pi,deploy_mean_endpoint_pi,deploy_min_endpoint_pi,estimate,realized_cost_per_sample,observed_phase2_target_events,selected_index,selected_tau,coverage_pct,oracle_selected_index,oracle_selected_tau,oracle_fixed_coverage_pct,selected_exact_variance_pp2,switched_from_oracle
toxicity_qwen,dataset_toxicity,attack_toxic_attack_qwen25_14b_instruct_lm_target_qwen25_14b_instruct_judge_detoxify,metric,0,50,20.0,1.0,0.1,0.1121172919361793,0.1147589462472173,0,0,6.904050200000256,16.980671622838354,15.192783511041506,-1.787888111796848,cumulative_probability,16.980671622838354,17.59146826472416,16.980671622838354,-0.0427824629878159,16.980677966027866,,17.257069780002958,9.009069063147688,3.028658226004145,2.64881148170088,0.1226343843185866,0.1273615051985605,0.0087592737418091,0.5197858276286834,17.718,268,,,,,,,,
toxicity_qwen,dataset_toxicity,attack_toxic_attack_qwen25_14b_instruct_lm_target_qwen25_14b_instruct_judge_detoxify,metric,0,50,20.0,1.0,0.2,0.2049734080781946,0.2010410477288347,0,0,6.224126200000228,16.98065365488363,14.971021387013488,-2.009632267870142,cumulative_probability,16.980653654883625,17.591450386609207,16.980653654883625,-0.0430103566759498,16.980677965970973,,17.04661190096944,8.868478450749985,2.944866987718671,2.5845502742739868,0.123388492675546,0.1276895540740922,0.0133260422073465,0.5106959535169123,17.622333333333334,268,,,,,,,,
toxicity_qwen,dataset_toxicity,attack_toxic_attack_qwen25_14b_instruct_lm_target_qwen25_14b_instruct_judge_detoxify,metric,0,50,20.0,1.0,0.3,0.3018542475204829,0.3312596348939922,0,0,6.8363641000000825,16.980674720417277,14.398490658286828,-2.582184062130448,cumulative_probability,16.980674720417273,17.59147134681519,16.980674720417273,-0.0432248461584094,16.98067796531507,,16.50512424522615,9.146951372277632,2.845482619799025,2.621768057391089,0.1252019346097405,0.1258676174743782,0.0153993156213116,0.5199097960081885,17.593333333333334,278,,,,,,,,
toxicity_qwen,dataset_toxicity,attack_toxic_attack_qwen25_14b_instruct_lm_target_qwen25_14b_instruct_judge_detoxify,metric,0,50,20.0,1.0,0.4,0.4024723300273106,0.4536032792182011,0,0,11.556726000000252,16.979934527795628,14.668332907195492,-2.3116016206001344,cumulative_probability,16.979934527795628,17.59073485515665,16.979934527795628,-0.0432994269795017,16.980677966049154,,16.761840552816324,8.905493176969198,2.7742197212642505,2.5482446939068253,0.1252306712548047,0.1280834709106066,0.0215004704971124,0.5170299345637908,17.532333333333334,286,,,,,,,,
toxicity_qwen,dataset_toxicity,attack_toxic_attack_qwen25_14b_instruct_lm_target_qwen25_14b_instruct_judge_detoxify,metric,0,50,20.0,1.0,0.5,0.4946097455799914,0.5236261976019211,0,0,6.540641300000061,16.980676396202526,14.950313763467662,-2.030362632734864,cumulative_probability,16.980676396202526,17.59147301422151,16.980676396202526,-0.0434812437742948,16.980677965712673,,17.027029259176878,8.629022026292208,2.7483033821900484,2.477938085075845,0.1261959952091609,0.1291221275337891,0.0242597859185019,0.5296867881918665,18.30633333333333,297,,,,,,,,
toxicity_qwen,dataset_toxicity,attack_toxic_attack_qwen25_14b_instruct_lm_target_qwen25_14b_instruct_judge_detoxify,metric,0,50,20.0,1.0,0.6,0.5904844041972115,0.6137170770709375,0,0,4.912349699999595,16.98065876665716,15.31386653071552,-1.6667922359416425,cumulative_probability,16.98065876665716,17.591455472823878,16.98065876665716,-0.0434107953333295,16.980677965276623,,17.372268742317193,8.502754981403195,2.780948023030424,2.4307239536051584,0.1211402428660528,0.1289592914103772,0.0301873197797554,0.4655285696719468,17.232,272,,,,,,,,
toxicity_qwen,dataset_toxicity,attack_toxic_attack_qwen25_14b_instruct_lm_target_qwen25_14b_instruct_judge_detoxify,metric,0,50,20.0,1.0,0.7,0.6938335489435101,0.7271781363547996,0,0,4.592938199999935,16.98067324765811,15.45028237029212,-1.5303908773659902,cumulative_probability,16.980673247658114,17.591469881419822,16.980673247658114,-0.043346856473363,16.9806779651633,,17.503549785548092,8.368989342079702,2.817747501875532,2.437159515751907,0.1216173035707211,0.1319311516964747,0.0380346413612574,0.4784388651142361,18.14966666666667,283,,,,,,,,
toxicity_qwen,dataset_toxicity,attack_toxic_attack_qwen25_14b_instruct_lm_target_qwen25_14b_instruct_judge_detoxify,metric,0,50,20.0,1.0,0.8,0.7879833261463275,0.813460237836417,0,0,4.245359799999733,16.98067670336315,15.48745480135462,-1.493221902008532,cumulative_probability,16.98067670336315,17.591473319846337,16.98067670336315,-0.043194275276619,16.980677965341535,,17.538626308541033,8.32844156671123,2.896509118554996,2.4708596301318995,0.1172368278806099,0.132259563890432,0.0403124497931532,0.4557787088193072,17.605666666666668,281,,,,,,,,
toxicity_qwen,dataset_toxicity,attack_toxic_attack_qwen25_14b_instruct_lm_target_qwen25_14b_instruct_judge_detoxify,metric,0,50,20.0,1.0,0.9,0.8835705045278137,0.9004980709675829,0,0,4.935053599999719,16.98064031437277,15.845023724185474,-1.135616590187297,cumulative_probability,16.980640314372767,17.591437112800907,16.980640314372767,-0.0430219090776518,16.980677965847764,,17.87894960964671,8.14143039132148,2.994834909313102,2.4873179058387147,0.1216391434818171,0.13648239008925,0.0521471412299002,0.4820059241549427,18.559666666666665,298,,,,,,,,
toxicity_qwen,dataset_toxicity,attack_toxic_attack_qwen25_14b_instruct_lm_target_qwen25_14b_instruct_judge_detoxify,lpb,0,50,20.0,1.0,0.1,0.1096696334288731,0.114314531638645,0,0,7.1906754999999976,17.091797022482215,16.7683004867148,-0.3234965357674149,cumulative_probability,17.09179702247593,17.669238037363556,17.09179702247593,-0.0780680056050187,17.091864406670144,,18.670526512085235,0.222153772208195,0.0386345610692126,0.0845678514782378,0.2209697519868074,0.2211391262441333,0.0068358202891547,0.0994206820244062,18.75433333333333,648,834.0,0.0533282039141866,90.26666666666668,835.0,0.0536969909975955,90.23333333333332,0.0057645559998282,1.0
toxicity_qwen,dataset_toxicity,attack_toxic_attack_qwen25_14b_instruct_lm_target_qwen25_14b_instruct_judge_detoxify,lpb,0,50,20.0,1.0,0.2,0.205008296877357,0.1986842517643505,0,0,7.129925000000185,17.091857328731333,16.768337918652477,-0.3235194100788554,cumulative_probability,17.09185732872505,17.669298042081422,17.09185732872505,-0.0780775238672504,17.091864406306996,,18.67051020525996,0.2221481555909049,0.0386324427659969,0.0845651942007792,0.2207442571498714,0.2209062382423606,0.0071127154435419,0.0994206468659865,18.754666666666665,649,834.0,0.0533282039141866,90.26666666666668,835.0,0.0536969909975955,90.23333333333332,0.0057643429574789,1.0
toxicity_qwen,dataset_toxicity,attack_toxic_attack_qwen25_14b_instruct_lm_target_qwen25_14b_instruct_judge_detoxify,lpb,0,50,20.0,1.0,0.3,0.3047216774777493,0.326455428957288,0,0,7.461464000000433,17.091804070428935,16.768754277029227,-0.3230497933997078,cumulative_probability,17.091804070422654,17.66924505007054,17.091804070422654,-0.0780726141965715,17.09186440671091,,18.67093363895422,0.2221395322808709,0.038629254734772,0.0845609768044669,0.2204108078411249,0.2210196471800529,0.0075128351994184,0.0994205948284805,18.755333333333333,651,834.0,0.0533282039141866,90.26666666666668,835.0,0.0536969909975955,90.23333333333332,0.0057640202955275,1.0
toxicity_qwen,dataset_toxicity,attack_toxic_attack_qwen25_14b_instruct_lm_target_qwen25_14b_instruct_judge_detoxify,lpb,0,50,20.0,1.0,0.4,0.4000603409262332,0.4364477646810777,0,0,7.583887499999946,17.091852821172882,16.767782376521524,-0.3240704446513582,cumulative_probability,17.0918528211666,17.669293557060772,17.0918528211666,-0.0780806524562649,17.09186440629483,,18.670011908390247,0.222133612635781,0.0386268718497108,0.0845519156668773,0.220214857274418,0.2200008223000108,0.0079258951540118,0.0994205567017117,18.754666666666665,649,834.0,0.0533282039141866,90.26666666666668,835.0,0.0536969909975955,90.23333333333332,0.0057637906658525,1.0
toxicity_qwen,dataset_toxicity,attack_toxic_attack_qwen25_14b_instruct_lm_target_qwen25_14b_instruct_judge_detoxify,lpb,0,50,20.0,1.0,0.5,0.4946447427968019,0.5247208522447212,0,0,7.289482700000008,17.09184643100976,16.76339652967623,-0.3284499013335313,cumulative_probability,17.091846431003475,17.669287198848462,17.091846431003475,-0.0780872149334754,17.091864406770302,,18.66603409534228,0.2231772418821842,0.0386148595647512,0.0844484565753299,0.2199923750487529,0.2200802704833517,0.0086722199844903,0.0994203929880996,18.71733333333333,650,834.0,0.0533282039141866,90.26666666666668,835.0,0.0536969909975955,90.23333333333332,0.0057627647149408,1.0
toxicity_qwen,dataset_toxicity,attack_toxic_attack_qwen25_14b_instruct_lm_target_qwen25_14b_instruct_judge_detoxify,lpb,0,50,20.0,1.0,0.6,0.5926987479257807,0.613600813723898,0,0,8.37847099999999,17.09183569706808,16.763925135001944,-0.3279105620661369,cumulative_probability,17.0918356970618,17.669276518576492,17.0918356970618,-0.0781201822246657,17.091864406256274,,18.66653937922753,0.2246596343373785,0.0385568023477957,0.083925688425707,0.2200419262236768,0.2194488514174051,0.0094134700318057,0.0994190479113096,18.587333333333333,644,834.0,0.0533282039141866,90.26666666666668,835.0,0.0536969909975955,90.23333333333332,0.0057542150979246,1.0
toxicity_qwen,dataset_toxicity,attack_toxic_attack_qwen25_14b_instruct_lm_target_qwen25_14b_instruct_judge_detoxify,lpb,0,50,20.0,1.0,0.7,0.693015537788505,0.7302089298789957,0,0,8.245809800000188,17.091835612501068,16.72975993570347,-0.3620756767975983,cumulative_probability,17.091835612494787,17.669276434432316,17.091835612494787,-0.0781935155100654,17.09186440676056,,18.635512428761057,0.2245329406315432,0.0384442175784576,0.0831725843810134,0.2201527720651858,0.2194702601698308,0.0110093134593892,0.0994185833174606,18.78533333333333,646,834.0,0.0533282039141866,90.26666666666668,835.0,0.0536969909975955,90.23333333333332,0.0057509512939803,1.0
toxicity_qwen,dataset_toxicity,attack_toxic_attack_qwen25_14b_instruct_lm_target_qwen25_14b_instruct_judge_detoxify,lpb,0,50,20.0,1.0,0.8,0.7877507919746568,0.8220377857364686,0,0,9.243802899999991,17.091860657419844,16.72890790393412,-0.3629527534857217,cumulative_probability,17.091860657413566,17.669301354126496,17.091860657413566,-0.078237674824777,17.091864406759697,,18.634731001552705,0.2236059652044435,0.0383750669721746,0.0824113622473036,0.2199821264960685,0.2196169828514199,0.0119883656418279,0.0994178103803316,18.843333333333334,647,834.0,0.0533282039141866,90.26666666666668,835.0,0.0536969909975955,90.23333333333332,0.0057458211560636,1.0
toxicity_qwen,dataset_toxicity,attack_toxic_attack_qwen25_14b_instruct_lm_target_qwen25_14b_instruct_judge_detoxify,lpb,0,50,20.0,1.0,0.9,0.8880675818373812,0.9136615011154512,0,0,8.054246799999873,17.091838500744892,16.70632953732688,-0.3855089634180118,cumulative_probability,17.091838500738614,17.669279308234923,17.091838500738614,-0.0782534993049921,17.091864406506964,,18.614218462548664,0.2276483027788941,0.0383442135689371,0.0815186418029368,0.2200601160567802,0.2198028746760963,0.0142518133600903,0.0994170789012537,18.59633333333333,643,834.0,0.0533282039141866,90.26666666666668,835.0,0.0536969909975955,90.23333333333332,0.0057416498060676,1.0
toxicity_qwen,dataset_toxicity,attack_toxic_attack_qwen25_14b_instruct_lm_target_qwen25_14b_instruct_judge_detoxify,metric,1,50,20.0,1.0,0.1,0.1152230122818358,0.1449811794228356,0,0,7.124390299999959,17.241349396295277,16.580808602094958,-0.660540794200319,cumulative_probability,17.241349396295274,17.773942649313803,17.241349396295274,-0.0376706189126707,17.241355931578394,,18.39355850674639,8.564612348670696,2.3864806229972984,2.3617068707523194,0.1559420760446359,0.1524266069494882,0.0084687529097666,0.5015353809625862,18.554,303,,,,,,,,
toxicity_qwen,dataset_toxicity,attack_toxic_attack_qwen25_14b_instruct_lm_target_qwen25_14b_instruct_judge_detoxify,metric,1,50,20.0,1.0,0.2,0.2092760180995475,0.2219246085865474,0,0,5.721984000000248,17.241334424678534,17.44926067313095,0.2079262484524164,cumulative_probability,17.241334424678534,17.77392775255514,17.241334424678534,-0.0380270686582662,17.2413559320457,,19.217620135854407,7.812329463827189,2.276059529215214,2.1598485625915247,0.1610606677055754,0.1601759180535699,0.0151842037996456,0.507714184544181,19.360333333333333,322,,,,,,,,
toxicity_qwen,dataset_toxicity,attack_toxic_attack_qwen25_14b_instruct_lm_target_qwen25_14b_instruct_judge_detoxify,metric,1,50,20.0,1.0,0.3,0.3067226890756303,0.2825677813539905,0,0,6.791165199999796,17.241355131249172,17.80089247929317,0.5595373480439996,cumulative_probability,17.24135513124917,17.77394835559292,17.24135513124917,-0.0381832158745965,17.241355931449824,,19.551136590275007,7.399712147110441,2.226505238145952,2.064030586949829,0.1604999946929994,0.1615500071028436,0.0193605593208763,0.5074536843235671,19.455666666666666,326,,,,,,,,
toxicity_qwen,dataset_toxicity,attack_toxic_attack_qwen25_14b_instruct_lm_target_qwen25_14b_instruct_judge_detoxify,metric,1,50,20.0,1.0,0.4,0.4022301228183581,0.3859118433255141,0,0,4.454416100000344,17.241344999144506,17.978481607651613,0.7371366085071074,cumulative_probability,17.241344999144506,17.773938274148783,17.241344999144506,-0.0383242372481618,17.241355931758328,,19.71993085362537,7.229671890740603,2.177715476961916,2.0104466094159066,0.1610642871738444,0.1623602711736352,0.0230937955779872,0.5211733467662428,20.08333333333333,343,,,,,,,,
toxicity_qwen,dataset_toxicity,attack_toxic_attack_qwen25_14b_instruct_lm_target_qwen25_14b_instruct_judge_detoxify,metric,1,50,20.0,1.0,0.5,0.4919198448610213,0.4671894604767879,0,0,7.440267400000266,17.241348676903293,17.727232006639152,0.4858833297358593,cumulative_probability,17.241348676903293,17.773941933518778,17.241348676903293,-0.0383958090242231,17.241355931692187,,19.48195305494699,7.269882060416547,2.14876595212142,2.037239085951371,0.1617544706391299,0.1602272042579403,0.0242286095794593,0.5109027000273602,20.291666666666668,341,,,,,,,,
toxicity_qwen,dataset_toxicity,attack_toxic_attack_qwen25_14b_instruct_lm_target_qwen25_14b_instruct_judge_detoxify,metric,1,50,20.0,1.0,0.6,0.5943762120232708,0.5792673613005291,0,0,7.264898800000083,17.24134920467304,17.27145892797984,0.0301097233068006,cumulative_probability,17.24134920467304,17.773942458649675,17.24134920467304,-0.0384403397765709,17.241355931227673,,19.046959133148192,7.352605939525678,2.1525035111832502,2.1102751308048258,0.160506484344085,0.1554844490142945,0.0299252455284918,0.5397933165586474,19.780666666666665,350,,,,,,,,
toxicity_qwen,dataset_toxicity,attack_toxic_attack_qwen25_14b_instruct_lm_target_qwen25_14b_instruct_judge_detoxify,metric,1,50,20.0,1.0,0.7,0.6918228829993536,0.704386012765261,0,0,3.058599500000128,17.241250090952054,17.672808903484402,0.4315588125323479,cumulative_probability,17.24125009095205,17.773843840497292,17.24125009095205,-0.038377558303182,17.241355931564453,,19.43388154451249,7.207106951200825,2.180582222563908,2.098293390927791,0.161293408961152,0.1578746935863149,0.0341300836964424,0.5508143108636236,20.68733333333333,370,,,,,,,,
toxicity_qwen,dataset_toxicity,attack_toxic_attack_qwen25_14b_instruct_lm_target_qwen25_14b_instruct_judge_detoxify,metric,1,50,20.0,1.0,0.8,0.7873303167420814,0.8089984179804702,0,0,5.058255800000097,17.241336897480327,17.35126729019783,0.1099303927175014,cumulative_probability,17.241336897480327,17.773930212992926,17.241336897480327,-0.0382175696722697,17.24135593148784,,19.12752728776271,7.288301215860415,2.246272705425102,2.200452958355036,0.1530941310834947,0.1519517544776255,0.0387214260662541,0.5351716542658624,20.121,364,,,,,,,,
toxicity_qwen,dataset_toxicity,attack_toxic_attack_qwen25_14b_instruct_lm_target_qwen25_14b_instruct_judge_detoxify,metric,1,50,20.0,1.0,0.9,0.883322559793148,0.9137090175113196,0,0,4.6457697999999255,17.240999380713713,16.637422659935677,-0.6035767207780367,cumulative_probability,17.240999380713713,17.773594383810146,17.240999380713713,-0.0379113864619284,17.241355932179562,,18.44197006276984,7.781642324800692,2.3428137358402434,2.379500984544735,0.142741465101904,0.1378427739822252,0.0481881229607554,0.4873706286594894,18.905,315,,,,,,,,
toxicity_qwen,dataset_toxicity,attack_toxic_attack_qwen25_14b_instruct_lm_target_qwen25_14b_instruct_judge_detoxify,lpb,1,50,20.0,1.0,0.1,0.1117318435754189,0.14719149988488,0,0,7.874306199999864,17.33660985942924,17.288179932824818,-0.0484299266044239,cumulative_probability,17.33660985942272,17.840626810125606,17.33660985942272,-0.090352818442625,17.336610169159766,,18.97453674528571,0.4612114521985184,0.0262399491087451,0.1107628343012923,0.2388556493380452,0.227948515755843,0.0062777775054439,0.0998621015591134,19.418,670,834.0,0.0533282039141866,90.33333333333331,834.0,0.0533282039141866,90.33333333333331,0.0041702253722759,0.0
toxicity_qwen,dataset_toxicity,attack_toxic_attack_qwen25_14b_instruct_lm_target_qwen25_14b_instruct_judge_detoxify,lpb,1,50,20.0,1.0,0.2,0.2045031318774335,0.2212861028916423,0,0,8.552768000000015,17.336609838949883,17.373845356548728,0.0372355175988445,cumulative_probability,17.336609838943364,17.840626789748644,17.336609838943364,-0.091041474515805,17.33661016945747,,19.05132404303189,0.4419905522523938,0.0258515947254737,0.1111698617238652,0.2394840105435764,0.2287557853449198,0.0069833490883344,0.0998556686900025,19.519666666666662,673,834.0,0.0533282039141866,90.33333333333331,834.0,0.0533282039141866,90.33333333333331,0.0041353662491376,0.0
toxicity_qwen,dataset_toxicity,attack_toxic_attack_qwen25_14b_instruct_lm_target_qwen25_14b_instruct_judge_detoxify,lpb,1,50,20.0,1.0,0.3,0.3038767563907228,0.285696418775067,0,0,8.63414049999983,17.336610060901464,17.432845514988717,0.0962354540872532,cumulative_probability,17.336610060894937,17.840627010590463,17.336610060894937,-0.0912757282640086,17.336610169491482,,19.10416556162229,0.3964618060754863,0.0257281251126367,0.1035621504219306,0.239761430230663,0.2291981394546425,0.0078008274180454,0.099853557719207,19.408,674,834.0,0.0533282039141866,90.33333333333331,834.0,0.0533282039141866,90.33333333333331,0.0041239256628357,0.0
toxicity_qwen,dataset_toxicity,attack_toxic_attack_qwen25_14b_instruct_lm_target_qwen25_14b_instruct_judge_detoxify,lpb,1,50,20.0,1.0,0.4,0.398848823429829,0.3811891178970287,0,0,7.970867800000178,17.33661011221328,17.442663314257445,0.1060532020441655,cumulative_probability,17.33661011220676,17.840627061645723,17.33661011220676,-0.0917435531300725,17.336610169298034,,19.112988674477272,0.4107147427172024,0.0254452816543774,0.105475833717333,0.2405463517357902,0.2298979931335509,0.0082386506256216,0.0998491836046101,19.668666666666667,685,834.0,0.0533282039141866,90.33333333333331,834.0,0.0533282039141866,90.33333333333331,0.0041002308312331,0.0
toxicity_qwen,dataset_toxicity,attack_toxic_attack_qwen25_14b_instruct_lm_target_qwen25_14b_instruct_judge_detoxify,lpb,1,50,20.0,1.0,0.5,0.4897579143389199,0.4695415384003161,0,0,10.764621099999658,17.336610154346317,17.477201096531893,0.1405909421855753,cumulative_probability,17.336610154339795,17.840627103568096,17.336610154339795,-0.091808893266716,17.336610169373618,,19.143869568806856,0.4015027884011106,0.0254222311691895,0.1018668232178357,0.2404584209483639,0.2300317410742026,0.0084407623367681,0.0998487600623198,19.732333333333333,681,834.0,0.0533282039141866,90.33333333333331,834.0,0.0533282039141866,90.33333333333331,0.0040979479356513,0.0
toxicity_qwen,dataset_toxicity,attack_toxic_attack_qwen25_14b_instruct_lm_target_qwen25_14b_instruct_judge_detoxify,lpb,1,50,20.0,1.0,0.6,0.5918401896055527,0.5611542692442163,0,0,12.144179999999778,17.336608489371073,17.424556913795996,0.0879484244249226,cumulative_probability,17.336608489364554,17.84062544691773,17.336608489364554,-0.0917578397638863,17.336610169388372,,19.096696683017388,0.3867984025051335,0.0254458181637636,0.0969881604499576,0.2402277076263471,0.2297679718888927,0.0089907306538634,0.0998492240935528,19.83833333333333,682,834.0,0.0533282039141866,90.33333333333331,834.0,0.0533282039141866,90.33333333333331,0.0041004821277767,0.0
toxicity_qwen,dataset_toxicity,attack_toxic_attack_qwen25_14b_instruct_lm_target_qwen25_14b_instruct_judge_detoxify,lpb,1,50,20.0,1.0,0.7,0.6885051633654986,0.6740741372400209,0,0,6.088114900000164,17.336610160833114,17.382777536998127,0.0461673761650125,cumulative_probability,17.336610160826595,17.84062711002246,17.336610160826595,-0.0916174010490067,17.336610169315986,,19.059289600797037,0.37727829720908,0.0255190905335194,0.0943519764328712,0.2397987130169906,0.2293853411662541,0.0098217900722276,0.0998505242486111,19.892666666666667,687,834.0,0.0533282039141866,90.33333333333331,834.0,0.0533282039141866,90.33333333333331,0.0041074568463071,0.0
toxicity_qwen,dataset_toxicity,attack_toxic_attack_qwen25_14b_instruct_lm_target_qwen25_14b_instruct_judge_detoxify,lpb,1,50,20.0,1.0,0.8,0.7861858811579482,0.7969710665222693,0,0,5.697329900000113,17.33660901073305,17.32917337132694,-0.0074356394061076,cumulative_probability,17.33660901072653,17.8406259656729,17.33660901072653,-0.0909930107445688,17.336610169260997,,19.01124438638272,0.3619920922215201,0.0258583213722045,0.0891208029789478,0.239291613666811,0.2284353352436594,0.0105017942428302,0.0998561617890443,19.698,678,834.0,0.0533282039141866,90.33333333333331,834.0,0.0533282039141866,90.33333333333331,0.004138066727487,0.0
toxicity_qwen,dataset_toxicity,attack_toxic_attack_qwen25_14b_instruct_lm_target_qwen25_14b_instruct_judge_detoxify,lpb,1,50,20.0,1.0,0.9,0.8806500761808025,0.8958065075453302,0,0,5.173112100000253,17.336608356016942,17.300718186563753,-0.0358901694531894,cumulative_probability,17.336608356010423,17.84062531423037,17.336608356010423,-0.0904291268670931,17.33661016940273,,18.98570635356255,0.344221122590637,0.0261851192114159,0.0871077460370999,0.2388446409085801,0.2279818176627707,0.0118744012756358,0.0998615000222061,19.30933333333333,674,834.0,0.0533282039141866,90.33333333333331,834.0,0.0533282039141866,90.33333333333331,0.0041669069460239,0.0
toxicity_qwen,dataset_toxicity,attack_toxic_attack_qwen25_14b_instruct_lm_target_qwen25_14b_instruct_judge_detoxify,metric,2,50,20.0,1.0,0.1,0.1153073523503415,0.0817703141868664,0,0,4.328628199999912,17.651524444577138,23.430048011430745,5.778523566853604,cumulative_probability,17.651524444577138,18.06106682235425,17.651524444577138,-0.0302816800831351,17.65152542281114,,24.652491955865237,5.363019683755201,1.2424632170957803,1.5391129739214902,0.2231002071156289,0.2014417750750091,0.0122302207696264,0.5083257668834491,23.745,417,,,,,,,,
toxicity_qwen,dataset_toxicity,attack_toxic_attack_qwen25_14b_instruct_lm_target_qwen25_14b_instruct_judge_detoxify,metric,2,50,20.0,1.0,0.2,0.2065086380072318,0.1364651699602123,0,0,3.8493367000000944,17.65152499912296,22.8261069434384,5.174581944315438,cumulative_probability,17.65152499912296,18.061067374127344,17.65152499912296,-0.030519034480676,17.651525422801587,,24.072298340122767,5.333509684414176,1.203846653864315,1.5217075555521984,0.2291068480699022,0.2040295475921034,0.0167894639753173,0.4907704013615421,23.043666666666667,421,,,,,,,,
toxicity_qwen,dataset_toxicity,attack_toxic_attack_qwen25_14b_instruct_lm_target_qwen25_14b_instruct_judge_detoxify,metric,2,50,20.0,1.0,0.3,0.3075532342306147,0.2508110764745025,0,0,3.46390909999991,17.65152146683311,21.586717204575084,3.9351957377419744,cumulative_probability,17.651521466833106,18.06106385949894,17.651521466833106,-0.0306594003632199,17.651525423285793,,22.88651372667132,5.506143069256488,1.1726835694046502,1.5430911427123564,0.2293832356624451,0.1981062053658797,0.0197112993319087,0.4890688985081419,21.969666666666665,423,,,,,,,,
toxicity_qwen,dataset_toxicity,attack_toxic_attack_qwen25_14b_instruct_lm_target_qwen25_14b_instruct_judge_detoxify,metric,2,50,20.0,1.0,0.4,0.4003615910004017,0.3817982014120323,0,0,3.483253600000353,17.651520860875006,20.639688448597795,2.9881675877227885,cumulative_probability,17.651520860875006,18.061063256570637,17.651520860875006,-0.0307260361296357,17.65152542291535,,21.977545799532123,5.65892196293527,1.1679543486236337,1.607950448687107,0.2297742010720674,0.1899492684198903,0.0265893397609722,0.5163235786790488,21.364,432,,,,,,,,
toxicity_qwen,dataset_toxicity,attack_toxic_attack_qwen25_14b_instruct_lm_target_qwen25_14b_instruct_judge_detoxify,metric,2,50,20.0,1.0,0.5,0.493571715548413,0.5110651539457662,0,0,2.9831019000002925,17.65151656302155,21.326377130538816,3.674860567517268,cumulative_probability,17.651516563021552,18.061058980206443,17.651516563021552,-0.0306758155784336,17.651525423530682,,22.64099427509337,5.567405349785395,1.1731565652638234,1.55557928216071,0.2233031177161339,0.1948279828256385,0.0385213039527875,0.5061454240903848,22.043666666666667,447,,,,,,,,
toxicity_qwen,dataset_toxicity,attack_toxic_attack_qwen25_14b_instruct_lm_target_qwen25_14b_instruct_judge_detoxify,metric,2,50,20.0,1.0,0.6,0.5914021695460024,0.6136763369991689,0,0,2.926138499999979,17.651524944968955,21.683564252979515,4.03203930801056,cumulative_probability,17.651524944968955,18.061067320244103,17.651524944968955,-0.0307021624757908,17.65152542366463,,22.986266123345345,5.555656302203289,1.1708771057254077,1.5292625694121955,0.2206891558683274,0.1958432249886096,0.0397462036535345,0.5211334921116957,22.299666666666667,450,,,,,,,,
toxicity_qwen,dataset_toxicity,attack_toxic_attack_qwen25_14b_instruct_lm_target_qwen25_14b_instruct_judge_detoxify,metric,2,50,20.0,1.0,0.7,0.6914423463238248,0.6844491444696319,0,0,2.48791859999983,17.65152010112671,21.750505921769577,4.098985820642866,cumulative_probability,17.65152010112671,18.06106250062108,17.65152010112671,-0.0306392997299553,17.651525423628915,,23.051894704809403,5.614275704271263,1.1863942702818997,1.5390205799950287,0.2102480207682012,0.1931072623830625,0.0445250546528705,0.4979900735517312,22.189,426,,,,,,,,
toxicity_qwen,dataset_toxicity,attack_toxic_attack_qwen25_14b_instruct_lm_target_qwen25_14b_instruct_judge_detoxify,metric,2,50,20.0,1.0,0.8,0.7852551225391724,0.7556333575390767,0,0,2.072497999999996,17.651491810119364,22.422783759424146,4.771291949304782,cumulative_probability,17.651491810119364,18.06103435106877,17.651491810119364,-0.0305004244000883,17.65152542302172,,23.70065900704088,5.442695882528298,1.2171155815476389,1.508998891019765,0.2102502859988396,0.1978943663449192,0.0525156516869169,0.5055104858483104,23.279333333333334,436,,,,,,,,
toxicity_qwen,dataset_toxicity,attack_toxic_attack_qwen25_14b_instruct_lm_target_qwen25_14b_instruct_judge_detoxify,metric,2,50,20.0,1.0,0.9,0.883688228204098,0.8458830448432103,0,0,4.401756400000068,17.651518558708062,21.59383279027642,3.942314231568357,cumulative_probability,17.651518558708062,18.06106096591452,17.651518558708062,-0.0302389268472325,17.65152542307685,,22.895992040176168,5.5901344882253525,1.2712935004455863,1.5934130401658837,0.2057689426953501,0.1863550246655723,0.0703382913766502,0.5296239637700846,22.443,430,,,,,,,,
toxicity_qwen,dataset_toxicity,attack_toxic_attack_qwen25_14b_instruct_lm_target_qwen25_14b_instruct_judge_detoxify,lpb,2,50,20.0,1.0,0.1,0.1160185967878275,0.082806674056692,0,0,4.260931400000118,17.734913910294434,19.993671244049263,2.258757333754829,cumulative_probability,17.734913910287915,18.11943934073648,17.734913910287915,-0.0549524803500389,17.7349152541361,,21.244065524938726,0.2884582316861596,0.0336040804574319,0.0781002270652317,0.3287060206390658,0.243371802825677,0.0056750656575951,0.0996762701999895,20.879666666666665,703,814.0,0.046461914052379,91.43333333333334,814.0,0.046461914052379,91.43333333333334,3.201177774420971e-05,0.0
toxicity_qwen,dataset_toxicity,attack_toxic_attack_qwen25_14b_instruct_lm_target_qwen25_14b_instruct_judge_detoxify,lpb,2,50,20.0,1.0,0.2,0.206043956043956,0.1356002476138375,0,0,4.265046799999709,17.734907712732316,19.90834587590776,2.173438163175444,cumulative_probability,17.734907712725796,18.119433174162165,17.734907712725796,-0.0548744958359748,17.73491525418981,,21.16443634194762,0.2256577715937309,0.033738701093074,0.0770973609359099,0.3285160150250223,0.2429760345024276,0.0066876364526711,0.099676666489469,20.79433333333333,700,814.0,0.046461914052379,91.43333333333334,814.0,0.046461914052379,91.43333333333334,3.3332742675641226e-05,0.0
toxicity_qwen,dataset_toxicity,attack_toxic_attack_qwen25_14b_instruct_lm_target_qwen25_14b_instruct_judge_detoxify,lpb,2,50,20.0,1.0,0.3,0.3079036348267117,0.2455091199631458,0,0,4.184446499999922,17.734908812421956,19.856283808000093,2.1213749955781367,cumulative_probability,17.734908812415437,18.119434268353363,17.734908812415437,-0.0545488436182495,17.734915254211842,,21.116273060699243,0.2007010650295539,0.0343292340217166,0.0725612423557573,0.3272184127288687,0.2419464260005634,0.0070846142585763,0.0996786893860703,20.58833333333333,695,814.0,0.046461914052379,91.43333333333334,814.0,0.046461914052379,91.43333333333334,4.007573134652251e-05,0.0
toxicity_qwen,dataset_toxicity,attack_toxic_attack_qwen25_14b_instruct_lm_target_qwen25_14b_instruct_judge_detoxify,lpb,2,50,20.0,1.0,0.4,0.3981403212172443,0.3619883967004016,0,0,3.9345241999999416,17.73491001719515,19.84904272671724,2.114132709522085,cumulative_probability,17.734910017188632,18.11943546710269,17.734910017188632,-0.0545920721197035,17.734915253882765,,21.109530827663875,0.190257466949418,0.0342594967829033,0.0743061754344317,0.3275171735178119,0.2420370717839446,0.0074886969100075,0.0996783668250546,20.654333333333334,698,814.0,0.046461914052379,91.43333333333334,814.0,0.046461914052379,91.43333333333334,3.900052796108462e-05,0.0
toxicity_qwen,dataset_toxicity,attack_toxic_attack_qwen25_14b_instruct_lm_target_qwen25_14b_instruct_judge_detoxify,lpb,2,50,20.0,1.0,0.5,0.4896449704142012,0.49076486762737,0,0,3.8541198000002623,17.73489836308395,19.773409240661135,2.0385108775771883,cumulative_probability,17.73489836307743,18.119423871262043,17.73489836307743,-0.0546036018931772,17.73491525388836,,21.03935451797608,0.1855254607019291,0.0342354344484534,0.0741312078026393,0.3274593575358042,0.2413184523787102,0.0079422491103032,0.0996782835641773,20.594666666666665,694,814.0,0.046461914052379,91.43333333333334,814.0,0.046461914052379,91.43333333333334,3.872299170338353e-05,0.0
toxicity_qwen,dataset_toxicity,attack_toxic_attack_qwen25_14b_instruct_lm_target_qwen25_14b_instruct_judge_detoxify,lpb,2,50,20.0,1.0,0.6,0.5887573964497042,0.5893353295999308,0,0,3.806277000000137,17.734914464876155,19.80726369919613,2.0723492343199794,cumulative_probability,17.734914464869636,18.119439892545284,17.734914464869636,-0.0546006280637811,17.734915253853014,,21.07078973382086,0.1753318859952948,0.0342408637659691,0.0725259235037756,0.3275811708163149,0.2419494723925893,0.0093863980999856,0.0996783091799938,20.578,696,814.0,0.046461914052379,91.43333333333334,814.0,0.046461914052379,91.43333333333334,3.880837775833504e-05,0.0
toxicity_qwen,dataset_toxicity,attack_toxic_attack_qwen25_14b_instruct_lm_target_qwen25_14b_instruct_judge_detoxify,lpb,2,50,20.0,1.0,0.7,0.6904057480980558,0.6719318198177447,0,0,4.168368600000122,17.734914261378755,19.81599982569022,2.081085564311465,cumulative_probability,17.734914261372232,18.11943969006537,17.734914261372232,-0.0545595323637826,17.73491525419965,,21.078928283940883,0.1672204491599581,0.034304562763534,0.0702041886443953,0.3275153857187223,0.2420321243365895,0.0102399745376452,0.0996785866018231,20.72,698,814.0,0.046461914052379,91.43333333333334,814.0,0.046461914052379,91.43333333333334,3.9733117189232704e-05,0.0
toxicity_qwen,dataset_toxicity,attack_toxic_attack_qwen25_14b_instruct_lm_target_qwen25_14b_instruct_judge_detoxify,lpb,2,50,20.0,1.0,0.8,0.7808537616229924,0.7444797949987764,0,0,5.629867900000136,17.734898499140137,19.85395745221857,2.119058953078433,cumulative_probability,17.73489849913362,18.11942400663795,17.73489849913362,-0.0544995412928983,17.734915254161997,,21.11424735752608,0.1585790579651136,0.0343904536797498,0.0671767768309178,0.3277351916725362,0.2427627307423484,0.0110483125517449,0.0996790053376246,20.62,696,814.0,0.046461914052379,91.43333333333334,814.0,0.046461914052379,91.43333333333334,4.112890319431109e-05,0.0
toxicity_qwen,dataset_toxicity,attack_toxic_attack_qwen25_14b_instruct_lm_target_qwen25_14b_instruct_judge_detoxify,lpb,2,50,20.0,1.0,0.9,0.88229078613694,0.8312511696874595,0,0,5.2608368000001065,17.734884444658277,19.8330711450688,2.098186700410519,cumulative_probability,17.734884444651758,18.1194100224285,17.734884444651758,-0.0544151374924695,17.734915253968488,,21.094917575585782,0.1511539555399585,0.0345241502558507,0.0646918789187909,0.327479825877032,0.2422191419948148,0.0123333358833442,0.0996794470374146,20.659666666666663,698,814.0,0.046461914052379,91.43333333333334,814.0,0.046461914052379,91.43333333333334,4.260123582767975e-05,0.0
toxicity_qwen,dataset_toxicity,attack_toxic_attack_qwen25_14b_instruct_lm_target_qwen25_14b_instruct_judge_detoxify,metric,3,50,20.0,1.0,0.1,0.1118238557558946,0.1141187118592627,0,0,4.669757699999991,17.383719965939562,19.373327984542247,1.9896080186026843,cumulative_probability,17.383719965939566,17.873601366109867,17.383719965939566,-0.034901747276308,17.383728813219527,,20.95679943000542,6.864914117174281,2.076381335590189,2.012755886896242,0.1684834509607776,0.1604688824673664,0.008237113903179,0.4795417167602775,20.389,298,,,,,,,,
toxicity_qwen,dataset_toxicity,attack_toxic_attack_qwen25_14b_instruct_lm_target_qwen25_14b_instruct_judge_detoxify,metric,3,50,20.0,1.0,0.2,0.2045769764216366,0.2270315531612777,0,0,3.7604018000001815,17.38372609130675,18.53262724770804,1.1489011564012903,cumulative_probability,17.38372609130675,17.873607460850227,17.38372609130675,-0.0351905985007761,17.383728813391905,,20.15655328481417,6.864573915572056,1.9762006743422251,2.0120030397068542,0.1752058658425757,0.1612096656260673,0.0150870759875958,0.4797677731647162,19.03933333333333,310,,,,,,,,
toxicity_qwen,dataset_toxicity,attack_toxic_attack_qwen25_14b_instruct_lm_target_qwen25_14b_instruct_judge_detoxify,metric,3,50,20.0,1.0,0.3,0.3042649098474341,0.3317824121746859,0,0,3.4530503000000863,17.38371073290908,19.17519899441936,1.7914882615102812,cumulative_probability,17.383710732909073,17.873592179244536,17.383710732909073,-0.0353822570468764,17.383728813244662,,20.76901037758389,6.652521503001168,1.9262212936863667,1.8882802099902884,0.1763521606346777,0.1639573128762206,0.020332395220847,0.4811613430498953,20.49833333333333,323,,,,,,,,
toxicity_qwen,dataset_toxicity,attack_toxic_attack_qwen25_14b_instruct_lm_target_qwen25_14b_instruct_judge_detoxify,metric,3,50,20.0,1.0,0.4,0.3970180305131761,0.4278916504980652,0,0,3.2137456999998903,17.38370635364446,18.376735747614877,0.9930293939704136,cumulative_probability,17.38370635364446,17.873587821876235,17.38370635364446,-0.0354605614847969,17.383728813459005,,20.00554466765985,6.6884363528102,1.9027802375282663,1.9334608392259176,0.1784785805556576,0.16065045172258,0.0256098670202969,0.4981066014156168,19.812666666666665,322,,,,,,,,
toxicity_qwen,dataset_toxicity,attack_toxic_attack_qwen25_14b_instruct_lm_target_qwen25_14b_instruct_judge_detoxify,metric,3,50,20.0,1.0,0.5,0.4913314840499306,0.5268245228004379,0,0,2.736348100000214,17.38371342354503,18.222295837653817,0.8385824141087888,cumulative_probability,17.38371342354503,17.873594856427303,17.38371342354503,-0.0354874129698146,17.38372881299958,,19.85872991004973,6.8074897186200936,1.89257895483918,1.9431890769183,0.1768568667723687,0.1601093276590154,0.0286781431134931,0.4809809717796753,18.670666666666666,318,,,,,,,,
toxicity_qwen,dataset_toxicity,attack_toxic_attack_qwen25_14b_instruct_lm_target_qwen25_14b_instruct_judge_detoxify,metric,3,50,20.0,1.0,0.6,0.5915395284327323,0.600724064298644,0,0,2.9015496000001804,17.383728533577383,18.49718936860228,1.113460835024899,cumulative_probability,17.383728533577383,17.873609890909496,17.383728533577383,-0.035526590727386,17.383728812914182,,20.120371949835587,6.712020606637001,1.8842595303927376,1.928858715632564,0.1774156215251242,0.1618428135783801,0.0314424703773692,0.4909714939158665,20.307666666666663,324,,,,,,,,
toxicity_qwen,dataset_toxicity,attack_toxic_attack_qwen25_14b_instruct_lm_target_qwen25_14b_instruct_judge_detoxify,metric,3,50,20.0,1.0,0.7,0.6893203883495146,0.7009793294817738,0,0,2.2551448999997774,17.38369479086983,18.44648327724144,1.062788486371609,cumulative_probability,17.383694790869832,17.87357631691548,17.383694790869832,-0.0355014596425462,17.383728813344568,,20.07371678351626,6.758360749274869,1.896296624654136,1.9583081811703853,0.1763848871977572,0.1615433919879941,0.037498508355848,0.4549893874285299,19.464,316,,,,,,,,
toxicity_qwen,dataset_toxicity,attack_toxic_attack_qwen25_14b_instruct_lm_target_qwen25_14b_instruct_judge_detoxify,metric,3,50,20.0,1.0,0.8,0.7839805825242718,0.8456946356374042,0,0,2.224692800000412,17.383701542931206,17.348608308280436,-0.0350932346507697,cumulative_probability,17.383701542931203,17.87358303521655,17.383701542931203,-0.0354979192343307,17.383728813274647,,19.024193630622648,7.36840613817987,1.910850715942726,2.192928252896567,0.1724175563238243,0.1519377527854987,0.0434108768599988,0.4394171187541636,17.482,311,,,,,,,,
toxicity_qwen,dataset_toxicity,attack_toxic_attack_qwen25_14b_instruct_lm_target_qwen25_14b_instruct_judge_detoxify,metric,3,50,20.0,1.0,0.9,0.8817614424410541,0.9365522399384328,0,0,3.127325999999812,17.383698203230484,17.466832235271713,0.0831340320412294,cumulative_probability,17.383698203230484,17.873579712214333,17.383698203230484,-0.0353577377245528,17.38372881325604,,19.1361896623358,7.313487449644027,1.9857623156972184,2.2426942956318587,0.1565532599372912,0.1496483483890658,0.0485392499244785,0.4425223883982237,18.02133333333333,319,,,,,,,,
toxicity_qwen,dataset_toxicity,attack_toxic_attack_qwen25_14b_instruct_lm_target_qwen25_14b_instruct_judge_detoxify,lpb,3,50,20.0,1.0,0.1,0.1106639839034205,0.1127830154082248,0,0,5.115394099999776,17.485760179053372,18.50629699429765,1.0205368152442738,cumulative_probability,17.48576017904687,17.94503137815164,17.48576017904687,-0.0649487006739946,17.48576271184968,,20.018396159596637,0.2746117265824893,0.038900890642091,0.1102066416388132,0.2708752399509837,0.2244823677072462,0.0055055434752526,0.0991325877784762,18.962333333333333,643,836.0,0.054068328399652,89.96666666666667,839.0,0.0551978194936918,89.93333333333334,0.0053423430019667,1.0
toxicity_qwen,dataset_toxicity,attack_toxic_attack_qwen25_14b_instruct_lm_target_qwen25_14b_instruct_judge_detoxify,lpb,3,50,20.0,1.0,0.2,0.204865556978233,0.222491156209272,0,0,4.767708700000185,17.48576224900602,18.13285436823996,0.647092119233939,cumulative_probability,17.485762248999524,17.945033437754528,17.485762248999524,-0.0653456166037358,17.485762711543444,,19.673011582809128,0.3116805390279901,0.0380137305012557,0.1134867417181275,0.2694366185004322,0.2238856963625623,0.0065787799989372,0.0991000261162806,18.597,645,836.0,0.054068328399652,89.96666666666667,839.0,0.0551978194936918,89.93333333333334,0.0052338685981495,1.0
toxicity_qwen,dataset_toxicity,attack_toxic_attack_qwen25_14b_instruct_lm_target_qwen25_14b_instruct_judge_detoxify,lpb,3,50,20.0,1.0,0.3,0.3019937808670203,0.3283063364984795,0,0,4.293986600000153,17.485762355533943,18.16867153280252,0.6829091772685771,cumulative_probability,17.485762355527445,17.945033543749805,17.485762355527445,-0.0659458321752026,17.485762711439925,,19.705872965745083,0.2975508756302163,0.0367648658395942,0.1087152423238364,0.2707657888353804,0.2251464396971855,0.0066974006798533,0.0990695201350937,19.030666666666665,654,836.0,0.054068328399652,89.96666666666667,839.0,0.0551978194936918,89.93333333333334,0.0051159353610352,1.0
toxicity_qwen,dataset_toxicity,attack_toxic_attack_qwen25_14b_instruct_lm_target_qwen25_14b_instruct_judge_detoxify,lpb,3,50,20.0,1.0,0.4,0.4000365831351747,0.4213932285054981,0,0,5.083993500000361,17.48576261371872,18.216541097288506,0.7307784835697859,cumulative_probability,17.48576261371222,17.945033800643657,17.48576261371222,-0.0647938338079257,17.485762711828023,,19.750006032016103,0.244040685526227,0.0390529237339946,0.0898797614767161,0.2692343255840619,0.223197207009218,0.0081141669636143,0.0991261287906019,18.747,638,836.0,0.054068328399652,89.96666666666667,839.0,0.0551978194936918,89.93333333333334,0.0053345226482022,1.0
toxicity_qwen,dataset_toxicity,attack_toxic_attack_qwen25_14b_instruct_lm_target_qwen25_14b_instruct_judge_detoxify,lpb,3,50,20.0,1.0,0.5,0.4907627583683921,0.5213012643658705,0,0,6.563310800000181,17.4857618596397,18.309669089173944,0.8239072295342424,cumulative_probability,17.485761859633204,17.94503305033503,17.485761859633204,-0.0641081680078059,17.485762711370615,,19.836036816809894,0.2119803103129706,0.0404319225433784,0.0824407865470128,0.2694320478565221,0.2224281088604034,0.0084033912688113,0.0991596576262944,19.050666666666668,641,836.0,0.054068328399652,89.96666666666667,839.0,0.0551978194936918,89.93333333333334,0.0054643543702339,1.0
toxicity_qwen,dataset_toxicity,attack_toxic_attack_qwen25_14b_instruct_lm_target_qwen25_14b_instruct_judge_detoxify,lpb,3,50,20.0,1.0,0.6,0.5906347173952807,0.6017670655540699,0,0,6.589659300000221,17.485761514530076,18.380548944828053,0.8947874302979777,cumulative_probability,17.485761514523578,17.94503270695096,17.485761514523578,-0.0641731653013266,17.485762711618044,,19.9012595181608,0.2002955379510607,0.0403085022553666,0.0786962812908101,0.269953892446615,0.2234468950719199,0.0087987523633412,0.0991562645902515,19.022,641,836.0,0.054068328399652,89.96666666666667,839.0,0.0551978194936918,89.93333333333334,0.0054514169960458,1.0
toxicity_qwen,dataset_toxicity,attack_toxic_attack_qwen25_14b_instruct_lm_target_qwen25_14b_instruct_judge_detoxify,lpb,3,50,20.0,1.0,0.7,0.6910554234497897,0.6973843818937843,0,0,6.297945400000117,17.485762260092496,18.374159869893145,0.8883976098006485,cumulative_probability,17.485762260086,17.945033448785566,17.485762260086,-0.0641657796950312,17.485762711413976,,19.895349841372504,0.197072720664265,0.0403193560168716,0.076130277818032,0.2696922302972833,0.2233255795400277,0.0091652322752436,0.0991569726704224,18.953,639,836.0,0.054068328399652,89.96666666666667,839.0,0.0551978194936918,89.93333333333334,0.0054539762807575,1.0
toxicity_qwen,dataset_toxicity,attack_toxic_attack_qwen25_14b_instruct_lm_target_qwen25_14b_instruct_judge_detoxify,lpb,3,50,20.0,1.0,0.8,0.7858057435522224,0.8023758343065734,0,0,7.707620600000155,17.485762481766614,18.20744599005929,0.7216835082926814,cumulative_probability,17.48576248176012,17.945033669351318,17.48576248176012,-0.0641512935544597,17.48576271143422,,19.74185043761559,0.1943569482863987,0.0403394279758264,0.0751790040716879,0.268921950933603,0.2213449282250898,0.0099878436251555,0.0991607702548078,18.976,642,836.0,0.054068328399652,89.96666666666667,839.0,0.0551978194936918,89.93333333333334,0.0054668331635771,1.0
toxicity_qwen,dataset_toxicity,attack_toxic_attack_qwen25_14b_instruct_lm_target_qwen25_14b_instruct_judge_detoxify,lpb,3,50,20.0,1.0,0.9,0.8823852204133894,0.9106029575215946,0,0,5.326614099999915,17.485761653997674,18.256204261434373,0.7704426074366992,cumulative_probability,17.485761653991176,17.945032845721215,17.485761653991176,-0.0639266930375015,17.48576271184711,,19.7868766330911,0.1884706043588398,0.040759433764654,0.071386762776836,0.2686614212730204,0.2211373368922755,0.0109091732417966,0.0991688321249247,19.032333333333334,640,836.0,0.054068328399652,89.96666666666667,839.0,0.0551978194936918,89.93333333333334,0.0054997732972142,1.0
toxicity_qwen,dataset_toxicity,attack_toxic_attack_qwen25_14b_instruct_lm_target_qwen25_14b_instruct_judge_detoxify,metric,4,50,20.0,1.0,0.1,0.1136028809952529,0.1443110726120254,0,0,4.48091549999981,17.26813505810393,16.555879244523478,-0.7122558135804518,cumulative_probability,17.26813505810393,17.792694382813412,17.26813505810393,-0.0369916917406953,17.268135592808672,,18.344917530415277,8.427980352133877,2.818524380219237,2.364893538498664,0.1412386760570369,0.1458850325443468,0.0091376436421317,0.4668079708327474,17.634,272,,,,,,,,
toxicity_qwen,dataset_toxicity,attack_toxic_attack_qwen25_14b_instruct_lm_target_qwen25_14b_instruct_judge_detoxify,metric,4,50,20.0,1.0,0.2,0.204125061384842,0.2403167924761786,0,0,4.827569600000061,17.268135323885115,15.924071660677408,-1.3440636632077076,cumulative_probability,17.26813532388511,17.792694647265684,17.26813532388511,-0.0371450445527443,17.26813559283066,,17.742532083107964,8.338477135987768,2.763359152281589,2.3501190114044443,0.1407185285639879,0.1431058474288357,0.0147053671007759,0.476899554161649,17.016,276,,,,,,,,
toxicity_qwen,dataset_toxicity,attack_toxic_attack_qwen25_14b_instruct_lm_target_qwen25_14b_instruct_judge_detoxify,metric,4,50,20.0,1.0,0.3,0.303650351939761,0.3769362977629281,0,0,4.687709699999687,17.2681315887108,15.329438196998034,-1.938693391712768,cumulative_probability,17.2681315887108,17.79269093076725,17.2681315887108,-0.0373382230463903,17.26813559252628,,17.177623280162475,8.597577900484382,2.6661424876812543,2.3959559349191686,0.1409350519691686,0.1389746284580218,0.0186817666990895,0.4613165693773802,17.184333333333335,276,,,,,,,,
toxicity_qwen,dataset_toxicity,attack_toxic_attack_qwen25_14b_instruct_lm_target_qwen25_14b_instruct_judge_detoxify,metric,4,50,20.0,1.0,0.4,0.399574398428548,0.4882784033879195,0,0,3.250719499999832,17.26813440231936,14.867198374001475,-2.4009360283178864,cumulative_probability,17.268134402319365,17.792693730307764,17.268134402319365,-0.0374198184726992,17.268135592458176,,16.73738579644958,8.794755052763282,2.6387337032162823,2.4746132162166274,0.1386427545298319,0.135074804488019,0.0239504488853132,0.4901646963625281,17.227666666666668,278,,,,,,,,
toxicity_qwen,dataset_toxicity,attack_toxic_attack_qwen25_14b_instruct_lm_target_qwen25_14b_instruct_judge_detoxify,metric,4,50,20.0,1.0,0.5,0.493861515796366,0.5988230279530861,0,0,3.173663800000213,17.26811710123684,14.951260320888151,-2.3168567803486884,cumulative_probability,17.268117101236836,17.792676515730655,17.268117101236836,-0.0374699416715884,17.268135592467463,,16.81727761260739,8.690204470526854,2.625464189864202,2.4794922596166464,0.1389002253506885,0.1345605742957238,0.0269236805543162,0.4641794857459955,17.491,279,,,,,,,,
toxicity_qwen,dataset_toxicity,attack_toxic_attack_qwen25_14b_instruct_lm_target_qwen25_14b_instruct_judge_detoxify,metric,4,50,20.0,1.0,0.6,0.5906040268456376,0.732128861939529,0,0,3.391001899999992,17.268129826877658,14.980319631961626,-2.287810194916032,cumulative_probability,17.268129826877658,17.792689177743274,17.268129826877658,-0.0374637992354109,17.268135592547342,,16.84454883601932,8.745742095349856,2.6373717697310752,2.522435298012887,0.1403514774626113,0.1325193429871916,0.030580302289061,0.4659759892817471,17.389333333333333,277,,,,,,,,
toxicity_qwen,dataset_toxicity,attack_toxic_attack_qwen25_14b_instruct_lm_target_qwen25_14b_instruct_judge_detoxify,metric,4,50,20.0,1.0,0.7,0.6940579472908823,0.8052826245376672,0,0,2.2220855999999003,17.268099212646714,15.17687014721953,-2.091229065427184,cumulative_probability,17.26809921264671,17.79265871658348,17.26809921264671,-0.0374270130123477,17.268135592913012,,17.032785218804754,8.694307125029933,2.6648672631625754,2.5323088450534432,0.1402624218283449,0.1321909892987285,0.0342184275373731,0.4824790013356463,18.09633333333333,287,,,,,,,,
toxicity_qwen,dataset_toxicity,attack_toxic_attack_qwen25_14b_instruct_lm_target_qwen25_14b_instruct_judge_detoxify,metric,4,50,20.0,1.0,0.8,0.7860533638893435,0.8622117724704038,0,0,2.189719200000127,17.268128078782482,15.439853046316468,-1.8282750324660133,cumulative_probability,17.26812807878248,17.792687438388565,17.26812807878248,-0.0373205707001034,17.268135592910184,,17.28087586112678,8.4715443296646,2.733646088508272,2.5269986852387025,0.1361259870797406,0.1316388158675411,0.039661486906042,0.469707005470789,17.602,286,,,,,,,,
toxicity_qwen,dataset_toxicity,attack_toxic_attack_qwen25_14b_instruct_lm_target_qwen25_14b_instruct_judge_detoxify,metric,4,50,20.0,1.0,0.9,0.8841054182353905,0.9424796161091176,0,0,3.251484299999902,17.268132582128757,15.989835612877002,-1.2782969692517554,cumulative_probability,17.268132582128757,17.792691919218115,17.268132582128757,-0.0370758221833966,17.268135593154426,,17.802559164969985,8.261978736253557,2.843018975346374,2.513772677207006,0.1295153149421118,0.1338906159988775,0.0579900518590547,0.503816778299504,18.14633333333333,301,,,,,,,,
toxicity_qwen,dataset_toxicity,attack_toxic_attack_qwen25_14b_instruct_lm_target_qwen25_14b_instruct_judge_detoxify,lpb,4,50,20.0,1.0,0.1,0.1147810218978102,0.1433826681987343,0,0,5.052842699999928,17.481353582338425,16.790000597525385,-0.6913529848130402,cumulative_probability,17.481353582331664,17.941946814420007,17.481353582331664,-0.0579309948807349,17.481355931986776,,18.3927196596412,0.2094096823694241,0.0558596543426128,0.0770653997352873,0.1336173013977244,0.2110508405101113,0.0054544867463562,0.0986867007188675,18.618,639,831.0,0.0522369700224366,90.43333333333334,834.0,0.0533282039141866,90.33333333333331,0.0087980814991633,1.0
toxicity_qwen,dataset_toxicity,attack_toxic_attack_qwen25_14b_instruct_lm_target_qwen25_14b_instruct_judge_detoxify,lpb,4,50,20.0,1.0,0.2,0.2065693430656934,0.2288297404059979,0,0,5.394904700000097,17.481346487256378,16.82277309256673,-0.6585733946896468,cumulative_probability,17.481346487249617,17.941939754813365,17.481346487249617,-0.0577623488788958,17.48135593199351,,18.42312269294504,0.2128534214839262,0.0565359563318374,0.0707368244750179,0.1327779249454567,0.210716733728641,0.0059410140041112,0.0986994740981242,18.707,639,831.0,0.0522369700224366,90.43333333333334,834.0,0.0533282039141866,90.33333333333331,0.0088723793740679,1.0
toxicity_qwen,dataset_toxicity,attack_toxic_attack_qwen25_14b_instruct_lm_target_qwen25_14b_instruct_judge_detoxify,lpb,4,50,20.0,1.0,0.3,0.3076642335766423,0.3408679048974715,0,0,6.654859400000078,17.481351837873365,16.811165563350226,-0.6701862745231395,cumulative_probability,17.481351837866608,17.94194507867727,17.481351837866608,-0.0577044791862135,17.4813559318834,,18.412394908123098,0.2138960729290857,0.0567744533020285,0.070080967337934,0.1325092260738139,0.2104494534264164,0.0069884066693117,0.098703711181728,18.665333333333333,639,831.0,0.0522369700224366,90.43333333333334,834.0,0.0533282039141866,90.33333333333331,0.0088894774289076,1.0
toxicity_qwen,dataset_toxicity,attack_toxic_attack_qwen25_14b_instruct_lm_target_qwen25_14b_instruct_judge_detoxify,lpb,4,50,20.0,1.0,0.4,0.3978102189781022,0.4526859775792187,0,0,8.229357699999582,17.481334722725475,16.784059886618383,-0.6972748361070913,cumulative_probability,17.481334722718714,17.94192804910512,17.481334722718714,-0.0577070638973964,17.481355931803492,,18.38734140081633,0.2138641934423525,0.0567603237058167,0.070514524452535,0.1325082598216029,0.2100294799096533,0.0069638045662597,0.0987035882280284,18.67033333333333,638,831.0,0.0522369700224366,90.43333333333334,834.0,0.0533282039141866,90.33333333333331,0.0088943056954998,1.0
toxicity_qwen,dataset_toxicity,attack_toxic_attack_qwen25_14b_instruct_lm_target_qwen25_14b_instruct_judge_detoxify,lpb,4,50,20.0,1.0,0.5,0.4932481751824817,0.5521932005922471,0,0,7.612472100000104,17.481342028912238,16.78316675992162,-0.6981752689906173,cumulative_probability,17.481342028905477,17.94193531876095,17.481342028905477,-0.0577100426744436,17.48135593201363,,18.38632524994321,0.2144282071224289,0.0566815271351778,0.0707164700578872,0.1327411253965632,0.2105237154012671,0.0079021276366834,0.0987021892253844,18.654333333333334,638,831.0,0.0522369700224366,90.43333333333334,834.0,0.0533282039141866,90.33333333333331,0.0088866957640754,1.0
toxicity_qwen,dataset_toxicity,attack_toxic_attack_qwen25_14b_instruct_lm_target_qwen25_14b_instruct_judge_detoxify,lpb,4,50,20.0,1.0,0.6,0.5908759124087591,0.654198608562429,0,0,6.432333299999755,17.481327665061286,16.801206682717492,-0.6801209823437944,cumulative_probability,17.48132766505453,17.941921026729258,17.48132766505453,-0.0577251726645045,17.481355932169826,,18.40320459798572,0.2137240225769925,0.0566860365538014,0.0701983400499696,0.1326140572464217,0.2104229836906138,0.0081973765630437,0.0987022103454448,18.642,637,831.0,0.0522369700224366,90.43333333333334,834.0,0.0533282039141866,90.33333333333331,0.0088872155411579,1.0
toxicity_qwen,dataset_toxicity,attack_toxic_attack_qwen25_14b_instruct_lm_target_qwen25_14b_instruct_judge_detoxify,lpb,4,50,20.0,1.0,0.7,0.6901459854014599,0.7649105055251619,0,0,5.50621510000019,17.481329133469963,16.790236888421283,-0.6910922450486794,cumulative_probability,17.481329133463205,17.941922487795882,17.481329133463205,-0.0577288681961363,17.481355931958117,,18.39305532406197,0.2136980078676834,0.0566693137604129,0.0701455173599066,0.132732292034472,0.2103091712116175,0.0089719864561207,0.0987019452006714,18.622,635,831.0,0.0522369700224366,90.43333333333334,834.0,0.0533282039141866,90.33333333333331,0.0088857904305284,1.0
toxicity_qwen,dataset_toxicity,attack_toxic_attack_qwen25_14b_instruct_lm_target_qwen25_14b_instruct_judge_detoxify,lpb,4,50,20.0,1.0,0.8,0.7821167883211679,0.8529014960526391,0,0,5.170031299999664,17.48134872881207,16.756799153259536,-0.7245495755525333,cumulative_probability,17.481348728805305,17.941941985161275,17.481348728805305,-0.0577238589903572,17.481355932046423,,18.362096041323905,0.2137525563594667,0.0566952240945122,0.0702278347318031,0.1327221126674623,0.2095584879548798,0.0092354635717091,0.0987025007516653,18.61533333333333,634,831.0,0.0522369700224366,90.43333333333334,834.0,0.0533282039141866,90.33333333333331,0.0088887730785176,1.0
toxicity_qwen,dataset_toxicity,attack_toxic_attack_qwen25_14b_instruct_lm_target_qwen25_14b_instruct_judge_detoxify,lpb,4,50,20.0,1.0,0.9,0.8830291970802919,0.914229935916125,0,0,5.465192800000295,17.481352171357933,16.788790498939072,-0.6925616724188615,cumulative_probability,17.481352171351176,17.941945410494423,17.481352171351176,-0.0577040926873451,17.48135593198091,,18.39172326075731,0.2139111720018317,0.0567815996481717,0.0696479482701081,0.1327818603669548,0.210258102833037,0.0097570978062267,0.0987039957435135,18.673,640,831.0,0.0522369700224366,90.43333333333334,834.0,0.0533282039141866,90.33333333333331,0.0088960852185092,1.0
red_qwen,dataset_red_team,attack_default_attack_qwen25_14b_instruct_lm_target_qwen25_14b_instruct_judge_llm-judge_qwen25_14b_instruct,metric,0,50,20.0,1.0,0.1,0.1141429669485011,0.1392483530800292,0,0,3.2246149999996305,17.574913326580216,16.240662129506685,-1.334251197073531,cumulative_probability,17.57491332658022,18.00743875994732,17.57491332658022,-0.0302220011508325,17.57491525346931,,17.707314505378697,11.422736427853955,3.628867068109244,3.410574890084324,0.1680116256304219,0.1682314536275013,0.0573970984654794,0.7492150232247334,18.912,399,,,,,,,,
red_qwen,dataset_red_team,attack_default_attack_qwen25_14b_instruct_lm_target_qwen25_14b_instruct_judge_llm-judge_qwen25_14b_instruct,metric,0,50,20.0,1.0,0.2,0.2059953881629515,0.2362669113552549,0,0,2.5483494999998584,17.574911867934293,16.333659940178638,-1.2412519277556555,cumulative_probability,17.574911867934293,18.007437308594625,17.574911867934293,-0.0302475154603598,17.574915253593208,,17.79644366274935,11.268239060445556,3.612381894585981,3.3741755716741806,0.1699685384806303,0.169389688788327,0.0712884495493857,0.7409055890181616,18.930333333333333,400,,,,,,,,
red_qwen,dataset_red_team,attack_default_attack_qwen25_14b_instruct_lm_target_qwen25_14b_instruct_judge_llm-judge_qwen25_14b_instruct,metric,0,50,20.0,1.0,0.3,0.308032282859339,0.3312857007771431,0,0,2.9144507000000885,17.574905450733283,16.373390011986693,-1.2015154387465898,cumulative_probability,17.574905450733283,18.007430923479617,17.574905450733283,-0.0302603822638047,17.574915253399066,,17.834638974066248,11.248961312452924,3.602750007810942,3.357063192060024,0.1692692345188921,0.1692790040030355,0.0774312691370368,0.7530335229617857,18.55,403,,,,,,,,
red_qwen,dataset_red_team,attack_default_attack_qwen25_14b_instruct_lm_target_qwen25_14b_instruct_judge_llm-judge_qwen25_14b_instruct,metric,0,50,20.0,1.0,0.4,0.3975787855495772,0.4203296991941387,0,0,2.5193319999998494,17.574909326540805,16.398814524433927,-1.1760948021068778,cumulative_probability,17.574909326540805,18.007434779908102,17.574909326540805,-0.0302647669013822,17.574915254152874,,17.858990131694323,11.271287742911133,3.599808331126211,3.347044824549447,0.1687410326948044,0.1689970563049718,0.0828920901573658,0.7386017927956006,18.566,398,,,,,,,,
red_qwen,dataset_red_team,attack_default_attack_qwen25_14b_instruct_lm_target_qwen25_14b_instruct_judge_llm-judge_qwen25_14b_instruct,metric,0,50,20.0,1.0,0.5,0.4925057647963105,0.5003729866600358,0,0,2.89346999999998,17.574914664856486,16.49627596086517,-1.0786387039913166,cumulative_probability,17.574914664856486,18.007440091532207,17.574914664856486,-0.0302650657249614,17.574915253323667,,17.952366239705853,11.222813190874074,3.6002889815574464,3.324450058053685,0.1686331644414425,0.1704720798623231,0.0970923468667685,0.7438648853559086,18.229,402,,,,,,,,
red_qwen,dataset_red_team,attack_default_attack_qwen25_14b_instruct_lm_target_qwen25_14b_instruct_judge_llm-judge_qwen25_14b_instruct,metric,0,50,20.0,1.0,0.6,0.5916602613374328,0.5965615182833508,0,0,2.53397380000024,17.57491274793464,16.448061915880064,-1.1268508320545756,cumulative_probability,17.574912747934643,18.007438184194967,17.574912747934643,-0.0302581437426852,17.574915253535547,,17.906143939074294,11.29233434991502,3.605044523166273,3.3382172607889773,0.1678171307126787,0.169176154909452,0.1047972451931839,0.7494998208879033,18.97433333333333,405,,,,,,,,
red_qwen,dataset_red_team,attack_default_attack_qwen25_14b_instruct_lm_target_qwen25_14b_instruct_judge_llm-judge_qwen25_14b_instruct,metric,0,50,20.0,1.0,0.7,0.6875480399692544,0.6827617123064584,0,0,6.097351099999742,17.574914698589218,16.42911614091928,-1.145798557669938,cumulative_probability,17.57491469858922,18.007440125096274,17.57491469858922,-0.0302494334755465,17.574915253291778,,17.887904539123674,11.326912916975592,3.6120800760323295,3.349933471489792,0.1663352846662134,0.1682743736073116,0.1095412159598309,0.7597088563142873,18.57033333333333,408,,,,,,,,
red_qwen,dataset_red_team,attack_default_attack_qwen25_14b_instruct_lm_target_qwen25_14b_instruct_judge_llm-judge_qwen25_14b_instruct,metric,0,50,20.0,1.0,0.8,0.7832436587240584,0.7735708306920741,0,0,2.017586200000096,17.574914026067535,16.2382429181747,-1.3366711078928368,cumulative_probability,17.574914026067532,18.007439455937195,17.574914026067532,-0.0302337269386043,17.57491525331761,,17.70473625395691,11.540042327724745,3.624063456147512,3.4108284604209627,0.1638519749027466,0.1651836315423361,0.1144533034668935,0.7667720481573954,18.21633333333333,402,,,,,,,,
red_qwen,dataset_red_team,attack_default_attack_qwen25_14b_instruct_lm_target_qwen25_14b_instruct_judge_llm-judge_qwen25_14b_instruct,metric,0,50,20.0,1.0,0.9,0.8814373558800922,0.875527522212844,0,0,4.069215600000007,17.574913029184746,16.241289102269175,-1.3336239269155712,cumulative_probability,17.574913029184746,18.007438464038824,17.574913029184746,-0.0302051183825824,17.57491525412404,,17.707763851031984,11.600315967187436,3.643818038131233,3.4332829116385897,0.1628328715142922,0.1647951529154454,0.1225686800969229,0.7414470387533472,18.378666666666668,388,,,,,,,,
red_qwen,dataset_red_team,attack_default_attack_qwen25_14b_instruct_lm_target_qwen25_14b_instruct_judge_llm-judge_qwen25_14b_instruct,lpb,0,50,20.0,1.0,0.1,0.1195870375681101,0.1540606427558515,5,0,4.040179499999795,18.15689806151344,17.00142349856251,-1.1554745629509284,cumulative_probability,18.156898061500705,18.4148135711932,18.156898061500705,-0.0541604327008826,18.156949152258324,,17.883639264856132,4.656201350409598e-13,0.0042561971072883,0.0044782988760896,0.1283154908453015,0.2201657238312019,0.0437896019143226,0.099333333333437,18.56533333333333,679,892.0,0.0795335834806638,89.83333333333333,892.0,0.0795335834806638,89.83333333333333,3.4658942382748144e-13,0.0
red_qwen,dataset_red_team,attack_default_attack_qwen25_14b_instruct_lm_target_qwen25_14b_instruct_judge_llm-judge_qwen25_14b_instruct,lpb,0,50,20.0,1.0,0.2,0.2113564668769716,0.2532305093927757,5,0,3.8600744000000304,18.156916785459064,17.058371893340016,-1.0985448921190475,cumulative_probability,18.156916785446324,18.41483220151909,18.156916785446324,-0.0541682245238916,18.15694915229604,,17.93688292196655,4.656201350409598e-13,0.0042530735865536,0.0044249227859117,0.1291223719793755,0.22145827170913,0.0438047985859228,0.099333333333437,18.619666666666667,683,892.0,0.0795335834806638,89.83333333333333,892.0,0.0795335834806638,89.83333333333333,3.4658942382748144e-13,0.0
red_qwen,dataset_red_team,attack_default_attack_qwen25_14b_instruct_lm_target_qwen25_14b_instruct_judge_llm-judge_qwen25_14b_instruct,lpb,0,50,20.0,1.0,0.3,0.3068540292515055,0.3462235039807099,5,0,4.254413699999986,18.15690281125921,17.10151291592708,-1.05538989533213,cumulative_probability,18.156902811246475,18.41481829719024,18.156902811246475,-0.0541660391172627,18.15694915244925,,17.977259102147265,4.656201350409598e-13,0.0042524883379272,0.0043912226615628,0.1295499760042276,0.222509958472102,0.0438071525167816,0.099333333333437,18.494333333333334,677,892.0,0.0795335834806638,89.83333333333333,892.0,0.0795335834806638,89.83333333333333,3.4658942382748144e-13,0.0
red_qwen,dataset_red_team,attack_default_attack_qwen25_14b_instruct_lm_target_qwen25_14b_instruct_judge_llm-judge_qwen25_14b_instruct,lpb,0,50,20.0,1.0,0.4,0.4026383710926298,0.4374797512255488,5,0,3.224541900000077,18.156895375150867,17.072427052067418,-1.084468323083449,cumulative_probability,18.156895375138127,18.414810898262434,18.156895375138127,-0.0541627647180575,18.156949152310688,,17.950036300947986,4.656201350409598e-13,0.0042538854667772,0.0044191597723136,0.1292642008322984,0.2217831920131245,0.0438027970962623,0.099333333333437,18.493666666666662,683,892.0,0.0795335834806638,89.83333333333333,892.0,0.0795335834806638,89.83333333333333,3.4658942382748144e-13,0.0
red_qwen,dataset_red_team,attack_default_attack_qwen25_14b_instruct_lm_target_qwen25_14b_instruct_judge_llm-judge_qwen25_14b_instruct,lpb,0,50,20.0,1.0,0.5,0.4921135646687697,0.5215075179384224,5,0,4.320091799999773,18.156868974896835,17.101683837100726,-1.0551851377961086,cumulative_probability,18.15686897488409,18.41478463000967,18.15686897488409,-0.0541560907731764,18.1569491525071,,17.977445899028343,4.656201350409598e-13,0.0042550269726211,0.0043936557287598,0.1288262329276246,0.2221010524282955,0.0437985906003232,0.099333333333437,18.58,683,892.0,0.0795335834806638,89.83333333333333,892.0,0.0795335834806638,89.83333333333333,3.4658942382748144e-13,0.0
red_qwen,dataset_red_team,attack_default_attack_qwen25_14b_instruct_lm_target_qwen25_14b_instruct_judge_llm-judge_qwen25_14b_instruct,lpb,0,50,20.0,1.0,0.6,0.5907657011757959,0.5938241901818008,5,0,3.872341399999641,18.15693922631209,17.102700585383996,-1.054238640928098,cumulative_probability,18.156939226299357,18.414854530167855,18.156939226299357,-0.0541677362343762,18.156949152379845,,17.978348360873472,4.656201350409598e-13,0.0042574662479843,0.0043927071469191,0.12756945670375,0.2213785138837366,0.0437870582703375,0.099333333333437,18.677666666666667,683,892.0,0.0795335834806638,89.83333333333333,892.0,0.0795335834806638,89.83333333333333,3.4658942382748144e-13,0.0
red_qwen,dataset_red_team,attack_default_attack_qwen25_14b_instruct_lm_target_qwen25_14b_instruct_judge_llm-judge_qwen25_14b_instruct,lpb,0,50,20.0,1.0,0.7,0.6897046171494121,0.6824779719889741,5,0,3.563283700000284,18.156948541849445,17.093856095397935,-1.0630924464515097,cumulative_probability,18.15694854183671,18.41486379912752,18.15694854183671,-0.0541652730316855,18.156949152393267,,17.97005796791164,4.656201350409598e-13,0.0042612322027771,0.0044067435786085,0.1269524697911216,0.2203374642098561,0.043769425661748,0.099333333333437,18.55733333333333,671,892.0,0.0795335834806638,89.83333333333333,892.0,0.0795335834806638,89.83333333333333,3.4658942382748144e-13,0.0
red_qwen,dataset_red_team,attack_default_attack_qwen25_14b_instruct_lm_target_qwen25_14b_instruct_judge_llm-judge_qwen25_14b_instruct,lpb,0,50,20.0,1.0,0.8,0.782047605391454,0.7734633503821375,5,0,3.8637382000001703,18.15691253327813,17.06860037442111,-1.088312158857022,cumulative_probability,18.15691253326539,18.414827970599063,18.15691253326539,-0.0541537641402101,18.15694915242369,,17.946446646926322,4.656201350409598e-13,0.0042645087036516,0.0044314618193628,0.1256076019739735,0.2191353867853259,0.0437588770848012,0.099333333333437,18.55433333333333,673,892.0,0.0795335834806638,89.83333333333333,892.0,0.0795335834806638,89.83333333333333,3.4658942382748144e-13,0.0
red_qwen,dataset_red_team,attack_default_attack_qwen25_14b_instruct_lm_target_qwen25_14b_instruct_judge_llm-judge_qwen25_14b_instruct,lpb,0,50,20.0,1.0,0.9,0.8769716088328076,0.8645974410860248,5,0,3.485589100000197,18.15688016555543,17.100806769055165,-1.0560733965002669,cumulative_probability,18.15688016554269,18.41479576471497,18.15688016554269,-0.0541397533379495,18.156949152413212,,17.97664173509037,4.656201350409598e-13,0.0042706125466957,0.0044100063013998,0.1251218458835962,0.2193338060139578,0.0437348732530804,0.099333333333437,18.535666666666668,664,892.0,0.0795335834806638,89.83333333333333,892.0,0.0795335834806638,89.83333333333333,3.4658942382748144e-13,0.0
red_qwen,dataset_red_team,attack_default_attack_qwen25_14b_instruct_lm_target_qwen25_14b_instruct_judge_llm-judge_qwen25_14b_instruct,metric,1,50,20.0,1.0,0.1,0.1134370015948963,0.0952220738575629,0,0,2.712825000000066,17.638641654749655,17.28575369549404,-0.3528879592556144,cumulative_probability,17.638641654749655,18.052048446475904,17.638641654749655,-0.0290685986692551,17.638644067611427,,18.66289839735969,10.56104941799869,3.0199556851983083,3.1564744045690256,0.1765833267553729,0.1772909430412016,0.0574796530198993,0.7413695515751353,18.82033333333333,417,,,,,,,,
red_qwen,dataset_red_team,attack_default_attack_qwen25_14b_instruct_lm_target_qwen25_14b_instruct_judge_llm-judge_qwen25_14b_instruct,metric,1,50,20.0,1.0,0.2,0.2115231259968102,0.1807782485727203,0,0,3.226570199999969,17.63864299213797,17.43252820716284,-0.2061147849751314,cumulative_probability,17.63864299213797,18.05204977717728,17.63864299213797,-0.029078823790769,17.63864406758178,,18.803669891058732,10.425155464670134,3.0137619033322367,3.111886226758039,0.1766573757868446,0.1788082777538184,0.0767436373504346,0.7337630474274704,18.922666666666668,417,,,,,,,,
red_qwen,dataset_red_team,attack_default_attack_qwen25_14b_instruct_lm_target_qwen25_14b_instruct_judge_llm-judge_qwen25_14b_instruct,metric,1,50,20.0,1.0,0.3,0.310207336523126,0.2695271840270841,0,0,2.5232546000002003,17.63864339854089,17.55676578040957,-0.081877618131319,cumulative_probability,17.638643398540893,18.052050181548186,17.638643398540893,-0.0290866369323339,17.638644067243767,,18.922932541334408,10.341734466900636,3.009262569693197,3.0761267556073624,0.1776328465235865,0.1802372039302477,0.0836137423783569,0.7362000114079147,18.812666666666665,422,,,,,,,,
red_qwen,dataset_red_team,attack_default_attack_qwen25_14b_instruct_lm_target_qwen25_14b_instruct_judge_llm-judge_qwen25_14b_instruct,metric,1,50,20.0,1.0,0.4,0.3987240829346092,0.3468543771663284,0,0,2.251751499999955,17.63856475387882,17.68413571903905,0.0455709651602269,cumulative_probability,17.63856475387882,18.051971930109424,17.63856475387882,-0.0290860210225218,17.638644067700987,,19.045392374232502,10.240428321960495,3.0071223306411445,3.041637832669465,0.1783580070417209,0.1820780347713388,0.0907421010879578,0.7414857703504835,19.73633333333333,428,,,,,,,,
red_qwen,dataset_red_team,attack_default_attack_qwen25_14b_instruct_lm_target_qwen25_14b_instruct_judge_llm-judge_qwen25_14b_instruct,metric,1,50,20.0,1.0,0.5,0.4934210526315789,0.4218649788142276,0,0,2.7581562000000304,17.638641581354474,17.72441088115946,0.085769299804987,cumulative_probability,17.638641581354474,18.052048373447704,17.638641581354474,-0.0290903897257521,17.638644067302028,,19.084053880759036,10.21548346213927,3.008047827424808,3.0293688138811383,0.1775995409974563,0.1824396440510555,0.0967021796087107,0.7392079180242872,19.24333333333333,426,,,,,,,,
red_qwen,dataset_red_team,attack_default_attack_qwen25_14b_instruct_lm_target_qwen25_14b_instruct_judge_llm-judge_qwen25_14b_instruct,metric,1,50,20.0,1.0,0.6,0.5966905901116427,0.5099199882242853,0,0,2.423921799999789,17.638625857918598,17.76746383719705,0.1288379792784511,cumulative_probability,17.638625857918598,18.052032728629,17.638625857918598,-0.0290813010360579,17.63864406734763,,19.125411642142303,10.19906571199953,3.012951777279994,3.019752477722194,0.1773655059249172,0.1829111979038937,0.1044843668371317,0.7428126775548102,19.349,428,,,,,,,,
red_qwen,dataset_red_team,attack_default_attack_qwen25_14b_instruct_lm_target_qwen25_14b_instruct_judge_llm-judge_qwen25_14b_instruct,metric,1,50,20.0,1.0,0.7,0.6883971291866029,0.6140123995471958,0,0,2.7012033000000883,17.638642481712328,17.74271235473291,0.1040698730205811,cumulative_probability,17.638642481712328,18.052049269303765,17.638642481712328,-0.0290695559669984,17.638644067373523,,19.10167031949158,10.21789644751102,3.0203820881219103,3.0254595666457225,0.1769136412071308,0.1821801777683733,0.110527915446655,0.7267364387627999,18.69233333333333,421,,,,,,,,
red_qwen,dataset_red_team,attack_default_attack_qwen25_14b_instruct_lm_target_qwen25_14b_instruct_judge_llm-judge_qwen25_14b_instruct,metric,1,50,20.0,1.0,0.8,0.7838915470494418,0.7408151177746704,0,0,2.9473133000001326,17.638605164346217,17.539165551765343,-0.0994396125808734,cumulative_probability,17.638605164346217,18.05201213852449,17.638605164346217,-0.0290538034460041,17.638644067557582,,18.90645085098254,10.395856806292471,3.0286103989681443,3.0782682669480828,0.1748736171783353,0.1792437698827684,0.1171142246734673,0.7308246565168566,18.52433333333333,420,,,,,,,,
red_qwen,dataset_red_team,attack_default_attack_qwen25_14b_instruct_lm_target_qwen25_14b_instruct_judge_llm-judge_qwen25_14b_instruct,metric,1,50,20.0,1.0,0.9,0.8851674641148325,0.8259647499588201,0,0,2.2956254999999146,17.638614815821903,17.499132553263397,-0.1394822625585057,cumulative_probability,17.638614815821903,18.052021741742795,17.638614815821903,-0.0290300544293131,17.63864406770496,,18.86801288332849,10.478331956557794,3.044159537107164,3.0997463066475937,0.1727393673891543,0.1778851470245145,0.1237476068204135,0.727220343696546,18.872333333333334,417,,,,,,,,
red_qwen,dataset_red_team,attack_default_attack_qwen25_14b_instruct_lm_target_qwen25_14b_instruct_judge_llm-judge_qwen25_14b_instruct,lpb,1,50,20.0,1.0,0.1,0.1197161369947547,0.11451243525534,21,0,3.0755804000000357,18.240338657197928,18.377170113797064,0.1368314565991362,cumulative_probability,18.24033865718599,18.473236963900057,18.24033865718599,-0.0449464439589064,18.240338983010705,,19.147293074477208,4.614856644972559e-13,0.0032227014100639,0.0031373065408603,0.2769281939400743,0.2414869285087058,0.0571098737099135,0.0993333333334347,18.944,700,886.0,0.0763119572684825,90.36666666666666,886.0,0.0763119572684825,90.36666666666666,3.377288572260619e-13,0.0
red_qwen,dataset_red_team,attack_default_attack_qwen25_14b_instruct_lm_target_qwen25_14b_instruct_judge_llm-judge_qwen25_14b_instruct,lpb,1,50,20.0,1.0,0.2,0.2122801604443073,0.1970538504344848,21,0,2.8034741000001304,18.240337339324345,18.39173673335487,0.1513993940305233,cumulative_probability,18.240337339312408,18.473235652615845,18.240337339312408,-0.0449500326067209,18.240338982828977,,19.16101339516125,4.614856644972559e-13,0.0032199433156215,0.0031233564903886,0.2770353859813179,0.241875289270303,0.0571289904168096,0.0993333333334347,19.118,703,886.0,0.0763119572684825,90.36666666666666,886.0,0.0763119572684825,90.36666666666666,3.377288572260619e-13,0.0
red_qwen,dataset_red_team,attack_default_attack_qwen25_14b_instruct_lm_target_qwen25_14b_instruct_judge_llm-judge_qwen25_14b_instruct,lpb,1,50,20.0,1.0,0.3,0.3057698241283554,0.2809490175934249,21,0,2.479747700000189,18.240334542976107,18.39265578951402,0.1523212465379124,cumulative_probability,18.24033454296417,18.473232870249344,18.24033454296417,-0.0449534343351842,18.240338982903463,,19.16191593601814,4.614856644972559e-13,0.0032190935703173,0.0031214103072247,0.2777411834643314,0.2423508674847773,0.0571393119576002,0.0993333333334347,18.997,701,886.0,0.0763119572684825,90.36666666666666,886.0,0.0763119572684825,90.36666666666666,3.377288572260619e-13,0.0
red_qwen,dataset_red_team,attack_default_attack_qwen25_14b_instruct_lm_target_qwen25_14b_instruct_judge_llm-judge_qwen25_14b_instruct,lpb,1,50,20.0,1.0,0.4,0.3986423943227399,0.3619387012542271,21,0,2.860777099999723,18.240304794268063,18.415447437028945,0.1751426427608819,cumulative_probability,18.24030479425612,18.473203270284845,18.24030479425612,-0.0449499427486443,18.24033898282697,,19.18349031331049,4.614856644972559e-13,0.0032186964649736,0.0031072495914582,0.2781222284142737,0.2432088474446513,0.0571409386116462,0.0993333333334347,19.07933333333333,705,886.0,0.0763119572684825,90.36666666666666,886.0,0.0763119572684825,90.36666666666666,3.377288572260619e-13,0.0
red_qwen,dataset_red_team,attack_default_attack_qwen25_14b_instruct_lm_target_qwen25_14b_instruct_judge_llm-judge_qwen25_14b_instruct,lpb,1,50,20.0,1.0,0.5,0.4850354828756557,0.4415960361285904,21,0,3.24507100000028,18.24031221489139,18.436583034436424,0.1962708195450346,cumulative_probability,18.24031221487945,18.47321065380505,18.24031221487945,-0.0449487175501417,18.24033898301432,,19.20344795702824,4.614856644972559e-13,0.0032196704823702,0.0030946606487249,0.2777758294048483,0.2434888784247072,0.0571335306883742,0.0993333333334347,19.224,713,886.0,0.0763119572684825,90.36666666666666,886.0,0.0763119572684825,90.36666666666666,3.377288572260619e-13,0.0
red_qwen,dataset_red_team,attack_default_attack_qwen25_14b_instruct_lm_target_qwen25_14b_instruct_judge_llm-judge_qwen25_14b_instruct,lpb,1,50,20.0,1.0,0.6,0.5905584696081456,0.5400293223748983,21,0,2.294336299999941,18.24031512238882,18.419881405374277,0.1795662829854514,cumulative_probability,18.24031512237688,18.473213546764992,18.24031512237688,-0.0449407956330105,18.24033898272262,,19.187674702647616,4.614856644972559e-13,0.0032225760929421,0.0031063384100736,0.2770748992802824,0.242682886890626,0.0571152773055107,0.0993333333334347,19.16333333333333,709,886.0,0.0763119572684825,90.36666666666666,886.0,0.0763119572684825,90.36666666666666,3.377288572260619e-13,0.0
red_qwen,dataset_red_team,attack_default_attack_qwen25_14b_instruct_lm_target_qwen25_14b_instruct_judge_llm-judge_qwen25_14b_instruct,lpb,1,50,20.0,1.0,0.7,0.6862079605060166,0.6460179358760327,21,0,2.4653402999997525,18.24033875702961,18.44158847683624,0.2012497198066256,cumulative_probability,18.24033875701767,18.47323706323258,18.24033875701767,-0.0449343981017591,18.24033898269324,,19.20815747816845,4.613872247224056e-13,0.0032255721197941,0.0030952893679765,0.2770170562463304,0.2432305825656853,0.0570984473503711,0.0993333333334347,19.11733333333333,707,886.0,0.0763119572684825,90.36666666666666,886.0,0.0763119572684825,90.36666666666666,3.376568160875751e-13,0.0
red_qwen,dataset_red_team,attack_default_attack_qwen25_14b_instruct_lm_target_qwen25_14b_instruct_judge_llm-judge_qwen25_14b_instruct,lpb,1,50,20.0,1.0,0.8,0.7769207034865783,0.7636498865630752,21,0,2.914126900000156,18.24029285152912,18.43178841862868,0.1914955670995617,cumulative_probability,18.24029285151718,18.47319138725959,18.24029285151718,-0.044902311055921,18.240338982764943,,19.19895803395684,4.613872247224056e-13,0.0032284370025282,0.0031040981960639,0.2768447061657674,0.2426193698699038,0.0570821426930368,0.0993333333334347,19.164,707,886.0,0.0763119572684825,90.36666666666666,886.0,0.0763119572684825,90.36666666666666,3.376568160875751e-13,0.0
red_qwen,dataset_red_team,attack_default_attack_qwen25_14b_instruct_lm_target_qwen25_14b_instruct_judge_llm-judge_qwen25_14b_instruct,lpb,1,50,20.0,1.0,0.9,0.8722616476396174,0.856876846025427,21,0,2.680707900000016,18.24033664338438,18.38963322018024,0.1492965767958551,cumulative_probability,18.240336643372444,18.473234960155576,18.240336643372444,-0.0448973208403913,18.240338982928492,,19.159081722504,4.613872247224056e-13,0.0032342874511764,0.003133569372323,0.2751732982806624,0.2408094660302454,0.0570437004830493,0.0993333333334347,19.051666666666662,702,886.0,0.0763119572684825,90.36666666666666,886.0,0.0763119572684825,90.36666666666666,3.376568160875751e-13,0.0
red_qwen,dataset_red_team,attack_default_attack_qwen25_14b_instruct_lm_target_qwen25_14b_instruct_judge_llm-judge_qwen25_14b_instruct,metric,2,50,20.0,1.0,0.1,0.1143724696356275,0.1537647588815203,0,0,2.8002857999999837,17.664404015593526,17.055973166984444,-0.6084308486090819,cumulative_probability,17.664404015593526,18.07008199551556,17.664404015593526,-0.0284964207821758,17.66440677866337,,18.42637821496848,10.70947026026071,3.235481776274256,3.256853913694973,0.1767930020897479,0.1755473025235909,0.0424459827081865,0.751817810546123,18.457666666666668,413,,,,,,,,
red_qwen,dataset_red_team,attack_default_attack_qwen25_14b_instruct_lm_target_qwen25_14b_instruct_judge_llm-judge_qwen25_14b_instruct,metric,2,50,20.0,1.0,0.2,0.2072874493927125,0.2376891459143085,0,0,2.8300712999998723,17.664404771433954,17.257702815605164,-0.4067019558287903,cumulative_probability,17.664404771433954,18.070082747576784,17.664404771433954,-0.0285120171611197,17.664406779433296,,18.619584519068194,10.542493522005133,3.225198794410919,3.193827405554205,0.1788732707402817,0.1784893641687209,0.0752300492546107,0.7480793312149542,18.484666666666666,415,,,,,,,,
red_qwen,dataset_red_team,attack_default_attack_qwen25_14b_instruct_lm_target_qwen25_14b_instruct_judge_llm-judge_qwen25_14b_instruct,metric,2,50,20.0,1.0,0.3,0.3044534412955466,0.3140180127325364,0,0,2.7812192000001232,17.664395667719386,17.411394974357375,-0.2530006933620115,cumulative_probability,17.664395667719386,18.07007368938079,17.664395667719386,-0.0285275661735795,17.664406779529457,,18.767167127806157,10.41735796490724,3.2150450973885536,3.154842797966915,0.1793249608379678,0.1802798862345701,0.0882110702346383,0.7343146619829964,18.748666666666665,414,,,,,,,,
red_qwen,dataset_red_team,attack_default_attack_qwen25_14b_instruct_lm_target_qwen25_14b_instruct_judge_llm-judge_qwen25_14b_instruct,metric,2,50,20.0,1.0,0.4,0.4012145748987854,0.3882585480159104,0,0,2.6959968999999546,17.664369021950204,17.541419117685106,-0.1229499042650985,cumulative_probability,17.6643690219502,18.07004717684045,17.6643690219502,-0.0285310258186655,17.664406779226184,,18.891847510065627,10.373655540725643,3.212176767596921,3.121055082515839,0.1785939793402196,0.1807086759214368,0.0956297504394244,0.7305855995627253,18.684,413,,,,,,,,
red_qwen,dataset_red_team,attack_default_attack_qwen25_14b_instruct_lm_target_qwen25_14b_instruct_judge_llm-judge_qwen25_14b_instruct,metric,2,50,20.0,1.0,0.5,0.4898785425101215,0.4691761567016934,0,0,2.634882800000014,17.66439977893124,17.536504067930817,-0.1278957110004235,cumulative_probability,17.664399778931237,18.07007778003658,17.664399778931237,-0.0285356869426323,17.664406778807262,,18.88709099108231,10.402720021213298,3.2107635545779853,3.121436195002768,0.177740594188074,0.180053861939824,0.1021320464108717,0.7384059593249276,18.56833333333333,416,,,,,,,,
red_qwen,dataset_red_team,attack_default_attack_qwen25_14b_instruct_lm_target_qwen25_14b_instruct_judge_llm-judge_qwen25_14b_instruct,metric,2,50,20.0,1.0,0.6,0.5874493927125506,0.5536558024536149,0,0,1.8343850000001112,17.664373312232307,17.571076037324865,-0.0932972749074423,cumulative_probability,17.664373312232307,18.070051445671147,17.664373312232307,-0.0285357562825083,17.66440677944084,,18.92022706121725,10.36233078953854,3.210044826525358,3.114626719612062,0.1761815348916009,0.1801993206028657,0.1078204877564707,0.736050317905031,19.006,415,,,,,,,,
red_qwen,dataset_red_team,attack_default_attack_qwen25_14b_instruct_lm_target_qwen25_14b_instruct_judge_llm-judge_qwen25_14b_instruct,metric,2,50,20.0,1.0,0.7,0.6921052631578948,0.6415333521911766,0,0,2.449753200000032,17.664400762297195,17.545994412815983,-0.1184063494812122,cumulative_probability,17.664400762297195,18.07007875848571,17.664400762297195,-0.0285341015114681,17.664406779180496,,18.89592340122593,10.368142757120587,3.2129952926486527,3.1232822176848702,0.1749993564751528,0.1796132200646679,0.1155025505962469,0.7306734245840295,18.941333333333333,413,,,,,,,,
red_qwen,dataset_red_team,attack_default_attack_qwen25_14b_instruct_lm_target_qwen25_14b_instruct_judge_llm-judge_qwen25_14b_instruct,metric,2,50,20.0,1.0,0.8,0.7813765182186235,0.7408024361539778,0,0,2.736976499999855,17.664276655376728,17.460028970199296,-0.2042476851774317,cumulative_probability,17.664276655376725,18.069955272099847,17.664276655376725,-0.0285173753945855,17.664406779148035,,18.813461653615303,10.42161632987034,3.218355572523634,3.1537259491694414,0.1744209185386268,0.1784038882793455,0.1229248602581559,0.7347707240283745,18.655,412,,,,,,,,
red_qwen,dataset_red_team,attack_default_attack_qwen25_14b_instruct_lm_target_qwen25_14b_instruct_judge_llm-judge_qwen25_14b_instruct,metric,2,50,20.0,1.0,0.9,0.8821862348178138,0.8581401277444274,0,0,3.323625900000025,17.66438865848816,17.33546176567999,-0.3289268928081696,cumulative_probability,17.664388658488164,18.07006671519572,17.664388658488164,-0.0285127398092299,17.664406779238693,,18.69371571831769,10.576664617068204,3.226696898994129,3.2034987979064367,0.1733663247121596,0.1770485998132824,0.1319055359226446,0.7355439673991122,18.878666666666668,410,,,,,,,,
red_qwen,dataset_red_team,attack_default_attack_qwen25_14b_instruct_lm_target_qwen25_14b_instruct_judge_llm-judge_qwen25_14b_instruct,lpb,2,50,20.0,1.0,0.1,0.1138185315806348,0.1639591172367141,3,0,2.4999275000000125,18.28168267490537,18.00589784904194,-0.275784825863429,cumulative_probability,18.281682674892764,18.502174261518302,18.281682674892764,-0.0448572736786445,18.28169491512172,,18.75111413540281,4.2438373802787683e-13,0.0031292947674943,0.0036491413419856,0.1793737867061944,0.2221524005744125,0.0515892616797468,0.0976666666667674,18.94233333333333,656,896.0,0.081756543580789,88.1,896.0,0.081756543580789,88.1,3.35344098169167e-13,0.0
red_qwen,dataset_red_team,attack_default_attack_qwen25_14b_instruct_lm_target_qwen25_14b_instruct_judge_llm-judge_qwen25_14b_instruct,lpb,2,50,20.0,1.0,0.2,0.2084001282462327,0.2504756267703885,3,0,2.2843323000001874,18.28168645800869,18.03902643334269,-0.2426600246659909,cumulative_probability,18.281686457996088,18.5021780257061,18.281686457996088,-0.044861477726954,18.28169491524132,,18.782277439007697,4.2438373802787683e-13,0.0031272229255519,0.0036249008336488,0.1804324006740051,0.2238709190887552,0.0673917966330041,0.0976666666667674,18.936666666666667,659,896.0,0.081756543580789,88.1,896.0,0.081756543580789,88.1,3.35344098169167e-13,0.0
red_qwen,dataset_red_team,attack_default_attack_qwen25_14b_instruct_lm_target_qwen25_14b_instruct_judge_llm-judge_qwen25_14b_instruct,lpb,2,50,20.0,1.0,0.3,0.3045848028214171,0.321777364393523,3,0,2.39503300000024,18.28169242613454,18.05551789632143,-0.226174529813111,cumulative_probability,18.28169242612194,18.502183963991328,18.28169242612194,-0.0448641293769469,18.28169491504589,,18.79784362206012,4.2438373802787683e-13,0.0031263209351591,0.0036072380218241,0.1810360113794608,0.2246616724958065,0.0697585069019544,0.0976666666667674,18.940666666666665,657,896.0,0.081756543580789,88.1,896.0,0.081756543580789,88.1,3.35344098169167e-13,0.0
red_qwen,dataset_red_team,attack_default_attack_qwen25_14b_instruct_lm_target_qwen25_14b_instruct_judge_llm-judge_qwen25_14b_instruct,lpb,2,50,20.0,1.0,0.4,0.4004488618146842,0.3926986006003466,3,0,2.210156199999801,18.281688147282225,18.081245851928728,-0.200442295353497,cumulative_probability,18.281688147269623,18.50217970653328,18.281688147269623,-0.0448627594596473,18.281694915009336,,18.82213022298488,4.2438373802787683e-13,0.0031266208786593,0.003590087612519,0.181539746495684,0.2254989479062926,0.0734656951166438,0.0976666666667674,18.958,660,896.0,0.081756543580789,88.1,896.0,0.081756543580789,88.1,3.35344098169167e-13,0.0
red_qwen,dataset_red_team,attack_default_attack_qwen25_14b_instruct_lm_target_qwen25_14b_instruct_judge_llm-judge_qwen25_14b_instruct,lpb,2,50,20.0,1.0,0.5,0.4908624559153575,0.4694594765991629,3,0,2.248566799999935,18.28167979365633,18.098972439965568,-0.1827073536907661,cumulative_probability,18.281679793643733,18.502171394675518,18.281679793643733,-0.0448602066899184,18.281694915088742,,18.838845971533523,4.2438373802787683e-13,0.003127171104062,0.0035814339753382,0.181706771738794,0.2261133158265707,0.0788171572146495,0.0976666666667674,19.05366666666667,664,896.0,0.081756543580789,88.1,896.0,0.081756543580789,88.1,3.35344098169167e-13,0.0
red_qwen,dataset_red_team,attack_default_attack_qwen25_14b_instruct_lm_target_qwen25_14b_instruct_judge_llm-judge_qwen25_14b_instruct,lpb,2,50,20.0,1.0,0.6,0.5924975953831356,0.5520177144548261,3,0,2.181528900000103,18.28168057902401,18.11064160100919,-0.1710389780148205,cumulative_probability,18.281680579011407,18.50217217611635,18.281680579011407,-0.0448590034648077,18.28169491523037,,18.849897046560173,4.2438373802787683e-13,0.0031280659430107,0.0035774387769355,0.1811619333370788,0.2258560039331543,0.0780749453302487,0.0976666666667674,19.081333333333333,666,896.0,0.081756543580789,88.1,896.0,0.081756543580789,88.1,3.35344098169167e-13,0.0
red_qwen,dataset_red_team,attack_default_attack_qwen25_14b_instruct_lm_target_qwen25_14b_instruct_judge_llm-judge_qwen25_14b_instruct,lpb,2,50,20.0,1.0,0.7,0.6938121192689964,0.6444055722318522,3,0,2.1135309000001143,18.28168413489295,18.098731428851377,-0.1829527060415721,cumulative_probability,18.281684134880347,18.502175714205944,18.281684134880347,-0.0448578100622398,18.281694915096104,,18.838603939357487,4.2438373802787683e-13,0.0031293349224558,0.0035867977061045,0.1811810103325231,0.2259775630426643,0.0818044410905726,0.0976666666667674,19.061,664,896.0,0.081756543580789,88.1,896.0,0.081756543580789,88.1,3.35344098169167e-13,0.0
red_qwen,dataset_red_team,attack_default_attack_qwen25_14b_instruct_lm_target_qwen25_14b_instruct_judge_llm-judge_qwen25_14b_instruct,lpb,2,50,20.0,1.0,0.8,0.784546328951587,0.7455026846488817,3,0,2.378142999999909,18.28168731887946,18.082401814572563,-0.1992855043068964,cumulative_probability,18.281687318866854,18.50217888227252,18.281687318866854,-0.0448565376427723,18.281694915157228,,18.823170461257018,4.2438373802787683e-13,0.0031305417530548,0.0036023861099499,0.1804007946784271,0.2249732103790165,0.0823056951929758,0.0976666666667674,19.03633333333333,665,896.0,0.081756543580789,88.1,896.0,0.081756543580789,88.1,3.35344098169167e-13,0.0
red_qwen,dataset_red_team,attack_default_attack_qwen25_14b_instruct_lm_target_qwen25_14b_instruct_judge_llm-judge_qwen25_14b_instruct,lpb,2,50,20.0,1.0,0.9,0.8845783905097788,0.8598380755083922,3,0,2.1854057999998986,18.28169157875128,18.06282981952267,-0.2188617592286128,cumulative_probability,18.28169157873868,18.50218312084499,18.28169157873868,-0.0448540288198273,18.281694915085115,,18.80468516433415,4.2438373802787683e-13,0.0031325981431558,0.0036203691234644,0.1793550027150078,0.2239716512822621,0.0824942384303647,0.0976666666667674,19.08,662,896.0,0.081756543580789,88.1,896.0,0.081756543580789,88.1,3.35344098169167e-13,0.0
red_qwen,dataset_red_team,attack_default_attack_qwen25_14b_instruct_lm_target_qwen25_14b_instruct_judge_llm-judge_qwen25_14b_instruct,metric,3,50,20.0,1.0,0.1,0.1118361836183618,0.0878243305151805,0,0,3.0605923000002804,17.832542072324223,19.657907843931568,1.8253657716073448,cumulative_probability,17.832542072324223,18.1877793619626,17.832542072324223,-0.0253985138988355,17.83254237191379,,20.809893294515536,9.06066486598144,2.6804512911994665,2.752319381918985,0.2021498982101602,0.2026203667293457,0.0637494078169109,0.7130713563621136,21.50433333333333,444,,,,,,,,
red_qwen,dataset_red_team,attack_default_attack_qwen25_14b_instruct_lm_target_qwen25_14b_instruct_judge_llm-judge_qwen25_14b_instruct,metric,3,50,20.0,1.0,0.2,0.2072457245724572,0.2525266197437286,0,0,2.172881399999824,17.83254236898101,18.906324804453124,1.0737824354721148,cumulative_probability,17.83254236898101,18.187779657136108,17.83254236898101,-0.025418792720302,17.832542372489726,,20.08715867377993,9.375211051796802,2.66948406578858,2.8670686171006032,0.2010085137228292,0.1948387742947666,0.0802971310003955,0.7133044639775246,20.433333333333334,439,,,,,,,,
red_qwen,dataset_red_team,attack_default_attack_qwen25_14b_instruct_lm_target_qwen25_14b_instruct_judge_llm-judge_qwen25_14b_instruct,metric,3,50,20.0,1.0,0.3,0.304005400540054,0.4274221537350936,0,0,2.3498877999995784,17.832542372792215,18.707984142720463,0.8754417699282477,cumulative_probability,17.832542372792215,18.187779660928253,17.832542372792215,-0.0254344497079728,17.832542372229682,,19.89675137881459,9.510499402845197,2.661644053893669,2.898920627409157,0.1986183723080997,0.1910270118106633,0.0826005951898938,0.7179428950151109,20.40033333333333,442,,,,,,,,
red_qwen,dataset_red_team,attack_default_attack_qwen25_14b_instruct_lm_target_qwen25_14b_instruct_judge_llm-judge_qwen25_14b_instruct,metric,3,50,20.0,1.0,0.4,0.3958145814581458,0.54007538211653,0,0,2.4019187000003512,17.832533854062028,18.222484674746067,0.3899508206840387,cumulative_probability,17.83253385406203,18.18777118479172,17.83253385406203,-0.0254400006815558,17.832542372335705,,19.429543202352995,9.8249783194213,2.6597360007291457,2.998848346811398,0.1968039625841705,0.1857427849094823,0.0886156706941529,0.7226548804439323,20.038,439,,,,,,,,
red_qwen,dataset_red_team,attack_default_attack_qwen25_14b_instruct_lm_target_qwen25_14b_instruct_judge_llm-judge_qwen25_14b_instruct,metric,3,50,20.0,1.0,0.5,0.4898739873987399,0.6344869712492885,0,0,2.134737700000187,17.83251296528707,18.29247245400581,0.4599594887187415,cumulative_probability,17.83251296528707,18.187750400460637,17.83251296528707,-0.0254348422458861,17.83254237202324,,19.496876969383127,9.8504676124716,2.664206373026667,2.9910750160949897,0.1939554183105375,0.1853798537763148,0.0966959819729545,0.7324747297294462,19.752,443,,,,,,,,
red_qwen,dataset_red_team,attack_default_attack_qwen25_14b_instruct_lm_target_qwen25_14b_instruct_judge_llm-judge_qwen25_14b_instruct,metric,3,50,20.0,1.0,0.6,0.5902340234023402,0.713870725917288,0,0,2.231610400000136,17.83240813120166,18.46994908394313,0.6375409527414746,cumulative_probability,17.832408131201664,18.18764609054565,17.832408131201664,-0.0254036823753267,17.8325423721097,,19.667038518264548,9.70562264339557,2.677458398118524,2.953692013154509,0.1951940449778897,0.1864084412322759,0.1137301989362076,0.7300146411669147,20.161666666666665,443,,,,,,,,
red_qwen,dataset_red_team,attack_default_attack_qwen25_14b_instruct_lm_target_qwen25_14b_instruct_judge_llm-judge_qwen25_14b_instruct,metric,3,50,20.0,1.0,0.7,0.6836183618361836,0.7937230158399622,0,0,2.2137987000000976,17.83252366917104,18.47406857187601,0.6415449027049753,cumulative_probability,17.83252366917104,18.18776105082518,17.83252366917104,-0.0253994403465185,17.832542372762802,,19.670752874954964,9.717727972470334,2.684683481746311,2.9631924682815374,0.1943200382389859,0.1864011323305222,0.1223150224032205,0.7297738105280981,19.815,442,,,,,,,,
red_qwen,dataset_red_team,attack_default_attack_qwen25_14b_instruct_lm_target_qwen25_14b_instruct_judge_llm-judge_qwen25_14b_instruct,metric,3,50,20.0,1.0,0.8,0.7788028802880288,0.8616224508211514,0,0,2.0893819000002622,17.83254060699983,18.78036300006419,0.94782239306436,cumulative_probability,17.83254060699983,18.18777790396483,17.83254060699983,-0.0253704012720845,17.83254237253365,,19.965356577283547,9.566341030155613,2.6992719436125894,2.912829747427501,0.1956546696356845,0.1894677900899408,0.1366695497885949,0.7269689686433644,19.874666666666663,440,,,,,,,,
red_qwen,dataset_red_team,attack_default_attack_qwen25_14b_instruct_lm_target_qwen25_14b_instruct_judge_llm-judge_qwen25_14b_instruct,metric,3,50,20.0,1.0,0.9,0.8757875787578758,0.9161703663598628,0,0,2.019748199999867,17.832526573291837,19.28795393274972,1.4554273594578788,cumulative_probability,17.832526573291833,18.187763940425373,17.832526573291833,-0.0253159426210913,17.832542372487037,,20.454077272741195,9.362709415919667,2.7247405577448105,2.8276473907809088,0.1984438898950961,0.194800865083929,0.1589327674869561,0.7244323527494486,20.500666666666667,442,,,,,,,,
red_qwen,dataset_red_team,attack_default_attack_qwen25_14b_instruct_lm_target_qwen25_14b_instruct_judge_llm-judge_qwen25_14b_instruct,lpb,3,50,20.0,1.0,0.1,0.1137026239067055,0.0859692239095932,53,0,3.1923948999997265,18.292541055216976,19.438194083525367,1.1456530283083914,cumulative_probability,18.292541055205596,18.50977834992956,18.292541055205596,-0.0392536794242914,18.292542372872784,,20.137568561202443,4.588277905763031e-13,0.0026583871440765,0.0026530779585677,0.3344345414628369,0.2578007096357164,0.0294228466168673,0.0996666666667654,20.361,752,880.0,0.0732208278225325,90.53333333333332,880.0,0.0732208278225325,90.53333333333332,3.311839691377827e-13,0.0
red_qwen,dataset_red_team,attack_default_attack_qwen25_14b_instruct_lm_target_qwen25_14b_instruct_judge_llm-judge_qwen25_14b_instruct,lpb,3,50,20.0,1.0,0.2,0.2063492063492063,0.2388942264309183,53,0,2.818493000000217,18.292542332949203,19.263314408573848,0.9707720756246444,cumulative_probability,18.292542332937828,18.509779621273136,18.292542332937828,-0.0392551836557686,18.29254237268933,,19.97152173236933,4.588277905763031e-13,0.0026576598135728,0.0027251792731979,0.3335494770620394,0.2549134696834577,0.029425548106803,0.0996666666667654,20.166666666666668,746,880.0,0.0732208278225325,90.53333333333332,880.0,0.0732208278225325,90.53333333333332,3.311839691377827e-13,0.0
red_qwen,dataset_red_team,attack_default_attack_qwen25_14b_instruct_lm_target_qwen25_14b_instruct_judge_llm-judge_qwen25_14b_instruct,lpb,3,50,20.0,1.0,0.3,0.3019112406867509,0.3554856072147054,53,0,2.2710563000000548,18.29253534406983,19.296864744474973,1.004329400405144,cumulative_probability,18.29253534405845,18.50977266733816,18.29253534405845,-0.0392570749681908,18.292542372800444,,20.003444279682707,4.588277905763031e-13,0.0026579739995703,0.0027090103461151,0.3332894806278925,0.2550989716344825,0.029425677364263,0.0996666666667654,20.18733333333333,748,880.0,0.0732208278225325,90.53333333333332,880.0,0.0732208278225325,90.53333333333332,3.311839691377827e-13,0.0
red_qwen,dataset_red_team,attack_default_attack_qwen25_14b_instruct_lm_target_qwen25_14b_instruct_judge_llm-judge_qwen25_14b_instruct,lpb,3,50,20.0,1.0,0.4,0.391642371234208,0.4803416262812313,53,0,2.4663109999996777,18.292538917197763,19.208364770558383,0.9158258533606228,cumulative_probability,18.292538917186384,18.50977622260045,18.292538917186384,-0.0392448466300265,18.29254237254944,,19.91941987878764,4.588277905763031e-13,0.0026608780161006,0.0027521601611318,0.3325002604615886,0.2522718798061761,0.029415157334183,0.0996666666667654,20.12933333333333,736,880.0,0.0732208278225325,90.53333333333332,880.0,0.0732208278225325,90.53333333333332,3.311839691377827e-13,0.0
red_qwen,dataset_red_team,attack_default_attack_qwen25_14b_instruct_lm_target_qwen25_14b_instruct_judge_llm-judge_qwen25_14b_instruct,lpb,3,50,20.0,1.0,0.5,0.4826692581794622,0.5898308323557669,53,0,2.593053600000076,18.292510754840173,19.21619326220592,0.9236825073657436,cumulative_probability,18.2925107548288,18.50974820105465,18.2925107548288,-0.0392322727566352,18.292542372793047,,19.926898607661403,4.588277905763031e-13,0.002662874798568,0.0027498942228736,0.3316104245763865,0.2513332666649124,0.0294088250617118,0.0996666666667654,20.14433333333333,732,880.0,0.0732208278225325,90.53333333333332,880.0,0.0732208278225325,90.53333333333332,3.311839691377827e-13,0.0
red_qwen,dataset_red_team,attack_default_attack_qwen25_14b_instruct_lm_target_qwen25_14b_instruct_judge_llm-judge_qwen25_14b_instruct,lpb,3,50,20.0,1.0,0.6,0.5827664399092971,0.6860339821543263,53,0,2.698251000000255,18.29253629419144,19.243052285599827,0.9505159914083912,cumulative_probability,18.29253629418006,18.509773612709157,18.29253629418006,-0.0392234464379726,18.29254237249959,,19.95240270516141,4.588277905763031e-13,0.0026673344502845,0.0027404715342778,0.3305029070894528,0.2501311228581535,0.0293926497955185,0.0996666666667654,20.17333333333333,724,880.0,0.0732208278225325,90.53333333333332,880.0,0.0732208278225325,90.53333333333332,3.311839691377827e-13,0.0
red_qwen,dataset_red_team,attack_default_attack_qwen25_14b_instruct_lm_target_qwen25_14b_instruct_judge_llm-judge_qwen25_14b_instruct,lpb,3,50,20.0,1.0,0.7,0.6757369614512472,0.7795459491594698,53,0,2.4392345000001114,18.29252455595888,19.232038802797813,0.939514246838936,cumulative_probability,18.29252455594749,18.50976193316776,18.29252455594749,-0.0392005310277454,18.292542372676166,,19.941936980067634,4.588277905763031e-13,0.0026706901902163,0.0027488896453376,0.3303562251918689,0.2493622822351799,0.0293806517031753,0.0996666666667654,20.249,731,880.0,0.0732208278225325,90.53333333333332,880.0,0.0732208278225325,90.53333333333332,3.311839691377827e-13,0.0
red_qwen,dataset_red_team,attack_default_attack_qwen25_14b_instruct_lm_target_qwen25_14b_instruct_judge_llm-judge_qwen25_14b_instruct,lpb,3,50,20.0,1.0,0.8,0.7680596047942987,0.8488160388124825,53,0,2.825421999999889,18.29252355133581,19.258615138417923,0.9660915870821114,cumulative_probability,18.29252355132443,18.509760933567808,18.29252355132443,-0.0391813443275168,18.29254237282264,,19.967130102846983,4.58729350801453e-13,0.0026779342897991,0.0027381293889254,0.3301191653800539,0.2496488634067026,0.0293546483124726,0.0996666666667654,20.02466666666667,719,880.0,0.0732208278225325,90.53333333333332,880.0,0.0732208278225325,90.53333333333332,3.311129148642067e-13,0.0
red_qwen,dataset_red_team,attack_default_attack_qwen25_14b_instruct_lm_target_qwen25_14b_instruct_judge_llm-judge_qwen25_14b_instruct,lpb,3,50,20.0,1.0,0.9,0.8639455782312925,0.9097577935485924,53,0,1.8899932999997875,18.29254085205295,19.319501963639727,1.0269611115867754,cumulative_probability,18.29254085204157,18.50977814778137,18.29254085204157,-0.0391635181586025,18.292542372739103,,20.024942568042395,4.58729350801453e-13,0.0026864664483988,0.0027143444568982,0.3291481570559325,0.2500204435306857,0.0293222976754168,0.0996666666667654,20.380666666666663,741,880.0,0.0732208278225325,90.53333333333332,880.0,0.0732208278225325,90.53333333333332,3.311129148642067e-13,0.0
red_qwen,dataset_red_team,attack_default_attack_qwen25_14b_instruct_lm_target_qwen25_14b_instruct_judge_llm-judge_qwen25_14b_instruct,metric,4,50,20.0,1.0,0.1,0.1147743663713167,0.120582287029076,0,0,1.768591699999888,17.693897118895443,17.548436854447758,-0.145460264447685,cumulative_probability,17.69389711889544,18.090727633300965,17.69389711889544,-0.0279680654784897,17.69389830416197,,18.87855694683313,10.472072512957,3.1869430059471706,3.169114760217127,0.1800907876552749,0.1800974973703352,0.0679114285402116,0.7555564519825795,17.812333333333335,426,,,,,,,,
red_qwen,dataset_red_team,attack_default_attack_qwen25_14b_instruct_lm_target_qwen25_14b_instruct_judge_llm-judge_qwen25_14b_instruct,metric,4,50,20.0,1.0,0.2,0.20935503812075,0.2174874077993323,0,0,2.022420599999805,17.69389813650182,17.655172723892747,-0.0387254126090717,cumulative_probability,17.69389813650182,18.09072864581931,17.69389813650182,-0.0279897253494709,17.693898304087465,,18.98116029832265,10.351244288234144,3.172831242731021,3.133968879647048,0.1827127613591955,0.1829682658417679,0.0795611614992957,0.7430419646198315,18.25733333333333,428,,,,,,,,
red_qwen,dataset_red_team,attack_default_attack_qwen25_14b_instruct_lm_target_qwen25_14b_instruct_judge_llm-judge_qwen25_14b_instruct,metric,4,50,20.0,1.0,0.3,0.3035235936534102,0.3191509358433032,0,0,1.9271225999996204,17.6938952307394,17.596120657586404,-0.0977745731529964,cumulative_probability,17.693895230739397,18.0907257545857,17.693895230739397,-0.0280024337553186,17.693898304772215,,18.92430029435899,10.392943487247258,3.166683604136864,3.1357567171234098,0.1824963894678742,0.1827068497096938,0.0888591803077361,0.7453116113113663,18.41733333333333,429,,,,,,,,
red_qwen,dataset_red_team,attack_default_attack_qwen25_14b_instruct_lm_target_qwen25_14b_instruct_judge_llm-judge_qwen25_14b_instruct,metric,4,50,20.0,1.0,0.4,0.399340614053163,0.4177303754860224,0,0,1.8145534999998745,17.69389244412514,17.590499371501654,-0.1033930726234864,cumulative_probability,17.69389244412514,18.090722981904516,17.69389244412514,-0.028003622428514,17.693898304976877,,18.918916394236906,10.436354703179452,3.1663985149255183,3.131323894997555,0.1813661592118038,0.1815815466784751,0.0965376031086151,0.7529505761151726,18.207,432,,,,,,,,
red_qwen,dataset_red_team,attack_default_attack_qwen25_14b_instruct_lm_target_qwen25_14b_instruct_judge_llm-judge_qwen25_14b_instruct,metric,4,50,20.0,1.0,0.5,0.4879456006593859,0.5164420898005785,0,0,1.805855099999917,17.693896668853707,17.484006669812906,-0.2098899990408007,cumulative_probability,17.693896668853704,18.090727185509436,17.693896668853704,-0.0279956425947602,17.69389830474227,,18.81644282213146,10.576277216188776,3.172018581757929,3.154683180881258,0.1801755269598998,0.178940931159993,0.1023234618816847,0.7534044396193004,18.26533333333333,429,,,,,,,,
red_qwen,dataset_red_team,attack_default_attack_qwen25_14b_instruct_lm_target_qwen25_14b_instruct_judge_llm-judge_qwen25_14b_instruct,metric,4,50,20.0,1.0,0.6,0.5922110035029878,0.6325931753231157,0,0,1.6617452999998932,17.693882627686985,17.46435405079035,-0.2295285768966337,cumulative_probability,17.693882627686985,18.090713214548558,17.693882627686985,-0.0279912190308095,17.693898304106398,,18.79764193019375,10.581310714504507,3.1740812216786627,3.165227974654853,0.1799270058398858,0.1782389701259189,0.1081726994742811,0.7445368440523177,17.830666666666666,429,,,,,,,,
red_qwen,dataset_red_team,attack_default_attack_qwen25_14b_instruct_lm_target_qwen25_14b_instruct_judge_llm-judge_qwen25_14b_instruct,metric,4,50,20.0,1.0,0.7,0.6917370698536988,0.7296758226266269,0,0,2.2780351999999766,17.693885387900746,17.354418276413732,-0.3394671114870142,cumulative_probability,17.69388538790075,18.090715960961244,17.69388538790075,-0.0279828706698026,17.693898304396498,,18.691994379568605,10.686574907031734,3.1799275397376885,3.2012316283993747,0.1783599955098222,0.1763659565408731,0.1131249003977672,0.7371646982504514,18.31233333333333,421,,,,,,,,
red_qwen,dataset_red_team,attack_default_attack_qwen25_14b_instruct_lm_target_qwen25_14b_instruct_judge_llm-judge_qwen25_14b_instruct,metric,4,50,20.0,1.0,0.8,0.7821965794354008,0.8133256289138509,0,0,2.217456900000343,17.69389646146523,17.453654785803895,-0.2402416756613341,cumulative_probability,17.69389646146523,18.0907269791579,17.69389646146523,-0.0279671367025002,17.693898304641245,,18.7872795578234,10.679917572491377,3.1907587331208616,3.1931757627148367,0.1776330873166573,0.1763723506061674,0.1198369187078262,0.7636848237024424,18.19233333333333,433,,,,,,,,
red_qwen,dataset_red_team,attack_default_attack_qwen25_14b_instruct_lm_target_qwen25_14b_instruct_judge_llm-judge_qwen25_14b_instruct,metric,4,50,20.0,1.0,0.9,0.8804862971357923,0.903251520288498,0,0,2.141698500000075,17.69389521689823,17.368626975776273,-0.3252682411219574,cumulative_probability,17.69389521689823,18.090725740813745,17.69389521689823,-0.0279392798256594,17.69389830431303,,18.70548313866533,10.852121421401929,3.207390220525716,3.238920348604666,0.1755387300326262,0.1737583135684374,0.1271549076956814,0.7438948638898404,18.106,413,,,,,,,,
red_qwen,dataset_red_team,attack_default_attack_qwen25_14b_instruct_lm_target_qwen25_14b_instruct_judge_llm-judge_qwen25_14b_instruct,lpb,4,50,20.0,1.0,0.1,0.1152912621359223,0.1192533005051577,9,0,2.856839800000216,18.221690930281767,18.074372732499704,-0.147318197782063,cumulative_probability,18.221690930269663,18.46018247561832,18.221690930269663,-0.0450604825891787,18.22169491502149,,18.87174773504259,4.557026361200971e-13,0.0033457359795167,0.003557040352899,0.2498526179988948,0.2337325597343636,0.0522125513043715,0.0993333333334344,18.83033333333333,692,893.0,0.0800835918464451,89.66666666666666,893.0,0.0800835918464451,89.66666666666666,3.365722515506301e-13,0.0
red_qwen,dataset_red_team,attack_default_attack_qwen25_14b_instruct_lm_target_qwen25_14b_instruct_judge_llm-judge_qwen25_14b_instruct,lpb,4,50,20.0,1.0,0.2,0.2099514563106796,0.2135405611920023,9,0,2.805112499999723,18.221694844482805,18.013968290210155,-0.20772655427265,cumulative_probability,18.221694844470704,18.460186370248348,18.221694844470704,-0.045063544603181,18.22169491497245,,18.81470665492097,4.557026361200971e-13,0.0033444331153502,0.0035888294586428,0.2496945686263104,0.233199434347866,0.0526678715440543,0.0993333333334344,18.80433333333333,688,893.0,0.0800835918464451,89.66666666666666,893.0,0.0800835918464451,89.66666666666666,3.365722515506301e-13,0.0
red_qwen,dataset_red_team,attack_default_attack_qwen25_14b_instruct_lm_target_qwen25_14b_instruct_judge_llm-judge_qwen25_14b_instruct,lpb,4,50,20.0,1.0,0.3,0.3043082524271844,0.3159941843188861,9,0,2.468616499999825,18.221657449258853,18.003190987628745,-0.2184664616301077,cumulative_probability,18.22165744924676,18.460149162000523,18.22165744924676,-0.0450592262495774,18.221694915139764,,18.80452194910706,4.557026361200971e-13,0.0033426944813275,0.003593432997711,0.2496818376430096,0.2332193916718875,0.0526776122888859,0.0993333333334344,18.802666666666667,691,893.0,0.0800835918464451,89.66666666666666,893.0,0.0800835918464451,89.66666666666666,3.365722515506301e-13,0.0
red_qwen,dataset_red_team,attack_default_attack_qwen25_14b_instruct_lm_target_qwen25_14b_instruct_judge_llm-judge_qwen25_14b_instruct,lpb,4,50,20.0,1.0,0.4,0.399878640776699,0.406285817379123,9,0,2.574063500000193,18.221681929201967,17.995201850687923,-0.2264800785140437,cumulative_probability,18.221681929189863,18.460173519543915,18.221681929189863,-0.0450630675186403,18.22169491500306,,18.79694058107375,4.557026361200971e-13,0.0033432928488449,0.0036000976491627,0.2497658443906054,0.2328915012831371,0.0526733509440749,0.0993333333334344,18.71033333333333,680,893.0,0.0800835918464451,89.66666666666666,893.0,0.0800835918464451,89.66666666666666,3.365722515506301e-13,0.0
red_qwen,dataset_red_team,attack_default_attack_qwen25_14b_instruct_lm_target_qwen25_14b_instruct_judge_llm-judge_qwen25_14b_instruct,lpb,4,50,20.0,1.0,0.5,0.4887742718446602,0.5131595704037016,9,0,2.857120399999985,18.2216876402316,17.996552844855657,-0.2251347953759399,cumulative_probability,18.221687640219496,18.4601792020184,18.221687640219496,-0.0450607092352584,18.22169491492348,,18.798204132048397,4.557026361200971e-13,0.0033455580578461,0.0036007395160293,0.2492479929149116,0.2324399802220426,0.0526612217680294,0.0993333333334344,18.83633333333333,692,893.0,0.0800835918464451,89.66666666666666,893.0,0.0800835918464451,89.66666666666666,3.365722515506301e-13,0.0
red_qwen,dataset_red_team,attack_default_attack_qwen25_14b_instruct_lm_target_qwen25_14b_instruct_judge_llm-judge_qwen25_14b_instruct,lpb,4,50,20.0,1.0,0.6,0.5910194174757282,0.6321316381542641,9,0,1.6333825000001525,18.22164669757221,18.01688204781946,-0.2047646497527537,cumulative_probability,18.221646697560114,18.460138464072315,18.221646697560114,-0.0450510464725084,18.221694915123525,,18.817479386202574,4.557026361200971e-13,0.0033470697181356,0.0035987458766009,0.2494013129576394,0.2326147415983112,0.0526520894038618,0.0993333333334344,18.80333333333333,686,893.0,0.0800835918464451,89.66666666666666,893.0,0.0800835918464451,89.66666666666666,3.365722515506301e-13,0.0
red_qwen,dataset_red_team,attack_default_attack_qwen25_14b_instruct_lm_target_qwen25_14b_instruct_judge_llm-judge_qwen25_14b_instruct,lpb,4,50,20.0,1.0,0.7,0.6914441747572816,0.7280107823576856,9,0,1.492951799999901,18.221688965571005,18.03120764591582,-0.1904813196551842,cumulative_probability,18.22168896555891,18.460180520731114,18.22168896555891,-0.0450581391487503,18.22169491502821,,18.831032898976165,4.557026361200971e-13,0.0033478152708824,0.0036015995808231,0.2496099457836324,0.2331938083704136,0.0526477044713285,0.0993333333334344,18.929666666666662,694,893.0,0.0800835918464451,89.66666666666666,893.0,0.0800835918464451,89.66666666666666,3.365722515506301e-13,0.0
red_qwen,dataset_red_team,attack_default_attack_qwen25_14b_instruct_lm_target_qwen25_14b_instruct_judge_llm-judge_qwen25_14b_instruct,lpb,4,50,20.0,1.0,0.8,0.7809466019417476,0.8248132190007217,9,0,1.3234717000000271,18.22168878472569,17.99116295580337,-0.230525828922314,cumulative_probability,18.22168878471358,18.46018034079001,18.22168878471358,-0.0450495511176995,18.221694915018684,,18.7931250221274,4.557026361200971e-13,0.0033534505169477,0.0036223250892869,0.2483055446282732,0.2306947387736135,0.0526102375511704,0.0993333333334344,18.84933333333333,685,893.0,0.0800835918464451,89.66666666666666,893.0,0.0800835918464451,89.66666666666666,3.365722515506301e-13,0.0
red_qwen,dataset_red_team,attack_default_attack_qwen25_14b_instruct_lm_target_qwen25_14b_instruct_judge_llm-judge_qwen25_14b_instruct,lpb,4,50,20.0,1.0,0.9,0.8804611650485437,0.9083446533938956,9,0,1.2855617000000166,18.221692190343703,17.992333907824367,-0.2293582825193354,cumulative_probability,18.22169219033161,18.460183729379946,18.22169219033161,-0.0450369055761257,18.22169491490509,,18.79422843028132,4.557026361200971e-13,0.0033625353228694,0.0036230085343943,0.2470207232515045,0.2295658555865052,0.0525454731740695,0.0993333333334344,18.92233333333333,680,893.0,0.0800835918464451,89.66666666666666,893.0,0.0800835918464451,89.66666666666666,3.365722515506301e-13,0.0
hallucination_qwen,dataset_hallucination3,attack_hallucination_attack_qwen25_14b_instruct_lm_target_qwen25_14b_instruct_judge_llm-judge_qwen25_14b_instruct,metric,0,50,20.0,1.0,0.1,0.1532211259431224,0.1235196049134175,0,0,4.134739500000251,18.754915187331047,22.90548935638636,4.150574169055314,cumulative_probability,18.75491518732785,18.833440611391207,18.75491518732785,-0.0103275178844342,18.75491525399172,,23.098773851036643,1.9011944932842064,0.330563192717855,0.4536017144754363,0.6869892147866051,0.6701848179621869,0.1830468327032856,0.9489575105585148,22.529666666666667,1943,,,,,,,,
hallucination_qwen,dataset_hallucination3,attack_hallucination_attack_qwen25_14b_instruct_lm_target_qwen25_14b_instruct_judge_llm-judge_qwen25_14b_instruct,metric,0,50,20.0,1.0,0.2,0.2344747533372025,0.1937292587408188,0,0,4.185308599999189,18.75490343745613,22.956450730195115,4.201547292738983,cumulative_probability,18.75490343745293,18.833428920265668,18.75490343745293,-0.0103269994724541,18.75491525420983,,23.148571463643226,1.890528393047351,0.3305008192439232,0.4507219752473198,0.6873997708060894,0.6707697784344199,0.1859712055020346,0.951976425802282,22.67633333333333,1949,,,,,,,,
hallucination_qwen,dataset_hallucination3,attack_hallucination_attack_qwen25_14b_instruct_lm_target_qwen25_14b_instruct_judge_llm-judge_qwen25_14b_instruct,metric,0,50,20.0,1.0,0.3,0.3366221706326175,0.2657554929931898,0,0,4.158519000000524,18.754904336305188,23.020480792866163,4.265576456560975,cumulative_probability,18.754904336301987,18.83342981462048,18.754904336301987,-0.0103279897302854,18.754915254119695,,23.211109216758487,1.8771730908831872,0.3304539665117203,0.4469953784788778,0.6879987771539726,0.6717085902054085,0.1856848553720039,0.95324514765434,22.61433333333333,1953,,,,,,,,
hallucination_qwen,dataset_hallucination3,attack_hallucination_attack_qwen25_14b_instruct_lm_target_qwen25_14b_instruct_judge_llm-judge_qwen25_14b_instruct,metric,0,50,20.0,1.0,0.4,0.4051073708647707,0.3440021390037904,0,0,3.872283299999253,18.754900545822576,23.01228290619125,4.25738236036867,cumulative_probability,18.754900545819652,18.83342604309056,18.754900545819652,-0.0103260238392977,18.75491525411003,,23.203103673789688,1.8767359719541332,0.3305194493608669,0.447057669903371,0.6894432393274154,0.6717891152967104,0.2382578529871347,0.9477375304890682,22.382,1945,,,,,,,,
hallucination_qwen,dataset_hallucination3,attack_hallucination_attack_qwen25_14b_instruct_lm_target_qwen25_14b_instruct_judge_llm-judge_qwen25_14b_instruct,metric,0,50,20.0,1.0,0.5,0.4799767846778874,0.4125682200657429,0,0,3.592119200000525,18.75483707877033,23.027516615004235,4.272679536233905,cumulative_probability,18.754837078767128,18.83336289337329,18.754837078767128,-0.0103174689138541,18.754915253821427,,23.218090760004934,1.8749823894700937,0.3305479764088098,0.4464659008508592,0.6892856970496392,0.6718764039934049,0.2382527709436599,0.9507031767855142,22.72233333333333,1950,,,,,,,,
hallucination_qwen,dataset_hallucination3,attack_hallucination_attack_qwen25_14b_instruct_lm_target_qwen25_14b_instruct_judge_llm-judge_qwen25_14b_instruct,metric,0,50,20.0,1.0,0.6,0.5821242019733024,0.4703842342838269,0,0,3.2079474000001937,18.754915137354963,23.14891365360849,4.393998516253525,cumulative_probability,18.75491513735176,18.833440561665004,18.75491513735176,-0.0103277095331577,18.75491525397598,,23.33664994086136,1.8532089188424588,0.3305365504879281,0.4400403814931677,0.6891589955403606,0.6734960077195732,0.2382593250145548,0.9509956742697296,22.944666666666667,1954,,,,,,,,
hallucination_qwen,dataset_hallucination3,attack_hallucination_attack_qwen25_14b_instruct_lm_target_qwen25_14b_instruct_judge_llm-judge_qwen25_14b_instruct,metric,0,50,20.0,1.0,0.7,0.656993615786419,0.537078687029144,0,0,3.628541599999153,18.754900542475298,23.125960658711872,4.371060116236574,cumulative_probability,18.754900542472097,18.83342603975974,18.754900542472097,-0.0103260209289146,18.75491525418832,,23.31428886902692,1.8570667131528824,0.3305292658735659,0.4410656144469375,0.6888981997223016,0.6732644984852614,0.2382612953260546,0.9493264118075472,22.895666666666667,1951,,,,,,,,
hallucination_qwen,dataset_hallucination3,attack_hallucination_attack_qwen25_14b_instruct_lm_target_qwen25_14b_instruct_judge_llm-judge_qwen25_14b_instruct,metric,0,50,20.0,1.0,0.8,0.7527568195008706,0.6302433116811627,0,0,3.051782200000161,18.754909025292832,23.04975985518986,4.294850829897026,cumulative_probability,18.75490902528963,18.83343448016318,18.75490902528963,-0.0103257415321422,18.75491525422573,,23.239798515197663,1.870913832573439,0.3306294891115544,0.445063534982664,0.6876678381157985,0.6721948114758692,0.2382446776386843,0.9483723710517872,22.856666666666666,1948,,,,,,,,
hallucination_qwen,dataset_hallucination3,attack_hallucination_attack_qwen25_14b_instruct_lm_target_qwen25_14b_instruct_judge_llm-judge_qwen25_14b_instruct,metric,0,50,20.0,1.0,0.9,0.8403946604759142,0.7373429169091396,0,0,2.948756699999649,18.754915173263285,22.971637396339343,4.216722223076058,cumulative_probability,18.754915173260088,18.833440597393786,18.754915173260088,-0.0103254897840088,18.754915253700474,,23.163366329172494,1.890320014848297,0.3306954714371056,0.4483946428675355,0.6863524256004797,0.6707388229849999,0.2382249928982726,0.948685387589054,22.730666666666668,1945,,,,,,,,
hallucination_qwen,dataset_hallucination3,attack_hallucination_attack_qwen25_14b_instruct_lm_target_qwen25_14b_instruct_judge_llm-judge_qwen25_14b_instruct,lpb,0,50,20.0,1.0,0.1,0.1182432432432432,0.1579848746905416,4,0,0.0742802999993728,17.76,19.991186440677968,2.2311864406779662,cumulative_probability,17.75999999998224,17.759999999982327,17.75999999998224,80.0,17.76,maximum,19.954,0.0,0.0,0.0,1.0,1.0,1.0,0.096,19.954,2950,284.0,0.0012045111118684,90.33333333333331,284.0,0.0012045111118684,90.33333333333331,0.0,0.0
hallucination_qwen,dataset_hallucination3,attack_hallucination_attack_qwen25_14b_instruct_lm_target_qwen25_14b_instruct_judge_llm-judge_qwen25_14b_instruct,lpb,0,50,20.0,1.0,0.2,0.2128378378378378,0.2668464068911724,4,0,0.0750753000002077,17.76,19.991186440677968,2.2311864406779662,cumulative_probability,17.75999999998224,17.759999999982327,17.75999999998224,80.0,17.76,maximum,19.954,0.0,0.0,0.0,1.0,1.0,1.0,0.096,19.954,2950,284.0,0.0012045111118684,90.33333333333331,284.0,0.0012045111118684,90.33333333333331,0.0,0.0
hallucination_qwen,dataset_hallucination3,attack_hallucination_attack_qwen25_14b_instruct_lm_target_qwen25_14b_instruct_judge_llm-judge_qwen25_14b_instruct,lpb,0,50,20.0,1.0,0.3,0.3051801801801801,0.3727744429748703,4,0,0.0669072000000596,17.76,19.991186440677968,2.2311864406779662,cumulative_probability,17.75999999998224,17.759999999982327,17.75999999998224,80.0,17.76,maximum,19.954,0.0,0.0,0.0,1.0,1.0,1.0,0.096,19.954,2950,284.0,0.0012045111118684,90.33333333333331,284.0,0.0012045111118684,90.33333333333331,0.0,0.0
hallucination_qwen,dataset_hallucination3,attack_hallucination_attack_qwen25_14b_instruct_lm_target_qwen25_14b_instruct_judge_llm-judge_qwen25_14b_instruct,lpb,0,50,20.0,1.0,0.4,0.4042792792792792,0.4586936616135924,4,0,0.0679370999996535,17.76,19.991186440677968,2.2311864406779662,cumulative_probability,17.75999999998224,17.759999999982327,17.75999999998224,80.0,17.76,maximum,19.954,0.0,0.0,0.0,1.0,1.0,1.0,0.096,19.954,2950,284.0,0.0012045111118684,90.33333333333331,284.0,0.0012045111118684,90.33333333333331,0.0,0.0
hallucination_qwen,dataset_hallucination3,attack_hallucination_attack_qwen25_14b_instruct_lm_target_qwen25_14b_instruct_judge_llm-judge_qwen25_14b_instruct,lpb,0,50,20.0,1.0,0.5,0.4797297297297297,0.542611998507817,4,0,0.072576300000037,17.76,19.991186440677968,2.2311864406779662,cumulative_probability,17.75999999998224,17.759999999982327,17.75999999998224,80.0,17.76,maximum,19.954,0.0,0.0,0.0,1.0,1.0,1.0,0.096,19.954,2950,284.0,0.0012045111118684,90.33333333333331,284.0,0.0012045111118684,90.33333333333331,0.0,0.0
hallucination_qwen,dataset_hallucination3,attack_hallucination_attack_qwen25_14b_instruct_lm_target_qwen25_14b_instruct_judge_llm-judge_qwen25_14b_instruct,lpb,0,50,20.0,1.0,0.6,0.5867117117117117,0.6008919184725472,4,0,0.0642107999992731,17.76,19.991186440677968,2.2311864406779662,cumulative_probability,17.75999999998224,17.759999999982327,17.75999999998224,80.0,17.76,maximum,19.954,0.0,0.0,0.0,1.0,1.0,1.0,0.096,19.954,2950,284.0,0.0012045111118684,90.33333333333331,284.0,0.0012045111118684,90.33333333333331,0.0,0.0
hallucination_qwen,dataset_hallucination3,attack_hallucination_attack_qwen25_14b_instruct_lm_target_qwen25_14b_instruct_judge_llm-judge_qwen25_14b_instruct,lpb,0,50,20.0,1.0,0.7,0.6880630630630631,0.6662088377929257,4,0,0.0665562000003774,17.76,19.991186440677968,2.2311864406779662,cumulative_probability,17.75999999998224,17.759999999982327,17.75999999998224,80.0,17.76,maximum,19.954,0.0,0.0,0.0,1.0,1.0,1.0,0.096,19.954,2950,284.0,0.0012045111118684,90.33333333333331,284.0,0.0012045111118684,90.33333333333331,0.0,0.0
hallucination_qwen,dataset_hallucination3,attack_hallucination_attack_qwen25_14b_instruct_lm_target_qwen25_14b_instruct_judge_llm-judge_qwen25_14b_instruct,lpb,0,50,20.0,1.0,0.8,0.7781531531531531,0.7511106589344457,4,0,0.067394100000456,17.76,19.991186440677968,2.2311864406779662,cumulative_probability,17.75999999998224,17.759999999982327,17.75999999998224,80.0,17.76,maximum,19.954,0.0,0.0,0.0,1.0,1.0,1.0,0.096,19.954,2950,284.0,0.0012045111118684,90.33333333333331,284.0,0.0012045111118684,90.33333333333331,0.0,0.0
hallucination_qwen,dataset_hallucination3,attack_hallucination_attack_qwen25_14b_instruct_lm_target_qwen25_14b_instruct_judge_llm-judge_qwen25_14b_instruct,lpb,0,50,20.0,1.0,0.9,0.875,0.8456099297995727,4,0,0.0679964999999356,17.76,19.991186440677968,2.2311864406779662,cumulative_probability,17.75999999998224,17.759999999982327,17.75999999998224,80.0,17.76,maximum,19.954,0.0,0.0,0.0,1.0,1.0,1.0,0.096,19.954,2950,284.0,0.0012045111118684,90.33333333333331,284.0,0.0012045111118684,90.33333333333331,0.0,0.0
hallucination_qwen,dataset_hallucination3,attack_hallucination_attack_qwen25_14b_instruct_lm_target_qwen25_14b_instruct_judge_llm-judge_qwen25_14b_instruct,metric,1,50,20.0,1.0,0.1,0.1296551724137931,0.2281861342404139,30,0,2.579717399999936,18.84744002238013,25.77994634282794,6.932506320447807,cumulative_probability,18.847440022377118,18.898202822265223,18.847440022377118,-0.0084070882439846,18.84745762699045,,25.838807809512947,1.357610401460786,0.1908826446073341,0.3143473639964299,0.7824427383171795,0.737124933080483,0.2928495624891625,0.957234426002572,25.523,2119,,,,,,,,
hallucination_qwen,dataset_hallucination3,attack_hallucination_attack_qwen25_14b_instruct_lm_target_qwen25_14b_instruct_judge_llm-judge_qwen25_14b_instruct,metric,1,50,20.0,1.0,0.2,0.213103448275862,0.2853112581713834,30,0,2.935212099999262,18.84744326105534,26.313987343579264,7.466544082523924,cumulative_probability,18.847443261052323,18.898206044747056,18.847443261052323,-0.0084082189277978,18.84745762694946,,26.36079337717053,1.2702398133160369,0.1908596279035266,0.292047327599237,0.7841792576744337,0.7436774529634216,0.3906824668274953,0.9543923216327824,25.919666666666668,2131,,,,,,,,
hallucination_qwen,dataset_hallucination3,attack_hallucination_attack_qwen25_14b_instruct_lm_target_qwen25_14b_instruct_judge_llm-judge_qwen25_14b_instruct,metric,1,50,20.0,1.0,0.3,0.3193103448275862,0.3660134933621363,30,0,3.015882700000475,18.84744947346449,26.345456830666592,7.498007357202102,cumulative_probability,18.847449473461467,18.89821222609416,18.847449473461467,-0.0084105017594993,18.84745762686201,,26.391606124632816,1.2657830298813886,0.1908012796856904,0.2907707131587488,0.7836867949743997,0.7442139399069396,0.4015458238394707,0.9512843962195467,26.04833333333333,2127,,,,,,,,
hallucination_qwen,dataset_hallucination3,attack_hallucination_attack_qwen25_14b_instruct_lm_target_qwen25_14b_instruct_judge_llm-judge_qwen25_14b_instruct,metric,1,50,20.0,1.0,0.4,0.38,0.4483036570719243,30,0,2.973684999999932,18.84745453404956,26.345038379403466,7.497583845353901,cumulative_probability,18.847454534046545,18.898217261376303,18.847454534046545,-0.0084121305553708,18.84745762701109,,26.391200099622186,1.2663436781776791,0.1907774079498951,0.2906695413249945,0.7838447191359479,0.7442277674364367,0.4117644705928889,0.9533583555233156,26.05,2131,,,,,,,,
hallucination_qwen,dataset_hallucination3,attack_hallucination_attack_qwen25_14b_instruct_lm_target_qwen25_14b_instruct_judge_llm-judge_qwen25_14b_instruct,metric,1,50,20.0,1.0,0.5,0.48,0.5337616172689241,30,0,2.5075974000001224,18.847454571536105,26.205787069286984,7.358332497750879,cumulative_probability,18.847454571533085,18.89821729867542,18.847454571533085,-0.0084122494445182,18.84745762691043,,26.25484622876488,1.284875245539922,0.1907737852229727,0.2951923537455876,0.782658359698318,0.742013253903108,0.408420560984796,0.9517844903840031,25.92833333333333,2124,,,,,,,,
hallucination_qwen,dataset_hallucination3,attack_hallucination_attack_qwen25_14b_instruct_lm_target_qwen25_14b_instruct_judge_llm-judge_qwen25_14b_instruct,metric,1,50,20.0,1.0,0.6,0.5703448275862069,0.6274090971376984,30,0,2.420049599999402,18.8474464802605,26.26593893753597,7.41849245727547,cumulative_probability,18.84744648025748,18.8982092478562,18.84744648025748,-0.0084102807159069,18.847457627042346,,26.31370598222101,1.2803348979834532,0.1907954930467454,0.2931903106531676,0.7831363126855224,0.7427325174096358,0.4457515403182821,0.9478337505887404,25.805666666666667,2119,,,,,,,,
hallucination_qwen,dataset_hallucination3,attack_hallucination_attack_qwen25_14b_instruct_lm_target_qwen25_14b_instruct_judge_llm-judge_qwen25_14b_instruct,metric,1,50,20.0,1.0,0.7,0.6551724137931034,0.7019691925746205,30,0,2.683370200000354,18.84744373519894,26.291817710693213,7.444373975494273,cumulative_probability,18.84744373519592,18.89820651651994,18.84744373519592,-0.0084096353384666,18.847457626808733,,26.339120132179488,1.2796129047361264,0.1908280299653995,0.2925203962037613,0.7834618533885777,0.7429027753228917,0.4457073015928515,0.942272008849791,25.56433333333333,2111,,,,,,,,
hallucination_qwen,dataset_hallucination3,attack_hallucination_attack_qwen25_14b_instruct_lm_target_qwen25_14b_instruct_judge_llm-judge_qwen25_14b_instruct,metric,1,50,20.0,1.0,0.8,0.7372413793103448,0.7753524475862681,30,0,2.2244629999995595,18.84743198355561,26.36673391198801,7.519301928432398,cumulative_probability,18.8474319835526,18.89819482363483,18.8474319835526,-0.0084042654634686,18.84745762700281,,26.412483693058157,1.2672732123441086,0.1909491205384706,0.2905886195474747,0.7838358314133018,0.7436894083248413,0.4456768540336068,0.9495785498916008,25.788666666666668,2127,,,,,,,,
hallucination_qwen,dataset_hallucination3,attack_hallucination_attack_qwen25_14b_instruct_lm_target_qwen25_14b_instruct_judge_llm-judge_qwen25_14b_instruct,metric,1,50,20.0,1.0,0.9,0.8448275862068966,0.8545392992157084,30,0,2.206197199999224,18.84745076926772,26.08398964972373,7.23653888045601,cumulative_probability,18.8474507692647,18.898213515418377,18.8474507692647,-0.0084049482393311,18.847457626841887,,26.13551542231291,1.311578953427292,0.1910267403741464,0.3010150982992597,0.7813328823754496,0.7386515918873945,0.4456644048653791,0.950786121277484,25.530666666666665,2116,,,,,,,,
hallucination_qwen,dataset_hallucination3,attack_hallucination_attack_qwen25_14b_instruct_lm_target_qwen25_14b_instruct_judge_llm-judge_qwen25_14b_instruct,lpb,1,50,20.0,1.0,0.1,0.1239263803680981,0.184228392966257,1,0,0.0666848000000754,16.3,19.971525423728814,3.671525423728813,cumulative_probability,16.2999999999837,16.299999999983783,16.2999999999837,80.0,16.3,maximum,19.91033333333333,0.0,0.0,0.0,1.0,1.0,1.0,0.0973333333333333,19.91033333333333,2950,285.0,0.0012128408156138,89.46666666666667,285.0,0.0012128408156138,89.46666666666667,0.0,0.0
hallucination_qwen,dataset_hallucination3,attack_hallucination_attack_qwen25_14b_instruct_lm_target_qwen25_14b_instruct_judge_llm-judge_qwen25_14b_instruct,lpb,1,50,20.0,1.0,0.2,0.211042944785276,0.2664810917238102,1,0,0.0658044000001609,16.3,19.971525423728814,3.671525423728813,cumulative_probability,16.2999999999837,16.299999999983783,16.2999999999837,80.0,16.3,maximum,19.91033333333333,0.0,0.0,0.0,1.0,1.0,1.0,0.0973333333333333,19.91033333333333,2950,285.0,0.0012128408156138,89.46666666666667,285.0,0.0012128408156138,89.46666666666667,0.0,0.0
hallucination_qwen,dataset_hallucination3,attack_hallucination_attack_qwen25_14b_instruct_lm_target_qwen25_14b_instruct_judge_llm-judge_qwen25_14b_instruct,lpb,1,50,20.0,1.0,0.3,0.3079754601226994,0.3552685178898771,1,0,0.0675707999998849,16.3,19.971525423728814,3.671525423728813,cumulative_probability,16.2999999999837,16.299999999983783,16.2999999999837,80.0,16.3,maximum,19.91033333333333,0.0,0.0,0.0,1.0,1.0,1.0,0.0973333333333333,19.91033333333333,2950,285.0,0.0012128408156138,89.46666666666667,285.0,0.0012128408156138,89.46666666666667,0.0,0.0
hallucination_qwen,dataset_hallucination3,attack_hallucination_attack_qwen25_14b_instruct_lm_target_qwen25_14b_instruct_judge_llm-judge_qwen25_14b_instruct,lpb,1,50,20.0,1.0,0.4,0.3938650306748466,0.4379116029601466,1,0,0.0656671000006099,16.3,19.971525423728814,3.671525423728813,cumulative_probability,16.2999999999837,16.299999999983783,16.2999999999837,80.0,16.3,maximum,19.91033333333333,0.0,0.0,0.0,1.0,1.0,1.0,0.0973333333333333,19.91033333333333,2950,285.0,0.0012128408156138,89.46666666666667,285.0,0.0012128408156138,89.46666666666667,0.0,0.0
hallucination_qwen,dataset_hallucination3,attack_hallucination_attack_qwen25_14b_instruct_lm_target_qwen25_14b_instruct_judge_llm-judge_qwen25_14b_instruct,lpb,1,50,20.0,1.0,0.5,0.4834355828220859,0.5288376671871817,1,0,0.0648920000003272,16.3,19.971525423728814,3.671525423728813,cumulative_probability,16.2999999999837,16.299999999983783,16.2999999999837,80.0,16.3,maximum,19.91033333333333,0.0,0.0,0.0,1.0,1.0,1.0,0.0973333333333333,19.91033333333333,2950,285.0,0.0012128408156138,89.46666666666667,285.0,0.0012128408156138,89.46666666666667,0.0,0.0
hallucination_qwen,dataset_hallucination3,attack_hallucination_attack_qwen25_14b_instruct_lm_target_qwen25_14b_instruct_judge_llm-judge_qwen25_14b_instruct,lpb,1,50,20.0,1.0,0.6,0.5877300613496933,0.6288614298323036,1,0,0.0641242000001511,16.3,19.971525423728814,3.671525423728813,cumulative_probability,16.2999999999837,16.299999999983783,16.2999999999837,80.0,16.3,maximum,19.91033333333333,0.0,0.0,0.0,1.0,1.0,1.0,0.0973333333333333,19.91033333333333,2950,285.0,0.0012128408156138,89.46666666666667,285.0,0.0012128408156138,89.46666666666667,0.0,0.0
hallucination_qwen,dataset_hallucination3,attack_hallucination_attack_qwen25_14b_instruct_lm_target_qwen25_14b_instruct_judge_llm-judge_qwen25_14b_instruct,lpb,1,50,20.0,1.0,0.7,0.6822085889570552,0.70537714712472,1,0,0.0656199000004562,16.3,19.971525423728814,3.671525423728813,cumulative_probability,16.2999999999837,16.299999999983783,16.2999999999837,80.0,16.3,maximum,19.91033333333333,0.0,0.0,0.0,1.0,1.0,1.0,0.0973333333333333,19.91033333333333,2950,285.0,0.0012128408156138,89.46666666666667,285.0,0.0012128408156138,89.46666666666667,0.0,0.0
hallucination_qwen,dataset_hallucination3,attack_hallucination_attack_qwen25_14b_instruct_lm_target_qwen25_14b_instruct_judge_llm-judge_qwen25_14b_instruct,lpb,1,50,20.0,1.0,0.8,0.7705521472392638,0.7870357797542263,1,0,0.0604081999999834,16.3,19.971525423728814,3.671525423728813,cumulative_probability,16.2999999999837,16.299999999983783,16.2999999999837,80.0,16.3,maximum,19.91033333333333,0.0,0.0,0.0,1.0,1.0,1.0,0.0973333333333333,19.91033333333333,2950,285.0,0.0012128408156138,89.46666666666667,285.0,0.0012128408156138,89.46666666666667,0.0,0.0
hallucination_qwen,dataset_hallucination3,attack_hallucination_attack_qwen25_14b_instruct_lm_target_qwen25_14b_instruct_judge_llm-judge_qwen25_14b_instruct,lpb,1,50,20.0,1.0,0.9,0.8662576687116564,0.883580012220789,1,0,0.0663273999998637,16.3,19.971525423728814,3.671525423728813,cumulative_probability,16.2999999999837,16.299999999983783,16.2999999999837,80.0,16.3,maximum,19.91033333333333,0.0,0.0,0.0,1.0,1.0,1.0,0.0973333333333333,19.91033333333333,2950,285.0,0.0012128408156138,89.46666666666667,285.0,0.0012128408156138,89.46666666666667,0.0,0.0
hallucination_qwen,dataset_hallucination3,attack_hallucination_attack_qwen25_14b_instruct_lm_target_qwen25_14b_instruct_judge_llm-judge_qwen25_14b_instruct,metric,2,50,20.0,1.0,0.1,0.147310989867498,0.2403270099796608,33,0,3.1328653000000486,18.90405660415106,29.63241736046357,10.728360756312515,cumulative_probability,18.90405660414808,18.93783632112734,18.90405660414808,-0.007430469704559,18.904067796596472,,29.571522013525367,0.9114247187488176,0.1026884879639909,0.2236115763458415,0.8643772754395767,0.7897585541353236,0.2488885679563406,0.941903766178399,29.685666666666663,2271,,,,,,,,
hallucination_qwen,dataset_hallucination3,attack_hallucination_attack_qwen25_14b_instruct_lm_target_qwen25_14b_instruct_judge_llm-judge_qwen25_14b_instruct,metric,2,50,20.0,1.0,0.2,0.2275915822291504,0.2851682138702248,33,0,2.9216011999997136,18.904033987400023,29.8600561988042,10.956022211404177,cumulative_probability,18.90403398739705,18.937813817460057,18.90403398739705,-0.0074260369001422,18.90406779645908,,29.794669700343917,0.8878691826373829,0.1026925594215557,0.2169152812020253,0.8651505665799081,0.7925140509948319,0.2633227373156845,0.9424007346622778,30.04433333333333,2277,,,,,,,,
hallucination_qwen,dataset_hallucination3,attack_hallucination_attack_qwen25_14b_instruct_lm_target_qwen25_14b_instruct_judge_llm-judge_qwen25_14b_instruct,metric,2,50,20.0,1.0,0.3,0.3094310210444271,0.3294396036626384,33,0,2.518941799999993,18.90405466857496,30.263595719825663,11.359541051250709,cumulative_probability,18.904054668571977,18.93783439522912,18.904054668571977,-0.0074287613097112,18.904067796599914,,30.18932847847172,0.8370126858300841,0.1027373795105381,0.2035021548363263,0.8680652828582157,0.7973334369498137,0.3621325330624487,0.9488204033376704,30.677333333333333,2295,,,,,,,,
hallucination_qwen,dataset_hallucination3,attack_hallucination_attack_qwen25_14b_instruct_lm_target_qwen25_14b_instruct_judge_llm-judge_qwen25_14b_instruct,metric,2,50,20.0,1.0,0.4,0.402182385035074,0.3790767428793023,33,0,2.1235544000001028,18.90404448940001,30.390625758866022,11.486581269466011,cumulative_probability,18.904044489397037,18.937824266950045,18.904044489397037,-0.0074261413101339,18.904067796470663,,30.313800855123866,0.8233137471727843,0.1027409756051889,0.2002613696812344,0.8688555025994501,0.7992726630242798,0.3836669520801876,0.9495036204110184,30.609666666666666,2300,,,,,,,,
hallucination_qwen,dataset_hallucination3,attack_hallucination_attack_qwen25_14b_instruct_lm_target_qwen25_14b_instruct_judge_llm-judge_qwen25_14b_instruct,metric,2,50,20.0,1.0,0.5,0.4614185502727981,0.4425397880608118,33,0,3.0374454000002515,18.904050534334125,30.41236134368201,11.50831080934789,cumulative_probability,18.90405053433114,18.937830281659487,18.90405053433114,-0.0074264073919039,18.904067796370157,,30.335099402533768,0.8190859576185175,0.1027369702119407,0.1995836701064927,0.8690323041303815,0.7998325029890276,0.3818769081717578,0.9472572239104768,30.535,2297,,,,,,,,
hallucination_qwen,dataset_hallucination3,attack_hallucination_attack_qwen25_14b_instruct_lm_target_qwen25_14b_instruct_judge_llm-judge_qwen25_14b_instruct,metric,2,50,20.0,1.0,0.6,0.5619641465315667,0.5137744644143182,33,0,2.4553577000006044,18.90403240823856,30.42091273170279,11.516880323464228,cumulative_probability,18.904032408235576,18.9378122461944,18.904032408235576,-0.0074205033888574,18.904067796369983,,30.34339060183446,0.8195332663423095,0.1027648180341763,0.1994788952178768,0.8700230167183208,0.7999854084687965,0.4049950863246175,0.9441994183637678,30.430666666666667,2290,,,,,,,,
hallucination_qwen,dataset_hallucination3,attack_hallucination_attack_qwen25_14b_instruct_lm_target_qwen25_14b_instruct_judge_llm-judge_qwen25_14b_instruct,metric,2,50,20.0,1.0,0.7,0.6578332034294622,0.5779022927103366,33,0,2.924281300000075,18.90405576626213,30.452215078312715,11.548159312050585,cumulative_probability,18.90405576625915,18.937835487427854,18.90405576625915,-0.0074254660285077,18.904067796555854,,30.374068566347525,0.8155884034477128,0.1027630540618841,0.1984129840749601,0.8700099741747167,0.8006198280469939,0.4036392703555085,0.9448753935420994,30.443666666666665,2293,,,,,,,,
hallucination_qwen,dataset_hallucination3,attack_hallucination_attack_qwen25_14b_instruct_lm_target_qwen25_14b_instruct_judge_llm-judge_qwen25_14b_instruct,metric,2,50,20.0,1.0,0.8,0.7365549493374902,0.636284495516671,33,0,2.4975105999992597,18.903998699315107,30.491622001428347,11.58762330211324,cumulative_probability,18.90399869931197,18.937778705815404,18.90399869931197,-0.0074100524216191,18.90406779656692,,30.412835991162503,0.8110735640868767,0.1027798888211215,0.1973936885501591,0.8698898752753749,0.8013321837480755,0.4081926043689013,0.9487339850259204,30.768,2301,,,,,,,,
hallucination_qwen,dataset_hallucination3,attack_hallucination_attack_qwen25_14b_instruct_lm_target_qwen25_14b_instruct_judge_llm-judge_qwen25_14b_instruct,metric,2,50,20.0,1.0,0.9,0.8199532346063912,0.7011087632659845,33,0,2.205468400000427,18.90402390632373,30.31428609362194,11.410262187298216,cumulative_probability,18.904023906320745,18.937803786789143,18.904023906320745,-0.0074189408042002,18.90406779630285,,30.23885529685898,0.8343648726914055,0.102795362644342,0.2021022244735805,0.8690060949834959,0.7978908987825547,0.4080719780442092,0.946968449584668,30.511333333333333,2288,,,,,,,,
hallucination_qwen,dataset_hallucination3,attack_hallucination_attack_qwen25_14b_instruct_lm_target_qwen25_14b_instruct_judge_llm-judge_qwen25_14b_instruct,lpb,2,50,20.0,1.0,0.1,0.1195158850226928,0.2356066559606382,0,0,0.0655574000002161,13.22,19.84203389830509,6.6220338983050855,cumulative_probability,13.21999999998678,13.219999999986843,13.21999999998678,80.0,13.22,maximum,19.731666666666666,0.0,0.0,0.0,1.0,1.0,1.0,0.0946666666666666,19.731666666666666,2950,284.0,0.0012045111118684,90.2,284.0,0.0012045111118684,90.2,0.0,0.0
hallucination_qwen,dataset_hallucination3,attack_hallucination_attack_qwen25_14b_instruct_lm_target_qwen25_14b_instruct_judge_llm-judge_qwen25_14b_instruct,lpb,2,50,20.0,1.0,0.2,0.2087745839636914,0.3037379984282639,0,0,0.0655746000002182,13.22,19.84203389830509,6.6220338983050855,cumulative_probability,13.21999999998678,13.219999999986843,13.21999999998678,80.0,13.22,maximum,19.731666666666666,0.0,0.0,0.0,1.0,1.0,1.0,0.0946666666666666,19.731666666666666,2950,284.0,0.0012045111118684,90.2,284.0,0.0012045111118684,90.2,0.0,0.0
hallucination_qwen,dataset_hallucination3,attack_hallucination_attack_qwen25_14b_instruct_lm_target_qwen25_14b_instruct_judge_llm-judge_qwen25_14b_instruct,lpb,2,50,20.0,1.0,0.3,0.3040847201210287,0.3712030614685482,0,0,0.0745138000002043,13.22,19.84203389830509,6.6220338983050855,cumulative_probability,13.21999999998678,13.219999999986843,13.21999999998678,80.0,13.22,maximum,19.731666666666666,0.0,0.0,0.0,1.0,1.0,1.0,0.0946666666666666,19.731666666666666,2950,284.0,0.0012045111118684,90.2,284.0,0.0012045111118684,90.2,0.0,0.0
hallucination_qwen,dataset_hallucination3,attack_hallucination_attack_qwen25_14b_instruct_lm_target_qwen25_14b_instruct_judge_llm-judge_qwen25_14b_instruct,lpb,2,50,20.0,1.0,0.4,0.3933434190620272,0.4377626678511634,0,0,0.0724750999997922,13.22,19.84203389830509,6.6220338983050855,cumulative_probability,13.21999999998678,13.219999999986843,13.21999999998678,80.0,13.22,maximum,19.731666666666666,0.0,0.0,0.0,1.0,1.0,1.0,0.0946666666666666,19.731666666666666,2950,284.0,0.0012045111118684,90.2,284.0,0.0012045111118684,90.2,0.0,0.0
hallucination_qwen,dataset_hallucination3,attack_hallucination_attack_qwen25_14b_instruct_lm_target_qwen25_14b_instruct_judge_llm-judge_qwen25_14b_instruct,lpb,2,50,20.0,1.0,0.5,0.481089258698941,0.5273003724331158,0,0,0.0743689000000813,13.22,19.84203389830509,6.6220338983050855,cumulative_probability,13.21999999998678,13.219999999986843,13.21999999998678,80.0,13.22,maximum,19.731666666666666,0.0,0.0,0.0,1.0,1.0,1.0,0.0946666666666666,19.731666666666666,2950,284.0,0.0012045111118684,90.2,284.0,0.0012045111118684,90.2,0.0,0.0
hallucination_qwen,dataset_hallucination3,attack_hallucination_attack_qwen25_14b_instruct_lm_target_qwen25_14b_instruct_judge_llm-judge_qwen25_14b_instruct,lpb,2,50,20.0,1.0,0.6,0.5885022692889561,0.627464379676769,0,0,0.06624119999924,13.22,19.84203389830509,6.6220338983050855,cumulative_probability,13.21999999998678,13.219999999986843,13.21999999998678,80.0,13.22,maximum,19.731666666666666,0.0,0.0,0.0,1.0,1.0,1.0,0.0946666666666666,19.731666666666666,2950,284.0,0.0012045111118684,90.2,284.0,0.0012045111118684,90.2,0.0,0.0
hallucination_qwen,dataset_hallucination3,attack_hallucination_attack_qwen25_14b_instruct_lm_target_qwen25_14b_instruct_judge_llm-judge_qwen25_14b_instruct,lpb,2,50,20.0,1.0,0.7,0.6822995461422088,0.7047527932483685,0,0,0.0668986000000586,13.22,19.84203389830509,6.6220338983050855,cumulative_probability,13.21999999998678,13.219999999986843,13.21999999998678,80.0,13.22,maximum,19.731666666666666,0.0,0.0,0.0,1.0,1.0,1.0,0.0946666666666666,19.731666666666666,2950,284.0,0.0012045111118684,90.2,284.0,0.0012045111118684,90.2,0.0,0.0
hallucination_qwen,dataset_hallucination3,attack_hallucination_attack_qwen25_14b_instruct_lm_target_qwen25_14b_instruct_judge_llm-judge_qwen25_14b_instruct,lpb,2,50,20.0,1.0,0.8,0.773071104387292,0.7701335975672259,0,0,0.0649180999998861,13.22,19.84203389830509,6.6220338983050855,cumulative_probability,13.21999999998678,13.219999999986843,13.21999999998678,80.0,13.22,maximum,19.731666666666666,0.0,0.0,0.0,1.0,1.0,1.0,0.0946666666666666,19.731666666666666,2950,284.0,0.0012045111118684,90.2,284.0,0.0012045111118684,90.2,0.0,0.0
hallucination_qwen,dataset_hallucination3,attack_hallucination_attack_qwen25_14b_instruct_lm_target_qwen25_14b_instruct_judge_llm-judge_qwen25_14b_instruct,lpb,2,50,20.0,1.0,0.9,0.8668683812405447,0.8418696825776472,0,0,0.0656260000005204,13.22,19.84203389830509,6.6220338983050855,cumulative_probability,13.21999999998678,13.219999999986843,13.21999999998678,80.0,13.22,maximum,19.731666666666666,0.0,0.0,0.0,1.0,1.0,1.0,0.0946666666666666,19.731666666666666,2950,284.0,0.0012045111118684,90.2,284.0,0.0012045111118684,90.2,0.0,0.0
hallucination_qwen,dataset_hallucination3,attack_hallucination_attack_qwen25_14b_instruct_lm_target_qwen25_14b_instruct_judge_llm-judge_qwen25_14b_instruct,metric,3,50,20.0,1.0,0.1,0.1384099616858237,0.1039439619986472,0,0,3.217168799999854,18.63096286073911,19.82462817556014,1.193665314821029,cumulative_probability,18.63096286073911,18.746608046435416,18.63096286073911,-0.0124151361524127,18.631186440243493,,20.187777407298885,2.77894970412295,0.616874458167256,0.6430465510904635,0.6259560566939019,0.600878593507424,0.1364928485786168,0.9100032889375422,19.940666666666665,1681,,,,,,,,
hallucination_qwen,dataset_hallucination3,attack_hallucination_attack_qwen25_14b_instruct_lm_target_qwen25_14b_instruct_judge_llm-judge_qwen25_14b_instruct,metric,3,50,20.0,1.0,0.2,0.2150383141762452,0.1523941318696696,0,0,3.405802300000687,18.631177697951053,19.867727570944755,1.2365498729937023,cumulative_probability,18.63117769795105,18.74682180946129,18.63117769795105,-0.0124413612502394,18.63118644001949,,20.22952722437429,2.762126862237124,0.6168269875388452,0.6387375216414157,0.6262357936048502,0.6016430305868218,0.1550602903142381,0.9162261065947886,20.164666666666665,1690,,,,,,,,
hallucination_qwen,dataset_hallucination3,attack_hallucination_attack_qwen25_14b_instruct_lm_target_qwen25_14b_instruct_judge_llm-judge_qwen25_14b_instruct,metric,3,50,20.0,1.0,0.3,0.3218390804597701,0.2660016948230154,0,0,2.80759339999986,18.63091053573289,19.703395468702844,1.072484932969953,cumulative_probability,18.63091053573289,18.74655598305423,18.63091053573289,-0.0124131409393157,18.63118644028725,,20.06943516613665,2.795242319028705,0.6165371194742812,0.6478242393061251,0.6249081549986275,0.5993026971793391,0.1824085044546342,0.9147135483814602,19.829,1684,,,,,,,,
hallucination_qwen,dataset_hallucination3,attack_hallucination_attack_qwen25_14b_instruct_lm_target_qwen25_14b_instruct_judge_llm-judge_qwen25_14b_instruct,metric,3,50,20.0,1.0,0.4,0.3898467432950191,0.4060578261173782,0,0,3.0417716000001747,18.63101257724293,19.504962163805978,0.8739495865630467,cumulative_probability,18.63101257724293,18.74665751435672,18.63101257724293,-0.0124253149988362,18.6311864402848,,19.875858783748903,2.846829675905608,0.6164708911470087,0.6601677409893004,0.6247780496939992,0.5964591108630837,0.182668823390852,0.9108360698390452,19.575666666666667,1674,,,,,,,,
hallucination_qwen,dataset_hallucination3,attack_hallucination_attack_qwen25_14b_instruct_lm_target_qwen25_14b_instruct_judge_llm-judge_qwen25_14b_instruct,metric,3,50,20.0,1.0,0.5,0.4779693486590038,0.5239257698616931,0,0,3.116098400000737,18.63099008127797,19.39253525669111,0.7615451754131399,cumulative_probability,18.63099008127797,18.74663513087158,18.63099008127797,-0.0124235093971947,18.63118644061185,,19.766253600960837,2.883922213905537,0.6162951894428127,0.6684358116422656,0.6241042062938224,0.5946396131023809,0.1867121636197156,0.906988612921706,19.55666666666667,1665,,,,,,,,
hallucination_qwen,dataset_hallucination3,attack_hallucination_attack_qwen25_14b_instruct_lm_target_qwen25_14b_instruct_judge_llm-judge_qwen25_14b_instruct,metric,3,50,20.0,1.0,0.6,0.5866858237547893,0.611986596904227,0,0,3.738118199999917,18.63095684163739,19.372764225765938,0.7418073841285491,cumulative_probability,18.63095684163739,18.746602057429204,18.63095684163739,-0.0124190529459156,18.631186440659977,,19.74707668139668,2.892802694628388,0.6163462512169451,0.6701713149034896,0.6227471349607244,0.5939897382953828,0.1961564358264624,0.901324828347375,19.464666666666663,1658,,,,,,,,
hallucination_qwen,dataset_hallucination3,attack_hallucination_attack_qwen25_14b_instruct_lm_target_qwen25_14b_instruct_judge_llm-judge_qwen25_14b_instruct,metric,3,50,20.0,1.0,0.7,0.6762452107279694,0.6782712805243067,0,0,2.90881520000039,18.63117272485937,19.36271018448003,0.7315374596206574,cumulative_probability,18.63117272485937,18.746816861235075,18.63117272485937,-0.012441302096704,18.63118644052191,,19.737014109722168,2.8919855792209206,0.6166354522600961,0.671309301897582,0.6211971968565891,0.5935529197523884,0.1960562720388575,0.910360362103922,19.707,1667,,,,,,,,
hallucination_qwen,dataset_hallucination3,attack_hallucination_attack_qwen25_14b_instruct_lm_target_qwen25_14b_instruct_judge_llm-judge_qwen25_14b_instruct,metric,3,50,20.0,1.0,0.8,0.7614942528735632,0.7519805328585756,0,0,2.988783699999658,18.631056910551496,19.34658149843515,0.7155245878836531,cumulative_probability,18.631056910551496,18.74670162599874,18.631056910551496,-0.0124280749150784,18.63118644039532,,19.7214506691662,2.890850489834804,0.6167255548662157,0.6724525036462674,0.6213253201399491,0.5938896388550943,0.1978079136326582,0.9138374934001074,19.715,1671,,,,,,,,
hallucination_qwen,dataset_hallucination3,attack_hallucination_attack_qwen25_14b_instruct_lm_target_qwen25_14b_instruct_judge_llm-judge_qwen25_14b_instruct,metric,3,50,20.0,1.0,0.9,0.8596743295019157,0.8299890380713225,0,0,2.555029099999956,18.631010427769432,19.52095038683864,0.8899399590692099,cumulative_probability,18.63101042776944,18.74665537563059,18.63101042776944,-0.0124065507407067,18.6311864403115,,19.891617671870996,2.8498221350513924,0.6181588279445474,0.661213795232868,0.6210219247506079,0.5950419338872062,0.1977188638949517,0.9133136281192996,19.55133333333333,1674,,,,,,,,
hallucination_qwen,dataset_hallucination3,attack_hallucination_attack_qwen25_14b_instruct_lm_target_qwen25_14b_instruct_judge_llm-judge_qwen25_14b_instruct,lpb,3,50,20.0,1.0,0.1,0.115987460815047,0.1429498161978742,1,0,1.1539996999999858,19.01457622915721,20.2548707086507,1.240294479493489,cumulative_probability,19.014576229141053,19.015203347995342,19.014576229141053,-0.0052658313506981,19.01457627117957,,20.236288768990924,5.846261746316689e-13,1.4187386198553882e-06,1.4043293775423575e-06,0.9823189115110172,0.9817680758610992,0.8908905591255357,0.098000000000096,20.244333333333334,2902,285.0,0.0012128408156138,89.53333333333333,285.0,0.0012128408156138,89.53333333333333,3.200995024599252e-13,0.0
hallucination_qwen,dataset_hallucination3,attack_hallucination_attack_qwen25_14b_instruct_lm_target_qwen25_14b_instruct_judge_llm-judge_qwen25_14b_instruct,lpb,3,50,20.0,1.0,0.2,0.2163009404388714,0.221909878740498,1,0,0.9769348999998329,19.01457549435025,20.2626757009279,1.24810020657765,cumulative_probability,19.01457549433413,19.01520261686246,19.01457549433413,-0.0052772717026527,19.01457627118282,,20.243962386051248,5.846261746316689e-13,1.4128193642714796e-06,1.3086724851896936e-06,0.9809685509397444,0.9816972030211452,0.9040393293403328,0.098000000000096,20.257,2902,285.0,0.0012128408156138,89.53333333333333,285.0,0.0012128408156138,89.53333333333333,3.200995024599252e-13,0.0
hallucination_qwen,dataset_hallucination3,attack_hallucination_attack_qwen25_14b_instruct_lm_target_qwen25_14b_instruct_judge_llm-judge_qwen25_14b_instruct,lpb,3,50,20.0,1.0,0.3,0.3134796238244514,0.3146259917829638,1,0,0.971906100000524,19.014576268128227,20.26101331204884,1.246437043920615,cumulative_probability,19.01457626811214,19.01520338677158,19.01457626811214,-0.0052929875528207,19.014576271178317,,20.242326802584696,5.846261746316689e-13,1.4118516617836877e-06,1.3267963018340706e-06,0.9796458770897314,0.980499375192706,0.8800606182037406,0.098000000000096,20.249666666666663,2896,285.0,0.0012128408156138,89.53333333333333,285.0,0.0012128408156138,89.53333333333333,3.200995024599252e-13,0.0
hallucination_qwen,dataset_hallucination3,attack_hallucination_attack_qwen25_14b_instruct_lm_target_qwen25_14b_instruct_judge_llm-judge_qwen25_14b_instruct,lpb,3,50,20.0,1.0,0.4,0.3970741901776384,0.4146775561802425,1,0,0.9605574000006528,19.01457553829415,20.233337354590628,1.2187618162964782,cumulative_probability,19.01457553827809,19.01520266058669,19.01457553827809,-0.0052953046542825,19.014576271179557,,20.215122758177294,5.846261746316689e-13,1.4100784519682577e-06,1.6668072482964138e-06,0.9789115521517768,0.9758922880196356,0.8721418550809505,0.098000000000096,20.23,2885,285.0,0.0012128408156138,89.53333333333333,285.0,0.0012128408156138,89.53333333333333,3.200995024599252e-13,0.0
hallucination_qwen,dataset_hallucination3,attack_hallucination_attack_qwen25_14b_instruct_lm_target_qwen25_14b_instruct_judge_llm-judge_qwen25_14b_instruct,lpb,3,50,20.0,1.0,0.5,0.4921630094043887,0.5068281242202964,1,0,1.1512056999999911,19.014576234952564,20.24904188913013,1.2344656541775656,cumulative_probability,19.014576234936545,19.01520335376186,19.014576234936545,-0.00528276701516,19.014576271184698,,20.230556810417564,5.846261746316689e-13,1.4128529840424893e-06,1.4806496244137672e-06,0.9789005431589994,0.9793061385579412,0.8555011801742675,0.098000000000096,20.23933333333333,2889,285.0,0.0012128408156138,89.53333333333333,285.0,0.0012128408156138,89.53333333333333,3.200995024599252e-13,0.0
hallucination_qwen,dataset_hallucination3,attack_hallucination_attack_qwen25_14b_instruct_lm_target_qwen25_14b_instruct_judge_llm-judge_qwen25_14b_instruct,lpb,3,50,20.0,1.0,0.6,0.5987460815047022,0.6007917630033767,1,0,1.2274601999997683,19.01457587286217,20.25306617560554,1.238490302743369,cumulative_probability,19.01457587284619,19.01520299348196,19.01457587284619,-0.0052673900790978,19.01457627118189,,20.23451436478224,5.846261746316689e-13,1.4157071402516513e-06,1.436355599482996e-06,0.9792856669376206,0.9803841045236026,0.8606391335399324,0.098000000000096,20.245666666666665,2896,285.0,0.0012128408156138,89.53333333333333,285.0,0.0012128408156138,89.53333333333333,3.200995024599252e-13,0.0
hallucination_qwen,dataset_hallucination3,attack_hallucination_attack_qwen25_14b_instruct_lm_target_qwen25_14b_instruct_judge_llm-judge_qwen25_14b_instruct,lpb,3,50,20.0,1.0,0.7,0.6844305120167189,0.683910244681382,1,0,1.1354381999999532,19.014575820886183,20.249374358874974,1.234798537988791,cumulative_probability,19.014575820870228,19.015202941765875,19.014575820870228,-0.0052452339878072,19.01457627118285,,20.230885402318467,5.846261746316689e-13,1.4216789191635578e-06,1.4746641078614005e-06,0.981248845828524,0.9809387983957196,0.9059133632889902,0.098000000000096,20.238,2898,285.0,0.0012128408156138,89.53333333333333,285.0,0.0012128408156138,89.53333333333333,3.200995024599252e-13,0.0
hallucination_qwen,dataset_hallucination3,attack_hallucination_attack_qwen25_14b_instruct_lm_target_qwen25_14b_instruct_judge_llm-judge_qwen25_14b_instruct,lpb,3,50,20.0,1.0,0.8,0.7795193312434692,0.7745305144796154,1,0,0.9431583000005048,19.014548474642503,20.251803896159775,1.2372554215172755,cumulative_probability,19.01454847462658,19.015175732253446,19.01454847462658,-0.0050168694724561,19.014576271180868,,20.23330112697867,5.844964018959015e-13,1.4238792168554135e-06,1.448998317001946e-06,0.9819457009758114,0.982009169724983,0.912834965582311,0.098000000000096,20.213666666666665,2894,285.0,0.0012128408156138,89.53333333333333,285.0,0.0012128408156138,89.53333333333333,3.200284481863491e-13,0.0
hallucination_qwen,dataset_hallucination3,attack_hallucination_attack_qwen25_14b_instruct_lm_target_qwen25_14b_instruct_judge_llm-judge_qwen25_14b_instruct,lpb,3,50,20.0,1.0,0.9,0.8819226750261233,0.8717044528352101,1,0,0.9306362000006628,19.01457620924989,20.260712652391,1.2461364431411113,cumulative_probability,19.014576209233688,19.01520332818752,19.014576209233688,-0.0052595022862078,19.014576271184108,,20.24203200611757,5.846261746316689e-13,1.4219519367996582e-06,1.3386079767835134e-06,0.9834655829654282,0.9830395688943117,0.9346544090826002,0.098000000000096,20.239,2900,285.0,0.0012128408156138,89.53333333333333,285.0,0.0012128408156138,89.53333333333333,3.200995024599252e-13,0.0
hallucination_qwen,dataset_hallucination3,attack_hallucination_attack_qwen25_14b_instruct_lm_target_qwen25_14b_instruct_judge_llm-judge_qwen25_14b_instruct,metric,4,50,20.0,1.0,0.1,0.1353452217649748,0.2341197380274146,0,0,3.5628599000001486,18.597618156217123,17.285099517643868,-1.3125186385732557,cumulative_probability,18.59761815621712,18.723330065436038,18.59761815621712,-0.012816722592106,18.597627118555152,,17.731201320079247,3.3106951997378973,0.7619194466635847,0.7436178931056923,0.5370413962978824,0.5612818724237459,0.1203227683817564,0.9077650012795472,17.665,1574,,,,,,,,
hallucination_qwen,dataset_hallucination3,attack_hallucination_attack_qwen25_14b_instruct_lm_target_qwen25_14b_instruct_judge_llm-judge_qwen25_14b_instruct,metric,4,50,20.0,1.0,0.2,0.2190214906264289,0.3195124128584066,0,0,3.394240800000261,18.597600599597428,17.379394127120058,-1.2182064724773696,cumulative_probability,18.597600599597428,18.72331259659944,18.597600599597428,-0.0128159639280056,18.59762711827311,,17.822877958817497,3.272595916178261,0.7617659224168416,0.731331440457859,0.5370468765108037,0.5617978667970701,0.1454311177354303,0.9095408759959894,17.727666666666668,1577,,,,,,,,
hallucination_qwen,dataset_hallucination3,attack_hallucination_attack_qwen25_14b_instruct_lm_target_qwen25_14b_instruct_judge_llm-judge_qwen25_14b_instruct,metric,4,50,20.0,1.0,0.3,0.3159579332418838,0.4384713396472947,0,0,3.232311700000537,18.597598621152624,17.435293860855026,-1.162304760297598,cumulative_probability,18.59759862115262,18.72331062804686,18.59759862115262,-0.0128164319903589,18.59762711802353,,17.87696619015156,3.2354953872151526,0.761715372437633,0.7231371169752471,0.5376299049011644,0.5626322897411649,0.2070286998580593,0.9094237504904136,17.762,1576,,,,,,,,
hallucination_qwen,dataset_hallucination3,attack_hallucination_attack_qwen25_14b_instruct_lm_target_qwen25_14b_instruct_judge_llm-judge_qwen25_14b_instruct,metric,4,50,20.0,1.0,0.4,0.4083219021490626,0.521404978128373,0,0,3.430196100000103,18.597572152321167,17.466377798559638,-1.1311943537615292,cumulative_probability,18.597572152321163,18.72328429155956,18.597572152321163,-0.0128150541422655,18.597627118245374,,17.90728394567598,3.223553442197828,0.7615540663456851,0.7209477401728916,0.5367114997986788,0.5634258162643502,0.2162387583281044,0.9035869447512528,17.882,1571,,,,,,,,
hallucination_qwen,dataset_hallucination3,attack_hallucination_attack_qwen25_14b_instruct_lm_target_qwen25_14b_instruct_judge_llm-judge_qwen25_14b_instruct,metric,4,50,20.0,1.0,0.5,0.4732510288065844,0.5839034564474634,0,0,4.205867700000454,18.59759093938961,17.418489142890262,-1.1791017964993529,cumulative_probability,18.59759093938961,18.723302984692666,18.59759093938961,-0.0128182497428497,18.597627118107155,,17.860583280565855,3.2302310963326217,0.7614471772918476,0.7250490470574016,0.5374646645804804,0.5635005085054013,0.2183338118132177,0.8990247579978613,17.555333333333333,1567,,,,,,,,
hallucination_qwen,dataset_hallucination3,attack_hallucination_attack_qwen25_14b_instruct_lm_target_qwen25_14b_instruct_judge_llm-judge_qwen25_14b_instruct,metric,4,50,20.0,1.0,0.6,0.5793324188385917,0.6349670099578799,0,0,3.676022799999373,18.59758387116232,17.496457639273917,-1.1011262318884008,cumulative_probability,18.597583871162318,18.723295951806502,18.597583871162318,-0.0128129019140033,18.5976271180474,,17.93655071757814,3.2137819952654354,0.7620081219186255,0.7193267400902427,0.5374764654231806,0.564354893501779,0.2347438548484594,0.9158040641306406,18.091666666666665,1585,,,,,,,,
hallucination_qwen,dataset_hallucination3,attack_hallucination_attack_qwen25_14b_instruct_lm_target_qwen25_14b_instruct_judge_llm-judge_qwen25_14b_instruct,metric,4,50,20.0,1.0,0.7,0.6826703246456333,0.6965890000730407,0,0,4.029158999999709,18.597584581475623,17.58048975610014,-1.0170948253754872,cumulative_probability,18.59758458147563,18.72329665856825,18.59758458147563,-0.0128097237757174,18.59762711803992,,18.018458273965493,3.185593320439448,0.762510228093416,0.7137445665000582,0.53960635745544,0.5664532640874422,0.2602032820923714,0.912912566096191,18.017333333333333,1585,,,,,,,,
hallucination_qwen,dataset_hallucination3,attack_hallucination_attack_qwen25_14b_instruct_lm_target_qwen25_14b_instruct_judge_llm-judge_qwen25_14b_instruct,metric,4,50,20.0,1.0,0.8,0.7686328303612254,0.7679984417987485,0,0,3.7108839000002254,18.59757545394088,17.61417656369025,-0.9833988902506264,cumulative_probability,18.59757545394088,18.72328757667117,18.59757545394088,-0.0128051144565688,18.597627118501165,,18.05129664732224,3.1802627021072767,0.7629372831492772,0.7119656930079284,0.5385709657934017,0.5669080445956007,0.2728701712801027,0.9134240783442432,18.04533333333333,1585,,,,,,,,
hallucination_qwen,dataset_hallucination3,attack_hallucination_attack_qwen25_14b_instruct_lm_target_qwen25_14b_instruct_judge_llm-judge_qwen25_14b_instruct,metric,4,50,20.0,1.0,0.9,0.8632830361225423,0.830983858008911,0,0,3.884410199999365,18.59761508541117,17.65683695138501,-0.9407781340261608,cumulative_probability,18.597615085411167,18.723327009984114,18.597615085411167,-0.0128016905364347,18.59762711802729,,18.092811054953977,3.1819076610185224,0.7638303366296337,0.7100512612061958,0.5393679094884996,0.5669243659660738,0.2869363813458748,0.9190675246538028,18.276333333333334,1589,,,,,,,,
hallucination_qwen,dataset_hallucination3,attack_hallucination_attack_qwen25_14b_instruct_lm_target_qwen25_14b_instruct_judge_llm-judge_qwen25_14b_instruct,lpb,4,50,20.0,1.0,0.1,0.1166818596171376,0.1414579567949049,3,0,1.0266234999999142,18.96711673866478,17.09191725637055,-1.8751994822942315,cumulative_probability,18.96711673866032,18.98198115496702,18.96711673866032,-0.006092567637097,18.9671186440478,,17.172717611014978,6.129563523415981e-13,4.5104632830194606e-05,3.946726782150608e-05,0.8591771301049497,0.8733398647952836,0.6923626048211526,0.0996666666667643,16.987666666666666,2542,284.0,0.0012045111118684,90.7,284.0,0.0012045111118684,90.7,3.259459369076012e-13,0.0
hallucination_qwen,dataset_hallucination3,attack_hallucination_attack_qwen25_14b_instruct_lm_target_qwen25_14b_instruct_judge_llm-judge_qwen25_14b_instruct,lpb,4,50,20.0,1.0,0.2,0.2078395624430264,0.2149410448403477,3,0,0.9608212000002824,18.96711800355498,17.089608178757278,-1.877509824797702,cumulative_probability,18.96711800355064,18.981982413532887,18.96711800355064,-0.0060927511367481,18.96711864393425,,17.170449216802254,6.129563523415981e-13,4.510034963732608e-05,3.9507274980526535e-05,0.8578299941867001,0.8727638393343895,0.6767279568572757,0.0996666666667643,17.005666666666666,2547,284.0,0.0012045111118684,90.7,284.0,0.0012045111118684,90.7,3.259459369076012e-13,0.0
hallucination_qwen,dataset_hallucination3,attack_hallucination_attack_qwen25_14b_instruct_lm_target_qwen25_14b_instruct_judge_llm-judge_qwen25_14b_instruct,lpb,4,50,20.0,1.0,0.3,0.3044667274384685,0.3219382046647732,3,0,1.2955402999996295,18.967059715666647,17.09809757998369,-1.868962135682956,cumulative_probability,18.9670597156622,18.981924417083896,18.9670597156622,-0.0060695617867168,18.967118644006668,,17.178833758454775,6.129563523415981e-13,4.510167287044755e-05,3.934802762986259e-05,0.8584300456511005,0.8737404713081084,0.6895325441865572,0.0996666666667643,17.004333333333335,2547,284.0,0.0012045111118684,90.7,284.0,0.0012045111118684,90.7,3.259459369076012e-13,0.0
hallucination_qwen,dataset_hallucination3,attack_hallucination_attack_qwen25_14b_instruct_lm_target_qwen25_14b_instruct_judge_llm-judge_qwen25_14b_instruct,lpb,4,50,20.0,1.0,0.4,0.4020054694621695,0.4152336689904466,3,0,1.3539002999996228,18.967092427741783,17.075351408277598,-1.8917410194641848,cumulative_probability,18.967092427737136,18.981956965598457,18.967092427737136,-0.0060838870558654,18.967118644015063,,17.15646467354029,6.129563523415981e-13,4.509940591141089e-05,3.9776998362713904e-05,0.8564911271972937,0.8722288508801996,0.6765240711849779,0.0996666666667643,16.97833333333333,2543,284.0,0.0012045111118684,90.7,284.0,0.0012045111118684,90.7,3.259459369076012e-13,0.0
hallucination_qwen,dataset_hallucination3,attack_hallucination_attack_qwen25_14b_instruct_lm_target_qwen25_14b_instruct_judge_llm-judge_qwen25_14b_instruct,lpb,4,50,20.0,1.0,0.5,0.4913400182315405,0.5064635510801274,3,0,0.9866738000000624,18.967106549489586,17.083171875316637,-1.8839346741729488,cumulative_probability,18.967106549484942,18.98197101673752,18.967106549484942,-0.0060893085901625,18.967118643978168,,17.164132892055047,6.129563523415981e-13,4.5102627944486525e-05,3.9633372385781e-05,0.8571819407180304,0.8729946715284674,0.6801486127291015,0.0996666666667643,16.982333333333333,2543,284.0,0.0012045111118684,90.7,284.0,0.0012045111118684,90.7,3.259459369076012e-13,0.0
hallucination_qwen,dataset_hallucination3,attack_hallucination_attack_qwen25_14b_instruct_lm_target_qwen25_14b_instruct_judge_llm-judge_qwen25_14b_instruct,lpb,4,50,20.0,1.0,0.6,0.5897903372835005,0.5805491006110681,3,0,1.0975643000001585,18.967113171303275,17.09316839568645,-1.873944775616824,cumulative_probability,18.967113171298635,18.981977605442143,18.967113171298635,-0.0060917552764294,18.96711864405557,,17.17394478870593,6.129563523415981e-13,4.510491094426392e-05,3.9454747314528e-05,0.8574425791398511,0.8739166713909008,0.6807235645956824,0.0996666666667643,16.982333333333333,2547,284.0,0.0012045111118684,90.7,284.0,0.0012045111118684,90.7,3.259459369076012e-13,0.0
hallucination_qwen,dataset_hallucination3,attack_hallucination_attack_qwen25_14b_instruct_lm_target_qwen25_14b_instruct_judge_llm-judge_qwen25_14b_instruct,lpb,4,50,20.0,1.0,0.7,0.6918869644484958,0.6648076426542732,3,0,1.217376200000217,18.96711390494039,17.10149624834928,-1.865617656591109,cumulative_probability,18.96711390493575,18.98197833541107,18.96711390493575,-0.0060911826585652,18.967118643901664,,17.18212133822357,6.129563523415981e-13,4.5112780596058696e-05,3.9302595812242165e-05,0.8590453095444098,0.8755997900704894,0.6836844341302798,0.0996666666667643,16.976,2549,284.0,0.0012045111118684,90.7,284.0,0.0012045111118684,90.7,3.259459369076012e-13,0.0
hallucination_qwen,dataset_hallucination3,attack_hallucination_attack_qwen25_14b_instruct_lm_target_qwen25_14b_instruct_judge_llm-judge_qwen25_14b_instruct,lpb,4,50,20.0,1.0,0.8,0.7839562443026435,0.7626818142697306,3,0,0.8424193000000741,18.96711582385401,17.099914558539158,-1.8672012653148504,cumulative_probability,18.96711582384937,18.98198024473012,18.96711582384937,-0.0060915429639862,18.967118643913608,,17.180566932003455,6.129563523415981e-13,4.511631040705249e-05,3.93336676592575e-05,0.8597810998451401,0.8759942384236955,0.6947259637985003,0.0996666666667643,16.997,2553,284.0,0.0012045111118684,90.7,284.0,0.0012045111118684,90.7,3.259459369076012e-13,0.0
hallucination_qwen,dataset_hallucination3,attack_hallucination_attack_qwen25_14b_instruct_lm_target_qwen25_14b_instruct_judge_llm-judge_qwen25_14b_instruct,lpb,4,50,20.0,1.0,0.9,0.8796718322698268,0.8564248214132025,3,0,0.9358578000001216,18.96711745139482,17.096366896042127,-1.8707505553526929,cumulative_probability,18.96711745139018,18.981981864133232,18.96711745139018,-0.0060920494433958,18.967118643947263,,17.177084466633655,6.129563523415981e-13,4.511782272417279e-05,3.9403791457620886e-05,0.8600550749848273,0.8758528461473696,0.6938078157706947,0.0996666666667643,16.994,2553,284.0,0.0012045111118684,90.7,284.0,0.0012045111118684,90.7,3.259459369076012e-13,0.0
autoif_qwen,dataset_autoif,attack_autoif_helper_qwen25_14b_instruct_lm_target_qwen25_14b_instruct_judge_autoif,metric,0,50,20.0,1.0,0.1,0.1083927964661909,0.032424987379003,0,0,5.040805900000123,17.34371857265096,18.961222664372617,1.6175040917216563,cumulative_probability,17.34371857265096,17.845599979787707,17.34371857265096,-0.0357380280183861,17.34372881266951,,20.58327504560537,6.3261526215401656,1.2051341704057033,1.351481614241404,0.1719209730297118,0.1629364068403938,0.0310643326540954,0.4855281194947568,22.732,356,,,,,,,,
autoif_qwen,dataset_autoif,attack_autoif_helper_qwen25_14b_instruct_lm_target_qwen25_14b_instruct_judge_autoif,metric,0,50,20.0,1.0,0.2,0.2130479102956167,0.1292362650628855,0,0,4.955713600000308,17.343719052824543,19.00201086359334,1.658291810768798,cumulative_probability,17.343719052824543,17.84560045756042,17.343719052824543,-0.0358309465809725,17.343728813362624,,20.62248319845136,6.18164071013252,1.1849526106629815,1.3246189870021832,0.1730319102312206,0.1644106224474854,0.0378696292770937,0.4867860849862856,22.10933333333333,362,,,,,,,,
autoif_qwen,dataset_autoif,attack_autoif_helper_qwen25_14b_instruct_lm_target_qwen25_14b_instruct_judge_autoif,metric,0,50,20.0,1.0,0.3,0.2996941896024465,0.1941411137206699,0,0,4.36758589999954,17.34372299344051,19.00481957684073,1.6610965834002194,cumulative_probability,17.34372299344051,17.84560437847331,17.34372299344051,-0.0359275485971011,17.34372881258063,,20.62520948244308,6.177569343084719,1.166076380936037,1.3093291415782524,0.1735937494669968,0.1655747093215016,0.0391597054305435,0.4747623022762449,22.062666666666665,363,,,,,,,,
autoif_qwen,dataset_autoif,attack_autoif_helper_qwen25_14b_instruct_lm_target_qwen25_14b_instruct_judge_autoif,metric,0,50,20.0,1.0,0.4,0.4026503567787971,0.268111130621831,0,0,3.635388100000455,17.343696889103164,19.387016928137356,2.043320039034189,cumulative_probability,17.343696889103168,17.845578404657648,17.343696889103168,-0.0360161536809755,17.34372881338151,,20.989875803142024,6.012096869527516,1.1491352280052334,1.2702506548106258,0.1735725915275617,0.1690419277398073,0.0417256749743369,0.4869689524819983,21.827,376,,,,,,,,
autoif_qwen,dataset_autoif,attack_autoif_helper_qwen25_14b_instruct_lm_target_qwen25_14b_instruct_judge_autoif,metric,0,50,20.0,1.0,0.5,0.4858987427794767,0.3557337737878355,0,0,4.763091499999973,17.343687731995516,19.5397543655512,2.1960666335556844,cumulative_probability,17.343687731995516,17.84556929333554,17.343687731995516,-0.0360733830166282,17.343728812756375,,21.13547093142352,5.941761336671496,1.141077677439825,1.2481693037176191,0.1747836703799221,0.1694934339284563,0.0486882191412042,0.4786230041405967,22.379666666666665,373,,,,,,,,
autoif_qwen,dataset_autoif,attack_autoif_helper_qwen25_14b_instruct_lm_target_qwen25_14b_instruct_judge_autoif,metric,0,50,20.0,1.0,0.6,0.5922528032619776,0.4861964705107662,0,0,3.808809399999518,17.34372356109626,19.31785763250847,1.9741340714122089,cumulative_probability,17.34372356109626,17.84560494329078,17.34372356109626,-0.0361002409044886,17.343728812600308,,20.924405418514368,5.999747694657173,1.1371759871500218,1.2571173111257594,0.1738548769214564,0.1686963412731517,0.0525587652393623,0.4825470883877352,22.017666666666667,377,,,,,,,,
autoif_qwen,dataset_autoif,attack_autoif_helper_qwen25_14b_instruct_lm_target_qwen25_14b_instruct_judge_autoif,metric,0,50,20.0,1.0,0.7,0.6953788651036358,0.6082058429728484,0,0,4.124968799999806,17.343639928522176,19.085864659768816,1.7422247312466403,cumulative_probability,17.34363992852218,17.845521728879568,17.34363992852218,-0.0360923681000713,17.343728812660352,,20.7032847596612,6.112636074916986,1.137534979191584,1.270239776741963,0.1716776222616873,0.166539244417951,0.0561468324787528,0.4877513425243353,22.49266666666667,371,,,,,,,,
autoif_qwen,dataset_autoif,attack_autoif_helper_qwen25_14b_instruct_lm_target_qwen25_14b_instruct_judge_autoif,metric,0,50,20.0,1.0,0.8,0.781855249745158,0.7259762066770561,0,0,4.777399500000684,17.3437140719579,18.573673099602004,1.229959027644103,cumulative_probability,17.3437140719579,17.845595501598112,17.3437140719579,-0.0360874465695815,17.343728813073575,,20.215069900321343,6.280946202166605,1.1402798544886323,1.3187668600290503,0.1683586116319852,0.1635238097247035,0.0583592359567163,0.4672438987372141,21.182666666666663,361,,,,,,,,
autoif_qwen,dataset_autoif,attack_autoif_helper_qwen25_14b_instruct_lm_target_qwen25_14b_instruct_judge_autoif,metric,0,50,20.0,1.0,0.9,0.8866802582398913,0.8797465923308238,0,0,4.580836299999646,17.34372853731478,18.1339791262292,0.790250588914418,cumulative_probability,17.34372853731478,17.84560989462821,17.34372853731478,-0.0360367030953057,17.34372881294106,,19.79614298164168,6.595420292060939,1.1548398265863162,1.3929975364817166,0.1656975643281589,0.1585905842383639,0.0643803253804696,0.4846294519701479,21.002,360,,,,,,,,
autoif_qwen,dataset_autoif,attack_autoif_helper_qwen25_14b_instruct_lm_target_qwen25_14b_instruct_judge_autoif,lpb,0,50,20.0,1.0,0.1,0.1091943127962085,0.0338619280871648,0,0,4.843515200000184,17.55084660097984,18.489792094412916,0.9389454934330744,cumulative_probability,17.55084660096958,17.99059236796473,17.55084660096958,-0.0817602052120491,17.550847457271825,,19.91636232971311,0.0071452361909002,0.003583654895325,0.0038002218709378,0.3264092124804608,0.2739995445492351,0.0160632326900199,0.0936666666667663,20.253,817,782.0,0.0372667329538881,91.0,782.0,0.0372667329538881,91.0,3.323393412320759e-13,0.0
autoif_qwen,dataset_autoif,attack_autoif_helper_qwen25_14b_instruct_lm_target_qwen25_14b_instruct_judge_autoif,lpb,0,50,20.0,1.0,0.2,0.2090995260663507,0.1082193490643294,0,0,3.995359800000188,17.55084700057711,18.45679682032744,0.9059498197503296,cumulative_probability,17.55084700056685,17.990592765564017,17.55084700056685,-0.0819508807035163,17.550847457604185,,19.886453845626967,0.0070989007736871,0.0035503054285453,0.0037688763912324,0.3273354724459109,0.2747021293888467,0.0178819799876617,0.0936666666667663,20.236666666666668,822,782.0,0.0372667329538881,91.0,782.0,0.0372667329538881,91.0,3.324076816271473e-13,0.0
autoif_qwen,dataset_autoif,attack_autoif_helper_qwen25_14b_instruct_lm_target_qwen25_14b_instruct_judge_autoif,lpb,0,50,20.0,1.0,0.3,0.3035071090047393,0.1918071364858241,0,0,4.746300199999496,17.55084591442481,18.584044708904703,1.033198794479894,cumulative_probability,17.55084591441455,17.990591684842475,17.55084591441455,-0.0820971945358906,17.55084745756775,,20.001980652207088,0.0070629840359023,0.003522917283345,0.0036883254296785,0.3282354688634232,0.2758772020531134,0.0190885890361088,0.0936666666667664,20.563333333333333,830,782.0,0.0372667329538881,91.0,782.0,0.0372667329538881,91.0,3.324760220222187e-13,0.0
autoif_qwen,dataset_autoif,attack_autoif_helper_qwen25_14b_instruct_lm_target_qwen25_14b_instruct_judge_autoif,lpb,0,50,20.0,1.0,0.4,0.4003791469194313,0.2612297210493148,0,0,5.136854299999868,17.550847433565632,18.610896942209973,1.0600495086443402,cumulative_probability,17.55084743355537,17.990593196387593,17.55084743355537,-0.0822268221236299,17.550847457544283,,20.026455565470812,0.0070289435441183,0.0034983723700711,0.0036507434155495,0.3283216437360096,0.2763186770679373,0.0196744291789967,0.0936666666667664,20.62933333333333,831,782.0,0.0372667329538881,91.0,782.0,0.0372667329538881,91.0,3.324760220222187e-13,0.0
autoif_qwen,dataset_autoif,attack_autoif_helper_qwen25_14b_instruct_lm_target_qwen25_14b_instruct_judge_autoif,lpb,0,50,20.0,1.0,0.5,0.4881516587677725,0.3463335778933941,0,0,4.414166200000182,17.55084734873126,18.57649618920845,1.0256488404771922,cumulative_probability,17.550847348720996,17.99059311197739,17.550847348720996,-0.0823217206925619,17.550847457264553,,19.99522083649754,0.0070084878833879,0.0034835324751076,0.0036419706133762,0.3286727048527634,0.2765437335375776,0.020413737786359,0.0936666666667664,20.64033333333333,832,782.0,0.0372667329538881,91.0,782.0,0.0372667329538881,91.0,3.325443624172901e-13,0.0
autoif_qwen,dataset_autoif,attack_autoif_helper_qwen25_14b_instruct_lm_target_qwen25_14b_instruct_judge_autoif,lpb,0,50,20.0,1.0,0.6,0.5916587677725118,0.4778023690867965,0,0,4.660625900000014,17.55084399559622,18.62114296052267,1.0702989649264474,cumulative_probability,17.55084399558596,17.99058977560803,17.55084399558596,-0.0823978988046292,17.550847457443968,,20.035923868211448,0.0069908729728984,0.003470981249309,0.0036049529679161,0.3287122503699414,0.2774633567292097,0.0211801359350314,0.0936666666667664,20.329666666666668,833,782.0,0.0372667329538881,91.0,782.0,0.0372667329538881,91.0,3.325443624172901e-13,0.0
autoif_qwen,dataset_autoif,attack_autoif_helper_qwen25_14b_instruct_lm_target_qwen25_14b_instruct_judge_autoif,lpb,0,50,20.0,1.0,0.7,0.6904265402843602,0.5969569016168362,0,0,3.571914299999662,17.55084323222893,18.64157206291577,1.0907288306868423,cumulative_probability,17.55084323221867,17.990589016057577,17.55084323221867,-0.0824195858876919,17.5508474574315,,20.054616130204995,0.0069882089460928,0.0034693920119267,0.0035853972903981,0.3294807821691898,0.2787867811920517,0.0213010241276902,0.0936666666667664,20.48733333333333,834,782.0,0.0372667329538881,91.0,782.0,0.0372667329538881,91.0,3.325443624172901e-13,0.0
autoif_qwen,dataset_autoif,attack_autoif_helper_qwen25_14b_instruct_lm_target_qwen25_14b_instruct_judge_autoif,lpb,0,50,20.0,1.0,0.8,0.7829383886255924,0.7079313567603606,0,0,4.662707400000727,17.550846568893164,18.37644447784339,0.8255979089502254,cumulative_probability,17.5508465688829,17.990592336038485,17.5508465688829,-0.0823313906585099,17.550847457477147,,19.813653756571647,0.0070099728258452,0.0034834582180362,0.0037463364543346,0.3288588839840707,0.2773965217836888,0.0219508888545213,0.0936666666667664,20.17533333333333,828,782.0,0.0372667329538881,91.0,782.0,0.0372667329538881,91.0,3.325443624172901e-13,0.0
autoif_qwen,dataset_autoif,attack_autoif_helper_qwen25_14b_instruct_lm_target_qwen25_14b_instruct_judge_autoif,lpb,0,50,20.0,1.0,0.9,0.884739336492891,0.8396436932425315,0,0,4.130829300000187,17.55084413942456,18.31933045035424,0.7684863109296778,cumulative_probability,17.5508441394143,17.990589918717227,17.5508441394143,-0.0821687476855004,17.550847457393886,,19.76178152642324,0.0070470734273523,0.0035133311259841,0.0038345507402416,0.3278934867717886,0.276246432789301,0.0222698146648077,0.0936666666667664,19.82633333333333,822,782.0,0.0372667329538881,91.0,782.0,0.0372667329538881,91.0,3.324760220222187e-13,0.0
autoif_qwen,dataset_autoif,attack_autoif_helper_qwen25_14b_instruct_lm_target_qwen25_14b_instruct_judge_autoif,metric,1,50,20.0,1.0,0.1,0.1041492620439988,0.1619172407730933,0,0,7.668339099999683,16.904375185022463,14.079077695958288,-2.825297489064175,cumulative_probability,16.90437518502246,17.53805330909735,16.90437518502246,-0.0444370959303341,16.904406779549213,,16.25794959901834,9.144012381523089,2.152027622704233,1.916954297528644,0.1024971879666596,0.1217322858232615,0.0216918645867094,0.4818613151611468,15.397,270,,,,,,,,
autoif_qwen,dataset_autoif,attack_autoif_helper_qwen25_14b_instruct_lm_target_qwen25_14b_instruct_judge_autoif,metric,1,50,20.0,1.0,0.2,0.202172096908939,0.2448769928909692,0,0,7.792242299999998,16.904368621143465,14.462962061621798,-2.441406559521667,cumulative_probability,16.904368621143465,17.53804677803775,16.904368621143465,-0.0444949323718901,16.90440677932061,,16.619982978086227,8.830515059032964,2.131407794820904,1.8296601387238944,0.1028169456379972,0.1237169093056709,0.0263462303133762,0.5034191452876304,15.805666666666667,281,,,,,,,,
autoif_qwen,dataset_autoif,attack_autoif_helper_qwen25_14b_instruct_lm_target_qwen25_14b_instruct_judge_autoif,metric,1,50,20.0,1.0,0.3,0.3032581453634085,0.3210875608442936,0,0,6.171146700000463,16.904365463428338,14.590206418671002,-2.314159044757336,cumulative_probability,16.904365463428338,17.538043636111198,16.904365463428338,-0.0445540130021981,16.90440677962181,,16.73980738688995,8.71491041173747,2.1061283104443893,1.7922864323027252,0.1032893701432231,0.1248808340784751,0.0339475521921418,0.5065933900244515,15.984666666666667,284,,,,,,,,
autoif_qwen,dataset_autoif,attack_autoif_helper_qwen25_14b_instruct_lm_target_qwen25_14b_instruct_judge_autoif,metric,1,50,20.0,1.0,0.4,0.3997493734335839,0.4069837711924932,0,0,5.714224600000307,16.904405199449336,14.57819122038446,-2.3262139790648764,cumulative_probability,16.904405199449336,17.538083173452094,16.904405199449336,-0.0445945287356153,16.904406778651637,,16.72797249194676,8.722935789675759,2.091006938044563,1.77850359772485,0.1037711808792719,0.1248264350569306,0.0378515158782246,0.5090506123705559,16.290666666666667,285,,,,,,,,
autoif_qwen,dataset_autoif,attack_autoif_helper_qwen25_14b_instruct_lm_target_qwen25_14b_instruct_judge_autoif,metric,1,50,20.0,1.0,0.5,0.4959621275410749,0.4921108437441628,0,0,6.506874599999719,16.9043835743244,14.45974764762262,-2.4446359267017783,cumulative_probability,16.9043835743244,17.538061656452776,16.9043835743244,-0.0446310030383756,16.904406779515146,,16.615517739436974,8.774317773351624,2.083122225651337,1.7866140434942792,0.1042148824120898,0.1247634905841464,0.0407697012856383,0.5214274546435942,15.433333333333334,288,,,,,,,,
autoif_qwen,dataset_autoif,attack_autoif_helper_qwen25_14b_instruct_lm_target_qwen25_14b_instruct_judge_autoif,metric,1,50,20.0,1.0,0.6,0.5959342801448064,0.5938567865422861,0,0,6.320636999999806,16.904401939476653,14.452978431756543,-2.4514235077201096,cumulative_probability,16.904401939476656,17.53807992977927,16.904401939476656,-0.0446390691649867,16.90440677950745,,16.609290849019885,8.842512754631883,2.0815910635599737,1.7831807732532603,0.1042720538777094,0.124283993836532,0.0466702473416328,0.5085554189704574,15.749333333333333,283,,,,,,,,
autoif_qwen,dataset_autoif,attack_autoif_helper_qwen25_14b_instruct_lm_target_qwen25_14b_instruct_judge_autoif,metric,1,50,20.0,1.0,0.7,0.6947925368978001,0.727576886310446,0,0,6.0420790999996825,16.90435092375583,14.324978999571238,-2.5793719241845903,cumulative_probability,16.90435092375583,17.53802916913705,16.90435092375583,-0.0446170760551467,16.904406778713348,,16.488536904987203,8.94802600881762,2.08842002894854,1.8087289719511923,0.102524328375288,0.1231382985080659,0.0499398711343549,0.4842976541124655,15.414666666666667,276,,,,,,,,
autoif_qwen,dataset_autoif,attack_autoif_helper_qwen25_14b_instruct_lm_target_qwen25_14b_instruct_judge_autoif,metric,1,50,20.0,1.0,0.8,0.7935115566694514,0.8162722088538749,0,0,5.704598700000133,16.904312741751752,14.409038759300254,-2.495273982451499,cumulative_probability,16.904312741751745,17.53799117804299,16.904312741751745,-0.0445799680892378,16.904406779035288,,16.568730291815502,8.954620313008249,2.110285188272384,1.8268502946077567,0.1028078989984709,0.1244094853892245,0.0546245219565424,0.5134878871401647,15.936333333333334,288,,,,,,,,
autoif_qwen,dataset_autoif,attack_autoif_helper_qwen25_14b_instruct_lm_target_qwen25_14b_instruct_judge_autoif,metric,1,50,20.0,1.0,0.9,0.8939014202172096,0.8857335926426476,0,0,4.967515800000001,16.904406761757834,14.71343919428448,-2.190967567473354,cumulative_probability,16.904406761757834,17.538084727949045,16.904406761757834,-0.0444953117403201,16.90440677897414,,16.856817601134622,8.841257708217508,2.1499223853748326,1.806528676348257,0.1025395348324751,0.1267149889092157,0.0596245201957072,0.523954319504549,15.558,294,,,,,,,,
autoif_qwen,dataset_autoif,attack_autoif_helper_qwen25_14b_instruct_lm_target_qwen25_14b_instruct_judge_autoif,lpb,1,50,20.0,1.0,0.1,0.1086717892425905,0.1407190295576589,0,0,5.5460713000002215,17.17728794566443,15.243152682718067,-1.934135262946361,cumulative_probability,17.177287945653767,17.7291015059255,17.177287945653767,-0.1127282124070916,17.17728813545815,,17.12825124675167,0.028239809122867,0.0048160096800714,0.0124332864078822,0.127301409630864,0.2404244007273552,0.0127214562126523,0.0986666666667758,17.096,702,850.0,0.0595449376502911,87.83333333333333,850.0,0.0595449376502911,87.83333333333333,3.6383340784595934e-13,0.0
autoif_qwen,dataset_autoif,attack_autoif_helper_qwen25_14b_instruct_lm_target_qwen25_14b_instruct_judge_autoif,lpb,1,50,20.0,1.0,0.2,0.2052689352360044,0.2418251113264118,0,0,5.148916400000417,17.177288032568548,15.284265891308875,-1.8930221412596708,cumulative_probability,17.177288032557886,17.729101592395097,17.177288032557886,-0.1129093828785698,17.1772881354667,,17.164476232118336,0.024285651775627,0.0047824483895425,0.0120358993720813,0.1279801927518646,0.2411166795052563,0.0149637723584143,0.0986666666667758,17.073,706,850.0,0.0595449376502911,87.83333333333333,850.0,0.0595449376502911,87.83333333333333,3.6390594241690155e-13,0.0
autoif_qwen,dataset_autoif,attack_autoif_helper_qwen25_14b_instruct_lm_target_qwen25_14b_instruct_judge_autoif,lpb,1,50,20.0,1.0,0.3,0.305159165751921,0.317667662007818,0,0,4.412397400000373,17.177288004860305,15.375646671827491,-1.8016413330328136,cumulative_probability,17.177288004849643,17.729101564825395,17.177288004849643,-0.1131767316110199,17.177288135268086,,17.245034964149326,0.0226470583759356,0.0047311549372388,0.0118037265463894,0.1290401771363392,0.2423819760107575,0.0163129201159362,0.0986666666667758,17.549,713,850.0,0.0595449376502911,87.83333333333333,850.0,0.0595449376502911,87.83333333333333,3.639784769878437e-13,0.0
autoif_qwen,dataset_autoif,attack_autoif_helper_qwen25_14b_instruct_lm_target_qwen25_14b_instruct_judge_autoif,lpb,1,50,20.0,1.0,0.4,0.4003449898071193,0.4022910165621915,0,0,5.625400300000365,17.177282067017916,15.432407383484747,-1.744874683533169,cumulative_probability,17.177282067007255,17.729095656672214,17.177282067007255,-0.1133839909016387,17.17728813547717,,17.295071211128658,0.0228987058316407,0.0046922954086555,0.0117858671375537,0.1301381614931368,0.2435074251809946,0.0175851302377958,0.0986666666667758,17.648666666666667,715,850.0,0.0595449376502911,87.83333333333333,850.0,0.0595449376502911,87.83333333333333,3.640510115587858e-13,0.0
autoif_qwen,dataset_autoif,attack_autoif_helper_qwen25_14b_instruct_lm_target_qwen25_14b_instruct_judge_autoif,lpb,1,50,20.0,1.0,0.5,0.4906695938529088,0.4891791033371945,0,0,7.297972399999708,17.177287772490065,15.440249298701216,-1.73703847378885,cumulative_probability,17.177287772479406,17.72910133361701,17.177287772479406,-0.1134535757591947,17.177288135556722,,17.30184069243724,0.0210903683672106,0.0046808909280633,0.0115451256997592,0.1305246554047965,0.2436989923808347,0.018554957969167,0.0986666666667758,17.228,715,850.0,0.0595449376502911,87.83333333333333,850.0,0.0595449376502911,87.83333333333333,3.6412354612972803e-13,0.0
autoif_qwen,dataset_autoif,attack_autoif_helper_qwen25_14b_instruct_lm_target_qwen25_14b_instruct_judge_autoif,lpb,1,50,20.0,1.0,0.6,0.593539281793947,0.5917705560360768,0,0,6.949515899999824,17.177287695690737,15.333769666177982,-1.8435180295127545,cumulative_probability,17.17728769568008,17.729101257201677,17.17728769568008,-0.1135080923268105,17.177288135526315,,17.207840739977733,0.0217187338607483,0.0046724069248588,0.0120345594280947,0.1309816412155064,0.2432505730231934,0.0193237688583229,0.0986666666667758,17.535666666666668,719,850.0,0.0595449376502911,87.83333333333333,850.0,0.0595449376502911,87.83333333333333,3.6412354612972803e-13,0.0
autoif_qwen,dataset_autoif,attack_autoif_helper_qwen25_14b_instruct_lm_target_qwen25_14b_instruct_judge_autoif,lpb,1,50,20.0,1.0,0.7,0.6923318174690293,0.712018362363268,0,0,5.2019449000008535,17.177287311188913,15.301721105378284,-1.87556620581063,cumulative_probability,17.177287311178258,17.729100874622365,17.177287311178258,-0.1134247691516066,17.177288135297463,,17.179617719056125,0.0199687450687138,0.0046881911910252,0.0114652940121913,0.1303213019662841,0.2431344782460933,0.0196619343132373,0.0986666666667758,17.545,721,850.0,0.0595449376502911,87.83333333333333,850.0,0.0595449376502911,87.83333333333333,3.640510115587858e-13,0.0
autoif_qwen,dataset_autoif,attack_autoif_helper_qwen25_14b_instruct_lm_target_qwen25_14b_instruct_judge_autoif,lpb,1,50,20.0,1.0,0.8,0.788615336365062,0.7951074448869315,0,0,3.690307400000165,17.177286404262144,15.276927481929992,-1.9003589223321509,cumulative_probability,17.177286404251483,17.729099972230223,17.177286404251483,-0.1131803353928262,17.177288135492425,,17.157745556741055,0.0201468474210038,0.0047323158777643,0.0114180347707917,0.1290387160816896,0.2420594736757504,0.020023073790122,0.0986666666667758,17.158,714,850.0,0.0595449376502911,87.83333333333333,850.0,0.0595449376502911,87.83333333333333,3.639784769878437e-13,0.0
autoif_qwen,dataset_autoif,attack_autoif_helper_qwen25_14b_instruct_lm_target_qwen25_14b_instruct_judge_autoif,lpb,1,50,20.0,1.0,0.9,0.8888191939783597,0.8761549064613635,0,0,4.467185000000427,17.177287567617448,15.310731770020354,-1.866555797597094,cumulative_probability,17.177287567606786,17.72910112976875,17.177287567606786,-0.1128256232914282,17.1772881354803,,17.187542145193365,0.0185207007629014,0.0048022784767464,0.0112145482717749,0.1273700696108732,0.2410881900178836,0.0203261108789898,0.0986666666667758,17.052,705,850.0,0.0595449376502911,87.83333333333333,850.0,0.0595449376502911,87.83333333333333,3.6383340784595934e-13,0.0
autoif_qwen,dataset_autoif,attack_autoif_helper_qwen25_14b_instruct_lm_target_qwen25_14b_instruct_judge_autoif,metric,2,50,20.0,1.0,0.1,0.1073870268467567,0.188061216415691,0,0,3.175044699999489,17.306089963306707,16.572039175286445,-0.7340507880202622,cumulative_probability,17.306089963306707,17.819259513490177,17.306089963306707,-0.0363231266237562,17.30610169405989,,18.339194214065877,6.930413885182998,1.5007135501003546,1.603011652437587,0.1460275697828406,0.1454360554483099,0.0173563456490387,0.4600600048524943,18.91633333333333,305,,,,,,,,
autoif_qwen,dataset_autoif,attack_autoif_helper_qwen25_14b_instruct_lm_target_qwen25_14b_instruct_judge_autoif,metric,2,50,20.0,1.0,0.2,0.201267300316825,0.2698531799194004,0,0,3.440233199999966,17.306037763281953,17.075653371367327,-0.230384391914626,cumulative_probability,17.306037763281953,17.819207574465544,17.306037763281953,-0.0364215866284212,17.306101694110215,,18.818557324727877,6.645340184350555,1.4777981229674462,1.5230469007205298,0.1463566888770839,0.1484622753693465,0.0261241286072832,0.4430810578941317,19.01,309,,,,,,,,
autoif_qwen,dataset_autoif,attack_autoif_helper_qwen25_14b_instruct_lm_target_qwen25_14b_instruct_judge_autoif,metric,2,50,20.0,1.0,0.3,0.3023178255794564,0.332600278851742,0,0,3.353796500000499,17.306071753077507,17.095164527502558,-0.2109072255749495,cumulative_probability,17.306071753077507,17.81924139431212,17.306071753077507,-0.0364629879913991,17.30610169477115,,18.83604346391909,6.648021387039517,1.4656425869842022,1.4964875609471815,0.1453169075310901,0.1485737895663687,0.0319562175911932,0.4569425131057551,18.975,309,,,,,,,,
autoif_qwen,dataset_autoif,attack_autoif_helper_qwen25_14b_instruct_lm_target_qwen25_14b_instruct_judge_autoif,metric,2,50,20.0,1.0,0.4,0.3956978489244622,0.413309031576822,0,0,3.0881595999999263,17.30609119577586,17.338385778253542,0.0322945824776823,cumulative_probability,17.306091195775856,17.819260739796977,17.306091195775856,-0.0364984073530649,17.306101693910264,,19.06659440989345,6.52882872252977,1.456870207367803,1.4570353010910038,0.1477106103312594,0.1505326131170972,0.0405037065902589,0.4439798735127364,19.656666666666663,310,,,,,,,,
autoif_qwen,dataset_autoif,attack_autoif_helper_qwen25_14b_instruct_lm_target_qwen25_14b_instruct_judge_autoif,metric,2,50,20.0,1.0,0.5,0.4885776221444055,0.4872593130206301,0,0,3.3130656000003,17.306059902372287,17.23803909194674,-0.0680208104255477,cumulative_probability,17.306059902372287,17.819229602860425,17.306059902372287,-0.0365369185601593,17.306101694485587,,18.970125545350943,6.563387621083068,1.447289477593113,1.45589301783518,0.1482436337227696,0.1502205521301212,0.0462345817532962,0.4500969032988377,19.067666666666668,312,,,,,,,,
autoif_qwen,dataset_autoif,attack_autoif_helper_qwen25_14b_instruct_lm_target_qwen25_14b_instruct_judge_autoif,metric,2,50,20.0,1.0,0.6,0.5882941470735368,0.6139949741202664,0,0,3.3460565000004863,17.306071728206845,17.029644578375894,-0.2764271498309512,cumulative_probability,17.30607172820685,17.819241369565813,17.30607172820685,-0.0365723574213916,17.30610169472673,,18.771474123127707,6.644545582691065,1.4404315048994711,1.4754003945248058,0.1468413448686122,0.1487461261422988,0.0518645242583239,0.4520574042438781,18.482333333333333,312,,,,,,,,
autoif_qwen,dataset_autoif,attack_autoif_helper_qwen25_14b_instruct_lm_target_qwen25_14b_instruct_judge_autoif,metric,2,50,20.0,1.0,0.7,0.688010672002668,0.7301822904587412,0,0,3.213823600000069,17.306069466136996,17.0201853712068,-0.2858840949301964,cumulative_probability,17.306069466136996,17.819239118806312,17.306069466136996,-0.0365810173389036,17.30610169477767,,18.762842743504518,6.652790468325755,1.4395944852177118,1.4830306907405746,0.1461151747979522,0.1486647711973342,0.0569852871583548,0.4751098793086454,19.40233333333333,320,,,,,,,,
autoif_qwen,dataset_autoif,attack_autoif_helper_qwen25_14b_instruct_lm_target_qwen25_14b_instruct_judge_autoif,metric,2,50,20.0,1.0,0.8,0.7827246956811739,0.8350681986232036,0,0,3.553468799999792,17.306049673946273,17.029683306906595,-0.2763663670396781,cumulative_probability,17.30604967394627,17.819219425576534,17.30604967394627,-0.0365267418965231,17.306101694339503,,18.771501618633472,6.733691711490732,1.453332519185453,1.4998065285616868,0.144422207402079,0.1471853438808588,0.0617591515317021,0.4469833285990665,19.130666666666663,307,,,,,,,,
autoif_qwen,dataset_autoif,attack_autoif_helper_qwen25_14b_instruct_lm_target_qwen25_14b_instruct_judge_autoif,metric,2,50,20.0,1.0,0.9,0.8829414707353677,0.9260633610093232,0,0,3.3847426000002088,17.306081554830843,17.430568870189628,0.1244873153587846,cumulative_probability,17.306081554830843,17.81925114705669,17.306081554830843,-0.036444891593419,17.30610169438458,,19.15416296596943,6.63738750133272,1.4808387921900794,1.4852303502439173,0.1447732669873021,0.1483345229653745,0.0664786081992708,0.4402943097960083,19.689,307,,,,,,,,
autoif_qwen,dataset_autoif,attack_autoif_helper_qwen25_14b_instruct_lm_target_qwen25_14b_instruct_judge_autoif,lpb,2,50,20.0,1.0,0.1,0.1096566116486435,0.1963944186159651,0,0,2.633014799999728,17.552202779447597,17.010258366240677,-0.5419444132069202,cumulative_probability,17.55220277943668,17.991541765539495,17.55220277943668,-0.0862878320913296,17.552203389765815,,18.51713263903927,0.0029836510712361,0.0038464197399647,0.0049674600847946,0.2406985365997653,0.2579022949320542,0.0103976019985802,0.0970000000001038,18.39133333333333,767,783.0,0.037524448172956,90.43333333333334,783.0,0.037524448172956,90.43333333333334,3.471001264188089e-13,0.0
autoif_qwen,dataset_autoif,attack_autoif_helper_qwen25_14b_instruct_lm_target_qwen25_14b_instruct_judge_autoif,lpb,2,50,20.0,1.0,0.2,0.2035666856383987,0.2707439514228637,0,0,2.6645025999996506,17.552197409947418,17.0576050027902,-0.4945924071572172,cumulative_probability,17.552197409936497,17.99153642288681,17.552197409936497,-0.0864553783321753,17.552203389716137,,18.560025186846097,0.0029479601285916,0.0037942218349882,0.0049232491721274,0.2417477940664045,0.2589273866300721,0.0120867938428969,0.0970000000001038,18.56233333333333,773,783.0,0.037524448172956,90.43333333333334,783.0,0.037524448172956,90.43333333333334,3.4717118069238495e-13,0.0
autoif_qwen,dataset_autoif,attack_autoif_helper_qwen25_14b_instruct_lm_target_qwen25_14b_instruct_judge_autoif,lpb,2,50,20.0,1.0,0.3,0.3018402580155568,0.340702811672378,0,0,2.4514282999998613,17.552199392604184,17.121038817616594,-0.4311605749875902,cumulative_probability,17.552199392593266,17.991538395630297,17.552199392593266,-0.086565600868198,17.552203389511643,,18.61741766957796,0.0028830913946105,0.0037517382294399,0.0048111598798201,0.2408017668674124,0.2600655946119968,0.0149177364859441,0.0970000000001038,18.761,780,783.0,0.037524448172956,90.43333333333334,783.0,0.037524448172956,90.43333333333334,3.4724223496596094e-13,0.0
autoif_qwen,dataset_autoif,attack_autoif_helper_qwen25_14b_instruct_lm_target_qwen25_14b_instruct_judge_autoif,lpb,2,50,20.0,1.0,0.4,0.3974577878960349,0.4106069405465232,0,0,2.431227600000057,17.55220036831847,17.226079355650516,-0.3261210126679543,cumulative_probability,17.55220036830755,17.991539366466014,17.55220036830755,-0.0866562258306657,17.55220338976129,,18.71237881738692,0.0029755131931261,0.0037836118502576,0.0045077277207545,0.2420893406752238,0.2604550416573563,0.0180222355646959,0.0970000000001038,18.543333333333333,777,783.0,0.037524448172956,90.43333333333334,783.0,0.037524448172956,90.43333333333334,3.4724223496596094e-13,0.0
autoif_qwen,dataset_autoif,attack_autoif_helper_qwen25_14b_instruct_lm_target_qwen25_14b_instruct_judge_autoif,lpb,2,50,20.0,1.0,0.5,0.4875735154619617,0.4818823944368597,0,0,2.443221900000026,17.55219922463712,17.30350876437985,-0.2486904602572721,cumulative_probability,17.5521992246262,17.991538228503067,17.5521992246262,-0.0867557150922948,17.552203389507966,,18.78221205859558,0.0029639812660869,0.0037633677346396,0.0044680096198289,0.2425940807914317,0.261391584257335,0.0201099659480013,0.0970000000001038,18.558666666666667,776,783.0,0.037524448172956,90.43333333333334,783.0,0.037524448172956,90.43333333333334,3.47313289239537e-13,0.0
autoif_qwen,dataset_autoif,attack_autoif_helper_qwen25_14b_instruct_lm_target_qwen25_14b_instruct_judge_autoif,lpb,2,50,20.0,1.0,0.6,0.588692847656991,0.5977639192529776,0,0,2.880168299999241,17.55220110023233,17.080972263716344,-0.4712288365159871,cumulative_probability,17.552201100221417,17.991540094720307,17.552201100221417,-0.0868195518705761,17.552203389619777,,18.580834129918763,0.002958864190286,0.0037513725975513,0.0045754915731361,0.2429135172213622,0.2603293128512625,0.0214582693374038,0.0970000000001038,18.394666666666662,773,783.0,0.037524448172956,90.43333333333334,783.0,0.037524448172956,90.43333333333334,3.47313289239537e-13,0.0
autoif_qwen,dataset_autoif,attack_autoif_helper_qwen25_14b_instruct_lm_target_qwen25_14b_instruct_judge_autoif,lpb,2,50,20.0,1.0,0.7,0.6863972680705749,0.7058066948634604,0,0,2.493226900000081,17.55219179955426,17.165730227171057,-0.3864615723832045,cumulative_probability,17.552191799543344,17.991530840545625,17.552191799543344,-0.0868113870819797,17.552203389628833,,18.6575855103412,0.0029571763146384,0.0037533695396571,0.0045171471965282,0.2434016835786849,0.2611658087569953,0.02172145033325,0.0970000000001038,18.220333333333333,770,783.0,0.037524448172956,90.43333333333334,783.0,0.037524448172956,90.43333333333334,3.47313289239537e-13,0.0
autoif_qwen,dataset_autoif,attack_autoif_helper_qwen25_14b_instruct_lm_target_qwen25_14b_instruct_judge_autoif,lpb,2,50,20.0,1.0,0.8,0.7825839499146272,0.8187752942571584,0,0,2.6946099999995567,17.55220099599017,17.11892903482831,-0.4332719611618607,cumulative_probability,17.552200995979252,17.991539990999357,17.552200995979252,-0.0867068945808569,17.55220338983016,,18.61514645474572,0.0029726058244125,0.0037761131188565,0.0045888308535739,0.2430335486969606,0.2604450715169815,0.0221272974501531,0.0970000000001038,18.335,769,783.0,0.037524448172956,90.43333333333334,783.0,0.037524448172956,90.43333333333334,3.4724223496596094e-13,0.0
autoif_qwen,dataset_autoif,attack_autoif_helper_qwen25_14b_instruct_lm_target_qwen25_14b_instruct_judge_autoif,lpb,2,50,20.0,1.0,0.9,0.8785809144374881,0.9091063886718216,0,0,2.799071499999627,17.552202782792257,17.194306870257346,-0.3578959125349108,cumulative_probability,17.552202782781336,17.991541768867428,17.552202782781336,-0.086473711853614,17.55220338948621,,18.68339024422064,0.0030020823578251,0.0038279098342886,0.0045347936078949,0.2422103472521651,0.2597542068038942,0.0225794882278868,0.0970000000001038,18.64133333333333,768,783.0,0.037524448172956,90.43333333333334,783.0,0.037524448172956,90.43333333333334,3.4717118069238495e-13,0.0
autoif_qwen,dataset_autoif,attack_autoif_helper_qwen25_14b_instruct_lm_target_qwen25_14b_instruct_judge_autoif,metric,3,50,20.0,1.0,0.1,0.1138066357474134,0.0845253540702782,0,0,3.152859499999977,17.438624389383882,19.246813470521587,1.808189081137705,cumulative_probability,17.438624389383882,17.912031267436966,17.438624389383882,-0.0339140808500815,17.438644067189916,,20.797505409587547,6.133137664662999,1.1069190594662144,1.3437757573151397,0.1681229457878708,0.1608921244738219,0.0330195537794684,0.4444038471340378,19.584,331,,,,,,,,
autoif_qwen,dataset_autoif,attack_autoif_helper_qwen25_14b_instruct_lm_target_qwen25_14b_instruct_judge_autoif,metric,3,50,20.0,1.0,0.2,0.2092400998929718,0.2060013110188139,0,0,3.162539099999776,17.438586565951574,19.400506822456823,1.9619202565052485,cumulative_probability,17.438586565951574,17.911993633121813,17.438586565951574,-0.0339830696611898,17.43864406770951,,20.944478502411,6.001444698254536,1.0959405305300054,1.3159524482852252,0.1698824387385905,0.1639770183540971,0.0414701835995694,0.4421864788346937,20.302333333333333,339,,,,,,,,
autoif_qwen,dataset_autoif,attack_autoif_helper_qwen25_14b_instruct_lm_target_qwen25_14b_instruct_judge_autoif,metric,3,50,20.0,1.0,0.3,0.3043168034249019,0.2942502849153958,0,0,3.2286719999992783,17.438606716243346,19.649486326628644,2.210879610385298,cumulative_probability,17.43860671624335,17.91201368266213,17.43860671624335,-0.0340560491895303,17.438644067033167,,21.18278643744253,5.898553883663072,1.0830509672662385,1.2806609766738808,0.1720292424497743,0.1673385197168765,0.0430698336778488,0.4335494127296482,19.925,343,,,,,,,,
autoif_qwen,dataset_autoif,attack_autoif_helper_qwen25_14b_instruct_lm_target_qwen25_14b_instruct_judge_autoif,metric,3,50,20.0,1.0,0.4,0.4011773100249732,0.356874552907225,0,0,3.016051999999945,17.43864291271484,20.361209018760245,2.922566106045405,cumulative_probability,17.43864291271484,17.912049698151264,17.43864291271484,-0.0341328547074226,17.438644066897453,,21.86330037118136,5.67599597064496,1.0676322749026428,1.21952826448327,0.1773202394014497,0.1720002077050906,0.0483696033641854,0.4572082752793278,20.93133333333333,359,,,,,,,,
autoif_qwen,dataset_autoif,attack_autoif_helper_qwen25_14b_instruct_lm_target_qwen25_14b_instruct_judge_autoif,metric,3,50,20.0,1.0,0.5,0.4876917588298252,0.423265960022086,0,0,3.2348621000001003,17.438624516445607,21.024175792043916,3.5855512755983057,cumulative_probability,17.43862451644561,17.91203139386338,17.43862451644561,-0.0342060592811321,17.438644067620785,,22.49732617214405,5.484164566709331,1.0589689595158729,1.1697493399861016,0.1803313804937954,0.1780422040556839,0.0503118706189415,0.4318974948662014,21.421333333333333,353,,,,,,,,
autoif_qwen,dataset_autoif,attack_autoif_helper_qwen25_14b_instruct_lm_target_qwen25_14b_instruct_judge_autoif,metric,3,50,20.0,1.0,0.6,0.5929361398501606,0.4871577275311231,0,0,2.566084799999772,17.438597448548244,21.34784805874009,3.909250610191848,cumulative_probability,17.43859744854824,17.912004461305504,17.43859744854824,-0.0342090513731818,17.43864406718636,,22.806300707555128,5.397668961355261,1.058127745903951,1.1423952427291515,0.1809678525810498,0.1805305312832767,0.0551765770237796,0.4544285722411021,21.729,369,,,,,,,,
autoif_qwen,dataset_autoif,attack_autoif_helper_qwen25_14b_instruct_lm_target_qwen25_14b_instruct_judge_autoif,metric,3,50,20.0,1.0,0.7,0.6915804495183732,0.5617933214199259,0,0,3.032734900000833,17.438627884327474,20.954474818420834,3.5158469340933607,cumulative_probability,17.43862788432747,17.912034744905835,17.43862788432747,-0.0341905627283267,17.438644066910218,,22.429936752748684,5.526163653565935,1.0608135148425506,1.1614976294632695,0.1790241446501262,0.1790323236988481,0.0598785795454811,0.4487383931449891,21.147,358,,,,,,,,
autoif_qwen,dataset_autoif,attack_autoif_helper_qwen25_14b_instruct_lm_target_qwen25_14b_instruct_judge_autoif,metric,3,50,20.0,1.0,0.8,0.784873349982162,0.6831523202585046,0,0,2.9520117000001846,17.43862077998554,20.44365425396266,3.005033473977118,cumulative_probability,17.438620779985545,17.912027676085618,17.438620779985545,-0.0341582698456477,17.43864406754311,,21.9418251935142,5.691898806905198,1.0660013484779611,1.20048357563714,0.1758932553995833,0.1760293871966613,0.0622358744808731,0.4425147641903765,20.72833333333333,350,,,,,,,,
autoif_qwen,dataset_autoif,attack_autoif_helper_qwen25_14b_instruct_lm_target_qwen25_14b_instruct_judge_autoif,metric,3,50,20.0,1.0,0.9,0.8820906171958616,0.8419596739316693,0,0,2.4104526999999507,17.438644059324478,19.816599363567285,2.377955304242807,cumulative_probability,17.438644059324474,17.912050839027856,17.438644059324474,-0.0340854164824122,17.43864406705165,,21.34297193921095,5.9631579410015405,1.0827451776250423,1.272426410982265,0.1728022965910141,0.1679359917175646,0.0651230026479709,0.4474084850377208,20.711,350,,,,,,,,
autoif_qwen,dataset_autoif,attack_autoif_helper_qwen25_14b_instruct_lm_target_qwen25_14b_instruct_judge_autoif,lpb,3,50,20.0,1.0,0.1,0.1118335500650195,0.0882661612919907,0,0,2.980698300000768,17.51422891258313,17.874946923764476,0.3607180111813477,cumulative_probability,17.514228912572708,17.964957768009846,17.514228912572708,-0.0874349233345128,17.514237287812648,,19.363467957049515,0.0002579186445856,0.0026395934529255,0.0055345714452271,0.2713623695485304,0.2665800891196075,0.0174398906774766,0.0990000000001052,19.63533333333333,799,783.0,0.037524448172956,90.63333333333333,783.0,0.037524448172956,90.63333333333333,3.5235320833887984e-13,0.0
autoif_qwen,dataset_autoif,attack_autoif_helper_qwen25_14b_instruct_lm_target_qwen25_14b_instruct_judge_autoif,lpb,3,50,20.0,1.0,0.2,0.2108489689764072,0.2126315277139806,0,0,3.006561399999555,17.514225972707738,17.76093819990628,0.2467122271985431,cumulative_probability,17.514225972697318,17.96495484283383,17.514225972697318,-0.0875688550149789,17.51423728779671,,19.26043458558969,0.0002544203908445,0.002623064130144,0.0054758552343831,0.2712098980130878,0.2663437469080059,0.0190826463953862,0.0990000000001052,19.120666666666665,788,783.0,0.037524448172956,90.63333333333333,783.0,0.037524448172956,90.63333333333333,3.524252494773667e-13,0.0
autoif_qwen,dataset_autoif,attack_autoif_helper_qwen25_14b_instruct_lm_target_qwen25_14b_instruct_judge_autoif,lpb,3,50,20.0,1.0,0.3,0.3026193572357421,0.3142002780371912,0,0,2.8963744000002407,17.514233028935838,17.81313210275992,0.2988990738240815,cumulative_probability,17.514233028925418,17.96496186378079,17.514233028925418,-0.0877558074716944,17.514237287880682,,19.307696089038668,0.0002498360688899,0.0025999878512783,0.0054356921755372,0.2717561510402061,0.2673550111455006,0.01991157929657,0.0990000000001052,19.311,798,783.0,0.037524448172956,90.63333333333333,783.0,0.037524448172956,90.63333333333333,3.524972906158534e-13,0.0
autoif_qwen,dataset_autoif,attack_autoif_helper_qwen25_14b_instruct_lm_target_qwen25_14b_instruct_judge_autoif,lpb,3,50,20.0,1.0,0.4,0.4016347761471298,0.3782857212388169,0,0,3.2048181000000118,17.514222042003638,18.05006606971847,0.5358440277148304,cumulative_probability,17.51422204199322,17.964950931783257,17.51422204199322,-0.0880444106587674,17.514237288020887,,19.52226675973294,0.0002424682590438,0.0025671608924417,0.0053059019650598,0.27334456417372,0.2696287334049388,0.021293115554379,0.0990000000001052,19.606,805,783.0,0.037524448172956,90.63333333333333,783.0,0.037524448172956,90.63333333333333,3.525693317543402e-13,0.0
autoif_qwen,dataset_autoif,attack_autoif_helper_qwen25_14b_instruct_lm_target_qwen25_14b_instruct_judge_autoif,lpb,3,50,20.0,1.0,0.5,0.4885751439717629,0.4460915089145294,0,0,2.90407310000046,17.51422126330628,18.206646781944333,0.6924255186380535,cumulative_probability,17.51422126329586,17.964950156979377,17.51422126329586,-0.0881933854543604,17.51423728803455,,19.66400601984088,0.0002394958019962,0.0025508653615079,0.0051980407475906,0.2741942701120995,0.2712966424351984,0.0224447658075038,0.0990000000001052,19.49233333333333,810,783.0,0.037524448172956,90.63333333333333,783.0,0.037524448172956,90.63333333333333,3.526413728928269e-13,0.0
autoif_qwen,dataset_autoif,attack_autoif_helper_qwen25_14b_instruct_lm_target_qwen25_14b_instruct_judge_autoif,lpb,3,50,20.0,1.0,0.6,0.5918632732676946,0.5085403655854447,0,0,3.042208699999719,17.514224672807796,18.34049539531633,0.8262707225085357,cumulative_probability,17.514224672797372,17.964953549433385,17.514224672797372,-0.0882406323944451,17.51423728799457,,19.784969095796843,0.0002385152910628,0.002546520054664,0.0051582556266147,0.2748234117532234,0.2726324501453388,0.0234980673470419,0.0990000000001052,19.536666666666665,809,783.0,0.037524448172956,90.63333333333333,783.0,0.037524448172956,90.63333333333333,3.526413728928269e-13,0.0
autoif_qwen,dataset_autoif,attack_autoif_helper_qwen25_14b_instruct_lm_target_qwen25_14b_instruct_judge_autoif,lpb,3,50,20.0,1.0,0.7,0.6931079323797139,0.5846112194394844,0,0,2.9900854999996227,17.514228359738468,18.395344751355857,0.8811163916173896,cumulative_probability,17.514228359728044,17.964957217929406,17.514228359728044,-0.0882120943424524,17.514237287905267,,19.834595579317924,0.0002389407118847,0.0025490465061919,0.0050845980238726,0.2754853596003135,0.2733458808776198,0.0254138176918875,0.0990000000001052,19.76233333333333,808,783.0,0.037524448172956,90.63333333333333,783.0,0.037524448172956,90.63333333333333,3.526413728928269e-13,0.0
autoif_qwen,dataset_autoif,attack_autoif_helper_qwen25_14b_instruct_lm_target_qwen25_14b_instruct_judge_autoif,lpb,3,50,20.0,1.0,0.8,0.7826490804384172,0.7166393395247815,0,0,2.805879399999867,17.514236103406258,18.016263763312185,0.5020276599059272,cumulative_probability,17.514236103395834,17.964964922878853,17.514236103395834,-0.0881216197740286,17.51423728795887,,19.49125161842538,0.0002410361684934,0.0025605715081066,0.0052327205403729,0.274523047843781,0.2709623202748561,0.0259404350169762,0.0990000000001052,19.254,806,783.0,0.037524448172956,90.63333333333333,783.0,0.037524448172956,90.63333333333333,3.525693317543402e-13,0.0
autoif_qwen,dataset_autoif,attack_autoif_helper_qwen25_14b_instruct_lm_target_qwen25_14b_instruct_judge_autoif,lpb,3,50,20.0,1.0,0.9,0.8838937395504366,0.8611182935695534,0,0,3.0520229000003383,17.514219392858664,17.938574245369725,0.4243548525110618,cumulative_probability,17.514219392848243,17.964948295884007,17.514219392848243,-0.087779788300395,17.51423728811118,,19.421055909608448,0.0002495237482748,0.0025998055110844,0.0052248630422363,0.2742241214013878,0.2696863488642527,0.0269259888753663,0.0990000000001052,19.337,803,783.0,0.037524448172956,90.63333333333333,783.0,0.037524448172956,90.63333333333333,3.524972906158534e-13,0.0
autoif_qwen,dataset_autoif,attack_autoif_helper_qwen25_14b_instruct_lm_target_qwen25_14b_instruct_judge_autoif,metric,4,50,20.0,1.0,0.1,0.1104204155079339,0.1033344150576018,0,0,3.3333161999998997,17.26675962935635,17.40956243041435,0.142802801058,cumulative_probability,17.266759629356354,17.791725831209575,17.266759629356354,-0.0370077366824261,17.266779660175217,,19.165815740678298,6.815799628253911,1.63894548946505,1.5065861948523074,0.1470022356816925,0.145793950079855,0.034143743015895,0.4693205852092082,18.705,298,,,,,,,,
autoif_qwen,dataset_autoif,attack_autoif_helper_qwen25_14b_instruct_lm_target_qwen25_14b_instruct_judge_autoif,metric,4,50,20.0,1.0,0.2,0.2075903811549157,0.2411893558331981,0,0,3.178462799999579,17.266744993793033,16.667768654824876,-0.598976338968157,cumulative_probability,17.266744993793033,17.791711268824066,17.266744993793033,-0.0371076598094077,17.26677966026806,,18.460516027048985,6.987338156580098,1.6088923764795433,1.551547252356504,0.1471211495484406,0.1425697952747648,0.0362131606081443,0.4596133764646783,18.33833333333333,293,,,,,,,,
autoif_qwen,dataset_autoif,attack_autoif_helper_qwen25_14b_instruct_lm_target_qwen25_14b_instruct_judge_autoif,metric,4,50,20.0,1.0,0.3,0.3091771634222149,0.4189572178051814,0,0,3.206085099999654,17.266713724007417,16.46960126790613,-0.7971124561012886,cumulative_probability,17.266713724007417,17.79168015538738,17.266713724007417,-0.0371651130262762,17.266779660389737,,18.27228069887196,6.990006064571423,1.5950293989502158,1.5530271058556453,0.1478354955607032,0.1400673696111128,0.0391770564811091,0.4684721180594033,18.046666666666667,301,,,,,,,,
autoif_qwen,dataset_autoif,attack_autoif_helper_qwen25_14b_instruct_lm_target_qwen25_14b_instruct_judge_autoif,metric,4,50,20.0,1.0,0.4,0.3971863242270571,0.5817188598626211,0,0,3.3493453999999474,17.266764270667885,16.24701303227387,-1.019751238394015,cumulative_probability,17.266764270667885,17.791730449314546,17.266764270667885,-0.0371812926459824,17.26677966048512,,18.06078453906091,7.132554296577624,1.5907210591342682,1.5667876096825917,0.1460531648683888,0.1382790998602684,0.0425012219048648,0.4460439592908878,17.661333333333335,292,,,,,,,,
autoif_qwen,dataset_autoif,attack_autoif_helper_qwen25_14b_instruct_lm_target_qwen25_14b_instruct_judge_autoif,metric,4,50,20.0,1.0,0.5,0.4938655324717814,0.6566417870084915,0,0,3.373394699999153,17.266758877812734,16.46556497844187,-0.8011938993708654,cumulative_probability,17.266758877812734,17.79172508342367,17.266758877812734,-0.0371817436098353,17.266779660954185,,18.268474957655197,7.056711244556201,1.591410134065581,1.5403300602761485,0.1469212030121652,0.1393856033351055,0.0482611482528651,0.469243077282134,17.800666666666668,303,,,,,,,,
autoif_qwen,dataset_autoif,attack_autoif_helper_qwen25_14b_instruct_lm_target_qwen25_14b_instruct_judge_autoif,metric,4,50,20.0,1.0,0.6,0.5983968591526255,0.7097977175617936,0,0,3.3766733000002205,17.266766207207457,16.717336639079498,-0.5494295681279588,cumulative_probability,17.26676620720746,17.791732376171424,17.26676620720746,-0.0371730648475931,17.266779660359934,,18.507718280543425,6.976158351058592,1.595348730198053,1.5162935893630172,0.146369837650498,0.1417834788539419,0.0556366340137447,0.4563762307883595,18.36,299,,,,,,,,
autoif_qwen,dataset_autoif,attack_autoif_helper_qwen25_14b_instruct_lm_target_qwen25_14b_instruct_judge_autoif,metric,4,50,20.0,1.0,0.7,0.6885326353672501,0.7783655146303208,0,0,3.4135973000002195,17.26677554791321,16.941840885052006,-0.3249346628612031,cumulative_probability,17.266775547913202,17.79174167017364,17.266775547913202,-0.0371366767649306,17.266779660018305,,18.720855615031137,6.934249286562994,1.6056356213873195,1.5013592052793585,0.1478895608747102,0.1427380207968595,0.0608823949186759,0.4472283476274845,18.43233333333333,292,,,,,,,,
autoif_qwen,dataset_autoif,attack_autoif_helper_qwen25_14b_instruct_lm_target_qwen25_14b_instruct_judge_autoif,metric,4,50,20.0,1.0,0.8,0.7879928022247669,0.8574449672778409,0,0,3.35078010000052,17.26674691987586,17.304058252667442,0.0373113327915817,cumulative_probability,17.26674691987586,17.791713185276482,17.26674691987586,-0.0370786579151172,17.266779660945925,,19.066139709261467,6.870631499132281,1.62231193290418,1.4809679602003791,0.14944190965916,0.1448793959927379,0.0668879459156369,0.4586947009075438,18.75433333333333,295,,,,,,,,
autoif_qwen,dataset_autoif,attack_autoif_helper_qwen25_14b_instruct_lm_target_qwen25_14b_instruct_judge_autoif,metric,4,50,20.0,1.0,0.9,0.8872893832815312,0.91788090215804,0,0,3.835923999999977,17.26677653149156,17.46853987309563,0.2017633416040709,cumulative_probability,17.26677653149156,17.791742648834102,17.26677653149156,-0.0370195169671205,17.266779660957027,,19.222681549515794,6.869627958029838,1.649005772871704,1.4907608372268133,0.1498953976039639,0.1460462307701311,0.0722789250696031,0.4387455218304236,18.16633333333333,285,,,,,,,,
autoif_qwen,dataset_autoif,attack_autoif_helper_qwen25_14b_instruct_lm_target_qwen25_14b_instruct_judge_autoif,lpb,4,50,20.0,1.0,0.1,0.1151106111736033,0.1007794041767373,0,0,4.08507439999994,17.530846898575188,17.94231162833072,0.4114647297555329,cumulative_probability,17.53084689856471,17.97659266407188,17.53084689856471,-0.0791476277663605,17.530847457351406,,19.422840929633654,0.0094203812590214,0.0033845167743212,0.0046264825997925,0.295747425832394,0.2595191580107518,0.017468579247566,0.0996666666667724,19.06233333333333,764,833.0,0.0529619496340197,89.4,833.0,0.0529619496340197,89.4,3.51792669069558e-13,0.0
autoif_qwen,dataset_autoif,attack_autoif_helper_qwen25_14b_instruct_lm_target_qwen25_14b_instruct_judge_autoif,lpb,4,50,20.0,1.0,0.2,0.2075365579302587,0.2276747322778336,0,0,4.322112400000151,17.53084729955177,17.692829386184645,0.1619820866328751,cumulative_probability,17.53084729954129,17.976593063043584,17.53084729954129,-0.0793453878577565,17.530847457498076,,19.195623259055303,0.0093353945651837,0.0033375426171508,0.0048904380932819,0.2963232426474871,0.2590501316005998,0.0189084593943117,0.0996666666667724,18.95533333333333,765,833.0,0.0529619496340197,89.4,833.0,0.0529619496340197,89.4,3.5186520364050013e-13,0.0
autoif_qwen,dataset_autoif,attack_autoif_helper_qwen25_14b_instruct_lm_target_qwen25_14b_instruct_judge_autoif,lpb,4,50,20.0,1.0,0.3,0.3053993250843644,0.3633900309890859,0,0,4.477100699999937,17.530844082334056,17.473567736067896,-0.0572763462661605,cumulative_probability,17.53084408232358,17.976589861911958,17.53084408232358,-0.0794876543659484,17.530847457245645,,18.99601494120451,0.009280666569974,0.0033036083603984,0.0047150720225835,0.2973069304969196,0.2592350558684596,0.0205735981278944,0.0996666666667724,18.717666666666663,767,833.0,0.0529619496340197,89.4,833.0,0.0529619496340197,89.4,3.519377382114423e-13,0.0
autoif_qwen,dataset_autoif,attack_autoif_helper_qwen25_14b_instruct_lm_target_qwen25_14b_instruct_judge_autoif,lpb,4,50,20.0,1.0,0.4,0.3985751781027372,0.535166728524141,0,0,3.938842399999885,17.530842737910493,17.388890111593664,-0.1419526263168293,cumulative_probability,17.530842737900016,17.976588524210516,17.530842737900016,-0.0795055674097966,17.530847457465537,,18.918836892093942,0.009279229931418,0.0032990297162589,0.0046882010090633,0.2975065280543206,0.2589065510214276,0.0212397191308173,0.0996666666667724,18.686333333333334,759,833.0,0.0529619496340197,89.4,833.0,0.0529619496340197,89.4,3.519377382114423e-13,0.0
autoif_qwen,dataset_autoif,attack_autoif_helper_qwen25_14b_instruct_lm_target_qwen25_14b_instruct_judge_autoif,lpb,4,50,20.0,1.0,0.5,0.4938132733408324,0.6451402655948728,0,0,3.863233500000206,17.530847412240863,17.460999018463827,-0.0698483937770362,cumulative_probability,17.530847412230386,17.976593175169228,17.530847412230386,-0.0795269112131791,17.530847457317023,,18.98438802799461,0.0092874903609552,0.0032954634245209,0.0046811272442898,0.2975835707726125,0.2595154910969504,0.0215929156555776,0.0996666666667724,18.707,766,833.0,0.0529619496340197,89.4,833.0,0.0529619496340197,89.4,3.519377382114423e-13,0.0
autoif_qwen,dataset_autoif,attack_autoif_helper_qwen25_14b_instruct_lm_target_qwen25_14b_instruct_judge_autoif,lpb,4,50,20.0,1.0,0.6,0.592800899887514,0.716614314121307,0,0,4.37133249999988,17.530846788237156,17.502827445125458,-0.0280193431116977,cumulative_probability,17.530846788226672,17.97659255428554,17.530846788226672,-0.0794840398884844,17.53084745745142,,19.022391500121223,0.0092841586483256,0.0033058476158952,0.0046811125631746,0.2970316559070129,0.2591685710784835,0.0220708439809183,0.0996666666667724,18.83633333333333,768,833.0,0.0529619496340197,89.4,833.0,0.0529619496340197,89.4,3.519377382114423e-13,0.0
autoif_qwen,dataset_autoif,attack_autoif_helper_qwen25_14b_instruct_lm_target_qwen25_14b_instruct_judge_autoif,lpb,4,50,20.0,1.0,0.7,0.6917885264341957,0.7894462096455416,0,0,3.796037300000535,17.53084587142328,17.649103339351896,0.1182574679286148,cumulative_probability,17.530845871412804,17.976591642055734,17.530845871412804,-0.0793817857629619,17.53084745742857,,19.15562578094945,0.009355459827074,0.0033302370117056,0.0045773043149658,0.2966191717998784,0.2593918618185747,0.0231013419894045,0.0996666666667724,18.406666666666663,755,833.0,0.0529619496340197,89.4,833.0,0.0529619496340197,89.4,3.519377382114423e-13,0.0
autoif_qwen,dataset_autoif,attack_autoif_helper_qwen25_14b_instruct_lm_target_qwen25_14b_instruct_judge_autoif,lpb,4,50,20.0,1.0,0.8,0.7838395200599925,0.8550815160814346,0,0,3.989701200000127,17.530841610008387,17.71717064578449,0.1863290357761009,cumulative_probability,17.53084160999791,17.976587401947917,17.53084160999791,-0.0792589664342813,17.530847457283077,,19.21771287989618,0.0093886815035534,0.0033601097790735,0.0045256891190826,0.2964004397013459,0.2590262616912465,0.0241149931231546,0.0996666666667724,18.889,762,833.0,0.0529619496340197,89.4,833.0,0.0529619496340197,89.4,3.5186520364050013e-13,0.0
autoif_qwen,dataset_autoif,attack_autoif_helper_qwen25_14b_instruct_lm_target_qwen25_14b_instruct_judge_autoif,lpb,4,50,20.0,1.0,0.9,0.8820772403449568,0.9191688769398352,0,0,3.693785999999818,17.53084117049973,17.834816255187924,0.3039750846881937,cumulative_probability,17.530841170489257,17.976586964636805,17.530841170489257,-0.0790625582158099,17.530847457621746,,19.325051568621927,0.0094761841847584,0.0034085250340497,0.0045049206246992,0.2951455466537135,0.2586142748158722,0.0252091612979777,0.0996666666667724,18.673666666666666,762,833.0,0.0529619496340197,89.4,833.0,0.0529619496340197,89.4,3.51792669069558e-13,0.0
