dataset,target_model,budget,source,analysis_target,family,method,crc,n1,seeds,coverage_mean,coverage_variance,coverage_mse_to_target,coverage_bias,size_mean,infinite_rate_mean,expected_cost_mean,realized_cost_mean,conditional_variance_mean,split_budget_valid_rate,crc_selector_valid_rate,static_coverage_variance,static_coverage_mse_to_target,coverage_variance_ratio_to_static,coverage_mse_to_target_ratio_to_static
autoif,llama_31_8B_instruct,10.0,dataset_autoif_attack_autoif_helper_qwen25_14b_instruct_lm_target_llama_31_8B_instruct_judge_autoif_10_calibration_lpb_unified_aht_v1,0.9,Endpoint/block,Endpoint/block,False,,50,0.8967133355140686,0.0004361588360611779,0.00043823782278303724,-0.003286664485931401,5.2452199745178225,,9.833652787122091,,0.00035888231583668,1.0,,0.00044785843866614104,0.0004403734483340143,0.9738765609959072,0.995150421627243
autoif,llama_31_8B_instruct,10.0,dataset_autoif_attack_autoif_helper_qwen25_14b_instruct_lm_target_llama_31_8B_instruct_judge_autoif_10_calibration_lpb_unified_aht_v1,0.9,Endpoint/block,Endpoint/block + CRC,True,50.0,50,0.8886466658115387,0.0028105370219101214,0.0028832244786668043,-0.011353334188461295,6.849180052280426,,2.2995424142495553,,0.00322933585499517,1.0,1.0,0.00044785843866614104,0.0004403734483340143,6.275503103794934,6.547225972806465
autoif,llama_31_8B_instruct,10.0,dataset_autoif_attack_autoif_helper_qwen25_14b_instruct_lm_target_llama_31_8B_instruct_judge_autoif_10_calibration_lpb_unified_aht_v1,0.9,Endpoint/block,Endpoint/block + CRC,True,100.0,50,0.8955200040340423,0.0009365584528393024,0.0009378976476375131,-0.004479995965957717,5.511613330841064,,6.148793184285133,,0.0008816222979700719,1.0,1.0,0.00044785843866614104,0.0004403734483340143,2.0911930466882773,2.129777921865391
autoif,llama_31_8B_instruct,10.0,dataset_autoif_attack_autoif_helper_qwen25_14b_instruct_lm_target_llama_31_8B_instruct_judge_autoif_10_calibration_lpb_unified_aht_v1,0.9,Endpoint/block,Endpoint/block + CRC,True,200.0,50,0.8958533370494842,0.0009141502654921585,0.0009130620738074955,-0.0041466629505158,5.47018000125885,,8.062672538103442,,0.000857778400197562,1.0,1.0,0.00044785843866614104,0.0004403734483340143,2.041158961333355,2.0733813023053935
autoif,llama_31_8B_instruct,10.0,dataset_autoif_attack_autoif_helper_qwen25_14b_instruct_lm_target_llama_31_8B_instruct_judge_autoif_10_calibration_lpb_unified_aht_v1,0.9,Information-gain,Information-gain,False,50.0,50,0.9010133349895477,4.038532130834488e-05,4.06044626832196e-05,0.0010133349895476984,4.89343334197998,,10.003201328305376,,1.9413624102099096e-06,0.52,,0.00044785843866614104,0.0004403734483340143,0.09017430022893992,0.09220461141976466
autoif,llama_31_8B_instruct,10.0,dataset_autoif_attack_autoif_helper_qwen25_14b_instruct_lm_target_llama_31_8B_instruct_judge_autoif_10_calibration_lpb_unified_aht_v1,0.9,Information-gain,Information-gain,False,100.0,50,0.9012399995326996,4.693446392060704e-05,4.753337348329e-05,0.0012399995326995983,4.874026660919189,,10.008642409385264,,7.779437948001204e-06,0.56,,0.00044785843866614104,0.0004403734483340143,0.1047975428583911,0.10793878164797278
autoif,llama_31_8B_instruct,10.0,dataset_autoif_attack_autoif_helper_qwen25_14b_instruct_lm_target_llama_31_8B_instruct_judge_autoif_10_calibration_lpb_unified_aht_v1,0.9,Information-gain,Information-gain,False,200.0,50,0.9007666659355164,0.0001356746137929051,0.00013354889817372812,0.0007666659355163308,4.919386682510376,,10.015984161626177,,8.752165884036968e-05,0.44,,0.00044785843866614104,0.0004403734483340143,0.3029408448727358,0.30326282994344833
autoif,llama_31_8B_instruct,10.0,dataset_autoif_attack_autoif_helper_qwen25_14b_instruct_lm_target_llama_31_8B_instruct_judge_autoif_10_calibration_lpb_unified_aht_v1,0.9,Information-gain,Information-gain + CRC,True,50.0,50,0.9015666687488556,4.449995510298225e-05,4.606440696956329e-05,0.001566668748855582,4.867326641082764,,9.448836097922277,,1.2961346929063324e-05,0.86,1.0,0.00044785843866614104,0.0004403734483340143,0.09936165373039901,0.10460305257692189
autoif,llama_31_8B_instruct,10.0,dataset_autoif_attack_autoif_helper_qwen25_14b_instruct_lm_target_llama_31_8B_instruct_judge_autoif_10_calibration_lpb_unified_aht_v1,0.9,Information-gain,Information-gain + CRC,True,100.0,50,0.9015000009536743,4.744333856527697e-05,4.874447465499517e-05,0.0015000009536743075,4.863660001754761,,9.738191157789952,,1.4944729866368589e-05,0.84,1.0,0.00044785843866614104,0.0004403734483340143,0.10593378279658566,0.11068895011586502
autoif,llama_31_8B_instruct,10.0,dataset_autoif_attack_autoif_helper_qwen25_14b_instruct_lm_target_llama_31_8B_instruct_judge_autoif_10_calibration_lpb_unified_aht_v1,0.9,Information-gain,Information-gain + CRC,True,200.0,50,0.8976066660881042,0.0002068422830656661,0.00020843348461818307,-0.0023933339118957786,5.137299981117248,,9.828606173542124,,0.0001117073810995442,0.94,1.0,0.00044785843866614104,0.0004403734483340143,0.46184746162583307,0.47331074433917847
autoif,llama_31_8B_instruct,10.0,dataset_autoif_attack_autoif_helper_qwen25_14b_instruct_lm_target_llama_31_8B_instruct_judge_autoif_10_calibration_lpb_unified_aht_v1,0.9,Oracle,Oracle,False,,50,0.9013266706466675,3.962577570409339e-05,4.0593315194740516e-05,0.0013266706466674716,4.872166662216187,,126.15182666666665,,,,,0.00044785843866614104,0.0004403734483340143,0.08847835003871095,0.09217929770359659
autoif,llama_31_8B_instruct,10.0,dataset_autoif_attack_autoif_helper_qwen25_14b_instruct_lm_target_llama_31_8B_instruct_judge_autoif_10_calibration_lpb_unified_aht_v1,0.9,Residual,Residual,False,50.0,50,0.9010600006580353,4.626161103402759e-05,4.6459980208382185e-05,0.0010600006580352428,4.883479995727539,,9.996499436284301,,3.927687237804462e-07,0.5,,0.00044785843866614104,0.0004403734483340143,0.10329516436445581,0.1055013202638485
autoif,llama_31_8B_instruct,10.0,dataset_autoif_attack_autoif_helper_qwen25_14b_instruct_lm_target_llama_31_8B_instruct_judge_autoif_10_calibration_lpb_unified_aht_v1,0.9,Residual,Residual,False,100.0,50,0.9009066677093506,4.1202006283947805e-05,4.120001249344784e-05,0.0009066677093505504,4.8924666595458985,,10.004138900617601,,2.9000216182814666e-06,0.56,,0.00044785843866614104,0.0004403734483340143,0.09199783397329732,0.09355698589302429
autoif,llama_31_8B_instruct,10.0,dataset_autoif_attack_autoif_helper_qwen25_14b_instruct_lm_target_llama_31_8B_instruct_judge_autoif_10_calibration_lpb_unified_aht_v1,0.9,Residual,Residual,False,200.0,50,0.9002733302116394,0.00012476505519636163,0.00012234446349702915,0.00027333021163933324,4.931779990196228,,10.011562787085658,,7.092145224131415e-05,0.48,,0.00044785843866614104,0.0004403734483340143,0.2785814543719439,0.2778198003532524
autoif,llama_31_8B_instruct,10.0,dataset_autoif_attack_autoif_helper_qwen25_14b_instruct_lm_target_llama_31_8B_instruct_judge_autoif_10_calibration_lpb_unified_aht_v1,0.9,Residual,Residual + CRC,True,50.0,50,0.9019400024414063,3.515960266529487e-05,3.8220020084651095e-05,0.0019400024414062411,4.844466629028321,,9.480005511948395,,6.974244858824305e-06,0.86,1.0,0.00044785843866614104,0.0004403734483340143,0.07850606269697828,0.08679001931029681
autoif,llama_31_8B_instruct,10.0,dataset_autoif_attack_autoif_helper_qwen25_14b_instruct_lm_target_llama_31_8B_instruct_judge_autoif_10_calibration_lpb_unified_aht_v1,0.9,Residual,Residual + CRC,True,100.0,50,0.9014933323860168,4.7357158346571506e-05,4.864005679476672e-05,0.001493332386016788,4.8611799907684325,,9.729112616635977,,1.2900330507302003e-05,0.84,1.0,0.00044785843866614104,0.0004403734483340143,0.10574135543279158,0.11045183804513624
autoif,llama_31_8B_instruct,10.0,dataset_autoif_attack_autoif_helper_qwen25_14b_instruct_lm_target_llama_31_8B_instruct_judge_autoif_10_calibration_lpb_unified_aht_v1,0.9,Residual,Residual + CRC,True,200.0,50,0.8987599956989288,0.00014031756911209227,0.0001390488283965255,-0.0012400043010711848,5.035599975585938,,9.828061568835054,,9.137130700041802e-05,0.98,1.0,0.00044785843866614104,0.0004403734483340143,0.3133078602470923,0.3157520711627005
autoif,llama_31_8B_instruct,10.0,dataset_autoif_attack_autoif_helper_qwen25_14b_instruct_lm_target_llama_31_8B_instruct_judge_autoif_10_calibration_lpb_unified_aht_v1,0.9,Soft-prefix,Soft-prefix,False,50.0,50,0.901480004787445,3.174222048245406e-05,3.32977902436652e-05,0.0014800047874450328,4.868126649856567,,10.005779915528288,,7.446800458295994e-07,0.58,,0.00044785843866614104,0.0004403734483340143,0.0708755663441155,0.07561262008332868
autoif,llama_31_8B_instruct,10.0,dataset_autoif_attack_autoif_helper_qwen25_14b_instruct_lm_target_llama_31_8B_instruct_judge_autoif_10_calibration_lpb_unified_aht_v1,0.9,Soft-prefix,Soft-prefix,False,100.0,50,0.9013199985027314,3.952820237090755e-05,4.048003437070229e-05,0.0013199985027313454,4.868720006942749,,10.00891055036117,,1.0877724801165517e-05,0.62,,0.00044785843866614104,0.0004403734483340143,0.08826048357743262,0.09192205961518143
autoif,llama_31_8B_instruct,10.0,dataset_autoif_attack_autoif_helper_qwen25_14b_instruct_lm_target_llama_31_8B_instruct_judge_autoif_10_calibration_lpb_unified_aht_v1,0.9,Soft-prefix,Soft-prefix,False,200.0,50,0.8972466647624969,0.00021396734700774875,0.00021726885499766987,-0.002753335237503096,5.171673350334167,,10.020160766471582,,0.00010703085375652744,0.42,,0.00044785843866614104,0.0004403734483340143,0.47775664927741174,0.49337410286570194
autoif,llama_31_8B_instruct,10.0,dataset_autoif_attack_autoif_helper_qwen25_14b_instruct_lm_target_llama_31_8B_instruct_judge_autoif_10_calibration_lpb_unified_aht_v1,0.9,Soft-prefix,Soft-prefix + CRC,True,50.0,50,0.901486667394638,4.3225452967429164e-05,4.457112385036042e-05,0.001486667394637986,4.864246644973755,,9.48356229670207,,6.7882581127098885e-06,0.88,1.0,0.00044785843866614104,0.0004403734483340143,0.09651588367111656,0.1012121053596177
autoif,llama_31_8B_instruct,10.0,dataset_autoif_attack_autoif_helper_qwen25_14b_instruct_lm_target_llama_31_8B_instruct_judge_autoif_10_calibration_lpb_unified_aht_v1,0.9,Soft-prefix,Soft-prefix + CRC,True,100.0,50,0.9010199987888337,4.7879444977205e-05,4.796225360688286e-05,0.0010199987888336315,4.884639987945556,,9.718335964376006,,1.3584152990795451e-05,0.84,1.0,0.00044785843866614104,0.0004403734483340143,0.10690754230243954,0.1089126826068416
autoif,llama_31_8B_instruct,10.0,dataset_autoif_attack_autoif_helper_qwen25_14b_instruct_lm_target_llama_31_8B_instruct_judge_autoif_10_calibration_lpb_unified_aht_v1,0.9,Soft-prefix,Soft-prefix + CRC,True,200.0,50,0.8980333352088928,0.0001812936931232496,0.00018153558966136526,-0.0019666647911071866,5.107139987945557,,9.831836718269226,,0.00012079879754370646,0.94,1.0,0.00044785843866614104,0.0004403734483340143,0.40480133334809426,0.4122310060884375
autoif,llama_31_8B_instruct,10.0,dataset_autoif_attack_autoif_helper_qwen25_14b_instruct_lm_target_llama_31_8B_instruct_judge_autoif_10_calibration_lpb_unified_aht_v1,0.9,Static,Static,False,,50,0.89878666639328,0.00044785843866614104,0.0004403734483340143,-0.0012133336067200462,5.138786668777466,,6.512949584935333,,0.00054630635529252,1.0,,0.00044785843866614104,0.0004403734483340143,1.0,1.0
autoif,llama_31_8B_instruct,20.0,dataset_autoif_attack_autoif_helper_qwen25_14b_instruct_lm_target_llama_31_8B_instruct_judge_autoif_20_calibration_lpb_unified_aht_v1,0.9,Endpoint/block,Endpoint/block,False,,50,0.897906665802002,0.00021788673627093407,0.00021791104961002355,-0.0020933341979980646,5.126859998703003,,19.667305574244182,,0.000161842326256866,1.0,,0.00028808248812748277,0.0002825843528898702,0.7563345404546578,0.7711362903909568
autoif,llama_31_8B_instruct,20.0,dataset_autoif_attack_autoif_helper_qwen25_14b_instruct_lm_target_llama_31_8B_instruct_judge_autoif_20_calibration_lpb_unified_aht_v1,0.9,Endpoint/block,Endpoint/block + CRC,True,50.0,50,0.8974400007724762,0.0003746869391103397,0.00037374679637305555,-0.0025599992275238126,5.200786643028259,,12.89300806477539,,0.00028909470972800997,1.0,1.0,0.00028808248812748277,0.0002825843528898702,1.3006237954475475,1.32260258769074
autoif,llama_31_8B_instruct,20.0,dataset_autoif_attack_autoif_helper_qwen25_14b_instruct_lm_target_llama_31_8B_instruct_judge_autoif_20_calibration_lpb_unified_aht_v1,0.9,Endpoint/block,Endpoint/block + CRC,True,100.0,50,0.897133333683014,0.0002495828128112629,0.00025280893232798026,-0.0028666663169860662,5.15743332862854,,16.51469460563804,,0.00022484742625881196,1.0,1.0,0.00028808248812748277,0.0002825843528898702,0.8663588489308558,0.8946317435576692
autoif,llama_31_8B_instruct,20.0,dataset_autoif_attack_autoif_helper_qwen25_14b_instruct_lm_target_llama_31_8B_instruct_judge_autoif_20_calibration_lpb_unified_aht_v1,0.9,Endpoint/block,Endpoint/block + CRC,True,200.0,50,0.8969600009918213,0.000273943850934348,0.00027770656788538863,-0.003039999008178751,5.182920007705689,,18.26915998654951,,0.000220756906453612,0.94,1.0,0.00028808248812748277,0.0002825843528898702,0.95092156664907,0.9827386585470903
autoif,llama_31_8B_instruct,20.0,dataset_autoif_attack_autoif_helper_qwen25_14b_instruct_lm_target_llama_31_8B_instruct_judge_autoif_20_calibration_lpb_unified_aht_v1,0.9,Information-gain,Information-gain,False,50.0,50,0.9009666693210602,4.451812712270295e-05,4.456221415652776e-05,0.000966669321060154,4.88629334449768,,20.123478984594204,,8.665032038150463e-08,0.48,,0.00028808248812748277,0.0002825843528898702,0.15453256951530742,0.15769526408949722
autoif,llama_31_8B_instruct,20.0,dataset_autoif_attack_autoif_helper_qwen25_14b_instruct_lm_target_llama_31_8B_instruct_judge_autoif_20_calibration_lpb_unified_aht_v1,0.9,Information-gain,Information-gain,False,100.0,50,0.9010400032997131,4.4991555176827826e-05,4.5173330936705403e-05,0.0010400032997130992,4.8834333419799805,,20.106036227208754,,4.628174564270056e-08,0.52,,0.00028808248812748277,0.0002825843528898702,0.15617594623425388,0.1598578635891794
autoif,llama_31_8B_instruct,20.0,dataset_autoif_attack_autoif_helper_qwen25_14b_instruct_lm_target_llama_31_8B_instruct_judge_autoif_20_calibration_lpb_unified_aht_v1,0.9,Information-gain,Information-gain,False,200.0,50,0.9009733366966247,4.462965006718947e-05,4.468444139084198e-05,0.0009733366966246937,4.886346673965454,,20.128015324007457,,3.3529512993229415e-17,0.4,,0.00028808248812748277,0.0002825843528898702,0.15491969108320072,0.1581277977137558
autoif,llama_31_8B_instruct,20.0,dataset_autoif_attack_autoif_helper_qwen25_14b_instruct_lm_target_llama_31_8B_instruct_judge_autoif_20_calibration_lpb_unified_aht_v1,0.9,Information-gain,Information-gain + CRC,True,50.0,50,0.9016600024700164,3.0940969913007655e-05,3.307775871520822e-05,0.0016600024700164084,4.870359973907471,,18.940222024140336,,4.211169184330373e-06,0.8,1.0,0.00028808248812748277,0.0002825843528898702,0.10740316120609039,0.11705445958679604
autoif,llama_31_8B_instruct,20.0,dataset_autoif_attack_autoif_helper_qwen25_14b_instruct_lm_target_llama_31_8B_instruct_judge_autoif_20_calibration_lpb_unified_aht_v1,0.9,Information-gain,Information-gain + CRC,True,100.0,50,0.9016399991512298,3.7990191670376565e-05,3.9919985053003544e-05,0.0016399991512298095,4.857966661453247,,19.618535213196505,,4.632149164429149e-06,0.68,1.0,0.00028808248812748277,0.0002825843528898702,0.13187261717055526,0.14126749993323695
autoif,llama_31_8B_instruct,20.0,dataset_autoif_attack_autoif_helper_qwen25_14b_instruct_lm_target_llama_31_8B_instruct_judge_autoif_20_calibration_lpb_unified_aht_v1,0.9,Information-gain,Information-gain + CRC,True,200.0,50,0.9016800010204316,4.151005923391024e-05,4.3502261477882875e-05,0.0016800010204315319,4.858479995727539,,19.914339265345035,,9.001868929515152e-06,0.64,1.0,0.00028808248812748277,0.0002825843528898702,0.14409088002440862,0.15394433921412745
autoif,llama_31_8B_instruct,20.0,dataset_autoif_attack_autoif_helper_qwen25_14b_instruct_lm_target_llama_31_8B_instruct_judge_autoif_20_calibration_lpb_unified_aht_v1,0.9,Oracle,Oracle,False,,50,0.9013266706466675,3.962577570409339e-05,4.0593315194740516e-05,0.0013266706466674716,4.872166662216187,,126.15182666666665,,,,,0.00028808248812748277,0.0002825843528898702,0.13755010226986833,0.14365025798353628
autoif,llama_31_8B_instruct,20.0,dataset_autoif_attack_autoif_helper_qwen25_14b_instruct_lm_target_llama_31_8B_instruct_judge_autoif_20_calibration_lpb_unified_aht_v1,0.9,Residual,Residual,False,50.0,50,0.9009933364391327,4.478679131086581e-05,4.487777276595721e-05,0.000993336439132686,4.886213340759277,,20.111735786642488,,3.364555103660097e-17,0.5,,0.00028808248812748277,0.0002825843528898702,0.155465164168697,0.15881195227906741
autoif,llama_31_8B_instruct,20.0,dataset_autoif_attack_autoif_helper_qwen25_14b_instruct_lm_target_llama_31_8B_instruct_judge_autoif_20_calibration_lpb_unified_aht_v1,0.9,Residual,Residual,False,100.0,50,0.9009733366966247,4.462965006718947e-05,4.468444139084198e-05,0.0009733366966246937,4.886346673965454,,20.096523901938735,,3.344325951973006e-17,0.52,,0.00028808248812748277,0.0002825843528898702,0.15491969108320072,0.1581277977137558
autoif,llama_31_8B_instruct,20.0,dataset_autoif_attack_autoif_helper_qwen25_14b_instruct_lm_target_llama_31_8B_instruct_judge_autoif_20_calibration_lpb_unified_aht_v1,0.9,Residual,Residual,False,200.0,50,0.9009733366966247,4.462965006718947e-05,4.468444139084198e-05,0.0009733366966246937,4.886346673965454,,20.124383752284725,,3.355442886506428e-17,0.4,,0.00028808248812748277,0.0002825843528898702,0.15491969108320072,0.1581277977137558
autoif,llama_31_8B_instruct,20.0,dataset_autoif_attack_autoif_helper_qwen25_14b_instruct_lm_target_llama_31_8B_instruct_judge_autoif_20_calibration_lpb_unified_aht_v1,0.9,Residual,Residual + CRC,True,50.0,50,0.9016266679763794,3.455163766870089e-05,3.650665362070498e-05,0.0016266679763793368,4.867593307495117,,18.941661654390046,,4.060083755527391e-06,0.82,1.0,0.00028808248812748277,0.0002825843528898702,0.11993661222965778,0.12918851750766427
autoif,llama_31_8B_instruct,20.0,dataset_autoif_attack_autoif_helper_qwen25_14b_instruct_lm_target_llama_31_8B_instruct_judge_autoif_20_calibration_lpb_unified_aht_v1,0.9,Residual,Residual + CRC,True,100.0,50,0.9014266657829285,4.3460473458614044e-05,4.462663924562054e-05,0.0014266657829284934,4.868779983520508,,19.62465543104699,,4.5269084523429395e-06,0.7,1.0,0.00028808248812748277,0.0002825843528898702,0.15086121249890705,0.15792324942709263
autoif,llama_31_8B_instruct,20.0,dataset_autoif_attack_autoif_helper_qwen25_14b_instruct_lm_target_llama_31_8B_instruct_judge_autoif_20_calibration_lpb_unified_aht_v1,0.9,Residual,Residual + CRC,True,200.0,50,0.9015866684913635,4.1217978263420806e-05,4.291113559963809e-05,0.0015866684913634632,4.862346649169922,,19.917225930769433,,8.920317186529033e-06,0.64,1.0,0.00028808248812748277,0.0002825843528898702,0.14307700038046378,0.1518524828455791
autoif,llama_31_8B_instruct,20.0,dataset_autoif_attack_autoif_helper_qwen25_14b_instruct_lm_target_llama_31_8B_instruct_judge_autoif_20_calibration_lpb_unified_aht_v1,0.9,Soft-prefix,Soft-prefix,False,50.0,50,0.9009266698360443,4.4418536974550485e-05,4.438888322009379e-05,0.0009266698360442804,4.889126672744751,,20.092514712761865,,3.4266929047374916e-17,0.46,,0.00028808248812748277,0.0002825843528898702,0.1541868694042045,0.15708188640364382
autoif,llama_31_8B_instruct,20.0,dataset_autoif_attack_autoif_helper_qwen25_14b_instruct_lm_target_llama_31_8B_instruct_judge_autoif_20_calibration_lpb_unified_aht_v1,0.9,Soft-prefix,Soft-prefix,False,100.0,50,0.9009266698360443,4.4418536974550485e-05,4.438888322009379e-05,0.0009266698360442804,4.889126672744751,,20.099853479750553,,3.4234866793288656e-17,0.5,,0.00028808248812748277,0.0002825843528898702,0.1541868694042045,0.15708188640364382
autoif,llama_31_8B_instruct,20.0,dataset_autoif_attack_autoif_helper_qwen25_14b_instruct_lm_target_llama_31_8B_instruct_judge_autoif_20_calibration_lpb_unified_aht_v1,0.9,Soft-prefix,Soft-prefix,False,200.0,50,0.9009266698360443,4.4418536974550485e-05,4.438888322009379e-05,0.0009266698360442804,4.889126672744751,,20.090051585279447,,3.447671530981072e-17,0.44,,0.00028808248812748277,0.0002825843528898702,0.1541868694042045,0.15708188640364382
autoif,llama_31_8B_instruct,20.0,dataset_autoif_attack_autoif_helper_qwen25_14b_instruct_lm_target_llama_31_8B_instruct_judge_autoif_20_calibration_lpb_unified_aht_v1,0.9,Soft-prefix,Soft-prefix + CRC,True,50.0,50,0.9014200019836426,3.977691668127374e-05,4.099778398119704e-05,0.0014200019836425604,4.87197998046875,,18.991762202088115,,3.998319481420903e-06,0.8,1.0,0.00028808248812748277,0.0002825843528898702,0.1380747470622775,0.14508157851604347
autoif,llama_31_8B_instruct,20.0,dataset_autoif_attack_autoif_helper_qwen25_14b_instruct_lm_target_llama_31_8B_instruct_judge_autoif_20_calibration_lpb_unified_aht_v1,0.9,Soft-prefix,Soft-prefix + CRC,True,100.0,50,0.9015133333206177,4.1751533346572846e-05,4.3206680418932995e-05,0.0015133333206176491,4.864426651000977,,19.64306239683004,,4.421528899424159e-06,0.72,1.0,0.00028808248812748277,0.0002825843528898702,0.14492909172631446,0.15289834690801743
autoif,llama_31_8B_instruct,20.0,dataset_autoif_attack_autoif_helper_qwen25_14b_instruct_lm_target_llama_31_8B_instruct_judge_autoif_20_calibration_lpb_unified_aht_v1,0.9,Soft-prefix,Soft-prefix + CRC,True,200.0,50,0.9014400029182434,4.54078993056626e-05,4.657334972409879e-05,0.0014400029182434215,4.869473314285278,,19.86826183013777,,9.091395908154742e-06,0.7,1.0,0.00028808248812748277,0.0002825843528898702,0.15762117163320463,0.16481220296811525
autoif,llama_31_8B_instruct,20.0,dataset_autoif_attack_autoif_helper_qwen25_14b_instruct_lm_target_llama_31_8B_instruct_judge_autoif_20_calibration_lpb_unified_aht_v1,0.9,Static,Static,False,,50,0.9005133366584778,0.00028808248812748277,0.0002825843528898702,0.0005133366584777477,4.9739000034332275,,13.025899169870666,,0.00025282843751342997,1.0,,0.00028808248812748277,0.0002825843528898702,1.0,1.0
autoif,qwen25_14b_instruct,10.0,dataset_autoif_attack_autoif_helper_qwen25_14b_instruct_lm_target_qwen25_14b_instruct_judge_autoif_10_calibration_lpb_unified_aht_v1,0.9,Endpoint/block,Endpoint/block,False,,50,0.8991066634654998,0.0005719974425985068,0.0005613555439104094,-0.0008933365345001887,4.298933320045471,,9.503528781735376,,0.00034199407815833005,1.0,,0.0006962188659452719,0.000689228938679477,0.8215770508055581,0.8144689121526648
autoif,qwen25_14b_instruct,10.0,dataset_autoif_attack_autoif_helper_qwen25_14b_instruct_lm_target_qwen25_14b_instruct_judge_autoif_10_calibration_lpb_unified_aht_v1,0.9,Endpoint/block,Endpoint/block + CRC,True,50.0,50,0.8799533319473266,0.0028281092683152672,0.0031734159829630367,-0.02004666805267341,6.113699960708618,,2.3472883122185504,,0.0030925031505276437,1.0,1.0,0.0006962188659452719,0.000689228938679477,4.062098007751456,4.604298811136862
autoif,qwen25_14b_instruct,10.0,dataset_autoif_attack_autoif_helper_qwen25_14b_instruct_lm_target_qwen25_14b_instruct_judge_autoif_10_calibration_lpb_unified_aht_v1,0.9,Endpoint/block,Endpoint/block + CRC,True,100.0,50,0.896953330039978,0.0006356554340064295,0.0006322245231716013,-0.003046669960022008,4.450059990882874,,6.1125085976144335,,0.0008086134454173581,1.0,1.0,0.0006962188659452719,0.000689228938679477,0.9130109296067205,0.9172924810483251
autoif,qwen25_14b_instruct,10.0,dataset_autoif_attack_autoif_helper_qwen25_14b_instruct_lm_target_qwen25_14b_instruct_judge_autoif_10_calibration_lpb_unified_aht_v1,0.9,Endpoint/block,Endpoint/block + CRC,True,200.0,50,0.8948933327198029,0.0005953627031984466,0.000609533499845114,-0.0051066672801971524,4.563173317909241,,8.018463157672608,,0.0007862319229482459,1.0,1.0,0.0006962188659452719,0.000689228938679477,0.8551372740957104,0.8843701499431308
autoif,qwen25_14b_instruct,10.0,dataset_autoif_attack_autoif_helper_qwen25_14b_instruct_lm_target_qwen25_14b_instruct_judge_autoif_10_calibration_lpb_unified_aht_v1,0.9,Information-gain,Information-gain,False,50.0,50,0.8996266651153565,7.924095153564587e-05,7.77955114410248e-05,-0.00037333488464352804,4.1012266778945925,,10.015294766209395,,1.7351894309664857e-06,0.46,,0.0006962188659452719,0.000689228938679477,0.11381615094279103,0.11287325165144185
autoif,qwen25_14b_instruct,10.0,dataset_autoif_attack_autoif_helper_qwen25_14b_instruct_lm_target_qwen25_14b_instruct_judge_autoif_10_calibration_lpb_unified_aht_v1,0.9,Information-gain,Information-gain,False,100.0,50,0.8987599968910217,9.348766768281935e-05,9.315552203943882e-05,-0.001240003108978316,4.16952000617981,,10.037589581828287,,7.501258250457651e-06,0.48,,0.0006962188659452719,0.000689228938679477,0.1342791358517541,0.1351590405038991
autoif,qwen25_14b_instruct,10.0,dataset_autoif_attack_autoif_helper_qwen25_14b_instruct_lm_target_qwen25_14b_instruct_judge_autoif_10_calibration_lpb_unified_aht_v1,0.9,Information-gain,Information-gain,False,200.0,50,0.8973400032520295,0.0001227005520388749,0.00012732212369731156,-0.002659996747970572,4.256046681404114,,10.014703806123876,,7.207079976071324e-05,0.42,,0.0006962188659452719,0.000689228938679477,0.1762384762042919,0.18473125046265967
autoif,qwen25_14b_instruct,10.0,dataset_autoif_attack_autoif_helper_qwen25_14b_instruct_lm_target_qwen25_14b_instruct_judge_autoif_10_calibration_lpb_unified_aht_v1,0.9,Information-gain,Information-gain + CRC,True,50.0,50,0.8992333340644837,7.455439618200099e-05,7.365108491504218e-05,-0.0007666659355163308,4.124200010299683,,9.368784831033127,,1.156326869322455e-05,0.86,1.0,0.0006962188659452719,0.000689228938679477,0.10708471118601018,0.10686011683745233
autoif,qwen25_14b_instruct,10.0,dataset_autoif_attack_autoif_helper_qwen25_14b_instruct_lm_target_qwen25_14b_instruct_judge_autoif_10_calibration_lpb_unified_aht_v1,0.9,Information-gain,Information-gain + CRC,True,100.0,50,0.8993599998950959,7.722825375046206e-05,7.609328880973022e-05,-0.0006400001049041704,4.1320400094985965,,9.781116662198137,,1.3931193806948469e-05,0.74,1.0,0.0006962188659452719,0.000689228938679477,0.11092525285939721,0.11040350243493922
autoif,qwen25_14b_instruct,10.0,dataset_autoif_attack_autoif_helper_qwen25_14b_instruct_lm_target_qwen25_14b_instruct_judge_autoif_10_calibration_lpb_unified_aht_v1,0.9,Information-gain,Information-gain + CRC,True,200.0,50,0.8971799993515015,0.00013126623253202532,0.0001365933115389171,-0.002820000648498522,4.280833349227906,,9.823527322293653,,7.981527698798402e-05,1.0,1.0,0.0006962188659452719,0.000689228938679477,0.18854161952908619,0.19818278640566375
autoif,qwen25_14b_instruct,10.0,dataset_autoif_attack_autoif_helper_qwen25_14b_instruct_lm_target_qwen25_14b_instruct_judge_autoif_10_calibration_lpb_unified_aht_v1,0.9,Oracle,Oracle,False,,50,0.9001866650581359,7.681252820539293e-05,7.531112148521396e-05,0.00018666505813591527,4.062933344841003,,123.59953999999999,,,,,0.0006962188659452719,0.000689228938679477,0.110328133813356,0.10926865843663752
autoif,qwen25_14b_instruct,10.0,dataset_autoif_attack_autoif_helper_qwen25_14b_instruct_lm_target_qwen25_14b_instruct_judge_autoif_10_calibration_lpb_unified_aht_v1,0.9,Residual,Residual,False,50.0,50,0.8997133314609528,7.637642723985621e-05,7.493107754633859e-05,-0.0002866685390472412,4.085013337135315,,9.994881719659766,,3.0181659396328977e-07,0.48,,0.0006962188659452719,0.000689228938679477,0.10970174894091418,0.10871725393582897
autoif,qwen25_14b_instruct,10.0,dataset_autoif_attack_autoif_helper_qwen25_14b_instruct_lm_target_qwen25_14b_instruct_judge_autoif_10_calibration_lpb_unified_aht_v1,0.9,Residual,Residual,False,100.0,50,0.8992133295536041,8.456131066782787e-05,8.348893484570402e-05,-0.0007866704463959096,4.1333866739273075,,10.025545444173133,,3.4409196248185104e-06,0.5,,0.0006962188659452719,0.000689228938679477,0.12145794204099465,0.12113382094150606
autoif,qwen25_14b_instruct,10.0,dataset_autoif_attack_autoif_helper_qwen25_14b_instruct_lm_target_qwen25_14b_instruct_judge_autoif_10_calibration_lpb_unified_aht_v1,0.9,Residual,Residual,False,200.0,50,0.8973933303356171,0.00011213011248528793,0.00011668223697479651,-0.0026066696643829435,4.258206672668457,,10.007493258600096,,5.959515056042603e-05,0.48,,0.0006962188659452719,0.000689228938679477,0.16105583742412147,0.16929387381550312
autoif,qwen25_14b_instruct,10.0,dataset_autoif_attack_autoif_helper_qwen25_14b_instruct_lm_target_qwen25_14b_instruct_judge_autoif_10_calibration_lpb_unified_aht_v1,0.9,Residual,Residual + CRC,True,50.0,50,0.8992733347415924,7.644752885373927e-05,7.544662067444109e-05,-0.0007266652584075883,4.128253335952759,,9.389710238628357,,7.97539551981891e-06,0.84,1.0,0.0006962188659452719,0.000689228938679477,0.10980387431751759,0.10946525376458
autoif,qwen25_14b_instruct,10.0,dataset_autoif_attack_autoif_helper_qwen25_14b_instruct_lm_target_qwen25_14b_instruct_judge_autoif_10_calibration_lpb_unified_aht_v1,0.9,Residual,Residual + CRC,True,100.0,50,0.8996199989318847,7.908394397811573e-05,7.764666591032216e-05,-0.00038000106811530987,4.106233353614807,,9.763973546970094,,1.200928630606779e-05,0.78,1.0,0.0006962188659452719,0.000689228938679477,0.11359063628754398,0.11265729216055366
autoif,qwen25_14b_instruct,10.0,dataset_autoif_attack_autoif_helper_qwen25_14b_instruct_lm_target_qwen25_14b_instruct_judge_autoif_10_calibration_lpb_unified_aht_v1,0.9,Residual,Residual + CRC,True,200.0,50,0.8980066645145416,0.0001283196692890872,0.0001297266622608931,-0.001993335485458436,4.230900001525879,,9.819527081042883,,6.829720581062503e-05,1.0,1.0,0.0006962188659452719,0.000689228938679477,0.18430938253140372,0.1882199875551394
autoif,qwen25_14b_instruct,10.0,dataset_autoif_attack_autoif_helper_qwen25_14b_instruct_lm_target_qwen25_14b_instruct_judge_autoif_10_calibration_lpb_unified_aht_v1,0.9,Soft-prefix,Soft-prefix,False,50.0,50,0.8996066653728485,7.936368213433211e-05,7.793112062056192e-05,-0.00039333462715152034,4.096833357810974,,10.013400457098815,,2.890547852331466e-06,0.44,,0.0006962188659452719,0.000689228938679477,0.11399243257589445,0.1130700065639633
autoif,qwen25_14b_instruct,10.0,dataset_autoif_attack_autoif_helper_qwen25_14b_instruct_lm_target_qwen25_14b_instruct_judge_autoif_10_calibration_lpb_unified_aht_v1,0.9,Soft-prefix,Soft-prefix,False,100.0,50,0.8996733355522156,8.190694189534869e-05,8.0375512718888e-05,-0.0003266644477843972,4.111206669807434,,10.018041981955962,,1.405171440010704e-05,0.48,,0.0006962188659452719,0.000689228938679477,0.11764539270871639,0.11661656701891082
autoif,qwen25_14b_instruct,10.0,dataset_autoif_attack_autoif_helper_qwen25_14b_instruct_lm_target_qwen25_14b_instruct_judge_autoif_10_calibration_lpb_unified_aht_v1,0.9,Soft-prefix,Soft-prefix,False,200.0,50,0.898166663646698,0.00014689452887577041,0.00014731776048259378,-0.001833336353302073,4.233073291778564,,10.021214379712497,,8.720600928391918e-05,0.44,,0.0006962188659452719,0.000689228938679477,0.21098900943502646,0.21374285410134714
autoif,qwen25_14b_instruct,10.0,dataset_autoif_attack_autoif_helper_qwen25_14b_instruct_lm_target_qwen25_14b_instruct_judge_autoif_10_calibration_lpb_unified_aht_v1,0.9,Soft-prefix,Soft-prefix + CRC,True,50.0,50,0.8992533326148987,7.588913457794303e-05,7.492886407035826e-05,-0.0007466673851013184,4.119440035820007,,9.440137390924441,,7.947833024776241e-06,0.86,1.0,0.0006962188659452719,0.000689228938679477,0.10900183590243084,0.10871404241081005
autoif,qwen25_14b_instruct,10.0,dataset_autoif_attack_autoif_helper_qwen25_14b_instruct_lm_target_qwen25_14b_instruct_judge_autoif_10_calibration_lpb_unified_aht_v1,0.9,Soft-prefix,Soft-prefix + CRC,True,100.0,50,0.8994533324241638,8.920974451313538e-05,8.77243950613433e-05,-0.0005466675758362127,4.129686684608459,,9.735891927331217,,1.5681781564903116e-05,0.8,1.0,0.0006962188659452719,0.000689228938679477,0.12813462673409937,0.12727903623637482
autoif,qwen25_14b_instruct,10.0,dataset_autoif_attack_autoif_helper_qwen25_14b_instruct_lm_target_qwen25_14b_instruct_judge_autoif_10_calibration_lpb_unified_aht_v1,0.9,Soft-prefix,Soft-prefix + CRC,True,200.0,50,0.8981199991703034,0.00014155438931483876,0.00014225770464820216,-0.0018800008296966375,4.231406674385071,,9.833912312687353,,9.673026021051561e-05,1.0,1.0,0.0006962188659452719,0.000689228938679477,0.20331880711483907,0.206401235735632
autoif,qwen25_14b_instruct,10.0,dataset_autoif_attack_autoif_helper_qwen25_14b_instruct_lm_target_qwen25_14b_instruct_judge_autoif_10_calibration_lpb_unified_aht_v1,0.9,Static,Static,False,,50,0.8973666656017304,0.0006962188659452719,0.000689228938679477,-0.0026333343982696267,4.452899994850159,,6.437805710806549,,0.000529046998405488,1.0,,0.0006962188659452719,0.000689228938679477,1.0,1.0
autoif,qwen25_14b_instruct,20.0,dataset_autoif_attack_autoif_helper_qwen25_14b_instruct_lm_target_qwen25_14b_instruct_judge_autoif_20_calibration_lpb_unified_aht_v1,0.9,Endpoint/block,Endpoint/block,False,,50,0.8996933305263519,0.0001867339333913987,0.00018309330088963835,-0.0003066694736481024,4.155306677818299,,19.007057563470752,,0.000153353399088934,1.0,,0.0004049046576723502,0.00039692216721667277,0.46118000831322675,0.4612826292205821
autoif,qwen25_14b_instruct,20.0,dataset_autoif_attack_autoif_helper_qwen25_14b_instruct_lm_target_qwen25_14b_instruct_judge_autoif_20_calibration_lpb_unified_aht_v1,0.9,Endpoint/block,Endpoint/block + CRC,True,50.0,50,0.8967599964141846,0.0003987483779882244,0.0004012710336645571,-0.003240003585815443,4.379853324890137,,13.097718644713062,,0.00026830498224739396,1.0,1.0,0.0004049046576723502,0.00039692216721667277,0.9847957301367783,1.0109564715883212
autoif,qwen25_14b_instruct,20.0,dataset_autoif_attack_autoif_helper_qwen25_14b_instruct_lm_target_qwen25_14b_instruct_judge_autoif_20_calibration_lpb_unified_aht_v1,0.9,Endpoint/block,Endpoint/block + CRC,True,100.0,50,0.8997599959373475,0.00029351041376680725,0.0002876978074415607,-0.00024000406265256569,4.182400012016297,,16.34182824445824,,0.00020677961033375406,1.0,1.0,0.0004049046576723502,0.00039692216721667277,0.7248877191339117,0.724821718723791
autoif,qwen25_14b_instruct,20.0,dataset_autoif_attack_autoif_helper_qwen25_14b_instruct_lm_target_qwen25_14b_instruct_judge_autoif_20_calibration_lpb_unified_aht_v1,0.9,Endpoint/block,Endpoint/block + CRC,True,200.0,50,0.8993133294582367,0.0002681560633984416,0.0002632644585633984,-0.0006866705417633012,4.210699987411499,,18.131590193529462,,0.00019998143399251798,0.96,1.0,0.0004049046576723502,0.00039692216721667277,0.662269643772372,0.6632646909329379
autoif,qwen25_14b_instruct,20.0,dataset_autoif_attack_autoif_helper_qwen25_14b_instruct_lm_target_qwen25_14b_instruct_judge_autoif_20_calibration_lpb_unified_aht_v1,0.9,Information-gain,Information-gain,False,50.0,50,0.899673330783844,7.670514236427349e-05,7.527775229377204e-05,-0.00032666921615598365,4.090246677398682,,20.074428491945877,,1.8755133243065042e-08,0.46,,0.0004049046576723502,0.00039692216721667277,0.1894400099154786,0.1896536865694358
autoif,qwen25_14b_instruct,20.0,dataset_autoif_attack_autoif_helper_qwen25_14b_instruct_lm_target_qwen25_14b_instruct_judge_autoif_20_calibration_lpb_unified_aht_v1,0.9,Information-gain,Information-gain,False,100.0,50,0.8996533298492432,7.679344899576782e-05,7.537776020927827e-05,-0.0003466701507568448,4.091813344955444,,20.099811939572923,,6.119854643279509e-09,0.42,,0.0004049046576723502,0.00039692216721667277,0.1896581023227183,0.18990564507356145
autoif,qwen25_14b_instruct,20.0,dataset_autoif_attack_autoif_helper_qwen25_14b_instruct_lm_target_qwen25_14b_instruct_judge_autoif_20_calibration_lpb_unified_aht_v1,0.9,Information-gain,Information-gain,False,200.0,50,0.8996266639232635,7.679199030365469e-05,7.539553032377459e-05,-0.0003733360767365079,4.092813339233398,,20.083338344174322,,3.477360522986651e-17,0.46,,0.0004049046576723502,0.00039692216721667277,0.18965449976570767,0.1899504148444738
autoif,qwen25_14b_instruct,20.0,dataset_autoif_attack_autoif_helper_qwen25_14b_instruct_lm_target_qwen25_14b_instruct_judge_autoif_20_calibration_lpb_unified_aht_v1,0.9,Information-gain,Information-gain + CRC,True,50.0,50,0.8997066652774811,7.490090563261495e-05,7.348893277939792e-05,-0.000293334722518912,4.0961933517456055,,18.627974511756012,,5.4348832900668965e-06,0.84,1.0,0.0004049046576723502,0.00039692216721667277,0.18498405541490445,0.18514696040970072
autoif,qwen25_14b_instruct,20.0,dataset_autoif_attack_autoif_helper_qwen25_14b_instruct_lm_target_qwen25_14b_instruct_judge_autoif_20_calibration_lpb_unified_aht_v1,0.9,Information-gain,Information-gain + CRC,True,100.0,50,0.8997333359718322,6.944218730951675e-05,6.812445326724507e-05,-0.00026666402816777346,4.0879399824142455,,19.61876345041555,,4.383834212774861e-06,0.62,1.0,0.0004049046576723502,0.00039692216721667277,0.171502564847524,0.17163176787265988
autoif,qwen25_14b_instruct,20.0,dataset_autoif_attack_autoif_helper_qwen25_14b_instruct_lm_target_qwen25_14b_instruct_judge_autoif_20_calibration_lpb_unified_aht_v1,0.9,Information-gain,Information-gain + CRC,True,200.0,50,0.8994133341312408,7.018394158809486e-05,6.912443959789994e-05,-0.0005866658687592174,4.109400024414063,,19.86768912335282,,8.453695222581176e-06,0.62,1.0,0.0004049046576723502,0.00039692216721667277,0.1733344881522402,0.17415111905343933
autoif,qwen25_14b_instruct,20.0,dataset_autoif_attack_autoif_helper_qwen25_14b_instruct_lm_target_qwen25_14b_instruct_judge_autoif_20_calibration_lpb_unified_aht_v1,0.9,Oracle,Oracle,False,,50,0.9001866650581359,7.681252820539293e-05,7.531112148521396e-05,0.00018666505813591527,4.062933344841003,,123.59953999999999,,,,,0.0004049046576723502,0.00039692216721667277,0.1897052225750137,0.1897377564304766
autoif,qwen25_14b_instruct,20.0,dataset_autoif_attack_autoif_helper_qwen25_14b_instruct_lm_target_qwen25_14b_instruct_judge_autoif_20_calibration_lpb_unified_aht_v1,0.9,Residual,Residual,False,50.0,50,0.8996533298492432,7.643063951828639e-05,7.502220692134647e-05,-0.0003466701507568448,4.091346673965454,,20.031018561953825,,3.409740786016376e-17,0.54,,0.0004049046576723502,0.00039692216721667277,0.1887620655135418,0.18900986923311133
autoif,qwen25_14b_instruct,20.0,dataset_autoif_attack_autoif_helper_qwen25_14b_instruct_lm_target_qwen25_14b_instruct_judge_autoif_20_calibration_lpb_unified_aht_v1,0.9,Residual,Residual,False,100.0,50,0.8996266639232635,7.679199030365469e-05,7.539553032377459e-05,-0.0003733360767365079,4.092033338546753,,20.078239569101008,,3.402556705525386e-17,0.46,,0.0004049046576723502,0.00039692216721667277,0.18965449976570767,0.1899504148444738
autoif,qwen25_14b_instruct,20.0,dataset_autoif_attack_autoif_helper_qwen25_14b_instruct_lm_target_qwen25_14b_instruct_judge_autoif_20_calibration_lpb_unified_aht_v1,0.9,Residual,Residual,False,200.0,50,0.8996266639232635,7.679199030365469e-05,7.539553032377459e-05,-0.0003733360767365079,4.092813339233398,,20.077134243578584,,3.5035332166286385e-17,0.46,,0.0004049046576723502,0.00039692216721667277,0.18965449976570767,0.1899504148444738
autoif,qwen25_14b_instruct,20.0,dataset_autoif_attack_autoif_helper_qwen25_14b_instruct_lm_target_qwen25_14b_instruct_judge_autoif_20_calibration_lpb_unified_aht_v1,0.9,Residual,Residual + CRC,True,50.0,50,0.8996066629886628,7.008934744303678e-05,6.884227449866385e-05,-0.00039333701133725807,4.097933373451233,,18.63669211149014,,5.11244868779095e-06,0.86,1.0,0.0004049046576723502,0.00039692216721667277,0.1731008673645667,0.17344023636020325
autoif,qwen25_14b_instruct,20.0,dataset_autoif_attack_autoif_helper_qwen25_14b_instruct_lm_target_qwen25_14b_instruct_judge_autoif_20_calibration_lpb_unified_aht_v1,0.9,Residual,Residual + CRC,True,100.0,50,0.8996266686916351,6.804825487557206e-05,6.682666604386608e-05,-0.00037333130836492145,4.094046669006348,,19.570461749078476,,4.401828970109452e-06,0.68,1.0,0.0004049046576723502,0.00039692216721667277,0.16805994593086865,0.16836214140538688
autoif,qwen25_14b_instruct,20.0,dataset_autoif_attack_autoif_helper_qwen25_14b_instruct_lm_target_qwen25_14b_instruct_judge_autoif_20_calibration_lpb_unified_aht_v1,0.9,Residual,Residual + CRC,True,200.0,50,0.8992866659164429,6.947394557139052e-05,6.859331217472703e-05,-0.0007133340835571156,4.114393334388733,,19.865326300239495,,8.4025724971353e-06,0.62,1.0,0.0004049046576723502,0.00039692216721667277,0.17158099877331862,0.1728130042615714
autoif,qwen25_14b_instruct,20.0,dataset_autoif_attack_autoif_helper_qwen25_14b_instruct_lm_target_qwen25_14b_instruct_judge_autoif_20_calibration_lpb_unified_aht_v1,0.9,Soft-prefix,Soft-prefix,False,50.0,50,0.8996266639232635,7.679199030365469e-05,7.539553032377459e-05,-0.0003733360767365079,4.092813339233398,,20.066241230777187,,3.498922534422238e-17,0.52,,0.0004049046576723502,0.00039692216721667277,0.18965449976570767,0.1899504148444738
autoif,qwen25_14b_instruct,20.0,dataset_autoif_attack_autoif_helper_qwen25_14b_instruct_lm_target_qwen25_14b_instruct_judge_autoif_20_calibration_lpb_unified_aht_v1,0.9,Soft-prefix,Soft-prefix,False,100.0,50,0.8996266639232635,7.679199030365469e-05,7.539553032377459e-05,-0.0003733360767365079,4.092813339233398,,20.070618656002818,,3.497790156280366e-17,0.46,,0.0004049046576723502,0.00039692216721667277,0.18965449976570767,0.1899504148444738
autoif,qwen25_14b_instruct,20.0,dataset_autoif_attack_autoif_helper_qwen25_14b_instruct_lm_target_qwen25_14b_instruct_judge_autoif_20_calibration_lpb_unified_aht_v1,0.9,Soft-prefix,Soft-prefix,False,200.0,50,0.8996266639232635,7.679199030365469e-05,7.539553032377459e-05,-0.0003733360767365079,4.092813339233398,,20.09386432002084,,3.4798476199347934e-17,0.48,,0.0004049046576723502,0.00039692216721667277,0.18965449976570767,0.1899504148444738
autoif,qwen25_14b_instruct,20.0,dataset_autoif_attack_autoif_helper_qwen25_14b_instruct_lm_target_qwen25_14b_instruct_judge_autoif_20_calibration_lpb_unified_aht_v1,0.9,Soft-prefix,Soft-prefix + CRC,True,50.0,50,0.8998133325576783,7.073092424694862e-05,6.935115049603261e-05,-0.00018666744232176402,4.084066691398621,,18.75213840452487,,5.0217644526333606e-06,0.84,1.0,0.0004049046576723502,0.00039692216721667277,0.17468538063640712,0.17472229122989508
autoif,qwen25_14b_instruct,20.0,dataset_autoif_attack_autoif_helper_qwen25_14b_instruct_lm_target_qwen25_14b_instruct_judge_autoif_20_calibration_lpb_unified_aht_v1,0.9,Soft-prefix,Soft-prefix + CRC,True,100.0,50,0.8994866681098937,6.918009355802957e-05,6.806000131626902e-05,-0.0005133318901062722,4.104886655807495,,19.59483534814694,,4.389479640242816e-06,0.7,1.0,0.0004049046576723502,0.00039692216721667277,0.17085526739978935,0.17146938855424587
autoif,qwen25_14b_instruct,20.0,dataset_autoif_attack_autoif_helper_qwen25_14b_instruct_lm_target_qwen25_14b_instruct_judge_autoif_20_calibration_lpb_unified_aht_v1,0.9,Soft-prefix,Soft-prefix + CRC,True,200.0,50,0.8993133330345153,7.176606285284781e-05,7.080225311727874e-05,-0.0006866669654846946,4.115706691741943,,19.858059500393747,,8.4115498089785e-06,0.66,1.0,0.0004049046576723502,0.00039692216721667277,0.1772418802623927,0.1783781783057459
autoif,qwen25_14b_instruct,20.0,dataset_autoif_attack_autoif_helper_qwen25_14b_instruct_lm_target_qwen25_14b_instruct_judge_autoif_20_calibration_lpb_unified_aht_v1,0.9,Static,Static,False,,50,0.8996599960327148,0.0004049046576723502,0.00039692216721667277,-0.000340003967285174,4.216320004463196,,12.875611421613097,,0.0002421048838339,1.0,,0.0004049046576723502,0.00039692216721667277,1.0,1.0
hallucination3,llama_31_8B_instruct,10.0,dataset_hallucination3_attack_hallucination_attack_qwen25_14b_instruct_lm_target_llama_31_8B_instruct_judge_llm-judge_qwen25_14b_instruct_10_calibration,0.9,Endpoint/block,Endpoint/block,False,,50,0.8998333382606506,6.703062371522773e-05,6.571778737628614e-05,-0.0001666617393494274,1.1899799990653992,,8.931149786272458,,1.1756946686096884e-05,1.0,,6.096598169788165e-05,6.0191108839575367e-05,1.0994758363344257,1.0918188523730437
hallucination3,llama_31_8B_instruct,10.0,dataset_hallucination3_attack_hallucination_attack_qwen25_14b_instruct_lm_target_llama_31_8B_instruct_judge_llm-judge_qwen25_14b_instruct_10_calibration,0.9,Endpoint/block,Endpoint/block + CRC,True,50.0,50,0.8986866676807403,0.00016966619310639642,0.0001679977110250805,-0.0013133323192596746,1.2028999972343444,,2.4906498553810703,,0.00015469389664714183,1.0,1.0,6.096598169788165e-05,6.0191108839575367e-05,2.782964997548653,2.7910718752970176
hallucination3,llama_31_8B_instruct,10.0,dataset_hallucination3_attack_hallucination_attack_qwen25_14b_instruct_lm_target_llama_31_8B_instruct_judge_llm-judge_qwen25_14b_instruct_10_calibration,0.9,Endpoint/block,Endpoint/block + CRC,True,100.0,50,0.8996599960327148,0.00010815195065587775,0.00010610451434052986,-0.000340003967285174,1.1939399981498717,,6.089712712970048,,4.0031364986533574e-05,1.0,1.0,6.096598169788165e-05,6.0191108839575367e-05,1.7739721012256846,1.7627938143376858
hallucination3,llama_31_8B_instruct,10.0,dataset_hallucination3_attack_hallucination_attack_qwen25_14b_instruct_lm_target_llama_31_8B_instruct_judge_llm-judge_qwen25_14b_instruct_10_calibration,0.9,Endpoint/block,Endpoint/block + CRC,True,200.0,50,0.8998200047016144,8.891252651931515e-05,8.716667429636978e-05,-0.00017999529838563788,1.191086666584015,,7.919357732383645,,2.225423282213644e-05,1.0,1.0,6.096598169788165e-05,6.0191108839575367e-05,1.4583957158259708,1.4481652851535127
hallucination3,llama_31_8B_instruct,10.0,dataset_hallucination3_attack_hallucination_attack_qwen25_14b_instruct_lm_target_llama_31_8B_instruct_judge_llm-judge_qwen25_14b_instruct_10_calibration,0.9,Information-gain,Information-gain,False,50.0,50,0.9003599989414215,6.291087166895053e-05,6.178225347339612e-05,0.0003599989414214688,1.1869266629219055,,9.540587032423879,,2.0931614959825617e-17,0.64,,6.096598169788165e-05,6.0191108839575367e-05,1.031901232735115,1.0264348782485726
hallucination3,llama_31_8B_instruct,10.0,dataset_hallucination3_attack_hallucination_attack_qwen25_14b_instruct_lm_target_llama_31_8B_instruct_judge_llm-judge_qwen25_14b_instruct_10_calibration,0.9,Information-gain,Information-gain,False,100.0,50,0.9003599989414215,6.291087166895053e-05,6.178225347339612e-05,0.0003599989414214688,1.1869266629219055,,9.683330735956675,,1.8633712844323075e-17,0.66,,6.096598169788165e-05,6.0191108839575367e-05,1.031901232735115,1.0264348782485726
hallucination3,llama_31_8B_instruct,10.0,dataset_hallucination3_attack_hallucination_attack_qwen25_14b_instruct_lm_target_llama_31_8B_instruct_judge_llm-judge_qwen25_14b_instruct_10_calibration,0.9,Information-gain,Information-gain,False,200.0,50,0.9003599989414215,6.291087166895053e-05,6.178225347339612e-05,0.0003599989414214688,1.1869266629219055,,9.775618385551539,,1.9849203268683544e-17,0.62,,6.096598169788165e-05,6.0191108839575367e-05,1.031901232735115,1.0264348782485726
hallucination3,llama_31_8B_instruct,10.0,dataset_hallucination3_attack_hallucination_attack_qwen25_14b_instruct_lm_target_llama_31_8B_instruct_judge_llm-judge_qwen25_14b_instruct_10_calibration,0.9,Information-gain,Information-gain + CRC,True,50.0,50,0.9004333329200744,6.293087645756802e-05,6.186003634803689e-05,0.00043333292007441404,1.186733329296112,,7.789512278109372,,2.3404221833155275e-07,1.0,1.0,6.096598169788165e-05,6.0191108839575367e-05,1.032229363080274,1.0277271434375739
hallucination3,llama_31_8B_instruct,10.0,dataset_hallucination3_attack_hallucination_attack_qwen25_14b_instruct_lm_target_llama_31_8B_instruct_judge_llm-judge_qwen25_14b_instruct_10_calibration,0.9,Information-gain,Information-gain + CRC,True,100.0,50,0.9003599989414215,6.291087166895053e-05,6.178225347339612e-05,0.0003599989414214688,1.1869266629219055,,7.799102711991956,,2.0577624049167298e-17,1.0,1.0,6.096598169788165e-05,6.0191108839575367e-05,1.031901232735115,1.0264348782485726
hallucination3,llama_31_8B_instruct,10.0,dataset_hallucination3_attack_hallucination_attack_qwen25_14b_instruct_lm_target_llama_31_8B_instruct_judge_llm-judge_qwen25_14b_instruct_10_calibration,0.9,Information-gain,Information-gain + CRC,True,200.0,50,0.9003599989414215,6.291087166895053e-05,6.178225347339612e-05,0.0003599989414214688,1.1869266629219055,,7.86363209115488,,1.7990432353719322e-17,1.0,1.0,6.096598169788165e-05,6.0191108839575367e-05,1.031901232735115,1.0264348782485726
hallucination3,llama_31_8B_instruct,10.0,dataset_hallucination3_attack_hallucination_attack_qwen25_14b_instruct_lm_target_llama_31_8B_instruct_judge_llm-judge_qwen25_14b_instruct_10_calibration,0.9,Oracle,Oracle,False,,50,0.9006666684150696,6.096598169788165e-05,6.0191108839575367e-05,0.0006666684150695712,1.185759997367859,,21.013819999999996,,,,,6.096598169788165e-05,6.0191108839575367e-05,1.0,1.0
hallucination3,llama_31_8B_instruct,10.0,dataset_hallucination3_attack_hallucination_attack_qwen25_14b_instruct_lm_target_llama_31_8B_instruct_judge_llm-judge_qwen25_14b_instruct_10_calibration,0.9,Residual,Residual,False,50.0,50,0.9003599989414215,6.291087166895053e-05,6.178225347339612e-05,0.0003599989414214688,1.1869266629219055,,9.54074775627131,,2.0932049673818813e-17,0.64,,6.096598169788165e-05,6.0191108839575367e-05,1.031901232735115,1.0264348782485726
hallucination3,llama_31_8B_instruct,10.0,dataset_hallucination3_attack_hallucination_attack_qwen25_14b_instruct_lm_target_llama_31_8B_instruct_judge_llm-judge_qwen25_14b_instruct_10_calibration,0.9,Residual,Residual,False,100.0,50,0.9003599989414215,6.291087166895053e-05,6.178225347339612e-05,0.0003599989414214688,1.1869266629219055,,9.683796857138658,,1.8633712844323075e-17,0.66,,6.096598169788165e-05,6.0191108839575367e-05,1.031901232735115,1.0264348782485726
hallucination3,llama_31_8B_instruct,10.0,dataset_hallucination3_attack_hallucination_attack_qwen25_14b_instruct_lm_target_llama_31_8B_instruct_judge_llm-judge_qwen25_14b_instruct_10_calibration,0.9,Residual,Residual,False,200.0,50,0.9003599989414215,6.291087166895053e-05,6.178225347339612e-05,0.0003599989414214688,1.1869266629219055,,9.775952057450404,,1.984948255145329e-17,0.62,,6.096598169788165e-05,6.0191108839575367e-05,1.031901232735115,1.0264348782485726
hallucination3,llama_31_8B_instruct,10.0,dataset_hallucination3_attack_hallucination_attack_qwen25_14b_instruct_lm_target_llama_31_8B_instruct_judge_llm-judge_qwen25_14b_instruct_10_calibration,0.9,Residual,Residual + CRC,True,50.0,50,0.9004333329200744,6.293087645756802e-05,6.186003634803689e-05,0.00043333292007441404,1.186733329296112,,7.797076645403434,,2.3404221833155363e-07,1.0,1.0,6.096598169788165e-05,6.0191108839575367e-05,1.032229363080274,1.0277271434375739
hallucination3,llama_31_8B_instruct,10.0,dataset_hallucination3_attack_hallucination_attack_qwen25_14b_instruct_lm_target_llama_31_8B_instruct_judge_llm-judge_qwen25_14b_instruct_10_calibration,0.9,Residual,Residual + CRC,True,100.0,50,0.9003599989414215,6.291087166895053e-05,6.178225347339612e-05,0.0003599989414214688,1.1869266629219055,,7.809915657802347,,2.0578054815700854e-17,1.0,1.0,6.096598169788165e-05,6.0191108839575367e-05,1.031901232735115,1.0264348782485726
hallucination3,llama_31_8B_instruct,10.0,dataset_hallucination3_attack_hallucination_attack_qwen25_14b_instruct_lm_target_llama_31_8B_instruct_judge_llm-judge_qwen25_14b_instruct_10_calibration,0.9,Residual,Residual + CRC,True,200.0,50,0.9003599989414215,6.291087166895053e-05,6.178225347339612e-05,0.0003599989414214688,1.1869266629219055,,7.8775978144214625,,1.7990432353719322e-17,1.0,1.0,6.096598169788165e-05,6.0191108839575367e-05,1.031901232735115,1.0264348782485726
hallucination3,llama_31_8B_instruct,10.0,dataset_hallucination3_attack_hallucination_attack_qwen25_14b_instruct_lm_target_llama_31_8B_instruct_judge_llm-judge_qwen25_14b_instruct_10_calibration,0.9,Soft-prefix,Soft-prefix,False,50.0,50,0.9003599989414215,6.291087166895053e-05,6.178225347339612e-05,0.0003599989414214688,1.1869266629219055,,9.552389995635453,,2.093669435352139e-17,0.64,,6.096598169788165e-05,6.0191108839575367e-05,1.031901232735115,1.0264348782485726
hallucination3,llama_31_8B_instruct,10.0,dataset_hallucination3_attack_hallucination_attack_qwen25_14b_instruct_lm_target_llama_31_8B_instruct_judge_llm-judge_qwen25_14b_instruct_10_calibration,0.9,Soft-prefix,Soft-prefix,False,100.0,50,0.9003599989414215,6.291087166895053e-05,6.178225347339612e-05,0.0003599989414214688,1.1869266629219055,,9.703571706095506,,1.863802791114545e-17,0.66,,6.096598169788165e-05,6.0191108839575367e-05,1.031901232735115,1.0264348782485726
hallucination3,llama_31_8B_instruct,10.0,dataset_hallucination3_attack_hallucination_attack_qwen25_14b_instruct_lm_target_llama_31_8B_instruct_judge_llm-judge_qwen25_14b_instruct_10_calibration,0.9,Soft-prefix,Soft-prefix,False,200.0,50,0.9003599989414215,6.291087166895053e-05,6.178225347339612e-05,0.0003599989414214688,1.1869266629219055,,9.781218148759985,,1.985166154917629e-17,0.6,,6.096598169788165e-05,6.0191108839575367e-05,1.031901232735115,1.0264348782485726
hallucination3,llama_31_8B_instruct,10.0,dataset_hallucination3_attack_hallucination_attack_qwen25_14b_instruct_lm_target_llama_31_8B_instruct_judge_llm-judge_qwen25_14b_instruct_10_calibration,0.9,Soft-prefix,Soft-prefix + CRC,True,50.0,50,0.9004333329200744,6.293087645756802e-05,6.186003634803689e-05,0.00043333292007441404,1.186733329296112,,7.789856366409513,,2.340422183315613e-07,1.0,1.0,6.096598169788165e-05,6.0191108839575367e-05,1.032229363080274,1.0277271434375739
hallucination3,llama_31_8B_instruct,10.0,dataset_hallucination3_attack_hallucination_attack_qwen25_14b_instruct_lm_target_llama_31_8B_instruct_judge_llm-judge_qwen25_14b_instruct_10_calibration,0.9,Soft-prefix,Soft-prefix + CRC,True,100.0,50,0.9003599989414215,6.291087166895053e-05,6.178225347339612e-05,0.0003599989414214688,1.1869266629219055,,7.828149104855048,,2.058262745426494e-17,1.0,1.0,6.096598169788165e-05,6.0191108839575367e-05,1.031901232735115,1.0264348782485726
hallucination3,llama_31_8B_instruct,10.0,dataset_hallucination3_attack_hallucination_attack_qwen25_14b_instruct_lm_target_llama_31_8B_instruct_judge_llm-judge_qwen25_14b_instruct_10_calibration,0.9,Soft-prefix,Soft-prefix + CRC,True,200.0,50,0.9003599989414215,6.291087166895053e-05,6.178225347339612e-05,0.0003599989414214688,1.1869266629219055,,7.9261402959636404,,1.799457669291213e-17,1.0,1.0,6.096598169788165e-05,6.0191108839575367e-05,1.031901232735115,1.0264348782485726
hallucination3,llama_31_8B_instruct,10.0,dataset_hallucination3_attack_hallucination_attack_qwen25_14b_instruct_lm_target_llama_31_8B_instruct_judge_llm-judge_qwen25_14b_instruct_10_calibration,0.9,Static,Static,False,,50,0.9006666684150696,6.096598169788165e-05,6.0191108839575367e-05,0.0006666684150695712,1.185759997367859,,6.229223203198115,,0.0,1.0,,6.096598169788165e-05,6.0191108839575367e-05,1.0,1.0
hallucination3,llama_31_8B_instruct,20.0,dataset_hallucination3_attack_hallucination_attack_qwen25_14b_instruct_lm_target_llama_31_8B_instruct_judge_llm-judge_qwen25_14b_instruct_20_calibration,0.9,Endpoint/block,Endpoint/block,False,,50,0.9003599989414215,6.291087166895053e-05,6.178225347339612e-05,0.0003599989414214688,1.1869266629219055,,10.089346666666668,,0.0,1.0,,6.096598169788165e-05,6.0191108839575367e-05,1.031901232735115,1.0264348782485726
hallucination3,llama_31_8B_instruct,20.0,dataset_hallucination3_attack_hallucination_attack_qwen25_14b_instruct_lm_target_llama_31_8B_instruct_judge_llm-judge_qwen25_14b_instruct_20_calibration,0.9,Endpoint/block,Endpoint/block + CRC,True,50.0,50,0.8998466718196869,8.011433942128403e-05,7.853556216373651e-05,-0.0001533281803131059,1.1907666659355163,,8.523896246523215,,1.8178162921404843e-05,1.0,1.0,6.096598169788165e-05,6.0191108839575367e-05,1.314082660364472,1.304770150904742
hallucination3,llama_31_8B_instruct,20.0,dataset_hallucination3_attack_hallucination_attack_qwen25_14b_instruct_lm_target_llama_31_8B_instruct_judge_llm-judge_qwen25_14b_instruct_20_calibration,0.9,Endpoint/block,Endpoint/block + CRC,True,100.0,50,0.8997400033473969,7.669975078468483e-05,7.523335402835598e-05,-0.00025999665260312277,1.190919997692108,,8.53756724299794,,1.8034832310061706e-05,1.0,1.0,6.096598169788165e-05,6.0191108839575367e-05,1.2580745630370105,1.2499080923873993
hallucination3,llama_31_8B_instruct,20.0,dataset_hallucination3_attack_hallucination_attack_qwen25_14b_instruct_lm_target_llama_31_8B_instruct_judge_llm-judge_qwen25_14b_instruct_20_calibration,0.9,Endpoint/block,Endpoint/block + CRC,True,200.0,50,0.8998133385181427,7.93113979889491e-05,7.77600125379793e-05,-0.0001866614818573087,1.190813331604004,,8.56268398666014,,1.774264661839014e-05,1.0,1.0,6.096598169788165e-05,6.0191108839575367e-05,1.3009123412787575,1.2918853637541308
hallucination3,llama_31_8B_instruct,20.0,dataset_hallucination3_attack_hallucination_attack_qwen25_14b_instruct_lm_target_llama_31_8B_instruct_judge_llm-judge_qwen25_14b_instruct_20_calibration,0.9,Information-gain,Information-gain,False,50.0,50,0.9003599989414215,6.291087166895053e-05,6.178225347339612e-05,0.0003599989414214688,1.1869266629219055,,10.089346666666666,,0.0,1.0,,6.096598169788165e-05,6.0191108839575367e-05,1.031901232735115,1.0264348782485726
hallucination3,llama_31_8B_instruct,20.0,dataset_hallucination3_attack_hallucination_attack_qwen25_14b_instruct_lm_target_llama_31_8B_instruct_judge_llm-judge_qwen25_14b_instruct_20_calibration,0.9,Information-gain,Information-gain,False,100.0,50,0.9003599989414215,6.291087166895053e-05,6.178225347339612e-05,0.0003599989414214688,1.1869266629219055,,10.089346666666668,,0.0,1.0,,6.096598169788165e-05,6.0191108839575367e-05,1.031901232735115,1.0264348782485726
hallucination3,llama_31_8B_instruct,20.0,dataset_hallucination3_attack_hallucination_attack_qwen25_14b_instruct_lm_target_llama_31_8B_instruct_judge_llm-judge_qwen25_14b_instruct_20_calibration,0.9,Information-gain,Information-gain,False,200.0,50,0.9003599989414215,6.291087166895053e-05,6.178225347339612e-05,0.0003599989414214688,1.1869266629219055,,10.089346666666668,,0.0,1.0,,6.096598169788165e-05,6.0191108839575367e-05,1.031901232735115,1.0264348782485726
hallucination3,llama_31_8B_instruct,20.0,dataset_hallucination3_attack_hallucination_attack_qwen25_14b_instruct_lm_target_llama_31_8B_instruct_judge_llm-judge_qwen25_14b_instruct_20_calibration,0.9,Information-gain,Information-gain + CRC,True,50.0,50,0.9003599989414215,6.291087166895053e-05,6.178225347339612e-05,0.0003599989414214688,1.1869266629219055,,9.720611844394675,,0.0,1.0,1.0,6.096598169788165e-05,6.0191108839575367e-05,1.031901232735115,1.0264348782485726
hallucination3,llama_31_8B_instruct,20.0,dataset_hallucination3_attack_hallucination_attack_qwen25_14b_instruct_lm_target_llama_31_8B_instruct_judge_llm-judge_qwen25_14b_instruct_20_calibration,0.9,Information-gain,Information-gain + CRC,True,100.0,50,0.9003599989414215,6.291087166895053e-05,6.178225347339612e-05,0.0003599989414214688,1.1869266629219055,,9.822635412870246,,0.0,1.0,1.0,6.096598169788165e-05,6.0191108839575367e-05,1.031901232735115,1.0264348782485726
hallucination3,llama_31_8B_instruct,20.0,dataset_hallucination3_attack_hallucination_attack_qwen25_14b_instruct_lm_target_llama_31_8B_instruct_judge_llm-judge_qwen25_14b_instruct_20_calibration,0.9,Information-gain,Information-gain + CRC,True,200.0,50,0.9003599989414215,6.291087166895053e-05,6.178225347339612e-05,0.0003599989414214688,1.1869266629219055,,9.835874120904368,,0.0,1.0,1.0,6.096598169788165e-05,6.0191108839575367e-05,1.031901232735115,1.0264348782485726
hallucination3,llama_31_8B_instruct,20.0,dataset_hallucination3_attack_hallucination_attack_qwen25_14b_instruct_lm_target_llama_31_8B_instruct_judge_llm-judge_qwen25_14b_instruct_20_calibration,0.9,Oracle,Oracle,False,,50,0.9006666684150696,6.096598169788165e-05,6.0191108839575367e-05,0.0006666684150695712,1.185759997367859,,21.013819999999996,,,,,6.096598169788165e-05,6.0191108839575367e-05,1.0,1.0
hallucination3,llama_31_8B_instruct,20.0,dataset_hallucination3_attack_hallucination_attack_qwen25_14b_instruct_lm_target_llama_31_8B_instruct_judge_llm-judge_qwen25_14b_instruct_20_calibration,0.9,Residual,Residual,False,50.0,50,0.9003599989414215,6.291087166895053e-05,6.178225347339612e-05,0.0003599989414214688,1.1869266629219055,,10.089346666666666,,0.0,1.0,,6.096598169788165e-05,6.0191108839575367e-05,1.031901232735115,1.0264348782485726
hallucination3,llama_31_8B_instruct,20.0,dataset_hallucination3_attack_hallucination_attack_qwen25_14b_instruct_lm_target_llama_31_8B_instruct_judge_llm-judge_qwen25_14b_instruct_20_calibration,0.9,Residual,Residual,False,100.0,50,0.9003599989414215,6.291087166895053e-05,6.178225347339612e-05,0.0003599989414214688,1.1869266629219055,,10.089346666666668,,0.0,1.0,,6.096598169788165e-05,6.0191108839575367e-05,1.031901232735115,1.0264348782485726
hallucination3,llama_31_8B_instruct,20.0,dataset_hallucination3_attack_hallucination_attack_qwen25_14b_instruct_lm_target_llama_31_8B_instruct_judge_llm-judge_qwen25_14b_instruct_20_calibration,0.9,Residual,Residual,False,200.0,50,0.9003599989414215,6.291087166895053e-05,6.178225347339612e-05,0.0003599989414214688,1.1869266629219055,,10.089346666666668,,0.0,1.0,,6.096598169788165e-05,6.0191108839575367e-05,1.031901232735115,1.0264348782485726
hallucination3,llama_31_8B_instruct,20.0,dataset_hallucination3_attack_hallucination_attack_qwen25_14b_instruct_lm_target_llama_31_8B_instruct_judge_llm-judge_qwen25_14b_instruct_20_calibration,0.9,Residual,Residual + CRC,True,50.0,50,0.9003599989414215,6.291087166895053e-05,6.178225347339612e-05,0.0003599989414214688,1.1869266629219055,,9.720611844394675,,0.0,1.0,1.0,6.096598169788165e-05,6.0191108839575367e-05,1.031901232735115,1.0264348782485726
hallucination3,llama_31_8B_instruct,20.0,dataset_hallucination3_attack_hallucination_attack_qwen25_14b_instruct_lm_target_llama_31_8B_instruct_judge_llm-judge_qwen25_14b_instruct_20_calibration,0.9,Residual,Residual + CRC,True,100.0,50,0.9003599989414215,6.291087166895053e-05,6.178225347339612e-05,0.0003599989414214688,1.1869266629219055,,9.822635412870246,,0.0,1.0,1.0,6.096598169788165e-05,6.0191108839575367e-05,1.031901232735115,1.0264348782485726
hallucination3,llama_31_8B_instruct,20.0,dataset_hallucination3_attack_hallucination_attack_qwen25_14b_instruct_lm_target_llama_31_8B_instruct_judge_llm-judge_qwen25_14b_instruct_20_calibration,0.9,Residual,Residual + CRC,True,200.0,50,0.9003599989414215,6.291087166895053e-05,6.178225347339612e-05,0.0003599989414214688,1.1869266629219055,,9.835874120904368,,0.0,1.0,1.0,6.096598169788165e-05,6.0191108839575367e-05,1.031901232735115,1.0264348782485726
hallucination3,llama_31_8B_instruct,20.0,dataset_hallucination3_attack_hallucination_attack_qwen25_14b_instruct_lm_target_llama_31_8B_instruct_judge_llm-judge_qwen25_14b_instruct_20_calibration,0.9,Soft-prefix,Soft-prefix,False,50.0,50,0.9003599989414215,6.291087166895053e-05,6.178225347339612e-05,0.0003599989414214688,1.1869266629219055,,10.089346666666666,,0.0,1.0,,6.096598169788165e-05,6.0191108839575367e-05,1.031901232735115,1.0264348782485726
hallucination3,llama_31_8B_instruct,20.0,dataset_hallucination3_attack_hallucination_attack_qwen25_14b_instruct_lm_target_llama_31_8B_instruct_judge_llm-judge_qwen25_14b_instruct_20_calibration,0.9,Soft-prefix,Soft-prefix,False,100.0,50,0.9003599989414215,6.291087166895053e-05,6.178225347339612e-05,0.0003599989414214688,1.1869266629219055,,10.089346666666668,,0.0,1.0,,6.096598169788165e-05,6.0191108839575367e-05,1.031901232735115,1.0264348782485726
hallucination3,llama_31_8B_instruct,20.0,dataset_hallucination3_attack_hallucination_attack_qwen25_14b_instruct_lm_target_llama_31_8B_instruct_judge_llm-judge_qwen25_14b_instruct_20_calibration,0.9,Soft-prefix,Soft-prefix,False,200.0,50,0.9003599989414215,6.291087166895053e-05,6.178225347339612e-05,0.0003599989414214688,1.1869266629219055,,10.089346666666668,,0.0,1.0,,6.096598169788165e-05,6.0191108839575367e-05,1.031901232735115,1.0264348782485726
hallucination3,llama_31_8B_instruct,20.0,dataset_hallucination3_attack_hallucination_attack_qwen25_14b_instruct_lm_target_llama_31_8B_instruct_judge_llm-judge_qwen25_14b_instruct_20_calibration,0.9,Soft-prefix,Soft-prefix + CRC,True,50.0,50,0.9003599989414215,6.291087166895053e-05,6.178225347339612e-05,0.0003599989414214688,1.1869266629219055,,9.720611844394675,,0.0,1.0,1.0,6.096598169788165e-05,6.0191108839575367e-05,1.031901232735115,1.0264348782485726
hallucination3,llama_31_8B_instruct,20.0,dataset_hallucination3_attack_hallucination_attack_qwen25_14b_instruct_lm_target_llama_31_8B_instruct_judge_llm-judge_qwen25_14b_instruct_20_calibration,0.9,Soft-prefix,Soft-prefix + CRC,True,100.0,50,0.9003599989414215,6.291087166895053e-05,6.178225347339612e-05,0.0003599989414214688,1.1869266629219055,,9.822635412870246,,0.0,1.0,1.0,6.096598169788165e-05,6.0191108839575367e-05,1.031901232735115,1.0264348782485726
hallucination3,llama_31_8B_instruct,20.0,dataset_hallucination3_attack_hallucination_attack_qwen25_14b_instruct_lm_target_llama_31_8B_instruct_judge_llm-judge_qwen25_14b_instruct_20_calibration,0.9,Soft-prefix,Soft-prefix + CRC,True,200.0,50,0.9003599989414215,6.291087166895053e-05,6.178225347339612e-05,0.0003599989414214688,1.1869266629219055,,9.835874120904368,,0.0,1.0,1.0,6.096598169788165e-05,6.0191108839575367e-05,1.031901232735115,1.0264348782485726
hallucination3,llama_31_8B_instruct,20.0,dataset_hallucination3_attack_hallucination_attack_qwen25_14b_instruct_lm_target_llama_31_8B_instruct_judge_llm-judge_qwen25_14b_instruct_20_calibration,0.9,Static,Static,False,,50,0.9006666684150696,6.096598169788165e-05,6.0191108839575367e-05,0.0006666684150695712,1.185759997367859,,10.089346666666668,,0.0,1.0,,6.096598169788165e-05,6.0191108839575367e-05,1.0,1.0
hallucination3,mini_phi_4_instruct,10.0,dataset_hallucination3_attack_hallucination_attack_qwen25_14b_instruct_lm_target_mini_phi_4_instruct_judge_llm-judge_qwen25_14b_instruct_10_calibration,0.9,Endpoint/block,Endpoint/block,False,,50,0.905200001001358,0.00015061230779536038,0.0001746400720535775,0.005200001001357979,1.1384133386611939,,9.044975603683495,,4.285298364354542e-05,1.0,,9.567782669594397e-05,0.0001188977835361839,1.5741610464668427,1.4688252956408534
hallucination3,mini_phi_4_instruct,10.0,dataset_hallucination3_attack_hallucination_attack_qwen25_14b_instruct_lm_target_mini_phi_4_instruct_judge_llm-judge_qwen25_14b_instruct_10_calibration,0.9,Endpoint/block,Endpoint/block + CRC,True,50.0,50,0.903726669549942,0.00025235234265263154,0.00026119336173404366,0.003726669549941941,1.1417733430862427,,2.6616245139698393,,0.000243850272106316,1.0,1.0,9.567782669594397e-05,0.0001188977835361839,2.6375216846698026,2.196789157592288
hallucination3,mini_phi_4_instruct,10.0,dataset_hallucination3_attack_hallucination_attack_qwen25_14b_instruct_lm_target_mini_phi_4_instruct_judge_llm-judge_qwen25_14b_instruct_10_calibration,0.9,Endpoint/block,Endpoint/block + CRC,True,100.0,50,0.9037666690349578,0.00017343880808788316,0.00018415782754503584,0.0037666690349578147,1.141133337020874,,6.294148837473937,,8.078001418865723e-05,0.98,1.0,9.567782669594397e-05,0.0001188977835361839,1.8127377478907103,1.5488751940358205
hallucination3,mini_phi_4_instruct,10.0,dataset_hallucination3_attack_hallucination_attack_qwen25_14b_instruct_lm_target_mini_phi_4_instruct_judge_llm-judge_qwen25_14b_instruct_10_calibration,0.9,Endpoint/block,Endpoint/block + CRC,True,200.0,50,0.9066333329677582,0.0001269082348008932,0.00016837117636602243,0.006633332967758143,1.1357533407211304,,8.163899513998,,5.079970209978614e-05,0.94,1.0,9.567782669594397e-05,0.0001188977835361839,1.3264121812067997,1.4161002111093384
hallucination3,mini_phi_4_instruct,10.0,dataset_hallucination3_attack_hallucination_attack_qwen25_14b_instruct_lm_target_mini_phi_4_instruct_judge_llm-judge_qwen25_14b_instruct_10_calibration,0.9,Information-gain,Information-gain,False,50.0,50,0.9043666672706604,0.00010018255068796052,0.00011724668272685779,0.004366667270660374,1.1395000004768372,,9.964242307655002,,2.641817283451549e-17,0.5,,9.567782669594397e-05,0.0001188977835361839,1.0470822148409806,0.986113275115649
hallucination3,mini_phi_4_instruct,10.0,dataset_hallucination3_attack_hallucination_attack_qwen25_14b_instruct_lm_target_mini_phi_4_instruct_judge_llm-judge_qwen25_14b_instruct_10_calibration,0.9,Information-gain,Information-gain,False,100.0,50,0.9043666672706604,0.00010018255068796052,0.00011724668272685779,0.004366667270660374,1.1395000004768372,,10.079235313583663,,2.895302220196072e-17,0.52,,9.567782669594397e-05,0.0001188977835361839,1.0470822148409806,0.986113275115649
hallucination3,mini_phi_4_instruct,10.0,dataset_hallucination3_attack_hallucination_attack_qwen25_14b_instruct_lm_target_mini_phi_4_instruct_judge_llm-judge_qwen25_14b_instruct_10_calibration,0.9,Information-gain,Information-gain,False,200.0,50,0.9043666672706604,0.00010018255068796052,0.00011724668272685779,0.004366667270660374,1.1395000004768372,,10.056624243524814,,2.913911482475366e-17,0.54,,9.567782669594397e-05,0.0001188977835361839,1.0470822148409806,0.986113275115649
hallucination3,mini_phi_4_instruct,10.0,dataset_hallucination3_attack_hallucination_attack_qwen25_14b_instruct_lm_target_mini_phi_4_instruct_judge_llm-judge_qwen25_14b_instruct_10_calibration,0.9,Information-gain,Information-gain + CRC,True,50.0,50,0.9043733334541321,8.199837570639014e-05,9.948445369329288e-05,0.0043733334541320446,1.1394000005722047,,7.519548806971247,,3.307294571702785e-07,1.0,1.0,9.567782669594397e-05,0.0001188977835361839,0.857025901800362,0.8367225253027277
hallucination3,mini_phi_4_instruct,10.0,dataset_hallucination3_attack_hallucination_attack_qwen25_14b_instruct_lm_target_mini_phi_4_instruct_judge_llm-judge_qwen25_14b_instruct_10_calibration,0.9,Information-gain,Information-gain + CRC,True,100.0,50,0.9043666672706604,0.00010018255068796052,0.00011724668272685779,0.004366667270660374,1.1395000004768372,,7.481100074708587,,2.5907538830299222e-17,1.0,1.0,9.567782669594397e-05,0.0001188977835361839,1.0470822148409806,0.986113275115649
hallucination3,mini_phi_4_instruct,10.0,dataset_hallucination3_attack_hallucination_attack_qwen25_14b_instruct_lm_target_mini_phi_4_instruct_judge_llm-judge_qwen25_14b_instruct_10_calibration,0.9,Information-gain,Information-gain + CRC,True,200.0,50,0.9043666672706604,0.00010018255068796052,0.00011724668272685779,0.004366667270660374,1.1395000004768372,,7.730635971614571,,2.7938433788676774e-17,1.0,1.0,9.567782669594397e-05,0.0001188977835361839,1.0470822148409806,0.986113275115649
hallucination3,mini_phi_4_instruct,10.0,dataset_hallucination3_attack_hallucination_attack_qwen25_14b_instruct_lm_target_mini_phi_4_instruct_judge_llm-judge_qwen25_14b_instruct_10_calibration,0.9,Oracle,Oracle,False,,50,0.9050133335590362,9.567782669594397e-05,0.0001188977835361839,0.005013333559036215,1.1383200001716614,,21.466986666666667,,,,,9.567782669594397e-05,0.0001188977835361839,1.0,1.0
hallucination3,mini_phi_4_instruct,10.0,dataset_hallucination3_attack_hallucination_attack_qwen25_14b_instruct_lm_target_mini_phi_4_instruct_judge_llm-judge_qwen25_14b_instruct_10_calibration,0.9,Residual,Residual,False,50.0,50,0.9043666672706604,0.00010018255068796052,0.00011724668272685779,0.004366667270660374,1.1395000004768372,,9.978125950590272,,2.644536589713198e-17,0.52,,9.567782669594397e-05,0.0001188977835361839,1.0470822148409806,0.986113275115649
hallucination3,mini_phi_4_instruct,10.0,dataset_hallucination3_attack_hallucination_attack_qwen25_14b_instruct_lm_target_mini_phi_4_instruct_judge_llm-judge_qwen25_14b_instruct_10_calibration,0.9,Residual,Residual,False,100.0,50,0.9043666672706604,0.00010018255068796052,0.00011724668272685779,0.004366667270660374,1.1395000004768372,,10.081883311811119,,2.8979047803387754e-17,0.52,,9.567782669594397e-05,0.0001188977835361839,1.0470822148409806,0.986113275115649
hallucination3,mini_phi_4_instruct,10.0,dataset_hallucination3_attack_hallucination_attack_qwen25_14b_instruct_lm_target_mini_phi_4_instruct_judge_llm-judge_qwen25_14b_instruct_10_calibration,0.9,Residual,Residual,False,200.0,50,0.9043666672706604,0.00010018255068796052,0.00011724668272685779,0.004366667270660374,1.1395000004768372,,10.055619361701263,,2.915607508511029e-17,0.54,,9.567782669594397e-05,0.0001188977835361839,1.0470822148409806,0.986113275115649
hallucination3,mini_phi_4_instruct,10.0,dataset_hallucination3_attack_hallucination_attack_qwen25_14b_instruct_lm_target_mini_phi_4_instruct_judge_llm-judge_qwen25_14b_instruct_10_calibration,0.9,Residual,Residual + CRC,True,50.0,50,0.9043733334541321,8.199837570639014e-05,9.948445369329288e-05,0.0043733334541320446,1.1394000005722047,,7.673490753072205,,4.493818847024049e-07,1.0,1.0,9.567782669594397e-05,0.0001188977835361839,0.857025901800362,0.8367225253027277
hallucination3,mini_phi_4_instruct,10.0,dataset_hallucination3_attack_hallucination_attack_qwen25_14b_instruct_lm_target_mini_phi_4_instruct_judge_llm-judge_qwen25_14b_instruct_10_calibration,0.9,Residual,Residual + CRC,True,100.0,50,0.9043666672706604,0.00010018255068796052,0.00011724668272685779,0.004366667270660374,1.1395000004768372,,7.748625801849764,,2.593423895389277e-17,1.0,1.0,9.567782669594397e-05,0.0001188977835361839,1.0470822148409806,0.986113275115649
hallucination3,mini_phi_4_instruct,10.0,dataset_hallucination3_attack_hallucination_attack_qwen25_14b_instruct_lm_target_mini_phi_4_instruct_judge_llm-judge_qwen25_14b_instruct_10_calibration,0.9,Residual,Residual + CRC,True,200.0,50,0.9043666672706604,0.00010018255068796052,0.00011724668272685779,0.004366667270660374,1.1395000004768372,,7.984419900426069,,1.8802934282135354e-08,1.0,1.0,9.567782669594397e-05,0.0001188977835361839,1.0470822148409806,0.986113275115649
hallucination3,mini_phi_4_instruct,10.0,dataset_hallucination3_attack_hallucination_attack_qwen25_14b_instruct_lm_target_mini_phi_4_instruct_judge_llm-judge_qwen25_14b_instruct_10_calibration,0.9,Soft-prefix,Soft-prefix,False,50.0,50,0.9043666672706604,0.00010018255068796052,0.00011724668272685779,0.004366667270660374,1.1395000004768372,,10.002948212746027,,2.654721232965408e-17,0.58,,9.567782669594397e-05,0.0001188977835361839,1.0470822148409806,0.986113275115649
hallucination3,mini_phi_4_instruct,10.0,dataset_hallucination3_attack_hallucination_attack_qwen25_14b_instruct_lm_target_mini_phi_4_instruct_judge_llm-judge_qwen25_14b_instruct_10_calibration,0.9,Soft-prefix,Soft-prefix,False,100.0,50,0.9043666672706604,0.00010018255068796052,0.00011724668272685779,0.004366667270660374,1.1395000004768372,,10.10429684949521,,2.904391295367582e-17,0.5,,9.567782669594397e-05,0.0001188977835361839,1.0470822148409806,0.986113275115649
hallucination3,mini_phi_4_instruct,10.0,dataset_hallucination3_attack_hallucination_attack_qwen25_14b_instruct_lm_target_mini_phi_4_instruct_judge_llm-judge_qwen25_14b_instruct_10_calibration,0.9,Soft-prefix,Soft-prefix,False,200.0,50,0.9043666672706604,0.00010018255068796052,0.00011724668272685779,0.004366667270660374,1.1395000004768372,,10.05020359263428,,2.92288149239539e-17,0.54,,9.567782669594397e-05,0.0001188977835361839,1.0470822148409806,0.986113275115649
hallucination3,mini_phi_4_instruct,10.0,dataset_hallucination3_attack_hallucination_attack_qwen25_14b_instruct_lm_target_mini_phi_4_instruct_judge_llm-judge_qwen25_14b_instruct_10_calibration,0.9,Soft-prefix,Soft-prefix + CRC,True,50.0,50,0.9043733334541321,8.199837570639014e-05,9.948445369329288e-05,0.0043733334541320446,1.1394000005722047,,7.8832096180844315,,5.934139699441093e-07,1.0,1.0,9.567782669594397e-05,0.0001188977835361839,0.857025901800362,0.8367225253027277
hallucination3,mini_phi_4_instruct,10.0,dataset_hallucination3_attack_hallucination_attack_qwen25_14b_instruct_lm_target_mini_phi_4_instruct_judge_llm-judge_qwen25_14b_instruct_10_calibration,0.9,Soft-prefix,Soft-prefix + CRC,True,100.0,50,0.9043666672706604,0.00010018255068796052,0.00011724668272685779,0.004366667270660374,1.1395000004768372,,8.169517677372774,,2.6034185671461623e-17,1.0,1.0,9.567782669594397e-05,0.0001188977835361839,1.0470822148409806,0.986113275115649
hallucination3,mini_phi_4_instruct,10.0,dataset_hallucination3_attack_hallucination_attack_qwen25_14b_instruct_lm_target_mini_phi_4_instruct_judge_llm-judge_qwen25_14b_instruct_10_calibration,0.9,Soft-prefix,Soft-prefix + CRC,True,200.0,50,0.9043666672706604,0.00010018255068796052,0.00011724668272685779,0.004366667270660374,1.1395000004768372,,8.3264599550019,,5.645981074138202e-08,1.0,1.0,9.567782669594397e-05,0.0001188977835361839,1.0470822148409806,0.986113275115649
hallucination3,mini_phi_4_instruct,10.0,dataset_hallucination3_attack_hallucination_attack_qwen25_14b_instruct_lm_target_mini_phi_4_instruct_judge_llm-judge_qwen25_14b_instruct_10_calibration,0.9,Static,Static,False,,50,0.9050133335590362,9.567782669594397e-05,0.0001188977835361839,0.005013333559036215,1.1383200001716614,,6.159295128155053,,0.0,1.0,,9.567782669594397e-05,0.0001188977835361839,1.0,1.0
hallucination3,mini_phi_4_instruct,20.0,dataset_hallucination3_attack_hallucination_attack_qwen25_14b_instruct_lm_target_mini_phi_4_instruct_judge_llm-judge_qwen25_14b_instruct_20_calibration,0.9,Endpoint/block,Endpoint/block,False,,50,0.9043666672706604,0.00010018255068796052,0.00011724668272685779,0.004366667270660374,1.1395000004768372,,12.208566666666668,,0.0,1.0,,9.567782669594397e-05,0.0001188977835361839,1.0470822148409806,0.986113275115649
hallucination3,mini_phi_4_instruct,20.0,dataset_hallucination3_attack_hallucination_attack_qwen25_14b_instruct_lm_target_mini_phi_4_instruct_judge_llm-judge_qwen25_14b_instruct_20_calibration,0.9,Endpoint/block,Endpoint/block + CRC,True,50.0,50,0.9057866680622101,0.0001528197950411191,0.0001832489264024987,0.005786668062210065,1.1374333357810975,,10.750600445064535,,3.08715844911062e-05,1.0,1.0,9.567782669594397e-05,0.0001188977835361839,1.5972331345565307,1.5412308030681745
hallucination3,mini_phi_4_instruct,20.0,dataset_hallucination3_attack_hallucination_attack_qwen25_14b_instruct_lm_target_mini_phi_4_instruct_judge_llm-judge_qwen25_14b_instruct_20_calibration,0.9,Endpoint/block,Endpoint/block + CRC,True,100.0,50,0.9053000020980835,0.00015364743496369776,0.00017866450850411304,0.005300002098083456,1.1383866691589355,,10.954632497060848,,2.9679426974770273e-05,1.0,1.0,9.567782669594397e-05,0.0001188977835361839,1.605883413844425,1.5026731633709594
hallucination3,mini_phi_4_instruct,20.0,dataset_hallucination3_attack_hallucination_attack_qwen25_14b_instruct_lm_target_mini_phi_4_instruct_judge_llm-judge_qwen25_14b_instruct_20_calibration,0.9,Endpoint/block,Endpoint/block + CRC,True,200.0,50,0.905220000743866,0.00017264225853472366,0.00019643782112999014,0.005220000743865971,1.138526668548584,,10.983156627409578,,2.8993891205844536e-05,1.0,1.0,9.567782669594397e-05,0.0001188977835361839,1.80441241713575,1.6521571326870752
hallucination3,mini_phi_4_instruct,20.0,dataset_hallucination3_attack_hallucination_attack_qwen25_14b_instruct_lm_target_mini_phi_4_instruct_judge_llm-judge_qwen25_14b_instruct_20_calibration,0.9,Information-gain,Information-gain,False,50.0,50,0.9043666672706604,0.00010018255068796052,0.00011724668272685779,0.004366667270660374,1.1395000004768372,,12.208566666666668,,0.0,1.0,,9.567782669594397e-05,0.0001188977835361839,1.0470822148409806,0.986113275115649
hallucination3,mini_phi_4_instruct,20.0,dataset_hallucination3_attack_hallucination_attack_qwen25_14b_instruct_lm_target_mini_phi_4_instruct_judge_llm-judge_qwen25_14b_instruct_20_calibration,0.9,Information-gain,Information-gain,False,100.0,50,0.9043666672706604,0.00010018255068796052,0.00011724668272685779,0.004366667270660374,1.1395000004768372,,12.208566666666668,,0.0,1.0,,9.567782669594397e-05,0.0001188977835361839,1.0470822148409806,0.986113275115649
hallucination3,mini_phi_4_instruct,20.0,dataset_hallucination3_attack_hallucination_attack_qwen25_14b_instruct_lm_target_mini_phi_4_instruct_judge_llm-judge_qwen25_14b_instruct_20_calibration,0.9,Information-gain,Information-gain,False,200.0,50,0.9043666672706604,0.00010018255068796052,0.00011724668272685779,0.004366667270660374,1.1395000004768372,,12.208566666666668,,0.0,1.0,,9.567782669594397e-05,0.0001188977835361839,1.0470822148409806,0.986113275115649
hallucination3,mini_phi_4_instruct,20.0,dataset_hallucination3_attack_hallucination_attack_qwen25_14b_instruct_lm_target_mini_phi_4_instruct_judge_llm-judge_qwen25_14b_instruct_20_calibration,0.9,Information-gain,Information-gain + CRC,True,50.0,50,0.9046933341026306,8.905144916904744e-05,0.00010929780518458174,0.00469333410263062,1.13889333486557,,10.896476591446747,,1.8050816883987054e-08,1.0,1.0,9.567782669594397e-05,0.0001188977835361839,0.9307428089064502,0.9192585591918908
hallucination3,mini_phi_4_instruct,20.0,dataset_hallucination3_attack_hallucination_attack_qwen25_14b_instruct_lm_target_mini_phi_4_instruct_judge_llm-judge_qwen25_14b_instruct_20_calibration,0.9,Information-gain,Information-gain + CRC,True,100.0,50,0.9043666672706604,0.00010018255068796052,0.00011724668272685779,0.004366667270660374,1.1395000004768372,,10.912791963867242,,0.0,1.0,1.0,9.567782669594397e-05,0.0001188977835361839,1.0470822148409806,0.986113275115649
hallucination3,mini_phi_4_instruct,20.0,dataset_hallucination3_attack_hallucination_attack_qwen25_14b_instruct_lm_target_mini_phi_4_instruct_judge_llm-judge_qwen25_14b_instruct_20_calibration,0.9,Information-gain,Information-gain + CRC,True,200.0,50,0.9043666672706604,0.00010018255068796052,0.00011724668272685779,0.004366667270660374,1.1395000004768372,,10.933541177518162,,0.0,1.0,1.0,9.567782669594397e-05,0.0001188977835361839,1.0470822148409806,0.986113275115649
hallucination3,mini_phi_4_instruct,20.0,dataset_hallucination3_attack_hallucination_attack_qwen25_14b_instruct_lm_target_mini_phi_4_instruct_judge_llm-judge_qwen25_14b_instruct_20_calibration,0.9,Oracle,Oracle,False,,50,0.9050133335590362,9.567782669594397e-05,0.0001188977835361839,0.005013333559036215,1.1383200001716614,,21.466986666666667,,,,,9.567782669594397e-05,0.0001188977835361839,1.0,1.0
hallucination3,mini_phi_4_instruct,20.0,dataset_hallucination3_attack_hallucination_attack_qwen25_14b_instruct_lm_target_mini_phi_4_instruct_judge_llm-judge_qwen25_14b_instruct_20_calibration,0.9,Residual,Residual,False,50.0,50,0.9043666672706604,0.00010018255068796052,0.00011724668272685779,0.004366667270660374,1.1395000004768372,,12.208566666666668,,0.0,1.0,,9.567782669594397e-05,0.0001188977835361839,1.0470822148409806,0.986113275115649
hallucination3,mini_phi_4_instruct,20.0,dataset_hallucination3_attack_hallucination_attack_qwen25_14b_instruct_lm_target_mini_phi_4_instruct_judge_llm-judge_qwen25_14b_instruct_20_calibration,0.9,Residual,Residual,False,100.0,50,0.9043666672706604,0.00010018255068796052,0.00011724668272685779,0.004366667270660374,1.1395000004768372,,12.208566666666668,,0.0,1.0,,9.567782669594397e-05,0.0001188977835361839,1.0470822148409806,0.986113275115649
hallucination3,mini_phi_4_instruct,20.0,dataset_hallucination3_attack_hallucination_attack_qwen25_14b_instruct_lm_target_mini_phi_4_instruct_judge_llm-judge_qwen25_14b_instruct_20_calibration,0.9,Residual,Residual,False,200.0,50,0.9043666672706604,0.00010018255068796052,0.00011724668272685779,0.004366667270660374,1.1395000004768372,,12.208566666666668,,0.0,1.0,,9.567782669594397e-05,0.0001188977835361839,1.0470822148409806,0.986113275115649
hallucination3,mini_phi_4_instruct,20.0,dataset_hallucination3_attack_hallucination_attack_qwen25_14b_instruct_lm_target_mini_phi_4_instruct_judge_llm-judge_qwen25_14b_instruct_20_calibration,0.9,Residual,Residual + CRC,True,50.0,50,0.9046933341026306,8.905144916904744e-05,0.00010929780518458174,0.00469333410263062,1.13889333486557,,10.896687128272339,,1.8050816883987054e-08,1.0,1.0,9.567782669594397e-05,0.0001188977835361839,0.9307428089064502,0.9192585591918908
hallucination3,mini_phi_4_instruct,20.0,dataset_hallucination3_attack_hallucination_attack_qwen25_14b_instruct_lm_target_mini_phi_4_instruct_judge_llm-judge_qwen25_14b_instruct_20_calibration,0.9,Residual,Residual + CRC,True,100.0,50,0.9043666672706604,0.00010018255068796052,0.00011724668272685779,0.004366667270660374,1.1395000004768372,,10.92233918242763,,0.0,1.0,1.0,9.567782669594397e-05,0.0001188977835361839,1.0470822148409806,0.986113275115649
hallucination3,mini_phi_4_instruct,20.0,dataset_hallucination3_attack_hallucination_attack_qwen25_14b_instruct_lm_target_mini_phi_4_instruct_judge_llm-judge_qwen25_14b_instruct_20_calibration,0.9,Residual,Residual + CRC,True,200.0,50,0.9043666672706604,0.00010018255068796052,0.00011724668272685779,0.004366667270660374,1.1395000004768372,,10.935222219361217,,0.0,1.0,1.0,9.567782669594397e-05,0.0001188977835361839,1.0470822148409806,0.986113275115649
hallucination3,mini_phi_4_instruct,20.0,dataset_hallucination3_attack_hallucination_attack_qwen25_14b_instruct_lm_target_mini_phi_4_instruct_judge_llm-judge_qwen25_14b_instruct_20_calibration,0.9,Soft-prefix,Soft-prefix,False,50.0,50,0.9043666672706604,0.00010018255068796052,0.00011724668272685779,0.004366667270660374,1.1395000004768372,,12.208566666666668,,0.0,1.0,,9.567782669594397e-05,0.0001188977835361839,1.0470822148409806,0.986113275115649
hallucination3,mini_phi_4_instruct,20.0,dataset_hallucination3_attack_hallucination_attack_qwen25_14b_instruct_lm_target_mini_phi_4_instruct_judge_llm-judge_qwen25_14b_instruct_20_calibration,0.9,Soft-prefix,Soft-prefix,False,100.0,50,0.9043666672706604,0.00010018255068796052,0.00011724668272685779,0.004366667270660374,1.1395000004768372,,12.208566666666668,,0.0,1.0,,9.567782669594397e-05,0.0001188977835361839,1.0470822148409806,0.986113275115649
hallucination3,mini_phi_4_instruct,20.0,dataset_hallucination3_attack_hallucination_attack_qwen25_14b_instruct_lm_target_mini_phi_4_instruct_judge_llm-judge_qwen25_14b_instruct_20_calibration,0.9,Soft-prefix,Soft-prefix,False,200.0,50,0.9043666672706604,0.00010018255068796052,0.00011724668272685779,0.004366667270660374,1.1395000004768372,,12.208566666666668,,0.0,1.0,,9.567782669594397e-05,0.0001188977835361839,1.0470822148409806,0.986113275115649
hallucination3,mini_phi_4_instruct,20.0,dataset_hallucination3_attack_hallucination_attack_qwen25_14b_instruct_lm_target_mini_phi_4_instruct_judge_llm-judge_qwen25_14b_instruct_20_calibration,0.9,Soft-prefix,Soft-prefix + CRC,True,50.0,50,0.9046933341026306,8.905144916904744e-05,0.00010929780518458174,0.00469333410263062,1.13889333486557,,10.896687128272339,,1.8050816883987054e-08,1.0,1.0,9.567782669594397e-05,0.0001188977835361839,0.9307428089064502,0.9192585591918908
hallucination3,mini_phi_4_instruct,20.0,dataset_hallucination3_attack_hallucination_attack_qwen25_14b_instruct_lm_target_mini_phi_4_instruct_judge_llm-judge_qwen25_14b_instruct_20_calibration,0.9,Soft-prefix,Soft-prefix + CRC,True,100.0,50,0.9043666672706604,0.00010018255068796052,0.00011724668272685779,0.004366667270660374,1.1395000004768372,,10.92693899117418,,0.0,1.0,1.0,9.567782669594397e-05,0.0001188977835361839,1.0470822148409806,0.986113275115649
hallucination3,mini_phi_4_instruct,20.0,dataset_hallucination3_attack_hallucination_attack_qwen25_14b_instruct_lm_target_mini_phi_4_instruct_judge_llm-judge_qwen25_14b_instruct_20_calibration,0.9,Soft-prefix,Soft-prefix + CRC,True,200.0,50,0.9043666672706604,0.00010018255068796052,0.00011724668272685779,0.004366667270660374,1.1395000004768372,,10.937583090832002,,0.0,1.0,1.0,9.567782669594397e-05,0.0001188977835361839,1.0470822148409806,0.986113275115649
hallucination3,mini_phi_4_instruct,20.0,dataset_hallucination3_attack_hallucination_attack_qwen25_14b_instruct_lm_target_mini_phi_4_instruct_judge_llm-judge_qwen25_14b_instruct_20_calibration,0.9,Static,Static,False,,50,0.9050133335590362,9.567782669594397e-05,0.0001188977835361839,0.005013333559036215,1.1383200001716614,,12.208566666666668,,0.0,1.0,,9.567782669594397e-05,0.0001188977835361839,1.0,1.0
hallucination3,qwen25_14b_instruct,10.0,dataset_hallucination3_attack_hallucination_attack_qwen25_14b_instruct_lm_target_qwen25_14b_instruct_judge_llm-judge_qwen25_14b_instruct_10_calibration,0.9,Endpoint/block,Endpoint/block,False,,50,0.9016666626930236,0.00010020862773569891,0.00010098221971330182,0.001666662693023624,1.5005866694450378,,8.365809316158401,,4.3064184425889456e-05,1.0,,9.253821330770894e-05,9.076215909782104e-05,1.082889156315178,1.112602660812265
hallucination3,qwen25_14b_instruct,10.0,dataset_hallucination3_attack_hallucination_attack_qwen25_14b_instruct_lm_target_qwen25_14b_instruct_judge_llm-judge_qwen25_14b_instruct_10_calibration,0.9,Endpoint/block,Endpoint/block + CRC,True,50.0,50,0.9011866700649261,0.00048041347021150576,0.0004722133866502674,0.0011866700649261208,1.500939998626709,,2.631680567849936,,0.00023609129272194403,1.0,1.0,9.253821330770894e-05,9.076215909782104e-05,5.191514435382822,5.202756207477704
hallucination3,qwen25_14b_instruct,10.0,dataset_hallucination3_attack_hallucination_attack_qwen25_14b_instruct_lm_target_qwen25_14b_instruct_judge_llm-judge_qwen25_14b_instruct_10_calibration,0.9,Endpoint/block,Endpoint/block + CRC,True,100.0,50,0.901139999628067,0.00015264446407316129,0.00015089117394369094,0.00113999962806699,1.5011933374404907,,6.535770125366391,,6.958387750463603e-05,1.0,1.0,9.253821330770894e-05,9.076215909782104e-05,1.649528974215079,1.662489912575399
hallucination3,qwen25_14b_instruct,10.0,dataset_hallucination3_attack_hallucination_attack_qwen25_14b_instruct_lm_target_qwen25_14b_instruct_judge_llm-judge_qwen25_14b_instruct_10_calibration,0.9,Endpoint/block,Endpoint/block + CRC,True,200.0,50,0.9018533325195313,0.00011156985640539868,0.00011277330070524273,0.0018533325195312367,1.5003000020980835,,8.32553953131496,,4.674164103391565e-05,0.96,1.0,9.253821330770894e-05,9.076215909782104e-05,1.2056625302933561,1.2425145217589928
hallucination3,qwen25_14b_instruct,10.0,dataset_hallucination3_attack_hallucination_attack_qwen25_14b_instruct_lm_target_qwen25_14b_instruct_judge_llm-judge_qwen25_14b_instruct_10_calibration,0.9,Information-gain,Information-gain,False,50.0,50,0.9025799977779388,6.108300755841617e-05,6.651773594141707e-05,0.002579997777938825,1.4982200050354004,,10.535511644123737,,3.203708310984944e-17,0.32,,9.253821330770894e-05,9.076215909782104e-05,0.6600841465925258,0.7328796119727168
hallucination3,qwen25_14b_instruct,10.0,dataset_hallucination3_attack_hallucination_attack_qwen25_14b_instruct_lm_target_qwen25_14b_instruct_judge_llm-judge_qwen25_14b_instruct_10_calibration,0.9,Information-gain,Information-gain,False,100.0,50,0.9025799977779388,6.108300755841617e-05,6.651773594141707e-05,0.002579997777938825,1.4982200050354004,,10.28040200528031,,3.14785501368912e-17,0.38,,9.253821330770894e-05,9.076215909782104e-05,0.6600841465925258,0.7328796119727168
hallucination3,qwen25_14b_instruct,10.0,dataset_hallucination3_attack_hallucination_attack_qwen25_14b_instruct_lm_target_qwen25_14b_instruct_judge_llm-judge_qwen25_14b_instruct_10_calibration,0.9,Information-gain,Information-gain,False,200.0,50,0.9025799977779388,6.108300755841617e-05,6.651773594141707e-05,0.002579997777938825,1.4982200050354004,,10.182651277161929,,3.037669622014189e-17,0.4,,9.253821330770894e-05,9.076215909782104e-05,0.6600841465925258,0.7328796119727168
hallucination3,qwen25_14b_instruct,10.0,dataset_hallucination3_attack_hallucination_attack_qwen25_14b_instruct_lm_target_qwen25_14b_instruct_judge_llm-judge_qwen25_14b_instruct_10_calibration,0.9,Information-gain,Information-gain + CRC,True,50.0,50,0.902666665315628,6.996823047916123e-05,7.567996977515156e-05,0.0026666653156279807,1.498066668510437,,9.025709081906319,,2.3656585392511276e-06,0.86,1.0,9.253821330770894e-05,9.076215909782104e-05,0.7561009444444557,0.8338273409030045
hallucination3,qwen25_14b_instruct,10.0,dataset_hallucination3_attack_hallucination_attack_qwen25_14b_instruct_lm_target_qwen25_14b_instruct_judge_llm-judge_qwen25_14b_instruct_10_calibration,0.9,Information-gain,Information-gain + CRC,True,100.0,50,0.902059999704361,6.3313788011239e-05,6.629111103298133e-05,0.002059999704360993,1.4995800065994263,,9.30382673693272,,1.5992501768390314e-06,0.86,1.0,9.253821330770894e-05,9.076215909782104e-05,0.6841907331915671,0.7303827023499356
hallucination3,qwen25_14b_instruct,10.0,dataset_hallucination3_attack_hallucination_attack_qwen25_14b_instruct_lm_target_qwen25_14b_instruct_judge_llm-judge_qwen25_14b_instruct_10_calibration,0.9,Information-gain,Information-gain + CRC,True,200.0,50,0.9024399995803833,6.629221519214242e-05,7.091996884057012e-05,0.002439999580383323,1.498613338470459,,9.657762296560998,,1.2196225458316037e-06,0.76,1.0,9.253821330770894e-05,9.076215909782104e-05,0.716376649414085,0.7813825667603882
hallucination3,qwen25_14b_instruct,10.0,dataset_hallucination3_attack_hallucination_attack_qwen25_14b_instruct_lm_target_qwen25_14b_instruct_judge_llm-judge_qwen25_14b_instruct_10_calibration,0.9,Oracle,Oracle,False,,50,0.9028599989414215,6.113870857945615e-05,6.809552835279903e-05,0.0028599989414215266,1.4973533368110656,,42.22212666666666,,,,,9.253821330770894e-05,9.076215909782104e-05,0.660686071127796,0.7502634250845386
hallucination3,qwen25_14b_instruct,10.0,dataset_hallucination3_attack_hallucination_attack_qwen25_14b_instruct_lm_target_qwen25_14b_instruct_judge_llm-judge_qwen25_14b_instruct_10_calibration,0.9,Residual,Residual,False,50.0,50,0.9025799977779388,6.108300755841617e-05,6.651773594141707e-05,0.002579997777938825,1.4982200050354004,,10.535511644123737,,3.203708310984944e-17,0.32,,9.253821330770894e-05,9.076215909782104e-05,0.6600841465925258,0.7328796119727168
hallucination3,qwen25_14b_instruct,10.0,dataset_hallucination3_attack_hallucination_attack_qwen25_14b_instruct_lm_target_qwen25_14b_instruct_judge_llm-judge_qwen25_14b_instruct_10_calibration,0.9,Residual,Residual,False,100.0,50,0.9025799977779388,6.108300755841617e-05,6.651773594141707e-05,0.002579997777938825,1.4982200050354004,,10.28040200528031,,3.14785501368912e-17,0.38,,9.253821330770894e-05,9.076215909782104e-05,0.6600841465925258,0.7328796119727168
hallucination3,qwen25_14b_instruct,10.0,dataset_hallucination3_attack_hallucination_attack_qwen25_14b_instruct_lm_target_qwen25_14b_instruct_judge_llm-judge_qwen25_14b_instruct_10_calibration,0.9,Residual,Residual,False,200.0,50,0.9025799977779388,6.108300755841617e-05,6.651773594141707e-05,0.002579997777938825,1.4982200050354004,,10.182651277164501,,3.037669622014189e-17,0.4,,9.253821330770894e-05,9.076215909782104e-05,0.6600841465925258,0.7328796119727168
hallucination3,qwen25_14b_instruct,10.0,dataset_hallucination3_attack_hallucination_attack_qwen25_14b_instruct_lm_target_qwen25_14b_instruct_judge_llm-judge_qwen25_14b_instruct_10_calibration,0.9,Residual,Residual + CRC,True,50.0,50,0.902666665315628,6.996823047916123e-05,7.567996977515156e-05,0.0026666653156279807,1.498066668510437,,9.025709081906319,,2.3656585392511276e-06,0.86,1.0,9.253821330770894e-05,9.076215909782104e-05,0.7561009444444557,0.8338273409030045
hallucination3,qwen25_14b_instruct,10.0,dataset_hallucination3_attack_hallucination_attack_qwen25_14b_instruct_lm_target_qwen25_14b_instruct_judge_llm-judge_qwen25_14b_instruct_10_calibration,0.9,Residual,Residual + CRC,True,100.0,50,0.902059999704361,6.3313788011239e-05,6.629111103298133e-05,0.002059999704360993,1.4995800065994263,,9.30382673693272,,1.5992501768390314e-06,0.86,1.0,9.253821330770894e-05,9.076215909782104e-05,0.6841907331915671,0.7303827023499356
hallucination3,qwen25_14b_instruct,10.0,dataset_hallucination3_attack_hallucination_attack_qwen25_14b_instruct_lm_target_qwen25_14b_instruct_judge_llm-judge_qwen25_14b_instruct_10_calibration,0.9,Residual,Residual + CRC,True,200.0,50,0.9024399995803833,6.629221519214242e-05,7.091996884057012e-05,0.002439999580383323,1.498613338470459,,9.657762296560998,,1.2196225458316037e-06,0.76,1.0,9.253821330770894e-05,9.076215909782104e-05,0.716376649414085,0.7813825667603882
hallucination3,qwen25_14b_instruct,10.0,dataset_hallucination3_attack_hallucination_attack_qwen25_14b_instruct_lm_target_qwen25_14b_instruct_judge_llm-judge_qwen25_14b_instruct_10_calibration,0.9,Soft-prefix,Soft-prefix,False,50.0,50,0.9025799977779388,6.108300755841617e-05,6.651773594141707e-05,0.002579997777938825,1.4982200050354004,,10.528050448397527,,3.2036519609985384e-17,0.34,,9.253821330770894e-05,9.076215909782104e-05,0.6600841465925258,0.7328796119727168
hallucination3,qwen25_14b_instruct,10.0,dataset_hallucination3_attack_hallucination_attack_qwen25_14b_instruct_lm_target_qwen25_14b_instruct_judge_llm-judge_qwen25_14b_instruct_10_calibration,0.9,Soft-prefix,Soft-prefix,False,100.0,50,0.9025799977779388,6.108300755841617e-05,6.651773594141707e-05,0.002579997777938825,1.4982200050354004,,10.272964981688437,,3.1477996999108706e-17,0.4,,9.253821330770894e-05,9.076215909782104e-05,0.6600841465925258,0.7328796119727168
hallucination3,qwen25_14b_instruct,10.0,dataset_hallucination3_attack_hallucination_attack_qwen25_14b_instruct_lm_target_qwen25_14b_instruct_judge_llm-judge_qwen25_14b_instruct_10_calibration,0.9,Soft-prefix,Soft-prefix,False,200.0,50,0.9025799977779388,6.108300755841617e-05,6.651773594141707e-05,0.002579997777938825,1.4982200050354004,,10.178821086449853,,3.037629209896093e-17,0.4,,9.253821330770894e-05,9.076215909782104e-05,0.6600841465925258,0.7328796119727168
hallucination3,qwen25_14b_instruct,10.0,dataset_hallucination3_attack_hallucination_attack_qwen25_14b_instruct_lm_target_qwen25_14b_instruct_judge_llm-judge_qwen25_14b_instruct_10_calibration,0.9,Soft-prefix,Soft-prefix + CRC,True,50.0,50,0.9023533320426941,6.588393130012283e-05,7.0104424377291e-05,0.0023533320426940563,1.498873338699341,,9.026711376190237,,2.2689153041558918e-06,0.86,1.0,9.253821330770894e-05,9.076215909782104e-05,0.7119645921954961,0.7723970548313457
hallucination3,qwen25_14b_instruct,10.0,dataset_hallucination3_attack_hallucination_attack_qwen25_14b_instruct_lm_target_qwen25_14b_instruct_judge_llm-judge_qwen25_14b_instruct_10_calibration,0.9,Soft-prefix,Soft-prefix + CRC,True,100.0,50,0.9022199988365174,6.664220756826629e-05,7.023775825103914e-05,0.002219998836517356,1.4992066717147827,,9.30486317307466,,1.5889793475194712e-06,0.86,1.0,9.253821330770894e-05,9.076215909782104e-05,0.7201587883123158,0.7738661017896099
hallucination3,qwen25_14b_instruct,10.0,dataset_hallucination3_attack_hallucination_attack_qwen25_14b_instruct_lm_target_qwen25_14b_instruct_judge_llm-judge_qwen25_14b_instruct_10_calibration,0.9,Soft-prefix,Soft-prefix + CRC,True,200.0,50,0.9024399995803833,6.629221519214242e-05,7.091996884057012e-05,0.002439999580383323,1.498613338470459,,9.65567228304838,,1.2117575308347686e-06,0.76,1.0,9.253821330770894e-05,9.076215909782104e-05,0.716376649414085,0.7813825667603882
hallucination3,qwen25_14b_instruct,10.0,dataset_hallucination3_attack_hallucination_attack_qwen25_14b_instruct_lm_target_qwen25_14b_instruct_judge_llm-judge_qwen25_14b_instruct_10_calibration,0.9,Static,Static,False,,50,0.9002733314037323,9.253821330770894e-05,9.076215909782104e-05,0.00027333140373231313,1.5048866629600526,,5.003825324118634,,8.950882385855761e-05,1.0,,9.253821330770894e-05,9.076215909782104e-05,1.0,1.0
hallucination3,qwen25_14b_instruct,20.0,dataset_hallucination3_attack_hallucination_attack_qwen25_14b_instruct_lm_target_qwen25_14b_instruct_judge_llm-judge_qwen25_14b_instruct_20_calibration,0.9,Endpoint/block,Endpoint/block,False,,50,0.902133332490921,6.503855331822605e-05,6.828888976868074e-05,0.0021333324909209583,1.4994800090789795,,16.731618632316803,,5.221700058773247e-06,1.0,,8.415533169087043e-05,8.328222565786793e-05,0.7728393675297193,0.8199695580809598
hallucination3,qwen25_14b_instruct,20.0,dataset_hallucination3_attack_hallucination_attack_qwen25_14b_instruct_lm_target_qwen25_14b_instruct_judge_llm-judge_qwen25_14b_instruct_20_calibration,0.9,Endpoint/block,Endpoint/block + CRC,True,50.0,50,0.9028399991989136,7.356114828374831e-05,8.015552076790298e-05,0.0028399991989135343,1.49767333984375,,13.948475345326738,,1.4264040082256601e-05,1.0,1.0,8.415533169087043e-05,8.328222565786793e-05,0.8741115602034824,0.9624565161981888
hallucination3,qwen25_14b_instruct,20.0,dataset_hallucination3_attack_hallucination_attack_qwen25_14b_instruct_lm_target_qwen25_14b_instruct_judge_llm-judge_qwen25_14b_instruct_20_calibration,0.9,Endpoint/block,Endpoint/block + CRC,True,100.0,50,0.9022733318805695,6.251107085425924e-05,6.642888727638743e-05,0.0022733318805694402,1.4990333390235902,,16.837095397418103,,5.486034273915371e-06,1.0,1.0,8.415533169087043e-05,8.328222565786793e-05,0.7428058282020976,0.7976358310749792
hallucination3,qwen25_14b_instruct,20.0,dataset_hallucination3_attack_hallucination_attack_qwen25_14b_instruct_lm_target_qwen25_14b_instruct_judge_llm-judge_qwen25_14b_instruct_20_calibration,0.9,Endpoint/block,Endpoint/block + CRC,True,200.0,50,0.9021133327484131,6.543586968060622e-05,6.85933275925092e-05,0.002113332748413077,1.4995400047302245,,18.20074294553595,,2.4086201664705096e-06,1.0,1.0,8.415533169087043e-05,8.328222565786793e-05,0.7775605937954494,0.8236250538536007
hallucination3,qwen25_14b_instruct,20.0,dataset_hallucination3_attack_hallucination_attack_qwen25_14b_instruct_lm_target_qwen25_14b_instruct_judge_llm-judge_qwen25_14b_instruct_20_calibration,0.9,Information-gain,Information-gain,False,50.0,50,0.9025799977779388,6.108300755841617e-05,6.651773594141707e-05,0.002579997777938825,1.4982200050354004,,19.354280981438038,,8.898828340875298e-18,0.76,,8.415533169087043e-05,8.328222565786793e-05,0.7258364542224571,0.79870266933882
hallucination3,qwen25_14b_instruct,20.0,dataset_hallucination3_attack_hallucination_attack_qwen25_14b_instruct_lm_target_qwen25_14b_instruct_judge_llm-judge_qwen25_14b_instruct_20_calibration,0.9,Information-gain,Information-gain,False,100.0,50,0.9025799977779388,6.108300755841617e-05,6.651773594141707e-05,0.002579997777938825,1.4982200050354004,,19.421944895910656,,1.0650233781303895e-17,0.8,,8.415533169087043e-05,8.328222565786793e-05,0.7258364542224571,0.79870266933882
hallucination3,qwen25_14b_instruct,20.0,dataset_hallucination3_attack_hallucination_attack_qwen25_14b_instruct_lm_target_qwen25_14b_instruct_judge_llm-judge_qwen25_14b_instruct_20_calibration,0.9,Information-gain,Information-gain,False,200.0,50,0.9025799977779388,6.108300755841617e-05,6.651773594141707e-05,0.002579997777938825,1.4982200050354004,,19.597742792927328,,1.039733287121357e-17,0.76,,8.415533169087043e-05,8.328222565786793e-05,0.7258364542224571,0.79870266933882
hallucination3,qwen25_14b_instruct,20.0,dataset_hallucination3_attack_hallucination_attack_qwen25_14b_instruct_lm_target_qwen25_14b_instruct_judge_llm-judge_qwen25_14b_instruct_20_calibration,0.9,Information-gain,Information-gain + CRC,True,50.0,50,0.902426666021347,5.914756923048549e-05,6.385332582503595e-05,0.0024266660213470015,1.4985333395004272,,17.286550786180236,,1.1464630372602295e-06,1.0,1.0,8.415533169087043e-05,8.328222565786793e-05,0.7028380500923401,0.7667101271686959
hallucination3,qwen25_14b_instruct,20.0,dataset_hallucination3_attack_hallucination_attack_qwen25_14b_instruct_lm_target_qwen25_14b_instruct_judge_llm-judge_qwen25_14b_instruct_20_calibration,0.9,Information-gain,Information-gain + CRC,True,100.0,50,0.9025199973583221,6.94791558557882e-05,7.443995942462287e-05,0.0025199973583220903,1.4984133386611937,,17.66316112367568,,5.272561433269534e-07,1.0,1.0,8.415533169087043e-05,8.328222565786793e-05,0.8256061078935255,0.8938276905618492
hallucination3,qwen25_14b_instruct,20.0,dataset_hallucination3_attack_hallucination_attack_qwen25_14b_instruct_lm_target_qwen25_14b_instruct_judge_llm-judge_qwen25_14b_instruct_20_calibration,0.9,Information-gain,Information-gain + CRC,True,200.0,50,0.9025799977779388,6.108300755841617e-05,6.651773594141707e-05,0.002579997777938825,1.4982200050354004,,17.95721264578041,,1.2516072468501232e-07,1.0,1.0,8.415533169087043e-05,8.328222565786793e-05,0.7258364542224571,0.79870266933882
hallucination3,qwen25_14b_instruct,20.0,dataset_hallucination3_attack_hallucination_attack_qwen25_14b_instruct_lm_target_qwen25_14b_instruct_judge_llm-judge_qwen25_14b_instruct_20_calibration,0.9,Oracle,Oracle,False,,50,0.9028599989414215,6.113870857945615e-05,6.809552835279903e-05,0.0028599989414215266,1.4973533368110656,,42.22212666666666,,,,,8.415533169087043e-05,8.328222565786793e-05,0.7264983376696591,0.8176477971727433
hallucination3,qwen25_14b_instruct,20.0,dataset_hallucination3_attack_hallucination_attack_qwen25_14b_instruct_lm_target_qwen25_14b_instruct_judge_llm-judge_qwen25_14b_instruct_20_calibration,0.9,Residual,Residual,False,50.0,50,0.9025799977779388,6.108300755841617e-05,6.651773594141707e-05,0.002579997777938825,1.4982200050354004,,19.354280981438038,,8.898828340875298e-18,0.76,,8.415533169087043e-05,8.328222565786793e-05,0.7258364542224571,0.79870266933882
hallucination3,qwen25_14b_instruct,20.0,dataset_hallucination3_attack_hallucination_attack_qwen25_14b_instruct_lm_target_qwen25_14b_instruct_judge_llm-judge_qwen25_14b_instruct_20_calibration,0.9,Residual,Residual,False,100.0,50,0.9025799977779388,6.108300755841617e-05,6.651773594141707e-05,0.002579997777938825,1.4982200050354004,,19.421944895910656,,1.0650233781303895e-17,0.8,,8.415533169087043e-05,8.328222565786793e-05,0.7258364542224571,0.79870266933882
hallucination3,qwen25_14b_instruct,20.0,dataset_hallucination3_attack_hallucination_attack_qwen25_14b_instruct_lm_target_qwen25_14b_instruct_judge_llm-judge_qwen25_14b_instruct_20_calibration,0.9,Residual,Residual,False,200.0,50,0.9025799977779388,6.108300755841617e-05,6.651773594141707e-05,0.002579997777938825,1.4982200050354004,,19.597742792927328,,1.039733287121357e-17,0.76,,8.415533169087043e-05,8.328222565786793e-05,0.7258364542224571,0.79870266933882
hallucination3,qwen25_14b_instruct,20.0,dataset_hallucination3_attack_hallucination_attack_qwen25_14b_instruct_lm_target_qwen25_14b_instruct_judge_llm-judge_qwen25_14b_instruct_20_calibration,0.9,Residual,Residual + CRC,True,50.0,50,0.902426666021347,5.914756923048549e-05,6.385332582503595e-05,0.0024266660213470015,1.4985333395004272,,17.286550786180236,,1.1464630372602295e-06,1.0,1.0,8.415533169087043e-05,8.328222565786793e-05,0.7028380500923401,0.7667101271686959
hallucination3,qwen25_14b_instruct,20.0,dataset_hallucination3_attack_hallucination_attack_qwen25_14b_instruct_lm_target_qwen25_14b_instruct_judge_llm-judge_qwen25_14b_instruct_20_calibration,0.9,Residual,Residual + CRC,True,100.0,50,0.9025199973583221,6.94791558557882e-05,7.443995942462287e-05,0.0025199973583220903,1.4984133386611937,,17.66316112367568,,5.272561433269534e-07,1.0,1.0,8.415533169087043e-05,8.328222565786793e-05,0.8256061078935255,0.8938276905618492
hallucination3,qwen25_14b_instruct,20.0,dataset_hallucination3_attack_hallucination_attack_qwen25_14b_instruct_lm_target_qwen25_14b_instruct_judge_llm-judge_qwen25_14b_instruct_20_calibration,0.9,Residual,Residual + CRC,True,200.0,50,0.9025799977779388,6.108300755841617e-05,6.651773594141707e-05,0.002579997777938825,1.4982200050354004,,17.95721264578041,,1.2516072468501232e-07,1.0,1.0,8.415533169087043e-05,8.328222565786793e-05,0.7258364542224571,0.79870266933882
hallucination3,qwen25_14b_instruct,20.0,dataset_hallucination3_attack_hallucination_attack_qwen25_14b_instruct_lm_target_qwen25_14b_instruct_judge_llm-judge_qwen25_14b_instruct_20_calibration,0.9,Soft-prefix,Soft-prefix,False,50.0,50,0.9025799977779388,6.108300755841617e-05,6.651773594141707e-05,0.002579997777938825,1.4982200050354004,,19.35081106419234,,8.900205017425835e-18,0.76,,8.415533169087043e-05,8.328222565786793e-05,0.7258364542224571,0.79870266933882
hallucination3,qwen25_14b_instruct,20.0,dataset_hallucination3_attack_hallucination_attack_qwen25_14b_instruct_lm_target_qwen25_14b_instruct_judge_llm-judge_qwen25_14b_instruct_20_calibration,0.9,Soft-prefix,Soft-prefix,False,100.0,50,0.9025799977779388,6.108300755841617e-05,6.651773594141707e-05,0.002579997777938825,1.4982200050354004,,19.420092629610753,,1.064994314958767e-17,0.8,,8.415533169087043e-05,8.328222565786793e-05,0.7258364542224571,0.79870266933882
hallucination3,qwen25_14b_instruct,20.0,dataset_hallucination3_attack_hallucination_attack_qwen25_14b_instruct_lm_target_qwen25_14b_instruct_judge_llm-judge_qwen25_14b_instruct_20_calibration,0.9,Soft-prefix,Soft-prefix,False,200.0,50,0.9025799977779388,6.108300755841617e-05,6.651773594141707e-05,0.002579997777938825,1.4982200050354004,,19.596305097334103,,1.039787663377941e-17,0.76,,8.415533169087043e-05,8.328222565786793e-05,0.7258364542224571,0.79870266933882
hallucination3,qwen25_14b_instruct,20.0,dataset_hallucination3_attack_hallucination_attack_qwen25_14b_instruct_lm_target_qwen25_14b_instruct_judge_llm-judge_qwen25_14b_instruct_20_calibration,0.9,Soft-prefix,Soft-prefix + CRC,True,50.0,50,0.902426666021347,5.914756923048549e-05,6.385332582503595e-05,0.0024266660213470015,1.4985333395004272,,17.28565618124226,,1.1464630372602295e-06,1.0,1.0,8.415533169087043e-05,8.328222565786793e-05,0.7028380500923401,0.7667101271686959
hallucination3,qwen25_14b_instruct,20.0,dataset_hallucination3_attack_hallucination_attack_qwen25_14b_instruct_lm_target_qwen25_14b_instruct_judge_llm-judge_qwen25_14b_instruct_20_calibration,0.9,Soft-prefix,Soft-prefix + CRC,True,100.0,50,0.9025199973583221,6.94791558557882e-05,7.443995942462287e-05,0.0025199973583220903,1.4984133386611937,,17.662560246603057,,5.272561433269547e-07,1.0,1.0,8.415533169087043e-05,8.328222565786793e-05,0.8256061078935255,0.8938276905618492
hallucination3,qwen25_14b_instruct,20.0,dataset_hallucination3_attack_hallucination_attack_qwen25_14b_instruct_lm_target_qwen25_14b_instruct_judge_llm-judge_qwen25_14b_instruct_20_calibration,0.9,Soft-prefix,Soft-prefix + CRC,True,200.0,50,0.9025799977779388,6.108300755841617e-05,6.651773594141707e-05,0.002579997777938825,1.4982200050354004,,17.957230232489383,,1.2516072468501206e-07,1.0,1.0,8.415533169087043e-05,8.328222565786793e-05,0.7258364542224571,0.79870266933882
hallucination3,qwen25_14b_instruct,20.0,dataset_hallucination3_attack_hallucination_attack_qwen25_14b_instruct_lm_target_qwen25_14b_instruct_judge_llm-judge_qwen25_14b_instruct_20_calibration,0.9,Static,Static,False,,50,0.900900000333786,8.415533169087043e-05,8.328222565786793e-05,0.0009000003337860107,1.5030066633224488,,10.007650648237268,,2.7975471985281322e-05,1.0,,8.415533169087043e-05,8.328222565786793e-05,1.0,1.0
red_team,gemma3_4b_it,10.0,dataset_red_team_attack_default_attack_qwen25_14b_instruct_lm_target_gemma3_4b_it_judge_llm-judge_qwen25_14b_instruct_10_calibration_lpb_unified_aht_v1,0.9,Endpoint/block,Endpoint/block,False,,50,0.8981200003623963,0.0003082483502117897,0.00030561778184494425,-0.0018799996376037686,6.616693315505981,,8.923679601846057,,0.00021172567213745798,1.0,,0.00042124555912118235,0.00043497337963771104,0.7317545396914533,0.7026126106831941
red_team,gemma3_4b_it,10.0,dataset_red_team_attack_default_attack_qwen25_14b_instruct_lm_target_gemma3_4b_it_judge_llm-judge_qwen25_14b_instruct_10_calibration_lpb_unified_aht_v1,0.9,Endpoint/block,Endpoint/block + CRC,True,50.0,50,0.8960266661643982,0.001233645422715869,0.0012247598960306901,-0.003973333835601833,6.948873286247253,,2.3149167148494647,,0.001284752586340476,1.0,1.0,0.00042124555912118235,0.00043497337963771104,2.9285660014779613,2.8157123018672814
red_team,gemma3_4b_it,10.0,dataset_red_team_attack_default_attack_qwen25_14b_instruct_lm_target_gemma3_4b_it_judge_llm-judge_qwen25_14b_instruct_10_calibration_lpb_unified_aht_v1,0.9,Endpoint/block,Endpoint/block + CRC,True,100.0,50,0.8955866670608521,0.0004516532713312804,0.0004620977135364232,-0.004413332939147918,6.821813335418701,,6.154642500931861,,0.00040826089179440804,1.0,1.0,0.00042124555912118235,0.00043497337963771104,1.0721852410112898,1.0623586066837103
red_team,gemma3_4b_it,10.0,dataset_red_team_attack_default_attack_qwen25_14b_instruct_lm_target_gemma3_4b_it_judge_llm-judge_qwen25_14b_instruct_10_calibration_lpb_unified_aht_v1,0.9,Endpoint/block,Endpoint/block + CRC,True,200.0,50,0.8964000010490417,0.0003653240701608739,0.0003709775812045569,-0.0035999989509583052,6.766493349075318,,8.02222039475817,,0.000332877352509508,1.0,1.0,0.00042124555912118235,0.00043497337963771104,0.8672472913970325,0.8528742184488252
red_team,gemma3_4b_it,10.0,dataset_red_team_attack_default_attack_qwen25_14b_instruct_lm_target_gemma3_4b_it_judge_llm-judge_qwen25_14b_instruct_10_calibration_lpb_unified_aht_v1,0.9,Information-gain,Information-gain,False,50.0,50,0.90010666847229,6.378890002559263e-05,6.252450018806147e-05,0.00010666847229001686,6.465773334503174,,9.830098797011107,,4.412657292545939e-06,0.64,,0.00042124555912118235,0.00043497337963771104,0.15142925223632347,0.1437432797384936
red_team,gemma3_4b_it,10.0,dataset_red_team_attack_default_attack_qwen25_14b_instruct_lm_target_gemma3_4b_it_judge_llm-judge_qwen25_14b_instruct_10_calibration_lpb_unified_aht_v1,0.9,Information-gain,Information-gain,False,100.0,50,0.9002466678619385,6.272026000170172e-05,6.152669983578098e-05,0.00024666786193849877,6.458453311920166,,9.947128712537813,,7.384300956836281e-06,0.58,,0.00042124555912118235,0.00043497337963771104,0.1488923945751523,0.14144934544506269
red_team,gemma3_4b_it,10.0,dataset_red_team_attack_default_attack_qwen25_14b_instruct_lm_target_gemma3_4b_it_judge_llm-judge_qwen25_14b_instruct_10_calibration_lpb_unified_aht_v1,0.9,Information-gain,Information-gain,False,200.0,50,0.8992333340644837,8.676299648791042e-05,8.561551321483341e-05,-0.0007666659355163308,6.527246685028076,,9.974735952709457,,2.235508268764705e-05,0.52,,0.00042124555912118235,0.00043497337963771104,0.20596774163962348,0.19682931697140293
red_team,gemma3_4b_it,10.0,dataset_red_team_attack_default_attack_qwen25_14b_instruct_lm_target_gemma3_4b_it_judge_llm-judge_qwen25_14b_instruct_10_calibration_lpb_unified_aht_v1,0.9,Information-gain,Information-gain + CRC,True,50.0,50,0.9000200045108795,5.84327572377399e-05,5.7264502273440605e-05,2.0004510879467752e-05,6.468059968948364,,9.351289408486311,,1.666107229714773e-05,0.92,1.0,0.00042124555912118235,0.00043497337963771104,0.13871423917119607,0.13165059048242483
red_team,gemma3_4b_it,10.0,dataset_red_team_attack_default_attack_qwen25_14b_instruct_lm_target_gemma3_4b_it_judge_llm-judge_qwen25_14b_instruct_10_calibration_lpb_unified_aht_v1,0.9,Information-gain,Information-gain + CRC,True,100.0,50,0.900053334236145,5.771585862042782e-05,5.6564385988764445e-05,5.333423614495292e-05,6.462993307113647,,9.691700314213383,,9.970732020570712e-06,0.8,1.0,0.00042124555912118235,0.00043497337963771104,0.13701238474973296,0.13004102925994432
red_team,gemma3_4b_it,10.0,dataset_red_team_attack_default_attack_qwen25_14b_instruct_lm_target_gemma3_4b_it_judge_llm-judge_qwen25_14b_instruct_10_calibration_lpb_unified_aht_v1,0.9,Information-gain,Information-gain + CRC,True,200.0,50,0.8993466699123382,9.744648756561141e-05,9.592439801774333e-05,-0.0006533300876617743,6.514526691436767,,9.813917340629242,,2.3690567439205038e-05,0.9,1.0,0.00042124555912118235,0.00043497337963771104,0.23132941215785818,0.22052935307820143
red_team,gemma3_4b_it,10.0,dataset_red_team_attack_default_attack_qwen25_14b_instruct_lm_target_gemma3_4b_it_judge_llm-judge_qwen25_14b_instruct_10_calibration_lpb_unified_aht_v1,0.9,Oracle,Oracle,False,,50,0.9002733373641968,5.8424833596650706e-05,5.733105023938371e-05,0.00027333736419676846,6.439826650619507,,92.66294666666667,,,,,0.00042124555912118235,0.00043497337963771104,0.1386954291424192,0.13180358367478648
red_team,gemma3_4b_it,10.0,dataset_red_team_attack_default_attack_qwen25_14b_instruct_lm_target_gemma3_4b_it_judge_llm-judge_qwen25_14b_instruct_10_calibration_lpb_unified_aht_v1,0.9,Residual,Residual,False,50.0,50,0.9006133353710175,5.58474129882307e-05,5.5106645005807185e-05,0.0006133353710174871,6.428899984359742,,9.842831461683794,,1.6146306498708027e-06,0.68,,0.00042124555912118235,0.00043497337963771104,0.1325768587442004,0.12668969547448045
red_team,gemma3_4b_it,10.0,dataset_red_team_attack_default_attack_qwen25_14b_instruct_lm_target_gemma3_4b_it_judge_llm-judge_qwen25_14b_instruct_10_calibration_lpb_unified_aht_v1,0.9,Residual,Residual,False,100.0,50,0.9004533350467682,5.891955246485354e-05,5.794667408018479e-05,0.00045333504676814407,6.435853319168091,,9.925036066374012,,3.1824305412096732e-06,0.58,,0.00042124555912118235,0.00043497337963771104,0.13986984833210736,0.13321889750689692
red_team,gemma3_4b_it,10.0,dataset_red_team_attack_default_attack_qwen25_14b_instruct_lm_target_gemma3_4b_it_judge_llm-judge_qwen25_14b_instruct_10_calibration_lpb_unified_aht_v1,0.9,Residual,Residual,False,200.0,50,0.8997733354568481,6.707674943027907e-05,6.578659125679574e-05,-0.00022666454315189988,6.484693336486816,,9.966825741294477,,1.4379318232491812e-05,0.54,,0.00042124555912118235,0.00043497337963771104,0.15923431826846318,0.15124279860893863
red_team,gemma3_4b_it,10.0,dataset_red_team_attack_default_attack_qwen25_14b_instruct_lm_target_gemma3_4b_it_judge_llm-judge_qwen25_14b_instruct_10_calibration_lpb_unified_aht_v1,0.9,Residual,Residual + CRC,True,50.0,50,0.9005266690254211,6.121132255406226e-05,6.0264476365319035e-05,0.0005266690254210893,6.440179996490478,,9.43532178285866,,5.579727698140155e-06,0.88,1.0,0.00042124555912118235,0.00043497337963771104,0.14531030945884277,0.13854750471284763
red_team,gemma3_4b_it,10.0,dataset_red_team_attack_default_attack_qwen25_14b_instruct_lm_target_gemma3_4b_it_judge_llm-judge_qwen25_14b_instruct_10_calibration_lpb_unified_aht_v1,0.9,Residual,Residual + CRC,True,100.0,50,0.9001533341407776,5.449524294755178e-05,5.3428849447328724e-05,0.00015333414077756125,6.449606657028198,,9.696240531298866,,6.964739907925284e-06,0.76,1.0,0.00042124555912118235,0.00043497337963771104,0.1293669256982595,0.12283245814221912
red_team,gemma3_4b_it,10.0,dataset_red_team_attack_default_attack_qwen25_14b_instruct_lm_target_gemma3_4b_it_judge_llm-judge_qwen25_14b_instruct_10_calibration_lpb_unified_aht_v1,0.9,Residual,Residual + CRC,True,200.0,50,0.8990733337402343,8.384255412930394e-05,8.302441340370592e-05,-0.0009266662597656738,6.530546655654907,,9.81258470442582,,1.7847791279998898e-05,0.88,1.0,0.00042124555912118235,0.00043497337963771104,0.1990348677009659,0.19087240114063275
red_team,gemma3_4b_it,10.0,dataset_red_team_attack_default_attack_qwen25_14b_instruct_lm_target_gemma3_4b_it_judge_llm-judge_qwen25_14b_instruct_10_calibration_lpb_unified_aht_v1,0.9,Soft-prefix,Soft-prefix,False,50.0,50,0.9001266658306122,5.77318731389011e-05,5.659327990876775e-05,0.0001266658306121604,6.472173318862915,,9.940394865213113,,7.5011949492118654e-06,0.54,,0.00042124555912118235,0.00043497337963771104,0.13705040181157851,0.13010745612962396
red_team,gemma3_4b_it,10.0,dataset_red_team_attack_default_attack_qwen25_14b_instruct_lm_target_gemma3_4b_it_judge_llm-judge_qwen25_14b_instruct_10_calibration_lpb_unified_aht_v1,0.9,Soft-prefix,Soft-prefix,False,100.0,50,0.8989400029182434,7.083308221907891e-05,7.054001438802983e-05,-0.0010599970817566362,6.547613325119019,,9.961039859215218,,1.2794563308003712e-05,0.64,,0.00042124555912118235,0.00043497337963771104,0.16815152275279396,0.16217087686327505
red_team,gemma3_4b_it,10.0,dataset_red_team_attack_default_attack_qwen25_14b_instruct_lm_target_gemma3_4b_it_judge_llm-judge_qwen25_14b_instruct_10_calibration_lpb_unified_aht_v1,0.9,Soft-prefix,Soft-prefix,False,200.0,50,0.899080001115799,9.831552349581775e-05,9.719561097283261e-05,-0.0009199988842010232,6.522326669692993,,9.983548980017185,,2.9159302710097643e-05,0.54,,0.00042124555912118235,0.00043497337963771104,0.233392427212591,0.22345186055704547
red_team,gemma3_4b_it,10.0,dataset_red_team_attack_default_attack_qwen25_14b_instruct_lm_target_gemma3_4b_it_judge_llm-judge_qwen25_14b_instruct_10_calibration_lpb_unified_aht_v1,0.9,Soft-prefix,Soft-prefix + CRC,True,50.0,50,0.8997800052165985,5.7227264972819036e-05,5.613111737808654e-05,-0.00021999478340151146,6.493326663970947,,9.505480540797707,,9.546592636457923e-06,0.84,1.0,0.00042124555912118235,0.00043497337963771104,0.13585250629634796,0.1290449485088906
red_team,gemma3_4b_it,10.0,dataset_red_team_attack_default_attack_qwen25_14b_instruct_lm_target_gemma3_4b_it_judge_llm-judge_qwen25_14b_instruct_10_calibration_lpb_unified_aht_v1,0.9,Soft-prefix,Soft-prefix + CRC,True,100.0,50,0.8989599990844727,7.19121543530881e-05,7.15555131703241e-05,-0.0010400009155273615,6.55053334236145,,9.696442450481245,,1.4322761409686128e-05,0.86,1.0,0.00042124555912118235,0.00043497337963771104,0.17071314532814028,0.16450549969269987
red_team,gemma3_4b_it,10.0,dataset_red_team_attack_default_attack_qwen25_14b_instruct_lm_target_gemma3_4b_it_judge_llm-judge_qwen25_14b_instruct_10_calibration_lpb_unified_aht_v1,0.9,Soft-prefix,Soft-prefix + CRC,True,200.0,50,0.899066663980484,0.00010308392970230653,0.00010189336723358635,-0.0009333360195160623,6.521379985809326,,9.813435905411373,,3.081346313734112e-05,0.88,1.0,0.00042124555912118235,0.00043497337963771104,0.24471220519775672,0.23425196116243538
red_team,gemma3_4b_it,10.0,dataset_red_team_attack_default_attack_qwen25_14b_instruct_lm_target_gemma3_4b_it_judge_llm-judge_qwen25_14b_instruct_10_calibration_lpb_unified_aht_v1,0.9,Static,Static,False,,50,0.8952933311462402,0.00042124555912118235,0.00043497337963771104,-0.00470666885375981,6.847346715927124,,5.984656097077528,,0.000334030191315582,1.0,,0.00042124555912118235,0.00043497337963771104,1.0,1.0
red_team,gemma3_4b_it,20.0,dataset_red_team_attack_default_attack_qwen25_14b_instruct_lm_target_gemma3_4b_it_judge_llm-judge_qwen25_14b_instruct_20_calibration_lpb_unified_aht_v1,0.9,Endpoint/block,Endpoint/block,False,,50,0.8993333339691162,0.00013529251229712428,0.00013303110564791612,-0.0006666660308838335,6.48787335395813,,17.847359203692115,,8.795963525537847e-05,1.0,,0.0002207585559024887,0.00021658676139229294,0.6128528597409577,0.6142162373764084
red_team,gemma3_4b_it,20.0,dataset_red_team_attack_default_attack_qwen25_14b_instruct_lm_target_gemma3_4b_it_judge_llm-judge_qwen25_14b_instruct_20_calibration_lpb_unified_aht_v1,0.9,Endpoint/block,Endpoint/block + CRC,True,50.0,50,0.8990066671371459,0.00023234683530215172,0.00022868660877253442,-0.0009933328628540794,6.518840036392212,,12.54587549087389,,0.00014755721367478664,1.0,1.0,0.0002207585559024887,0.00021658676139229294,1.0524930023766856,1.0558660524884327
red_team,gemma3_4b_it,20.0,dataset_red_team_attack_default_attack_qwen25_14b_instruct_lm_target_gemma3_4b_it_judge_llm-judge_qwen25_14b_instruct_20_calibration_lpb_unified_aht_v1,0.9,Endpoint/block,Endpoint/block + CRC,True,100.0,50,0.8999266660213471,0.0001900467178200789,0.00018625116133610243,-7.333397865294522e-05,6.432720031738281,,16.415302057886773,,0.00010504294630464263,1.0,1.0,0.0002207585559024887,0.00021658676139229294,0.8608804177176467,0.8599378841939229
red_team,gemma3_4b_it,20.0,dataset_red_team_attack_default_attack_qwen25_14b_instruct_lm_target_gemma3_4b_it_judge_llm-judge_qwen25_14b_instruct_20_calibration_lpb_unified_aht_v1,0.9,Endpoint/block,Endpoint/block + CRC,True,200.0,50,0.8995733320713043,0.00015227682154738347,0.0001494133306378132,-0.0004266679286957231,6.472733364105225,,18.104809561360163,,9.620627049859385e-05,0.96,1.0,0.0002207585559024887,0.00021658676139229294,0.6897889910760501,0.6898544014294031
red_team,gemma3_4b_it,20.0,dataset_red_team_attack_default_attack_qwen25_14b_instruct_lm_target_gemma3_4b_it_judge_llm-judge_qwen25_14b_instruct_20_calibration_lpb_unified_aht_v1,0.9,Information-gain,Information-gain,False,50.0,50,0.9001733362674713,5.840474240665135e-05,5.7266693020139204e-05,0.00017333626747129127,6.454146661758423,,19.95365773404008,,1.6126219862036358e-07,0.58,,0.0002207585559024887,0.00021658676139229294,0.26456389048155093,0.2644053249238759
red_team,gemma3_4b_it,20.0,dataset_red_team_attack_default_attack_qwen25_14b_instruct_lm_target_gemma3_4b_it_judge_llm-judge_qwen25_14b_instruct_20_calibration_lpb_unified_aht_v1,0.9,Information-gain,Information-gain,False,100.0,50,0.9001600015163421,5.616889117504353e-05,5.507111383677447e-05,0.0001600015163421009,6.455220003128051,,19.935270344798464,,1.0266859450167047e-07,0.6,,0.0002207585559024887,0.00021658676139229294,0.2544358516272135,0.2542681440119365
red_team,gemma3_4b_it,20.0,dataset_red_team_attack_default_attack_qwen25_14b_instruct_lm_target_gemma3_4b_it_judge_llm-judge_qwen25_14b_instruct_20_calibration_lpb_unified_aht_v1,0.9,Information-gain,Information-gain,False,200.0,50,0.9001133370399476,5.871476869822216e-05,5.755331860888179e-05,0.00011333703994753641,6.4565599918365475,,19.956471316181812,,6.800382724157001e-08,0.54,,0.0002207585559024887,0.00021658676139229294,0.26596825866245055,0.2657287003088721
red_team,gemma3_4b_it,20.0,dataset_red_team_attack_default_attack_qwen25_14b_instruct_lm_target_gemma3_4b_it_judge_llm-judge_qwen25_14b_instruct_20_calibration_lpb_unified_aht_v1,0.9,Information-gain,Information-gain + CRC,True,50.0,50,0.9004466676712036,5.924083918058881e-05,5.8255534405475476e-05,0.0004466676712036044,6.4360466575622555,,18.870405258401505,,2.8217332253107562e-06,0.84,1.0,0.0002207585559024887,0.00021658676139229294,0.2683512715437226,0.2689708919926094
red_team,gemma3_4b_it,20.0,dataset_red_team_attack_default_attack_qwen25_14b_instruct_lm_target_gemma3_4b_it_judge_llm-judge_qwen25_14b_instruct_20_calibration_lpb_unified_aht_v1,0.9,Information-gain,Information-gain + CRC,True,100.0,50,0.9003866720199585,5.408329517208292e-05,5.315114451966004e-05,0.0003866720199584561,6.437833318710327,,19.22495553686324,,2.8091807951516007e-06,0.82,1.0,0.0002207585559024887,0.00021658676139229294,0.2449884442801486,0.24540347793182976
red_team,gemma3_4b_it,20.0,dataset_red_team_attack_default_attack_qwen25_14b_instruct_lm_target_gemma3_4b_it_judge_llm-judge_qwen25_14b_instruct_20_calibration_lpb_unified_aht_v1,0.9,Information-gain,Information-gain + CRC,True,200.0,50,0.9001666700839996,5.50532868586808e-05,5.3980000038407626e-05,0.00016667008399962047,6.453126649856568,,19.71425746507408,,3.777516258651815e-06,0.76,1.0,0.0002207585559024887,0.00021658676139229294,0.24938234730525416,0.24923037627695216
red_team,gemma3_4b_it,20.0,dataset_red_team_attack_default_attack_qwen25_14b_instruct_lm_target_gemma3_4b_it_judge_llm-judge_qwen25_14b_instruct_20_calibration_lpb_unified_aht_v1,0.9,Oracle,Oracle,False,,50,0.9002733373641968,5.8424833596650706e-05,5.733105023938371e-05,0.00027333736419676846,6.439826650619507,,92.66294666666667,,,,,0.0002207585559024887,0.00021658676139229294,0.2646549002723933,0.2647024678278595
red_team,gemma3_4b_it,20.0,dataset_red_team_attack_default_attack_qwen25_14b_instruct_lm_target_gemma3_4b_it_judge_llm-judge_qwen25_14b_instruct_20_calibration_lpb_unified_aht_v1,0.9,Residual,Residual,False,50.0,50,0.8999866676330567,5.9500981482698164e-05,5.831113960505253e-05,-1.3332366943341611e-05,6.466173324584961,,20.003170918887015,,3.34898681626012e-17,0.56,,0.0002207585559024887,0.00021658676139229294,0.26952967344550105,0.2692276260571459
red_team,gemma3_4b_it,20.0,dataset_red_team_attack_default_attack_qwen25_14b_instruct_lm_target_gemma3_4b_it_judge_llm-judge_qwen25_14b_instruct_20_calibration_lpb_unified_aht_v1,0.9,Residual,Residual,False,100.0,50,0.8999866676330567,5.9500981482698164e-05,5.831113960505253e-05,-1.3332366943341611e-05,6.466173324584961,,19.954402304675476,,3.305021194993034e-17,0.6,,0.0002207585559024887,0.00021658676139229294,0.26952967344550105,0.2692276260571459
red_team,gemma3_4b_it,20.0,dataset_red_team_attack_default_attack_qwen25_14b_instruct_lm_target_gemma3_4b_it_judge_llm-judge_qwen25_14b_instruct_20_calibration_lpb_unified_aht_v1,0.9,Residual,Residual,False,200.0,50,0.8999866676330567,5.9500981482698164e-05,5.831113960505253e-05,-1.3332366943341611e-05,6.466173324584961,,19.977834553574183,,3.2307612387840995e-17,0.54,,0.0002207585559024887,0.00021658676139229294,0.26952967344550105,0.2692276260571459
red_team,gemma3_4b_it,20.0,dataset_red_team_attack_default_attack_qwen25_14b_instruct_lm_target_gemma3_4b_it_judge_llm-judge_qwen25_14b_instruct_20_calibration_lpb_unified_aht_v1,0.9,Residual,Residual + CRC,True,50.0,50,0.9002466666698455,5.996735807558959e-05,5.8828855360090496e-05,0.0002466666698455189,6.456493330001831,,18.960007432755123,,1.986973603250986e-06,0.82,1.0,0.0002207585559024887,0.00021658676139229294,0.2716422828118054,0.2716179649297063
red_team,gemma3_4b_it,20.0,dataset_red_team_attack_default_attack_qwen25_14b_instruct_lm_target_gemma3_4b_it_judge_llm-judge_qwen25_14b_instruct_20_calibration_lpb_unified_aht_v1,0.9,Residual,Residual + CRC,True,100.0,50,0.90010666847229,5.621514128608043e-05,5.5102216623339514e-05,0.00010666847229001686,6.450893335342407,,19.238374602794895,,2.8202124295963677e-06,0.82,1.0,0.0002207585559024887,0.00021658676139229294,0.2546453570339137,0.25441174829488117
red_team,gemma3_4b_it,20.0,dataset_red_team_attack_default_attack_qwen25_14b_instruct_lm_target_gemma3_4b_it_judge_llm-judge_qwen25_14b_instruct_20_calibration_lpb_unified_aht_v1,0.9,Residual,Residual + CRC,True,200.0,50,0.9001466703414917,5.4758067504742796e-05,5.3684418343721206e-05,0.00014667034149162816,6.452159996032715,,19.73037122002121,,3.7182277766277164e-06,0.72,1.0,0.0002207585559024887,0.00021658676139229294,0.24804505211988248,0.24786564976834047
red_team,gemma3_4b_it,20.0,dataset_red_team_attack_default_attack_qwen25_14b_instruct_lm_target_gemma3_4b_it_judge_llm-judge_qwen25_14b_instruct_20_calibration_lpb_unified_aht_v1,0.9,Soft-prefix,Soft-prefix,False,50.0,50,0.8999866676330567,5.9500981482698164e-05,5.831113960505253e-05,-1.3332366943341611e-05,6.466173324584961,,19.974781051463832,,3.365304627559832e-17,0.56,,0.0002207585559024887,0.00021658676139229294,0.26952967344550105,0.2692276260571459
red_team,gemma3_4b_it,20.0,dataset_red_team_attack_default_attack_qwen25_14b_instruct_lm_target_gemma3_4b_it_judge_llm-judge_qwen25_14b_instruct_20_calibration_lpb_unified_aht_v1,0.9,Soft-prefix,Soft-prefix,False,100.0,50,0.8999866676330567,5.9500981482698164e-05,5.831113960505253e-05,-1.3332366943341611e-05,6.466173324584961,,19.937150573754135,,3.3220411606767663e-17,0.62,,0.0002207585559024887,0.00021658676139229294,0.26952967344550105,0.2692276260571459
red_team,gemma3_4b_it,20.0,dataset_red_team_attack_default_attack_qwen25_14b_instruct_lm_target_gemma3_4b_it_judge_llm-judge_qwen25_14b_instruct_20_calibration_lpb_unified_aht_v1,0.9,Soft-prefix,Soft-prefix,False,200.0,50,0.8999866676330567,5.9500981482698164e-05,5.831113960505253e-05,-1.3332366943341611e-05,6.466173324584961,,19.967936539871616,,3.2531531049231594e-17,0.54,,0.0002207585559024887,0.00021658676139229294,0.26952967344550105,0.2692276260571459
red_team,gemma3_4b_it,20.0,dataset_red_team_attack_default_attack_qwen25_14b_instruct_lm_target_gemma3_4b_it_judge_llm-judge_qwen25_14b_instruct_20_calibration_lpb_unified_aht_v1,0.9,Soft-prefix,Soft-prefix + CRC,True,50.0,50,0.9004600024223328,5.887932394820306e-05,5.7913339697791e-05,0.00046000242233279476,6.443360013961792,,18.941668805150563,,2.0931329407836024e-06,0.84,1.0,0.0002207585559024887,0.00021658676139229294,0.2667136669176739,0.2673909491305215
red_team,gemma3_4b_it,20.0,dataset_red_team_attack_default_attack_qwen25_14b_instruct_lm_target_gemma3_4b_it_judge_llm-judge_qwen25_14b_instruct_20_calibration_lpb_unified_aht_v1,0.9,Soft-prefix,Soft-prefix + CRC,True,100.0,50,0.9002200031280517,5.615246270062538e-05,5.5077814822965436e-05,0.00022000312805170452,6.445433320999146,,19.25452172993557,,2.7996372772345594e-06,0.8,1.0,0.0002207585559024887,0.00021658676139229294,0.2543614333363754,0.25429908305062887
red_team,gemma3_4b_it,20.0,dataset_red_team_attack_default_attack_qwen25_14b_instruct_lm_target_gemma3_4b_it_judge_llm-judge_qwen25_14b_instruct_20_calibration_lpb_unified_aht_v1,0.9,Soft-prefix,Soft-prefix + CRC,True,200.0,50,0.9000533366203308,5.5067317223933346e-05,5.396881567452297e-05,5.3336620330801665e-05,6.457193336486816,,19.720132091849322,,3.761217391085537e-06,0.72,1.0,0.0002207585559024887,0.00021658676139229294,0.2494459025554468,0.2491787370917464
red_team,gemma3_4b_it,20.0,dataset_red_team_attack_default_attack_qwen25_14b_instruct_lm_target_gemma3_4b_it_judge_llm-judge_qwen25_14b_instruct_20_calibration_lpb_unified_aht_v1,0.9,Static,Static,False,,50,0.8995066678524017,0.0002207585559024887,0.00021658676139229294,-0.0004933321475982799,6.508626680374146,,11.969312194155057,,0.000143921063853544,1.0,,0.0002207585559024887,0.00021658676139229294,1.0,1.0
red_team,llama_31_8B_instruct,10.0,dataset_red_team_attack_default_attack_qwen25_14b_instruct_lm_target_llama_31_8B_instruct_judge_llama_guard_10_calibration_lpb_unified_aht_v1,0.9,Endpoint/block,Endpoint/block,False,,50,0.9007666635513306,0.0001827949344979572,0.00017972680880893688,0.000766663551330593,3.3713666462898253,,10.395731171388011,,0.000122481700746212,0.0,,0.00016374712812140108,0.00016272218126744077,1.1163245218104478,1.1045009808069637
red_team,llama_31_8B_instruct,10.0,dataset_red_team_attack_default_attack_qwen25_14b_instruct_lm_target_llama_31_8B_instruct_judge_llm-judge_qwen25_14b_instruct_10_calibration_lpb_unified_aht_v1,0.9,Endpoint/block,Endpoint/block,False,,50,0.8998199939727783,0.0002631439252282902,0.00025791344889356064,-0.0001800060272216797,21.998306617736816,,9.381904846561726,,0.00037947436166341,1.0,,0.0006192574176283053,0.0006236822860890218,0.42493463580316154,0.4135333881468411
red_team,llama_31_8B_instruct,10.0,dataset_red_team_attack_default_attack_qwen25_14b_instruct_lm_target_llama_31_8B_instruct_judge_llama_guard_10_calibration_lpb_unified_aht_v1,0.9,Endpoint/block,Endpoint/block + CRC,True,50.0,50,0.8981066691875458,0.0007954576278267947,0.0007831331768356476,-0.0018933308124542414,3.5243866801261903,,2.5147512547966535,,0.0007777705739329482,1.0,1.0,0.00016374712812140108,0.00016272218126744077,4.857841703562872,4.812700829941157
red_team,llama_31_8B_instruct,10.0,dataset_red_team_attack_default_attack_qwen25_14b_instruct_lm_target_llama_31_8B_instruct_judge_llm-judge_qwen25_14b_instruct_10_calibration_lpb_unified_aht_v1,0.9,Endpoint/block,Endpoint/block + CRC,True,50.0,50,0.8873600018024445,0.002042915396492456,0.0021618266429968155,-0.012639998197555569,24.09084665298462,,2.245095010028702,,0.0037581324534002956,1.0,1.0,0.0006192574176283053,0.0006236822860890218,3.298976061226073,3.4662306293051355
red_team,llama_31_8B_instruct,10.0,dataset_red_team_attack_default_attack_qwen25_14b_instruct_lm_target_llama_31_8B_instruct_judge_llama_guard_10_calibration_lpb_unified_aht_v1,0.9,Endpoint/block,Endpoint/block + CRC,True,100.0,50,0.898653335571289,0.00030647133380052064,0.00030215541220806556,-0.0013466644287110086,3.4718266701698304,,6.485710318782741,,0.00025901021970443797,0.96,1.0,0.00016374712812140108,0.00016272218126744077,1.8716134891434844,1.8568790674669016
red_team,llama_31_8B_instruct,10.0,dataset_red_team_attack_default_attack_qwen25_14b_instruct_lm_target_llama_31_8B_instruct_judge_llm-judge_qwen25_14b_instruct_10_calibration_lpb_unified_aht_v1,0.9,Endpoint/block,Endpoint/block + CRC,True,100.0,50,0.8976199960708618,0.0007493967644256879,0.0007400732478398877,-0.0023800039291381747,22.382746601104735,,5.97675805723363,,0.000969107098172642,1.0,1.0,0.0006192574176283053,0.0006236822860890218,1.210153876389246,1.1866189955156954
red_team,llama_31_8B_instruct,10.0,dataset_red_team_attack_default_attack_qwen25_14b_instruct_lm_target_llama_31_8B_instruct_judge_llama_guard_10_calibration_lpb_unified_aht_v1,0.9,Endpoint/block,Endpoint/block + CRC,True,200.0,50,0.899266664981842,0.00023549195816860438,0.00023131989925408904,-0.0007333350181579767,3.4508466649055483,,8.089230150490497,,0.000205637268156026,0.98,1.0,0.00016374712812140108,0.00016272218126744077,1.4381440509540548,1.4215634122671021
red_team,llama_31_8B_instruct,10.0,dataset_red_team_attack_default_attack_qwen25_14b_instruct_lm_target_llama_31_8B_instruct_judge_llm-judge_qwen25_14b_instruct_10_calibration_lpb_unified_aht_v1,0.9,Endpoint/block,Endpoint/block + CRC,True,200.0,50,0.8996533322334289,0.000660557479469605,0.0006474665084205922,-0.0003466677665711071,22.000633354187013,,7.935766770030665,,0.0009454852125654299,1.0,1.0,0.0006192574176283053,0.0006236822860890218,1.066692881935068,1.0381351576949798
red_team,llama_31_8B_instruct,10.0,dataset_red_team_attack_default_attack_qwen25_14b_instruct_lm_target_llama_31_8B_instruct_judge_llama_guard_10_calibration_lpb_unified_aht_v1,0.9,Information-gain,Information-gain,False,50.0,50,0.898699997663498,9.786502626552766e-05,9.759773181512802e-05,-0.0013000023365020708,3.5050333309173585,,10.116545035005903,,1.104158416507326e-06,0.58,,0.00016374712812140108,0.00016272218126744077,0.5976594972277691,0.5997813638862303
red_team,llama_31_8B_instruct,10.0,dataset_red_team_attack_default_attack_qwen25_14b_instruct_lm_target_llama_31_8B_instruct_judge_llm-judge_qwen25_14b_instruct_10_calibration_lpb_unified_aht_v1,0.9,Information-gain,Information-gain,False,50.0,50,0.9017600011825562,0.00014988671399897985,0.0001499865838815992,0.001760001182556148,21.74041328430176,,10.054371237269137,,0.00014790065906511733,0.52,,0.0006192574176283053,0.0006236822860890218,0.2420426622793331,0.24048556007920793
red_team,llama_31_8B_instruct,10.0,dataset_red_team_attack_default_attack_qwen25_14b_instruct_lm_target_llama_31_8B_instruct_judge_llama_guard_10_calibration_lpb_unified_aht_v1,0.9,Information-gain,Information-gain,False,100.0,50,0.898840000629425,9.486272921022576e-05,9.431107316575554e-05,-0.0011599993705749823,3.4925066566467287,,9.948778065215725,,6.508748396228711e-07,0.64,,0.00016374712812140108,0.00016272218126744077,0.5793245371600969,0.5795833882705352
red_team,llama_31_8B_instruct,10.0,dataset_red_team_attack_default_attack_qwen25_14b_instruct_lm_target_llama_31_8B_instruct_judge_llm-judge_qwen25_14b_instruct_10_calibration_lpb_unified_aht_v1,0.9,Information-gain,Information-gain,False,100.0,50,0.8979466652870178,0.0002184005954452507,0.0002182487669798834,-0.002053334712982191,22.306286697387694,,10.040061651556362,,0.00015906397589215482,0.5,,0.0006192574176283053,0.0006236822860890218,0.3526814362300308,0.3499358116269018
red_team,llama_31_8B_instruct,10.0,dataset_red_team_attack_default_attack_qwen25_14b_instruct_lm_target_llama_31_8B_instruct_judge_llama_guard_10_calibration_lpb_unified_aht_v1,0.9,Information-gain,Information-gain,False,200.0,50,0.8986600005626678,9.557592436330837e-05,9.546000436809273e-05,-0.0013399994373322066,3.4998066663742065,,9.975938627572289,,6.345789839287928e-07,0.58,,0.00016374712812140108,0.00016272218126744077,0.5836800037949306,0.5866440802634042
red_team,llama_31_8B_instruct,10.0,dataset_red_team_attack_default_attack_qwen25_14b_instruct_lm_target_llama_31_8B_instruct_judge_llm-judge_qwen25_14b_instruct_10_calibration_lpb_unified_aht_v1,0.9,Information-gain,Information-gain,False,200.0,50,0.8982133328914642,0.001253273499520453,0.0012314002088867678,-0.001786667108535811,22.39290008544922,,9.999464787139575,,0.0007207131174907961,0.52,,0.0006192574176283053,0.0006236822860890218,2.0238328421165575,1.974403051605995
red_team,llama_31_8B_instruct,10.0,dataset_red_team_attack_default_attack_qwen25_14b_instruct_lm_target_llama_31_8B_instruct_judge_llama_guard_10_calibration_lpb_unified_aht_v1,0.9,Information-gain,Information-gain + CRC,True,50.0,50,0.8985199987888336,0.00010046323908556941,0.0001006443778889121,-0.0014800012111664262,3.5087066650390626,,8.703470276587076,,3.7998355303666936e-06,0.98,1.0,0.00016374712812140108,0.00016272218126744077,0.6135267240295451,0.6185043557368421
red_team,llama_31_8B_instruct,10.0,dataset_red_team_attack_default_attack_qwen25_14b_instruct_lm_target_llama_31_8B_instruct_judge_llm-judge_qwen25_14b_instruct_10_calibration_lpb_unified_aht_v1,0.9,Information-gain,Information-gain + CRC,True,50.0,50,0.898919997215271,0.00029905468646198707,0.0002942399987477697,-0.0010800027847289728,22.231273460388184,,9.27807305807474,,0.0002293105388237367,0.86,1.0,0.0006192574176283053,0.0006236822860890218,0.4829246738897968,0.47177866890029185
red_team,llama_31_8B_instruct,10.0,dataset_red_team_attack_default_attack_qwen25_14b_instruct_lm_target_llama_31_8B_instruct_judge_llama_guard_10_calibration_lpb_unified_aht_v1,0.9,Information-gain,Information-gain + CRC,True,100.0,50,0.8988933312892914,0.00010443279371072348,0.00010356885347177057,-0.001106668710708636,3.4943399953842165,,9.157530667005735,,3.1309618654949004e-06,0.92,1.0,0.00016374712812140108,0.00016272218126744077,0.6377687041527694,0.6364765557164624
red_team,llama_31_8B_instruct,10.0,dataset_red_team_attack_default_attack_qwen25_14b_instruct_lm_target_llama_31_8B_instruct_judge_llm-judge_qwen25_14b_instruct_10_calibration_lpb_unified_aht_v1,0.9,Information-gain,Information-gain + CRC,True,100.0,50,0.8998133361339569,0.00017985104339585236,0.00017628886592682143,-0.00018666386604315743,22.08488655090332,,9.735626187714463,,0.00021611329436318924,0.82,1.0,0.0006192574176283053,0.0006236822860890218,0.2904301802062607,0.2826581255534628
red_team,llama_31_8B_instruct,10.0,dataset_red_team_attack_default_attack_qwen25_14b_instruct_lm_target_llama_31_8B_instruct_judge_llama_guard_10_calibration_lpb_unified_aht_v1,0.9,Information-gain,Information-gain + CRC,True,200.0,50,0.8988333332538605,0.00010317116000294536,0.00010246884809943429,-0.001166666746139522,3.49668664932251,,9.76877038831899,,4.673080494561665e-06,0.8,1.0,0.00016374712812140108,0.00016272218126744077,0.6300639356951343,0.6297165346562212
red_team,llama_31_8B_instruct,10.0,dataset_red_team_attack_default_attack_qwen25_14b_instruct_lm_target_llama_31_8B_instruct_judge_llm-judge_qwen25_14b_instruct_10_calibration_lpb_unified_aht_v1,0.9,Information-gain,Information-gain + CRC,True,200.0,50,0.8938866698741913,0.001334528743499406,0.0013452109738565383,-0.006113330125808725,23.16002000808716,,9.797869423410445,,0.00100172777924258,1.0,1.0,0.0006192574176283053,0.0006236822860890218,2.155046844025735,2.1568850099817145
red_team,llama_31_8B_instruct,10.0,dataset_red_team_attack_default_attack_qwen25_14b_instruct_lm_target_llama_31_8B_instruct_judge_llama_guard_10_calibration_lpb_unified_aht_v1,0.9,Oracle,Oracle,False,,50,0.8988666653633117,9.761904875466132e-05,9.695111517828542e-05,-0.001133334636688299,3.490506672859192,,67.82929333333334,,,,,0.00016374712812140108,0.00016272218126744077,0.596157318144152,0.5958076177638141
red_team,llama_31_8B_instruct,10.0,dataset_red_team_attack_default_attack_qwen25_14b_instruct_lm_target_llama_31_8B_instruct_judge_llm-judge_qwen25_14b_instruct_10_calibration_lpb_unified_aht_v1,0.9,Oracle,Oracle,False,,50,0.9004400002956391,6.510405045962908e-05,6.39955697105989e-05,0.00044000029563906473,21.982626457214355,,127.67386666666667,,,,,0.0006192574176283053,0.0006236822860890218,0.10513245155620606,0.10260924694831632
red_team,llama_31_8B_instruct,10.0,dataset_red_team_attack_default_attack_qwen25_14b_instruct_lm_target_llama_31_8B_instruct_judge_llama_guard_10_calibration_lpb_unified_aht_v1,0.9,Residual,Residual,False,50.0,50,0.8987133312225342,9.76689738137146e-05,9.737111088034574e-05,-0.0012866687774658603,3.4995866632461547,,10.055524572117585,,8.998943539713117e-08,0.54,,0.00016374712812140108,0.00016272218126744077,0.5964622093482058,0.5983886776954656
red_team,llama_31_8B_instruct,10.0,dataset_red_team_attack_default_attack_qwen25_14b_instruct_lm_target_llama_31_8B_instruct_judge_llm-judge_qwen25_14b_instruct_10_calibration_lpb_unified_aht_v1,0.9,Residual,Residual,False,50.0,50,0.9021800029277801,0.0001373978111667525,0.00013940226770854736,0.002180002927780089,21.680306549072267,,10.01318901072639,,0.00010732574171405331,0.54,,0.0006192574176283053,0.0006236822860890218,0.22187511567156115,0.22351487418812094
red_team,llama_31_8B_instruct,10.0,dataset_red_team_attack_default_attack_qwen25_14b_instruct_lm_target_llama_31_8B_instruct_judge_llama_guard_10_calibration_lpb_unified_aht_v1,0.9,Residual,Residual,False,100.0,50,0.8986133325099945,9.918080166063362e-05,9.912003235525912e-05,-0.0013866674900054887,3.5025533294677733,,9.913044722281965,,9.046408404037148e-08,0.64,,0.00016374712812140108,0.00016272218126744077,0.6056949077427581,0.6091365761152818
red_team,llama_31_8B_instruct,10.0,dataset_red_team_attack_default_attack_qwen25_14b_instruct_lm_target_llama_31_8B_instruct_judge_llm-judge_qwen25_14b_instruct_10_calibration_lpb_unified_aht_v1,0.9,Residual,Residual,False,100.0,50,0.8990199995040894,0.00014799278619083284,0.00014599333143900138,-0.0009800004959106268,22.21905990600586,,10.011554508966496,,0.00013629378788163654,0.52,,0.0006192574176283053,0.0006236822860890218,0.23898427693870924,0.23408285708175924
red_team,llama_31_8B_instruct,10.0,dataset_red_team_attack_default_attack_qwen25_14b_instruct_lm_target_llama_31_8B_instruct_judge_llama_guard_10_calibration_lpb_unified_aht_v1,0.9,Residual,Residual,False,200.0,50,0.8986400008201599,9.805821988684752e-05,9.794665325827633e-05,-0.0013599991798400879,3.498886661529541,,9.967344520886202,,1.7659913687426402e-07,0.56,,0.00016374712812140108,0.00016272218126744077,0.5988393262943077,0.6019256409628437
red_team,llama_31_8B_instruct,10.0,dataset_red_team_attack_default_attack_qwen25_14b_instruct_lm_target_llama_31_8B_instruct_judge_llm-judge_qwen25_14b_instruct_10_calibration_lpb_unified_aht_v1,0.9,Residual,Residual,False,200.0,50,0.8990333342552185,0.0007124909156123386,0.0006991755399622261,-0.0009666657447815474,22.203646602630617,,9.994953481139298,,0.000635735936620644,0.6,,0.0006192574176283053,0.0006236822860890218,1.1505569337241182,1.12104440924017
red_team,llama_31_8B_instruct,10.0,dataset_red_team_attack_default_attack_qwen25_14b_instruct_lm_target_llama_31_8B_instruct_judge_llama_guard_10_calibration_lpb_unified_aht_v1,0.9,Residual,Residual + CRC,True,50.0,50,0.898546667098999,0.00010228015618658483,0.00010234672958398513,-0.0014533329010010254,3.5038533306121824,,8.955744626218866,,2.1195519105267828e-06,0.96,1.0,0.00016374712812140108,0.00016272218126744077,0.6246225955838136,0.6289660621975929
red_team,llama_31_8B_instruct,10.0,dataset_red_team_attack_default_attack_qwen25_14b_instruct_lm_target_llama_31_8B_instruct_judge_llm-judge_qwen25_14b_instruct_10_calibration_lpb_unified_aht_v1,0.9,Residual,Residual + CRC,True,50.0,50,0.8994066643714905,0.00021134827427217394,0.00020747335595478928,-0.0005933356285094948,22.16698657989502,,9.347996868225334,,0.00016158819171141348,0.9,1.0,0.0006192574176283053,0.0006236822860890218,0.3412930846781245,0.3326587279812135
red_team,llama_31_8B_instruct,10.0,dataset_red_team_attack_default_attack_qwen25_14b_instruct_lm_target_llama_31_8B_instruct_judge_llama_guard_10_calibration_lpb_unified_aht_v1,0.9,Residual,Residual + CRC,True,100.0,50,0.8990666663646698,0.00010819049089811586,0.0001068977927549923,-0.0009333336353302135,3.4829266834259034,,9.346858269181551,,2.8234194581342636e-06,0.92,1.0,0.00016374712812140108,0.00016272218126744077,0.6607168757054727,0.6569343645861118
red_team,llama_31_8B_instruct,10.0,dataset_red_team_attack_default_attack_qwen25_14b_instruct_lm_target_llama_31_8B_instruct_judge_llm-judge_qwen25_14b_instruct_10_calibration_lpb_unified_aht_v1,0.9,Residual,Residual + CRC,True,100.0,50,0.8989200067520141,0.00018631089073841298,0.00018375105833933977,-0.001079993247985911,22.256813163757325,,9.72256354945223,,0.00017671866321821713,0.9,1.0,0.0006192574176283053,0.0006236822860890218,0.30086178289468907,0.29462285916697
red_team,llama_31_8B_instruct,10.0,dataset_red_team_attack_default_attack_qwen25_14b_instruct_lm_target_llama_31_8B_instruct_judge_llama_guard_10_calibration_lpb_unified_aht_v1,0.9,Residual,Residual + CRC,True,200.0,50,0.8988333308696747,0.00010597395570505592,0.00010521559345060887,-0.0011666691303253707,3.4944066858291625,,9.790356205349052,,5.164446495071196e-06,0.74,1.0,0.00016374712812140108,0.00016272218126744077,0.6471805455206976,0.6465965035073037
red_team,llama_31_8B_instruct,10.0,dataset_red_team_attack_default_attack_qwen25_14b_instruct_lm_target_llama_31_8B_instruct_judge_llm-judge_qwen25_14b_instruct_10_calibration_lpb_unified_aht_v1,0.9,Residual,Residual + CRC,True,200.0,50,0.8895466673374176,0.0016136180047288296,0.0016906178083888651,-0.010453332662582415,24.119293308258058,,9.793759547218025,,0.0010818330803806298,1.0,1.0,0.0006192574176283053,0.0006236822860890218,2.605730603775126,2.7107035843367746
red_team,llama_31_8B_instruct,10.0,dataset_red_team_attack_default_attack_qwen25_14b_instruct_lm_target_llama_31_8B_instruct_judge_llama_guard_10_calibration_lpb_unified_aht_v1,0.9,Soft-prefix,Soft-prefix,False,50.0,50,0.8984866642951965,9.836377902944134e-05,9.868668840428557e-05,-0.0015133357048034979,3.510066657066345,,10.08502460017999,,2.573224134066135e-09,0.5,,0.00016374712812140108,0.00016272218126744077,0.6007053690524273,0.6064734852717457
red_team,llama_31_8B_instruct,10.0,dataset_red_team_attack_default_attack_qwen25_14b_instruct_lm_target_llama_31_8B_instruct_judge_llm-judge_qwen25_14b_instruct_10_calibration_lpb_unified_aht_v1,0.9,Soft-prefix,Soft-prefix,False,50.0,50,0.902173330783844,0.00015943871556858117,0.00016097330795321343,0.002173330783843963,21.62913990020752,,9.94136010160508,,9.627672661713241e-05,0.64,,0.0006192574176283053,0.0006236822860890218,0.25746759106934186,0.25810145893775915
red_team,llama_31_8B_instruct,10.0,dataset_red_team_attack_default_attack_qwen25_14b_instruct_lm_target_llama_31_8B_instruct_judge_llama_guard_10_calibration_lpb_unified_aht_v1,0.9,Soft-prefix,Soft-prefix,False,100.0,50,0.8984999978542327,9.882200509153898e-05,9.909557142701448e-05,-0.0015000021457672874,3.50989999294281,,9.944196573967393,,1.6821363022228124e-09,0.64,,0.00016374712812140108,0.00016272218126744077,0.6035037452276596,0.6089862528584639
red_team,llama_31_8B_instruct,10.0,dataset_red_team_attack_default_attack_qwen25_14b_instruct_lm_target_llama_31_8B_instruct_judge_llm-judge_qwen25_14b_instruct_10_calibration_lpb_unified_aht_v1,0.9,Soft-prefix,Soft-prefix,False,100.0,50,0.9014400017261505,0.0002474259897570807,0.00024455107493325553,0.0014400017261504416,21.70209327697754,,9.97172588435734,,0.00014195197396493946,0.58,,0.0006192574176283053,0.0006236822860890218,0.3995527267234001,0.39210841864177837
red_team,llama_31_8B_instruct,10.0,dataset_red_team_attack_default_attack_qwen25_14b_instruct_lm_target_llama_31_8B_instruct_judge_llama_guard_10_calibration_lpb_unified_aht_v1,0.9,Soft-prefix,Soft-prefix,False,200.0,50,0.89871333360672,9.836737019373125e-05,9.805553319745294e-05,-0.0012866663932800115,3.5012866640090943,,9.989996803957979,,1.7420106664060584e-07,0.48,,0.00016374712812140108,0.00016272218126744077,0.6007273002113497,0.6025947564966238
red_team,llama_31_8B_instruct,10.0,dataset_red_team_attack_default_attack_qwen25_14b_instruct_lm_target_llama_31_8B_instruct_judge_llm-judge_qwen25_14b_instruct_10_calibration_lpb_unified_aht_v1,0.9,Soft-prefix,Soft-prefix,False,200.0,50,0.8950133335590362,0.0008141946429000194,0.0008227775922354534,-0.004986666440963794,22.894019927978515,,9.995469994622876,,0.000762024919472164,0.6,,0.0006192574176283053,0.0006236822860890218,1.3147919099916547,1.3192255265015072
red_team,llama_31_8B_instruct,10.0,dataset_red_team_attack_default_attack_qwen25_14b_instruct_lm_target_llama_31_8B_instruct_judge_llama_guard_10_calibration_lpb_unified_aht_v1,0.9,Soft-prefix,Soft-prefix + CRC,True,50.0,50,0.8986866652965546,0.00010518558683697671,0.00010480672314351131,-0.0013133347034454124,3.5009599924087524,,9.254028903383718,,2.825259161615385e-06,0.9,1.0,0.00016374712812140108,0.00016272218126744077,0.6423659947122418,0.6440838140637818
red_team,llama_31_8B_instruct,10.0,dataset_red_team_attack_default_attack_qwen25_14b_instruct_lm_target_llama_31_8B_instruct_judge_llm-judge_qwen25_14b_instruct_10_calibration_lpb_unified_aht_v1,0.9,Soft-prefix,Soft-prefix + CRC,True,50.0,50,0.9026199948787689,0.0001910658658953592,0.0001941089217422274,0.00261999487876885,21.54953327178955,,9.401404926206066,,0.0001052575090135192,0.94,1.0,0.0006192574176283053,0.0006236822860890218,0.30854029432077307,0.3112304551079091
red_team,llama_31_8B_instruct,10.0,dataset_red_team_attack_default_attack_qwen25_14b_instruct_lm_target_llama_31_8B_instruct_judge_llama_guard_10_calibration_lpb_unified_aht_v1,0.9,Soft-prefix,Soft-prefix + CRC,True,100.0,50,0.898886661529541,0.00011799375186622506,0.00011687339937870455,-0.0011133384704590243,3.497053346633911,,9.527708564046414,,3.930996969560423e-06,0.82,1.0,0.00016374712812140108,0.00016272218126744077,0.7205851682402957,0.7182388932374142
red_team,llama_31_8B_instruct,10.0,dataset_red_team_attack_default_attack_qwen25_14b_instruct_lm_target_llama_31_8B_instruct_judge_llm-judge_qwen25_14b_instruct_10_calibration_lpb_unified_aht_v1,0.9,Soft-prefix,Soft-prefix + CRC,True,100.0,50,0.9018400037288665,0.00023917568728526798,0.00023777778726180539,0.0018400037288665017,21.643100051879884,,9.692880862828092,,0.00014944802568163905,0.86,1.0,0.0006192574176283053,0.0006236822860890218,0.38622983023972035,0.3812482614391039
red_team,llama_31_8B_instruct,10.0,dataset_red_team_attack_default_attack_qwen25_14b_instruct_lm_target_llama_31_8B_instruct_judge_llama_guard_10_calibration_lpb_unified_aht_v1,0.9,Soft-prefix,Soft-prefix + CRC,True,200.0,50,0.8985066652297974,0.0001101235914546804,0.00011015116836148302,-0.0014933347702026367,3.510046682357788,,9.844173090305935,,6.247560402580034e-06,0.7,1.0,0.00016374712812140108,0.00016272218126744077,0.6725222769894045,0.6769278011363732
red_team,llama_31_8B_instruct,10.0,dataset_red_team_attack_default_attack_qwen25_14b_instruct_lm_target_llama_31_8B_instruct_judge_llm-judge_qwen25_14b_instruct_10_calibration_lpb_unified_aht_v1,0.9,Soft-prefix,Soft-prefix + CRC,True,200.0,50,0.8912200021743775,0.00094080102444867,0.0009990733657776335,-0.008779997825622554,23.51697332382202,,9.802444308727726,,0.000964790639486872,1.0,1.0,0.0006192574176283053,0.0006236822860890218,1.519240622182363,1.6018947275905635
red_team,llama_31_8B_instruct,10.0,dataset_red_team_attack_default_attack_qwen25_14b_instruct_lm_target_llama_31_8B_instruct_judge_llama_guard_10_calibration_lpb_unified_aht_v1,0.9,Static,Static,False,,50,0.8985000014305115,0.00016374712812140108,0.00016272218126744077,-0.0014999985694885698,3.4974933576583864,,6.479104484130492,,9.93145971515206e-05,1.0,,0.00016374712812140108,0.00016272218126744077,1.0,1.0
red_team,llama_31_8B_instruct,10.0,dataset_red_team_attack_default_attack_qwen25_14b_instruct_lm_target_llama_31_8B_instruct_judge_llm-judge_qwen25_14b_instruct_10_calibration_lpb_unified_aht_v1,0.9,Static,Static,False,,50,0.8958999979496002,0.0006192574176283053,0.0006236822860890218,-0.0041000020503998424,22.7360733795166,,6.685252884809276,,0.000559104274071998,1.0,,0.0006192574176283053,0.0006236822860890218,1.0,1.0
red_team,llama_31_8B_instruct,20.0,dataset_red_team_attack_default_attack_qwen25_14b_instruct_lm_target_llama_31_8B_instruct_judge_llama_guard_20_calibration_lpb_unified_aht_v1,0.9,Endpoint/block,Endpoint/block,False,,50,0.900019998550415,0.00012135786348420305,0.00011893110615653773,1.9998550415012417e-05,3.42529333114624,,20.791462342776022,,4.5152483879134234e-05,0.0,,0.00014970673969903558,0.00014967102304702,0.8106372747691656,0.7946167784205954
red_team,llama_31_8B_instruct,20.0,dataset_red_team_attack_default_attack_qwen25_14b_instruct_lm_target_llama_31_8B_instruct_judge_llm-judge_qwen25_14b_instruct_20_calibration_lpb_unified_aht_v1,0.9,Endpoint/block,Endpoint/block,False,,50,0.900913337469101,0.00022090165692616266,0.0002173178091201031,0.0009133374691009388,21.820973377227784,,18.763809693123452,,0.00017124439446715003,1.0,,0.0003375249264767527,0.000333024427231962,0.654475090868222,0.6525581649562733
red_team,llama_31_8B_instruct,20.0,dataset_red_team_attack_default_attack_qwen25_14b_instruct_lm_target_llama_31_8B_instruct_judge_llama_guard_20_calibration_lpb_unified_aht_v1,0.9,Endpoint/block,Endpoint/block + CRC,True,50.0,50,0.8994266629219055,0.0001646441865801183,0.00016168001825363386,-0.0005733370780944824,3.4386199808120725,,13.62948731183719,,9.43765589149547e-05,0.96,1.0,0.00014970673969903558,0.00014967102304702,1.0997780521512417,1.0802359398775618
red_team,llama_31_8B_instruct,20.0,dataset_red_team_attack_default_attack_qwen25_14b_instruct_lm_target_llama_31_8B_instruct_judge_llm-judge_qwen25_14b_instruct_20_calibration_lpb_unified_aht_v1,0.9,Endpoint/block,Endpoint/block + CRC,True,50.0,50,0.9015133309364319,0.00023515301974987417,0.00023274012987803842,0.0015133309364319114,21.720013236999513,,12.507654925668856,,0.000298378392249384,1.0,1.0,0.0003375249264767527,0.000333024427231962,0.6966982326446652,0.6988680434421334
red_team,llama_31_8B_instruct,20.0,dataset_red_team_attack_default_attack_qwen25_14b_instruct_lm_target_llama_31_8B_instruct_judge_llama_guard_20_calibration_lpb_unified_aht_v1,0.9,Endpoint/block,Endpoint/block + CRC,True,100.0,50,0.9004933333396912,0.00016424597074468004,0.00016120442911383732,0.0004933333396911488,3.3915266609191894,,17.22920188964499,,6.72901454493289e-05,0.82,1.0,0.00014970673969903558,0.00014967102304702,1.097118079485757,1.0770583766451174
red_team,llama_31_8B_instruct,20.0,dataset_red_team_attack_default_attack_qwen25_14b_instruct_lm_target_llama_31_8B_instruct_judge_llm-judge_qwen25_14b_instruct_20_calibration_lpb_unified_aht_v1,0.9,Endpoint/block,Endpoint/block + CRC,True,100.0,50,0.9016133391857147,0.00022257313526442558,0.00022072453588729967,0.0016133391857147128,21.728586502075196,,15.96664687313982,,0.000236007879970686,1.0,1.0,0.0003375249264767527,0.000333024427231962,0.6594272535298381,0.6627878252713219
red_team,llama_31_8B_instruct,20.0,dataset_red_team_attack_default_attack_qwen25_14b_instruct_lm_target_llama_31_8B_instruct_judge_llama_guard_20_calibration_lpb_unified_aht_v1,0.9,Endpoint/block,Endpoint/block + CRC,True,200.0,50,0.9003399968147278,0.0001419569487337026,0.00013923340759305355,0.0003399968147277388,3.400046646595001,,18.211645436985602,,6.07663706566862e-05,0.78,1.0,0.00014970673969903558,0.00014967102304702,0.9482335198741697,0.9302629510944986
red_team,llama_31_8B_instruct,20.0,dataset_red_team_attack_default_attack_qwen25_14b_instruct_lm_target_llama_31_8B_instruct_judge_llm-judge_qwen25_14b_instruct_20_calibration_lpb_unified_aht_v1,0.9,Endpoint/block,Endpoint/block + CRC,True,200.0,50,0.9010733318328857,0.00023810574251953952,0.00023449566889263462,0.0010733318328857155,21.819799995422365,,17.889097410480858,,0.000231236505110758,1.0,1.0,0.0003375249264767527,0.000333024427231962,0.7054463947448315,0.7041395456835393
red_team,llama_31_8B_instruct,20.0,dataset_red_team_attack_default_attack_qwen25_14b_instruct_lm_target_llama_31_8B_instruct_judge_llama_guard_20_calibration_lpb_unified_aht_v1,0.9,Information-gain,Information-gain,False,50.0,50,0.8986533319950104,9.671637693864203e-05,9.659556411553196e-05,-0.0013466680049896151,3.500999994277954,,20.519675379448135,,9.97849337781592e-09,0.52,,0.00014970673969903558,0.00014967102304702,0.646038896666087,0.6453858746270874
red_team,llama_31_8B_instruct,20.0,dataset_red_team_attack_default_attack_qwen25_14b_instruct_lm_target_llama_31_8B_instruct_judge_llm-judge_qwen25_14b_instruct_20_calibration_lpb_unified_aht_v1,0.9,Information-gain,Information-gain,False,50.0,50,0.9012866675853729,0.0001002811907470791,9.993108040738682e-05,0.0012866675853728804,21.84223327636719,,20.135280082521902,,3.198263637995855e-05,0.52,,0.0003375249264767527,0.000333024427231962,0.2971075108255332,0.30007132280954774
red_team,llama_31_8B_instruct,20.0,dataset_red_team_attack_default_attack_qwen25_14b_instruct_lm_target_llama_31_8B_instruct_judge_llama_guard_20_calibration_lpb_unified_aht_v1,0.9,Information-gain,Information-gain,False,100.0,50,0.8986333322525024,9.680837859396359e-05,9.673999175413442e-05,-0.0013666677474976074,3.501120004653931,,19.929211888777417,,8.948130053176937e-09,0.6,,0.00014970673969903558,0.00014967102304702,0.6466534425142333,0.6463508418977199
red_team,llama_31_8B_instruct,20.0,dataset_red_team_attack_default_attack_qwen25_14b_instruct_lm_target_llama_31_8B_instruct_judge_llm-judge_qwen25_14b_instruct_20_calibration_lpb_unified_aht_v1,0.9,Information-gain,Information-gain,False,100.0,50,0.9002466666698455,8.620777074666633e-05,8.454445977774567e-05,0.0002466666698455189,22.014806594848633,,20.138206862570552,,3.146483151956293e-05,0.48,,0.0003375249264767527,0.000333024427231962,0.2554115681071157,0.2538686440525211
red_team,llama_31_8B_instruct,20.0,dataset_red_team_attack_default_attack_qwen25_14b_instruct_lm_target_llama_31_8B_instruct_judge_llama_guard_20_calibration_lpb_unified_aht_v1,0.9,Information-gain,Information-gain,False,200.0,50,0.8986066651344299,9.834779660495522e-05,9.832222272046933e-05,-0.0013933348655701394,3.505046663284302,,19.85704448249053,,6.404092196126495e-09,0.58,,0.00014970673969903558,0.00014967102304702,0.6569363330112571,0.6569222333008363
red_team,llama_31_8B_instruct,20.0,dataset_red_team_attack_default_attack_qwen25_14b_instruct_lm_target_llama_31_8B_instruct_judge_llm-judge_qwen25_14b_instruct_20_calibration_lpb_unified_aht_v1,0.9,Information-gain,Information-gain,False,200.0,50,0.9009600031375885,0.00012014353896129023,0.00011866227420624417,0.0009600031375884832,21.865853233337404,,20.021887732330917,,4.033235430564281e-05,0.48,,0.0003375249264767527,0.000333024427231962,0.35595456672017145,0.3563170281307688
red_team,llama_31_8B_instruct,20.0,dataset_red_team_attack_default_attack_qwen25_14b_instruct_lm_target_llama_31_8B_instruct_judge_llama_guard_20_calibration_lpb_unified_aht_v1,0.9,Information-gain,Information-gain + CRC,True,50.0,50,0.8987066674232483,9.820239714069527e-05,9.791105835196862e-05,-0.0012933325767516823,3.4961466789245605,,15.98699940511907,,7.038276728532869e-07,1.0,1.0,0.00014970673969903558,0.00014967102304702,0.6559651044309524,0.6541751125814734
red_team,llama_31_8B_instruct,20.0,dataset_red_team_attack_default_attack_qwen25_14b_instruct_lm_target_llama_31_8B_instruct_judge_llm-judge_qwen25_14b_instruct_20_calibration_lpb_unified_aht_v1,0.9,Information-gain,Information-gain + CRC,True,50.0,50,0.8998999989032745,0.0001089081619259188,0.00010673999890674673,-0.00010000109672547719,22.088586654663086,,18.669510188013703,,4.7362707065861405e-05,0.92,1.0,0.0003375249264767527,0.000333024427231962,0.3226670191821223,0.3205170257147502
red_team,llama_31_8B_instruct,20.0,dataset_red_team_attack_default_attack_qwen25_14b_instruct_lm_target_llama_31_8B_instruct_judge_llama_guard_20_calibration_lpb_unified_aht_v1,0.9,Information-gain,Information-gain + CRC,True,100.0,50,0.8985999989509582,9.425847575151783e-05,9.433330917380551e-05,-0.0014000010490418102,3.5054533290863037,,16.504603984203484,,4.130263516764112e-07,1.0,1.0,0.00014970673969903558,0.00014967102304702,0.6296207902263538,0.6302710254353654
red_team,llama_31_8B_instruct,20.0,dataset_red_team_attack_default_attack_qwen25_14b_instruct_lm_target_llama_31_8B_instruct_judge_llm-judge_qwen25_14b_instruct_20_calibration_lpb_unified_aht_v1,0.9,Information-gain,Information-gain + CRC,True,100.0,50,0.9013133299350738,9.962539641781175e-05,9.935772400781654e-05,0.001313329935073826,21.839546661376954,,19.567373110123143,,3.926513948611619e-05,0.8,1.0,0.0003375249264767527,0.000333024427231962,0.2951645600156098,0.29834965811264874
red_team,llama_31_8B_instruct,20.0,dataset_red_team_attack_default_attack_qwen25_14b_instruct_lm_target_llama_31_8B_instruct_judge_llama_guard_20_calibration_lpb_unified_aht_v1,0.9,Information-gain,Information-gain + CRC,True,200.0,50,0.8985799980163575,9.839370526855061e-05,9.844223679672852e-05,-0.0014200019836425604,3.504233331680298,,17.622843014029552,,2.6544397885432776e-08,1.0,1.0,0.00014970673969903558,0.00014967102304702,0.6572429903046273,0.6577240857490654
red_team,llama_31_8B_instruct,20.0,dataset_red_team_attack_default_attack_qwen25_14b_instruct_lm_target_llama_31_8B_instruct_judge_llm-judge_qwen25_14b_instruct_20_calibration_lpb_unified_aht_v1,0.9,Information-gain,Information-gain + CRC,True,200.0,50,0.8999399995803833,0.0001029418567611281,0.00010088661967625975,-6.0000419616734746e-05,22.05645332336426,,19.680574182077258,,5.1765265172317884e-05,0.78,1.0,0.0003375249264767527,0.000333024427231962,0.304990383482739,0.30294059962751335
red_team,llama_31_8B_instruct,20.0,dataset_red_team_attack_default_attack_qwen25_14b_instruct_lm_target_llama_31_8B_instruct_judge_llama_guard_20_calibration_lpb_unified_aht_v1,0.9,Oracle,Oracle,False,,50,0.8988666653633117,9.761904875466132e-05,9.695111517828542e-05,-0.001133334636688299,3.490506672859192,,67.82929333333334,,,,,0.00014970673969903558,0.00014967102304702,0.6520684970557153,0.6477614250543853
red_team,llama_31_8B_instruct,20.0,dataset_red_team_attack_default_attack_qwen25_14b_instruct_lm_target_llama_31_8B_instruct_judge_llm-judge_qwen25_14b_instruct_20_calibration_lpb_unified_aht_v1,0.9,Oracle,Oracle,False,,50,0.9004400002956391,6.510405045962908e-05,6.39955697105989e-05,0.00044000029563906473,21.982626457214355,,127.67386666666667,,,,,0.0003375249264767527,0.000333024427231962,0.19288664437088077,0.19216479176172854
red_team,llama_31_8B_instruct,20.0,dataset_red_team_attack_default_attack_qwen25_14b_instruct_lm_target_llama_31_8B_instruct_judge_llama_guard_20_calibration_lpb_unified_aht_v1,0.9,Residual,Residual,False,50.0,50,0.8985333299636841,9.753289685084614e-05,9.77333599092562e-05,-0.0014666700363159535,3.50711332321167,,20.571284059649667,,1.1285902407742236e-09,0.52,,0.00014970673969903558,0.00014967102304702,0.6514930259447395,0.6529878524218593
red_team,llama_31_8B_instruct,20.0,dataset_red_team_attack_default_attack_qwen25_14b_instruct_lm_target_llama_31_8B_instruct_judge_llm-judge_qwen25_14b_instruct_20_calibration_lpb_unified_aht_v1,0.9,Residual,Residual,False,50.0,50,0.8993066680431366,8.367266725133999e-05,8.247992310872124e-05,-0.0006933319568633856,22.1639465713501,,20.0758285798962,,2.1692653382499463e-05,0.54,,0.0003375249264767527,0.000333024427231962,0.24790070506719453,0.2476692889896373
red_team,llama_31_8B_instruct,20.0,dataset_red_team_attack_default_attack_qwen25_14b_instruct_lm_target_llama_31_8B_instruct_judge_llama_guard_20_calibration_lpb_unified_aht_v1,0.9,Residual,Residual,False,100.0,50,0.8985599982738495,9.729452003906053e-05,9.74222346095958e-05,-0.0014400017261505527,3.5063466596603394,,19.947363280689885,,8.57781307950344e-10,0.6,,0.00014970673969903558,0.00014967102304702,0.6499007341597147,0.6509091247341181
red_team,llama_31_8B_instruct,20.0,dataset_red_team_attack_default_attack_qwen25_14b_instruct_lm_target_llama_31_8B_instruct_judge_llm-judge_qwen25_14b_instruct_20_calibration_lpb_unified_aht_v1,0.9,Residual,Residual,False,100.0,50,0.8993866658210754,6.767962422109529e-05,6.670221055171048e-05,-0.0006133341789246183,22.158206596374512,,20.056921748662266,,2.509744834689191e-05,0.5,,0.0003375249264767527,0.000333024427231962,0.2005174104548891,0.20029224614580685
red_team,llama_31_8B_instruct,20.0,dataset_red_team_attack_default_attack_qwen25_14b_instruct_lm_target_llama_31_8B_instruct_judge_llama_guard_20_calibration_lpb_unified_aht_v1,0.9,Residual,Residual,False,200.0,50,0.8985199987888336,9.79825892324553e-05,9.821334103286023e-05,-0.0014800012111664262,3.5090266609191896,,19.87190557590006,,1.2251470751011106e-09,0.58,,0.00014970673969903558,0.00014967102304702,0.6544968478335416,0.6561947599035649
red_team,llama_31_8B_instruct,20.0,dataset_red_team_attack_default_attack_qwen25_14b_instruct_lm_target_llama_31_8B_instruct_judge_llm-judge_qwen25_14b_instruct_20_calibration_lpb_unified_aht_v1,0.9,Residual,Residual,False,200.0,50,0.8999933338165284,7.78887880797968e-05,7.633105675620295e-05,-6.666183471670806e-06,22.030879974365234,,19.985586753328445,,3.730587767231898e-05,0.52,,0.0003375249264767527,0.000333024427231962,0.2307645509113575,0.22920557927432741
red_team,llama_31_8B_instruct,20.0,dataset_red_team_attack_default_attack_qwen25_14b_instruct_lm_target_llama_31_8B_instruct_judge_llama_guard_20_calibration_lpb_unified_aht_v1,0.9,Residual,Residual + CRC,True,50.0,50,0.898693333864212,9.833034173795045e-05,9.807111129360652e-05,-0.0013066661357880038,3.4982533407211305,,16.099590580675613,,7.129422480845013e-07,1.0,1.0,0.00014970673969903558,0.00014967102304702,0.6568197392824787,0.6552444775018136
red_team,llama_31_8B_instruct,20.0,dataset_red_team_attack_default_attack_qwen25_14b_instruct_lm_target_llama_31_8B_instruct_judge_llm-judge_qwen25_14b_instruct_20_calibration_lpb_unified_aht_v1,0.9,Residual,Residual + CRC,True,50.0,50,0.9002133357524872,8.391264971829791e-05,8.227990886722122e-05,0.00021333575248716485,21.996753158569337,,18.866745926007603,,2.4935791718526944e-05,0.96,1.0,0.0003375249264767527,0.000333024427231962,0.24861171171628257,0.24706868967876242
red_team,llama_31_8B_instruct,20.0,dataset_red_team_attack_default_attack_qwen25_14b_instruct_lm_target_llama_31_8B_instruct_judge_llama_guard_20_calibration_lpb_unified_aht_v1,0.9,Residual,Residual + CRC,True,100.0,50,0.898459998369217,9.263893672464652e-05,9.315776301296819e-05,-0.00154000163078305,3.5121799898147583,,16.69199400808853,,4.3552334446602025e-07,1.0,1.0,0.00014970673969903558,0.00014967102304702,0.6188027132972378,0.622416825357719
red_team,llama_31_8B_instruct,20.0,dataset_red_team_attack_default_attack_qwen25_14b_instruct_lm_target_llama_31_8B_instruct_judge_llm-judge_qwen25_14b_instruct_20_calibration_lpb_unified_aht_v1,0.9,Residual,Residual + CRC,True,100.0,50,0.8993133354187012,8.122178343661078e-05,8.006885601508888e-05,-0.0006866645812988459,22.19054000854492,,19.584480562142506,,2.8946641579310255e-05,0.84,1.0,0.0003375249264767527,0.000333024427231962,0.24063936339292855,0.2404293783510313
red_team,llama_31_8B_instruct,20.0,dataset_red_team_attack_default_attack_qwen25_14b_instruct_lm_target_llama_31_8B_instruct_judge_llama_guard_20_calibration_lpb_unified_aht_v1,0.9,Residual,Residual + CRC,True,200.0,50,0.8985199987888336,9.820933806009692e-05,9.843555488394901e-05,-0.0014800012111664262,3.508526659011841,,17.8034334897525,,4.520191866671261e-08,1.0,1.0,0.00014970673969903558,0.00014967102304702,0.6560114678706719,0.6576794417515601
red_team,llama_31_8B_instruct,20.0,dataset_red_team_attack_default_attack_qwen25_14b_instruct_lm_target_llama_31_8B_instruct_judge_llm-judge_qwen25_14b_instruct_20_calibration_lpb_unified_aht_v1,0.9,Residual,Residual + CRC,True,200.0,50,0.8999599993228913,8.40890329513473e-05,8.240885234648949e-05,-4.0000677108742444e-05,22.054853248596192,,19.644407728486986,,4.30270570794341e-05,0.84,1.0,0.0003375249264767527,0.000333024427231962,0.24913429010742708,0.2474558789319353
red_team,llama_31_8B_instruct,20.0,dataset_red_team_attack_default_attack_qwen25_14b_instruct_lm_target_llama_31_8B_instruct_judge_llama_guard_20_calibration_lpb_unified_aht_v1,0.9,Soft-prefix,Soft-prefix,False,50.0,50,0.8984866642951965,9.836377902944134e-05,9.868668840428557e-05,-0.0015133357048034979,3.510066657066345,,20.490933778913217,,3.3226348092638446e-17,0.56,,0.00014970673969903558,0.00014967102304702,0.6570430912274754,0.659357345164151
red_team,llama_31_8B_instruct,20.0,dataset_red_team_attack_default_attack_qwen25_14b_instruct_lm_target_llama_31_8B_instruct_judge_llm-judge_qwen25_14b_instruct_20_calibration_lpb_unified_aht_v1,0.9,Soft-prefix,Soft-prefix,False,50.0,50,0.9015266644954681,9.599587963817069e-05,9.64066665271302e-05,0.0015266644954681219,21.76593334197998,,19.875686659979845,,2.2765780460508645e-05,0.62,,0.0003375249264767527,0.000333024427231962,0.28441123042443645,0.28948827366342084
red_team,llama_31_8B_instruct,20.0,dataset_red_team_attack_default_attack_qwen25_14b_instruct_lm_target_llama_31_8B_instruct_judge_llama_guard_20_calibration_lpb_unified_aht_v1,0.9,Soft-prefix,Soft-prefix,False,100.0,50,0.8984866642951965,9.836377902944134e-05,9.868668840428557e-05,-0.0015133357048034979,3.510066657066345,,19.95444200204116,,3.2779110783723e-17,0.6,,0.00014970673969903558,0.00014967102304702,0.6570430912274754,0.659357345164151
red_team,llama_31_8B_instruct,20.0,dataset_red_team_attack_default_attack_qwen25_14b_instruct_lm_target_llama_31_8B_instruct_judge_llm-judge_qwen25_14b_instruct_20_calibration_lpb_unified_aht_v1,0.9,Soft-prefix,Soft-prefix,False,100.0,50,0.9015733301639557,0.00011044465621440236,0.0001107111308949271,0.0015733301639556663,21.758640098571778,,19.927245184494733,,2.8853499111177965e-05,0.56,,0.0003375249264767527,0.000333024427231962,0.3272192586404706,0.33244147228219184
red_team,llama_31_8B_instruct,20.0,dataset_red_team_attack_default_attack_qwen25_14b_instruct_lm_target_llama_31_8B_instruct_judge_llama_guard_20_calibration_lpb_unified_aht_v1,0.9,Soft-prefix,Soft-prefix,False,200.0,50,0.8984866642951965,9.836377902944134e-05,9.868668840428557e-05,-0.0015133357048034979,3.510066657066345,,19.94537674039645,,3.1695192149862176e-17,0.5,,0.00014970673969903558,0.00014967102304702,0.6570430912274754,0.659357345164151
red_team,llama_31_8B_instruct,20.0,dataset_red_team_attack_default_attack_qwen25_14b_instruct_lm_target_llama_31_8B_instruct_judge_llm-judge_qwen25_14b_instruct_20_calibration_lpb_unified_aht_v1,0.9,Soft-prefix,Soft-prefix,False,200.0,50,0.9012666642665863,0.00012115648045863305,0.00012033778921370696,0.0012666642665862815,21.807739944458007,,19.970336006828152,,4.618066137000147e-05,0.54,,0.0003375249264767527,0.000333024427231962,0.35895565321152006,0.3613482356652712
red_team,llama_31_8B_instruct,20.0,dataset_red_team_attack_default_attack_qwen25_14b_instruct_lm_target_llama_31_8B_instruct_judge_llama_guard_20_calibration_lpb_unified_aht_v1,0.9,Soft-prefix,Soft-prefix + CRC,True,50.0,50,0.8984866642951965,0.00010281280949694111,0.00010304673826243535,-0.0015133357048034979,3.5104133224487306,,16.117452238136135,,6.400136979011185e-07,1.0,1.0,0.00014970673969903558,0.00014967102304702,0.6867613956701739,0.688488233491012
red_team,llama_31_8B_instruct,20.0,dataset_red_team_attack_default_attack_qwen25_14b_instruct_lm_target_llama_31_8B_instruct_judge_llm-judge_qwen25_14b_instruct_20_calibration_lpb_unified_aht_v1,0.9,Soft-prefix,Soft-prefix + CRC,True,50.0,50,0.9015466666221619,0.00011726424106422435,0.00011731113388304933,0.001546666622161852,21.75692672729492,,18.8670503104159,,2.6267899064571805e-05,0.92,1.0,0.0003375249264767527,0.000333024427231962,0.3474239437314595,0.3522598472974429
red_team,llama_31_8B_instruct,20.0,dataset_red_team_attack_default_attack_qwen25_14b_instruct_lm_target_llama_31_8B_instruct_judge_llama_guard_20_calibration_lpb_unified_aht_v1,0.9,Soft-prefix,Soft-prefix + CRC,True,100.0,50,0.8984733319282532,9.500265397272355e-05,9.54333162945603e-05,-0.0015266680717468395,3.5129133224487306,,16.84014393767706,,4.291478985094644e-07,1.0,1.0,0.00014970673969903558,0.00014967102304702,0.6345916968315058,0.6376205250135785
red_team,llama_31_8B_instruct,20.0,dataset_red_team_attack_default_attack_qwen25_14b_instruct_lm_target_llama_31_8B_instruct_judge_llm-judge_qwen25_14b_instruct_20_calibration_lpb_unified_aht_v1,0.9,Soft-prefix,Soft-prefix + CRC,True,100.0,50,0.9015666675567627,0.00010732075542911856,0.00010762878755394882,0.001566667556762713,21.766913452148437,,19.48073452082238,,3.0310718919455887e-05,0.8,1.0,0.0003375249264767527,0.000333024427231962,0.3179639398766312,0.3231858649184973
red_team,llama_31_8B_instruct,20.0,dataset_red_team_attack_default_attack_qwen25_14b_instruct_lm_target_llama_31_8B_instruct_judge_llama_guard_20_calibration_lpb_unified_aht_v1,0.9,Soft-prefix,Soft-prefix + CRC,True,200.0,50,0.8984799981117249,9.850413570224929e-05,9.884445872856435e-05,-0.0015200018882751687,3.5112999868392945,,18.052606118065174,,8.357648057709697e-08,1.0,1.0,0.00014970673969903558,0.00014967102304702,0.6579806353426576,0.6604114591874728
red_team,llama_31_8B_instruct,20.0,dataset_red_team_attack_default_attack_qwen25_14b_instruct_lm_target_llama_31_8B_instruct_judge_llm-judge_qwen25_14b_instruct_20_calibration_lpb_unified_aht_v1,0.9,Soft-prefix,Soft-prefix + CRC,True,200.0,50,0.9014266657829285,0.00012032212455698733,0.00011995105732202644,0.0014266657829284934,21.779686584472657,,19.704812729369134,,4.7662452234436245e-05,0.8,1.0,0.0003375249264767527,0.000333024427231962,0.3564836701483575,0.360186963818353
red_team,llama_31_8B_instruct,20.0,dataset_red_team_attack_default_attack_qwen25_14b_instruct_lm_target_llama_31_8B_instruct_judge_llama_guard_20_calibration_lpb_unified_aht_v1,0.9,Static,Static,False,,50,0.898279994726181,0.00014970673969903558,0.00014967102304702,-0.001720005273818992,3.5172066497802734,,12.95807376478821,,3.314088449712047e-05,1.0,,0.00014970673969903558,0.00014967102304702,1.0,1.0
red_team,llama_31_8B_instruct,20.0,dataset_red_team_attack_default_attack_qwen25_14b_instruct_lm_target_llama_31_8B_instruct_judge_llm-judge_qwen25_14b_instruct_20_calibration_lpb_unified_aht_v1,0.9,Static,Static,False,,50,0.8985000002384186,0.0003375249264767527,0.000333024427231962,-0.0014999997615814387,22.270006790161133,,13.370505769618552,,0.000254319521683796,1.0,,0.0003375249264767527,0.000333024427231962,1.0,1.0
red_team,mini_phi_4_instruct,10.0,dataset_red_team_attack_default_attack_qwen25_14b_instruct_lm_target_mini_phi_4_instruct_judge_llama_guard_10_calibration_lpb_unified_aht_v1,0.9,Endpoint/block,Endpoint/block,False,,50,0.9007533383369446,0.00019922807517030723,0.00019581103231681155,0.0007533383369445756,2.2425866603851317,,7.995311404396614,,0.0001258035757087217,1.0,,0.00026176806550843847,0.00025654874812892095,0.7610862493228183,0.7632507807771977
red_team,mini_phi_4_instruct,10.0,dataset_red_team_attack_default_attack_qwen25_14b_instruct_lm_target_mini_phi_4_instruct_judge_llm-judge_qwen25_14b_instruct_10_calibration_lpb_unified_aht_v1,0.9,Endpoint/block,Endpoint/block,False,,50,0.904080001115799,0.00026588008084372404,0.00027720888833177,0.004080001115798981,17.865980014801025,,9.772083767015644,,0.000303797484924786,1.0,,0.0006410758910495628,0.0006875444070077209,0.4147404145996318,0.403186885830717
red_team,mini_phi_4_instruct,10.0,dataset_red_team_attack_default_attack_qwen25_14b_instruct_lm_target_mini_phi_4_instruct_judge_llama_guard_10_calibration_lpb_unified_aht_v1,0.9,Endpoint/block,Endpoint/block + CRC,True,50.0,50,0.8927800023555755,0.0007824064051589518,0.0008188866430412675,-0.007219997644424492,2.410806677341461,,2.3288225740510002,,0.0007073177478017499,1.0,1.0,0.00026176806550843847,0.00025654874812892095,2.9889299278705552,3.191933887861968
red_team,mini_phi_4_instruct,10.0,dataset_red_team_attack_default_attack_qwen25_14b_instruct_lm_target_mini_phi_4_instruct_judge_llm-judge_qwen25_14b_instruct_10_calibration_lpb_unified_aht_v1,0.9,Endpoint/block,Endpoint/block + CRC,True,50.0,50,0.9046533298492432,0.002184335528715909,0.0021623022968274477,0.00465332984924316,18.230486640930177,,2.26503970117904,,0.0026059363238678662,1.0,1.0,0.0006410758910495628,0.0006875444070077209,3.407296326710614,3.1449638376640383
red_team,mini_phi_4_instruct,10.0,dataset_red_team_attack_default_attack_qwen25_14b_instruct_lm_target_mini_phi_4_instruct_judge_llama_guard_10_calibration_lpb_unified_aht_v1,0.9,Endpoint/block,Endpoint/block + CRC,True,100.0,50,0.8988066697120667,0.0002847078886388111,0.0002804377680421341,-0.0011933302879333363,2.2862800121307374,,6.069660633232135,,0.000205821052438666,1.0,1.0,0.00026176806550843847,0.00025654874812892095,1.0876341546315669,1.0931168835842786
red_team,mini_phi_4_instruct,10.0,dataset_red_team_attack_default_attack_qwen25_14b_instruct_lm_target_mini_phi_4_instruct_judge_llm-judge_qwen25_14b_instruct_10_calibration_lpb_unified_aht_v1,0.9,Endpoint/block,Endpoint/block + CRC,True,100.0,50,0.9025999975204467,0.000682825545873517,0.0006759290220623759,0.0025999975204467063,18.26740665435791,,6.091978837502335,,0.000748646338198494,1.0,1.0,0.0006410758910495628,0.0006875444070077209,1.0651243564246382,0.9831059858433049
red_team,mini_phi_4_instruct,10.0,dataset_red_team_attack_default_attack_qwen25_14b_instruct_lm_target_mini_phi_4_instruct_judge_llama_guard_10_calibration_lpb_unified_aht_v1,0.9,Endpoint/block,Endpoint/block + CRC,True,200.0,50,0.9004666697978974,0.00021845356550269997,0.00021430227489291543,0.0004666697978973344,2.254813325405121,,7.886633856656015,,0.00015674274947334997,1.0,1.0,0.00026176806550843847,0.00025654874812892095,0.8345310000988558,0.8353276968056932
red_team,mini_phi_4_instruct,10.0,dataset_red_team_attack_default_attack_qwen25_14b_instruct_lm_target_mini_phi_4_instruct_judge_llm-judge_qwen25_14b_instruct_10_calibration_lpb_unified_aht_v1,0.9,Endpoint/block,Endpoint/block + CRC,True,200.0,50,0.9025933313369751,0.0006795479084652172,0.0006726823177192496,0.0025933313369750355,18.246540050506592,,7.971529160611441,,0.0007188939510972479,1.0,1.0,0.0006410758910495628,0.0006875444070077209,1.060011642853498,0.9783838118134754
red_team,mini_phi_4_instruct,10.0,dataset_red_team_attack_default_attack_qwen25_14b_instruct_lm_target_mini_phi_4_instruct_judge_llama_guard_10_calibration_lpb_unified_aht_v1,0.9,Information-gain,Information-gain,False,50.0,50,0.8985733342170715,7.190945052684556e-05,7.250663677248767e-05,-0.0014266657829284934,2.2454400062561035,,9.85785689323109,,3.369954093557226e-17,0.68,,0.00026176806550843847,0.00025654874812892095,0.2747067347087357,0.28262323360101377
red_team,mini_phi_4_instruct,10.0,dataset_red_team_attack_default_attack_qwen25_14b_instruct_lm_target_mini_phi_4_instruct_judge_llm-judge_qwen25_14b_instruct_10_calibration_lpb_unified_aht_v1,0.9,Information-gain,Information-gain,False,50.0,50,0.8960733342170716,0.00032975643048547225,0.0003385800060465842,-0.00392666578292844,19.444859924316408,,10.093525640959028,,0.00018919877092967355,0.5,,0.0006410758910495628,0.0006875444070077209,0.5143797093127281,0.49244820057532956
red_team,mini_phi_4_instruct,10.0,dataset_red_team_attack_default_attack_qwen25_14b_instruct_lm_target_mini_phi_4_instruct_judge_llama_guard_10_calibration_lpb_unified_aht_v1,0.9,Information-gain,Information-gain,False,100.0,50,0.8985733342170715,7.190945052684556e-05,7.250663677248767e-05,-0.0014266657829284934,2.2454400062561035,,9.825578554822947,,3.3403906307682973e-17,0.66,,0.00026176806550843847,0.00025654874812892095,0.2747067347087357,0.28262323360101377
red_team,mini_phi_4_instruct,10.0,dataset_red_team_attack_default_attack_qwen25_14b_instruct_lm_target_mini_phi_4_instruct_judge_llm-judge_qwen25_14b_instruct_10_calibration_lpb_unified_aht_v1,0.9,Information-gain,Information-gain,False,100.0,50,0.9007533347606659,0.0001612372960861102,0.00015858006342601551,0.000753334760665858,18.46731334686279,,10.070330194420634,,0.00016229341917006906,0.34,,0.0006410758910495628,0.0006875444070077209,0.2515104659795179,0.23064701248342015
red_team,mini_phi_4_instruct,10.0,dataset_red_team_attack_default_attack_qwen25_14b_instruct_lm_target_mini_phi_4_instruct_judge_llama_guard_10_calibration_lpb_unified_aht_v1,0.9,Information-gain,Information-gain,False,200.0,50,0.8985733342170715,7.190945052684556e-05,7.250663677248767e-05,-0.0014266657829284934,2.2454400062561035,,9.984834416467946,,3.27576839727802e-17,0.56,,0.00026176806550843847,0.00025654874812892095,0.2747067347087357,0.28262323360101377
red_team,mini_phi_4_instruct,10.0,dataset_red_team_attack_default_attack_qwen25_14b_instruct_lm_target_mini_phi_4_instruct_judge_llm-judge_qwen25_14b_instruct_10_calibration_lpb_unified_aht_v1,0.9,Information-gain,Information-gain,False,200.0,50,0.9009466648101807,0.00041570686082864936,0.00040828889787491085,0.0009466648101806863,18.526593418121337,,10.011202360700489,,0.00036523337740852605,0.38,,0.0006410758910495628,0.0006875444070077209,0.6484518707263479,0.5938364034576837
red_team,mini_phi_4_instruct,10.0,dataset_red_team_attack_default_attack_qwen25_14b_instruct_lm_target_mini_phi_4_instruct_judge_llama_guard_10_calibration_lpb_unified_aht_v1,0.9,Information-gain,Information-gain + CRC,True,50.0,50,0.8989933323860169,8.459178100995985e-05,8.391332507480327e-05,-0.0010066676139831587,2.2418999910354613,,9.003249279907267,,2.7581012898025152e-06,0.92,1.0,0.00026176806550843847,0.00025654874812892095,0.3231554652996162,0.3270853032291357
red_team,mini_phi_4_instruct,10.0,dataset_red_team_attack_default_attack_qwen25_14b_instruct_lm_target_mini_phi_4_instruct_judge_llm-judge_qwen25_14b_instruct_10_calibration_lpb_unified_aht_v1,0.9,Information-gain,Information-gain + CRC,True,50.0,50,0.896853334903717,0.0002863500711129704,0.0002905245709188766,-0.00314666509628303,19.2492267036438,,9.434435767907962,,0.0002135926310402308,0.88,1.0,0.0006410758910495628,0.0006875444070077209,0.44667109637232033,0.42255390045753666
red_team,mini_phi_4_instruct,10.0,dataset_red_team_attack_default_attack_qwen25_14b_instruct_lm_target_mini_phi_4_instruct_judge_llama_guard_10_calibration_lpb_unified_aht_v1,0.9,Information-gain,Information-gain + CRC,True,100.0,50,0.8986799991130829,8.115629706790125e-05,8.127557346800526e-05,-0.0013200008869170832,2.246940007209778,,9.439466638289733,,3.0955567727038072e-06,0.82,1.0,0.00026176806550843847,0.00025654874812892095,0.3100313130643702,0.31680362527889877
red_team,mini_phi_4_instruct,10.0,dataset_red_team_attack_default_attack_qwen25_14b_instruct_lm_target_mini_phi_4_instruct_judge_llm-judge_qwen25_14b_instruct_10_calibration_lpb_unified_aht_v1,0.9,Information-gain,Information-gain + CRC,True,100.0,50,0.8968866717815399,0.0002447782776932546,0.0002495755247352495,-0.0031133282184601097,19.25383327484131,,9.763007920950555,,0.00023973106117545196,0.74,1.0,0.0006410758910495628,0.0006875444070077209,0.3818241819896021,0.3629954984601407
red_team,mini_phi_4_instruct,10.0,dataset_red_team_attack_default_attack_qwen25_14b_instruct_lm_target_mini_phi_4_instruct_judge_llama_guard_10_calibration_lpb_unified_aht_v1,0.9,Information-gain,Information-gain + CRC,True,200.0,50,0.898826664686203,8.491261748804295e-05,8.459108089688525e-05,-0.0011733353137970415,2.2436666774749754,,9.939746718261993,,4.023439226887739e-06,0.54,1.0,0.00026176806550843847,0.00025654874812892095,0.32438111701331906,0.3297271240410673
red_team,mini_phi_4_instruct,10.0,dataset_red_team_attack_default_attack_qwen25_14b_instruct_lm_target_mini_phi_4_instruct_judge_llm-judge_qwen25_14b_instruct_10_calibration_lpb_unified_aht_v1,0.9,Information-gain,Information-gain + CRC,True,200.0,50,0.9030533385276794,0.00032651862772990693,0.0003293111313399204,0.0030533385276794167,18.158173313140868,,9.809586117409546,,0.000409529996954492,0.96,1.0,0.0006410758910495628,0.0006875444070077209,0.5093291329289175,0.47896707177522324
red_team,mini_phi_4_instruct,10.0,dataset_red_team_attack_default_attack_qwen25_14b_instruct_lm_target_mini_phi_4_instruct_judge_llama_guard_10_calibration_lpb_unified_aht_v1,0.9,Oracle,Oracle,False,,50,0.8987600016593933,7.383232697134404e-05,7.389327631662458e-05,-0.0012399983406067294,2.2431866693496705,,68.42191999999999,,,,,0.00026176806550843847,0.00025654874812892095,0.28205246055487215,0.28802820850052135
red_team,mini_phi_4_instruct,10.0,dataset_red_team_attack_default_attack_qwen25_14b_instruct_lm_target_mini_phi_4_instruct_judge_llm-judge_qwen25_14b_instruct_10_calibration_lpb_unified_aht_v1,0.9,Oracle,Oracle,False,,50,0.8998066627979279,7.486664754290233e-05,7.340669386574934e-05,-0.00019333720207215244,18.581553268432618,,123.72231999999998,,,,,0.0006410758910495628,0.0006875444070077209,0.11678281555765797,0.10676647663417761
red_team,mini_phi_4_instruct,10.0,dataset_red_team_attack_default_attack_qwen25_14b_instruct_lm_target_mini_phi_4_instruct_judge_llama_guard_10_calibration_lpb_unified_aht_v1,0.9,Residual,Residual,False,50.0,50,0.8985733342170715,7.190945052684556e-05,7.250663677248767e-05,-0.0014266657829284934,2.2454400062561035,,9.85828881485577,,3.3704041532997857e-17,0.7,,0.00026176806550843847,0.00025654874812892095,0.2747067347087357,0.28262323360101377
red_team,mini_phi_4_instruct,10.0,dataset_red_team_attack_default_attack_qwen25_14b_instruct_lm_target_mini_phi_4_instruct_judge_llm-judge_qwen25_14b_instruct_10_calibration_lpb_unified_aht_v1,0.9,Residual,Residual,False,50.0,50,0.8976199996471405,0.00021482550220553777,0.00021619339384103847,-0.002380000352859568,19.08822015762329,,10.029267228271605,,0.00013596675538642125,0.54,,0.0006410758910495628,0.0006875444070077209,0.33510151482038686,0.3144428078208637
red_team,mini_phi_4_instruct,10.0,dataset_red_team_attack_default_attack_qwen25_14b_instruct_lm_target_mini_phi_4_instruct_judge_llama_guard_10_calibration_lpb_unified_aht_v1,0.9,Residual,Residual,False,100.0,50,0.8985733342170715,7.190945052684556e-05,7.250663677248767e-05,-0.0014266657829284934,2.2454400062561035,,9.825720179009886,,3.340505057754702e-17,0.66,,0.00026176806550843847,0.00025654874812892095,0.2747067347087357,0.28262323360101377
red_team,mini_phi_4_instruct,10.0,dataset_red_team_attack_default_attack_qwen25_14b_instruct_lm_target_mini_phi_4_instruct_judge_llm-judge_qwen25_14b_instruct_10_calibration_lpb_unified_aht_v1,0.9,Residual,Residual,False,100.0,50,0.899280002117157,0.00017588367009411195,0.00017288439364352822,-0.0007199978828430487,18.744746723175048,,10.039226704098729,,0.00013956331344128087,0.4,,0.0006410758910495628,0.0006875444070077209,0.2743570184898968,0.25145196714775514
red_team,mini_phi_4_instruct,10.0,dataset_red_team_attack_default_attack_qwen25_14b_instruct_lm_target_mini_phi_4_instruct_judge_llama_guard_10_calibration_lpb_unified_aht_v1,0.9,Residual,Residual,False,200.0,50,0.8985733342170715,7.190945052684556e-05,7.250663677248767e-05,-0.0014266657829284934,2.2454400062561035,,9.984834417476618,,3.27576839727802e-17,0.56,,0.00026176806550843847,0.00025654874812892095,0.2747067347087357,0.28262323360101377
red_team,mini_phi_4_instruct,10.0,dataset_red_team_attack_default_attack_qwen25_14b_instruct_lm_target_mini_phi_4_instruct_judge_llm-judge_qwen25_14b_instruct_10_calibration_lpb_unified_aht_v1,0.9,Residual,Residual,False,200.0,50,0.8989000022411346,0.00041793323318253534,0.0004107845635883936,-0.0010999977588653786,18.893239936828614,,10.001538933526138,,0.00035280896769056,0.42,,0.0006410758910495628,0.0006875444070077209,0.6519247393601082,0.5974662282196131
red_team,mini_phi_4_instruct,10.0,dataset_red_team_attack_default_attack_qwen25_14b_instruct_lm_target_mini_phi_4_instruct_judge_llama_guard_10_calibration_lpb_unified_aht_v1,0.9,Residual,Residual + CRC,True,50.0,50,0.8989933323860169,8.459178100995985e-05,8.391332507480327e-05,-0.0010066676139831587,2.2418999910354613,,9.007181042209695,,2.766157503496886e-06,0.92,1.0,0.00026176806550843847,0.00025654874812892095,0.3231554652996162,0.3270853032291357
red_team,mini_phi_4_instruct,10.0,dataset_red_team_attack_default_attack_qwen25_14b_instruct_lm_target_mini_phi_4_instruct_judge_llm-judge_qwen25_14b_instruct_10_calibration_lpb_unified_aht_v1,0.9,Residual,Residual + CRC,True,50.0,50,0.8972000050544738,0.0002635783176295298,0.00026614672297191116,-0.0027999949455261852,19.16035997390747,,9.461254960086197,,0.00015695243247995563,0.9,1.0,0.0006410758910495628,0.0006875444070077209,0.4111499454425,0.38709750273471777
red_team,mini_phi_4_instruct,10.0,dataset_red_team_attack_default_attack_qwen25_14b_instruct_lm_target_mini_phi_4_instruct_judge_llama_guard_10_calibration_lpb_unified_aht_v1,0.9,Residual,Residual + CRC,True,100.0,50,0.8986933326721191,8.119203481755339e-05,8.127557362695367e-05,-0.0013066673278808727,2.2466333436965944,,9.440017288889857,,3.1005784427790636e-06,0.82,1.0,0.00026176806550843847,0.00025654874812892095,0.31016783754676924,0.31680362589846295
red_team,mini_phi_4_instruct,10.0,dataset_red_team_attack_default_attack_qwen25_14b_instruct_lm_target_mini_phi_4_instruct_judge_llm-judge_qwen25_14b_instruct_10_calibration_lpb_unified_aht_v1,0.9,Residual,Residual + CRC,True,100.0,50,0.8970600056648255,0.00030286941799988415,0.00030545559633074503,-0.002939994335174556,19.211326808929442,,9.737886198339929,,0.00019359642809949095,0.78,1.0,0.0006410758910495628,0.0006875444070077209,0.47243925754878957,0.44427035289273303
red_team,mini_phi_4_instruct,10.0,dataset_red_team_attack_default_attack_qwen25_14b_instruct_lm_target_mini_phi_4_instruct_judge_llama_guard_10_calibration_lpb_unified_aht_v1,0.9,Residual,Residual + CRC,True,200.0,50,0.898826664686203,8.491261748804295e-05,8.459108089688525e-05,-0.0011733353137970415,2.2436666774749754,,9.939748144499122,,4.0250062362764256e-06,0.54,1.0,0.00026176806550843847,0.00025654874812892095,0.32438111701331906,0.3297271240410673
red_team,mini_phi_4_instruct,10.0,dataset_red_team_attack_default_attack_qwen25_14b_instruct_lm_target_mini_phi_4_instruct_judge_llm-judge_qwen25_14b_instruct_10_calibration_lpb_unified_aht_v1,0.9,Residual,Residual + CRC,True,200.0,50,0.8954333329200744,0.000561656468411212,0.0005712777872618637,-0.00456666707992559,19.506966609954834,,9.806677923178256,,0.00046760153819023196,0.98,1.0,0.0006410758910495628,0.0006875444070077209,0.876115412001649,0.830895839511132
red_team,mini_phi_4_instruct,10.0,dataset_red_team_attack_default_attack_qwen25_14b_instruct_lm_target_mini_phi_4_instruct_judge_llama_guard_10_calibration_lpb_unified_aht_v1,0.9,Soft-prefix,Soft-prefix,False,50.0,50,0.8985733342170715,7.190945052684556e-05,7.250663677248767e-05,-0.0014266657829284934,2.2454400062561035,,9.852126556113902,,3.3821128613769565e-17,0.74,,0.00026176806550843847,0.00025654874812892095,0.2747067347087357,0.28262323360101377
red_team,mini_phi_4_instruct,10.0,dataset_red_team_attack_default_attack_qwen25_14b_instruct_lm_target_mini_phi_4_instruct_judge_llm-judge_qwen25_14b_instruct_10_calibration_lpb_unified_aht_v1,0.9,Soft-prefix,Soft-prefix,False,50.0,50,0.8999933350086212,0.00010523580121922952,0.00010313112961695503,-6.664991378801943e-06,18.554146614074707,,9.974916418615202,,7.467722102678512e-05,0.56,,0.0006410758910495628,0.0006875444070077209,0.16415498178684987,0.14999922705472157
red_team,mini_phi_4_instruct,10.0,dataset_red_team_attack_default_attack_qwen25_14b_instruct_lm_target_mini_phi_4_instruct_judge_llama_guard_10_calibration_lpb_unified_aht_v1,0.9,Soft-prefix,Soft-prefix,False,100.0,50,0.8985733342170715,7.190945052684556e-05,7.250663677248767e-05,-0.0014266657829284934,2.2454400062561035,,9.82313471060416,,3.3519653225905843e-17,0.66,,0.00026176806550843847,0.00025654874812892095,0.2747067347087357,0.28262323360101377
red_team,mini_phi_4_instruct,10.0,dataset_red_team_attack_default_attack_qwen25_14b_instruct_lm_target_mini_phi_4_instruct_judge_llm-judge_qwen25_14b_instruct_10_calibration_lpb_unified_aht_v1,0.9,Soft-prefix,Soft-prefix,False,100.0,50,0.8995533335208893,0.00018192581007410913,0.00017848680481618814,-0.00044666647911073554,18.674459915161133,,9.982947172289327,,0.00010733967351262243,0.6,,0.0006410758910495628,0.0006875444070077209,0.28378201803262654,0.2596004025296126
red_team,mini_phi_4_instruct,10.0,dataset_red_team_attack_default_attack_qwen25_14b_instruct_lm_target_mini_phi_4_instruct_judge_llama_guard_10_calibration_lpb_unified_aht_v1,0.9,Soft-prefix,Soft-prefix,False,200.0,50,0.8985733342170715,7.190945052684556e-05,7.250663677248767e-05,-0.0014266657829284934,2.2454400062561035,,9.986448539142504,,3.277802473888869e-17,0.56,,0.00026176806550843847,0.00025654874812892095,0.2747067347087357,0.28262323360101377
red_team,mini_phi_4_instruct,10.0,dataset_red_team_attack_default_attack_qwen25_14b_instruct_lm_target_mini_phi_4_instruct_judge_llm-judge_qwen25_14b_instruct_10_calibration_lpb_unified_aht_v1,0.9,Soft-prefix,Soft-prefix,False,200.0,50,0.901666671037674,0.00034862130484749,0.0003444266710983613,0.001666671037673928,18.418046646118164,,9.998101598897028,,0.00032324225802185004,0.58,,0.0006410758910495628,0.0006875444070077209,0.5438066065419038,0.5009518913801497
red_team,mini_phi_4_instruct,10.0,dataset_red_team_attack_default_attack_qwen25_14b_instruct_lm_target_mini_phi_4_instruct_judge_llama_guard_10_calibration_lpb_unified_aht_v1,0.9,Soft-prefix,Soft-prefix + CRC,True,50.0,50,0.8988533341884613,8.454943308717079e-05,8.417328690877916e-05,-0.0011466658115387718,2.243346667289734,,9.05732082830132,,2.6591020153489508e-06,0.92,1.0,0.00026176806550843847,0.00025654874812892095,0.3229936887944997,0.3280986070782944
red_team,mini_phi_4_instruct,10.0,dataset_red_team_attack_default_attack_qwen25_14b_instruct_lm_target_mini_phi_4_instruct_judge_llm-judge_qwen25_14b_instruct_10_calibration_lpb_unified_aht_v1,0.9,Soft-prefix,Soft-prefix + CRC,True,50.0,50,0.9003200030326843,0.00012619929395234366,0.00012377771001422397,0.00032000303268431285,18.53428665161133,,9.46701918446177,,8.316542700969133e-05,0.94,1.0,0.0006410758910495628,0.0006875444070077209,0.19685546705824716,0.18002867706090436
red_team,mini_phi_4_instruct,10.0,dataset_red_team_attack_default_attack_qwen25_14b_instruct_lm_target_mini_phi_4_instruct_judge_llama_guard_10_calibration_lpb_unified_aht_v1,0.9,Soft-prefix,Soft-prefix + CRC,True,100.0,50,0.8985533308982849,8.4270324491667e-05,8.467776949169087e-05,-0.0014466691017150923,2.248353352546692,,9.447616941150953,,3.132022998965548e-06,0.84,1.0,0.00026176806550843847,0.00025654874812892095,0.3219274449233779,0.3300650270534104
red_team,mini_phi_4_instruct,10.0,dataset_red_team_attack_default_attack_qwen25_14b_instruct_lm_target_mini_phi_4_instruct_judge_llm-judge_qwen25_14b_instruct_10_calibration_lpb_unified_aht_v1,0.9,Soft-prefix,Soft-prefix + CRC,True,100.0,50,0.8989866638183593,0.00018138759790200173,0.00017878669616098374,-0.0010133361816406783,18.786700019836427,,9.695567526369645,,0.00011503905255400822,0.88,1.0,0.0006410758910495628,0.0006875444070077209,0.2829424728561167,0.2600365799484658
red_team,mini_phi_4_instruct,10.0,dataset_red_team_attack_default_attack_qwen25_14b_instruct_lm_target_mini_phi_4_instruct_judge_llama_guard_10_calibration_lpb_unified_aht_v1,0.9,Soft-prefix,Soft-prefix + CRC,True,200.0,50,0.8988600015640259,8.786889464718745e-05,8.741111318826718e-05,-0.001139998435974121,2.2444000101089476,,9.94231927598171,,4.049633182530226e-06,0.54,1.0,0.00026176806550843847,0.00025654874812892095,0.3356746151464945,0.3407193129016608
red_team,mini_phi_4_instruct,10.0,dataset_red_team_attack_default_attack_qwen25_14b_instruct_lm_target_mini_phi_4_instruct_judge_llm-judge_qwen25_14b_instruct_10_calibration_lpb_unified_aht_v1,0.9,Soft-prefix,Soft-prefix + CRC,True,200.0,50,0.9023000001907349,0.0003446543137127031,0.00034305122831582933,0.002300000190734841,18.29506673812866,,9.807873537103264,,0.00035573887358759796,1.0,1.0,0.0006410758910495628,0.0006875444070077209,0.5376185854508406,0.4989513765501069
red_team,mini_phi_4_instruct,10.0,dataset_red_team_attack_default_attack_qwen25_14b_instruct_lm_target_mini_phi_4_instruct_judge_llama_guard_10_calibration_lpb_unified_aht_v1,0.9,Static,Static,False,,50,0.9001266646385193,0.00026176806550843847,0.00025654874812892095,0.00012666463851929155,2.2628133392333982,,4.951879591386468,,0.00022098009130693403,1.0,,0.00026176806550843847,0.00025654874812892095,1.0,1.0
red_team,mini_phi_4_instruct,10.0,dataset_red_team_attack_default_attack_qwen25_14b_instruct_lm_target_mini_phi_4_instruct_judge_llm-judge_qwen25_14b_instruct_10_calibration_lpb_unified_aht_v1,0.9,Static,Static,False,,50,0.8922999978065491,0.0006410758910495628,0.0006875444070077209,-0.0077000021934509055,20.054453411102294,,6.792358563922794,,0.0004935298856391001,1.0,,0.0006410758910495628,0.0006875444070077209,1.0,1.0
red_team,mini_phi_4_instruct,20.0,dataset_red_team_attack_default_attack_qwen25_14b_instruct_lm_target_mini_phi_4_instruct_judge_llama_guard_20_calibration_lpb_unified_aht_v1,0.9,Endpoint/block,Endpoint/block,False,,50,0.8995333302021027,0.00012919731810336535,0.0001268311524415676,-0.0004666697978973344,2.243566675186157,,15.990622808793228,,4.705906960271608e-05,1.0,,0.00018265803714877563,0.00017904225107012926,0.7073180031937695,0.7083867170095453
red_team,mini_phi_4_instruct,20.0,dataset_red_team_attack_default_attack_qwen25_14b_instruct_lm_target_mini_phi_4_instruct_judge_llm-judge_qwen25_14b_instruct_20_calibration_lpb_unified_aht_v1,0.9,Endpoint/block,Endpoint/block,False,,50,0.9021200013160705,0.0001878356657236884,0.00018857335798935535,0.0021200013160704856,18.220440044403077,,19.54416753403129,,0.000139083256142816,1.0,,0.0003580055339690596,0.0003640465092216805,0.5246725201178649,0.5179924905543498
red_team,mini_phi_4_instruct,20.0,dataset_red_team_attack_default_attack_qwen25_14b_instruct_lm_target_mini_phi_4_instruct_judge_llama_guard_20_calibration_lpb_unified_aht_v1,0.9,Endpoint/block,Endpoint/block + CRC,True,50.0,50,0.8996933317184448,0.00014717389164159694,0.00014432445924367706,-0.0003066682815552335,2.2433066606521606,,12.555609293798682,,7.411467852095985e-05,1.0,1.0,0.00018265803714877563,0.00017904225107012926,0.8057345515090764,0.8060916257534455
red_team,mini_phi_4_instruct,20.0,dataset_red_team_attack_default_attack_qwen25_14b_instruct_lm_target_mini_phi_4_instruct_judge_llm-judge_qwen25_14b_instruct_20_calibration_lpb_unified_aht_v1,0.9,Endpoint/block,Endpoint/block + CRC,True,50.0,50,0.9030533349514007,0.00027399721699977514,0.000277840126985225,0.003053334951400699,18.07770664215088,,12.585203010746632,,0.00025292629389985,1.0,1.0,0.0003580055339690596,0.0003640465092216805,0.7653435240569638,0.7631995361780508
red_team,mini_phi_4_instruct,20.0,dataset_red_team_attack_default_attack_qwen25_14b_instruct_lm_target_mini_phi_4_instruct_judge_llama_guard_20_calibration_lpb_unified_aht_v1,0.9,Endpoint/block,Endpoint/block + CRC,True,100.0,50,0.9004866683483124,0.0001285452688691483,0.00012621120957301442,0.00048666834831234684,2.234753336906433,,16.082366946259594,,4.897297099083202e-05,0.96,1.0,0.00018265803714877563,0.00017904225107012926,0.7037482219544915,0.7049241663275257
red_team,mini_phi_4_instruct,20.0,dataset_red_team_attack_default_attack_qwen25_14b_instruct_lm_target_mini_phi_4_instruct_judge_llm-judge_qwen25_14b_instruct_20_calibration_lpb_unified_aht_v1,0.9,Endpoint/block,Endpoint/block + CRC,True,100.0,50,0.902059999704361,0.00023297822209606523,0.00023256225643611118,0.002059999704360993,18.26999334335327,,16.27062480277938,,0.00019544611510928202,0.98,1.0,0.0003580055339690596,0.0003640465092216805,0.650767097125935,0.6388256734924384
red_team,mini_phi_4_instruct,20.0,dataset_red_team_attack_default_attack_qwen25_14b_instruct_lm_target_mini_phi_4_instruct_judge_llama_guard_20_calibration_lpb_unified_aht_v1,0.9,Endpoint/block,Endpoint/block + CRC,True,200.0,50,0.9001066672801972,0.00012001569686786503,0.00011762676083917239,0.000106667280197148,2.2389266729354858,,17.71480637482212,,4.251131743855008e-05,0.92,1.0,0.00018265803714877563,0.00017904225107012926,0.6570512786695053,0.6569776694390367
red_team,mini_phi_4_instruct,20.0,dataset_red_team_attack_default_attack_qwen25_14b_instruct_lm_target_mini_phi_4_instruct_judge_llm-judge_qwen25_14b_instruct_20_calibration_lpb_unified_aht_v1,0.9,Endpoint/block,Endpoint/block + CRC,True,200.0,50,0.9020466661453247,0.0002363946727800514,0.00023585562163486854,0.0020466661453246715,18.308253383636476,,17.9948308229959,,0.000190199799882976,0.98,1.0,0.0003580055339690596,0.0003640465092216805,0.6603101079450958,0.6478722241812458
red_team,mini_phi_4_instruct,20.0,dataset_red_team_attack_default_attack_qwen25_14b_instruct_lm_target_mini_phi_4_instruct_judge_llama_guard_20_calibration_lpb_unified_aht_v1,0.9,Information-gain,Information-gain,False,50.0,50,0.8985733342170715,7.190945052684556e-05,7.250663677248767e-05,-0.0014266657829284934,2.2454400062561035,,19.690035411973202,,3.2904453976338265e-17,0.7,,0.00018265803714877563,0.00017904225107012926,0.393683473496844,0.4049694211233273
red_team,mini_phi_4_instruct,20.0,dataset_red_team_attack_default_attack_qwen25_14b_instruct_lm_target_mini_phi_4_instruct_judge_llm-judge_qwen25_14b_instruct_20_calibration_lpb_unified_aht_v1,0.9,Information-gain,Information-gain,False,50.0,50,0.898766667842865,0.0001187540653171425,0.00011790009222062295,-0.0012333321571350586,18.795473289489745,,20.15435674679841,,3.1849754232310836e-05,0.42,,0.0003580055339690596,0.0003640465092216805,0.3317101386689898,0.32385997182802134
red_team,mini_phi_4_instruct,20.0,dataset_red_team_attack_default_attack_qwen25_14b_instruct_lm_target_mini_phi_4_instruct_judge_llama_guard_20_calibration_lpb_unified_aht_v1,0.9,Information-gain,Information-gain,False,100.0,50,0.8985733342170715,7.190945052684556e-05,7.250663677248767e-05,-0.0014266657829284934,2.2454400062561035,,19.561969882018246,,3.243277103671794e-17,0.66,,0.00018265803714877563,0.00017904225107012926,0.393683473496844,0.4049694211233273
red_team,mini_phi_4_instruct,20.0,dataset_red_team_attack_default_attack_qwen25_14b_instruct_lm_target_mini_phi_4_instruct_judge_llm-judge_qwen25_14b_instruct_20_calibration_lpb_unified_aht_v1,0.9,Information-gain,Information-gain,False,100.0,50,0.8999999964237213,6.774149341354564e-05,6.638666354528756e-05,-3.576278717609682e-09,18.50900665283203,,20.116651429049945,,3.36862615624597e-05,0.38,,0.0003580055339690596,0.0003640465092216805,0.18921912368930072,0.18235764349785985
red_team,mini_phi_4_instruct,20.0,dataset_red_team_attack_default_attack_qwen25_14b_instruct_lm_target_mini_phi_4_instruct_judge_llama_guard_20_calibration_lpb_unified_aht_v1,0.9,Information-gain,Information-gain,False,200.0,50,0.8985733342170715,7.190945052684556e-05,7.250663677248767e-05,-0.0014266657829284934,2.2454400062561035,,19.937137534719685,,3.125349411369093e-17,0.56,,0.00018265803714877563,0.00017904225107012926,0.393683473496844,0.4049694211233273
red_team,mini_phi_4_instruct,20.0,dataset_red_team_attack_default_attack_qwen25_14b_instruct_lm_target_mini_phi_4_instruct_judge_llm-judge_qwen25_14b_instruct_20_calibration_lpb_unified_aht_v1,0.9,Information-gain,Information-gain,False,200.0,50,0.89989333152771,0.0001039702210096966,0.00010190219475248336,-0.00010666847229001686,18.57526679992676,,20.06513912265858,,4.486935923529818e-05,0.42,,0.0003580055339690596,0.0003640465092216805,0.2904151225178607,0.27991531898038774
red_team,mini_phi_4_instruct,20.0,dataset_red_team_attack_default_attack_qwen25_14b_instruct_lm_target_mini_phi_4_instruct_judge_llama_guard_20_calibration_lpb_unified_aht_v1,0.9,Information-gain,Information-gain + CRC,True,50.0,50,0.8989200019836425,7.803879154193618e-05,7.764441142643353e-05,-0.0010799980163574974,2.2419666767120363,,17.27276624186256,,1.4734401623280063e-06,0.96,1.0,0.00018265803714877563,0.00017904225107012926,0.4272398453421094,0.43366529946063354
red_team,mini_phi_4_instruct,20.0,dataset_red_team_attack_default_attack_qwen25_14b_instruct_lm_target_mini_phi_4_instruct_judge_llm-judge_qwen25_14b_instruct_20_calibration_lpb_unified_aht_v1,0.9,Information-gain,Information-gain + CRC,True,50.0,50,0.8995333278179168,0.00012682985793034492,0.00012451104369726827,-0.0004666721820831832,18.70776657104492,,19.004497361526866,,3.6739570340452914e-05,0.84,1.0,0.0003580055339690596,0.0003640465092216805,0.35426786989640807,0.34201960613073534
red_team,mini_phi_4_instruct,20.0,dataset_red_team_attack_default_attack_qwen25_14b_instruct_lm_target_mini_phi_4_instruct_judge_llama_guard_20_calibration_lpb_unified_aht_v1,0.9,Information-gain,Information-gain + CRC,True,100.0,50,0.8986733329296112,7.5480653427997e-05,7.573108587509116e-05,-0.001326667070388865,2.2447066736221313,,18.020785354937892,,1.1190755529671067e-06,0.96,1.0,0.00018265803714877563,0.00017904225107012926,0.41323477798306646,0.42297885232367843
red_team,mini_phi_4_instruct,20.0,dataset_red_team_attack_default_attack_qwen25_14b_instruct_lm_target_mini_phi_4_instruct_judge_llm-judge_qwen25_14b_instruct_20_calibration_lpb_unified_aht_v1,0.9,Information-gain,Information-gain + CRC,True,100.0,50,0.8992133343219757,0.00014224377782785444,0.00014001774516027873,-0.0007866656780243231,18.750713348388672,,19.490261249102158,,3.9843692105883554e-05,0.76,1.0,0.0003580055339690596,0.0003640465092216805,0.3973228465237852,0.38461499180319597
red_team,mini_phi_4_instruct,20.0,dataset_red_team_attack_default_attack_qwen25_14b_instruct_lm_target_mini_phi_4_instruct_judge_llama_guard_20_calibration_lpb_unified_aht_v1,0.9,Information-gain,Information-gain + CRC,True,200.0,50,0.8985933339595795,7.172011787510235e-05,7.22644248668728e-05,-0.0014066660404205011,2.2451933431625366,,18.912529526182777,,4.787857211653551e-07,0.96,1.0,0.00018265803714877563,0.00017904225107012926,0.39264693190963207,0.4036166013047248
red_team,mini_phi_4_instruct,20.0,dataset_red_team_attack_default_attack_qwen25_14b_instruct_lm_target_mini_phi_4_instruct_judge_llm-judge_qwen25_14b_instruct_20_calibration_lpb_unified_aht_v1,0.9,Information-gain,Information-gain + CRC,True,200.0,50,0.9014266669750214,7.189588316028263e-05,7.249334415469353e-05,0.0014266669750213623,18.275940132141113,,19.694220465433816,,4.70910954456154e-05,0.76,1.0,0.0003580055339690596,0.0003640465092216805,0.2008233849438098,0.1991320952635473
red_team,mini_phi_4_instruct,20.0,dataset_red_team_attack_default_attack_qwen25_14b_instruct_lm_target_mini_phi_4_instruct_judge_llama_guard_20_calibration_lpb_unified_aht_v1,0.9,Oracle,Oracle,False,,50,0.8987600016593933,7.383232697134404e-05,7.389327631662458e-05,-0.0012399983406067294,2.2431866693496705,,68.42191999999999,,,,,0.00018265803714877563,0.00017904225107012926,0.40421066668535005,0.4127141826857463
red_team,mini_phi_4_instruct,20.0,dataset_red_team_attack_default_attack_qwen25_14b_instruct_lm_target_mini_phi_4_instruct_judge_llm-judge_qwen25_14b_instruct_20_calibration_lpb_unified_aht_v1,0.9,Oracle,Oracle,False,,50,0.8998066627979279,7.486664754290233e-05,7.340669386574934e-05,-0.00019333720207215244,18.581553268432618,,123.72231999999998,,,,,0.0003580055339690596,0.0003640465092216805,0.20912148120417778,0.2016409772001123
red_team,mini_phi_4_instruct,20.0,dataset_red_team_attack_default_attack_qwen25_14b_instruct_lm_target_mini_phi_4_instruct_judge_llama_guard_20_calibration_lpb_unified_aht_v1,0.9,Residual,Residual,False,50.0,50,0.8985733342170715,7.190945052684556e-05,7.250663677248767e-05,-0.0014266657829284934,2.2454400062561035,,19.69003531585361,,3.2904453976338265e-17,0.7,,0.00018265803714877563,0.00017904225107012926,0.393683473496844,0.4049694211233273
red_team,mini_phi_4_instruct,20.0,dataset_red_team_attack_default_attack_qwen25_14b_instruct_lm_target_mini_phi_4_instruct_judge_llm-judge_qwen25_14b_instruct_20_calibration_lpb_unified_aht_v1,0.9,Residual,Residual,False,50.0,50,0.8985600030422211,0.0001045915688825231,0.0001045733287432853,-0.0014399969577789662,18.81105323791504,,19.96124137571825,,1.6973314893633072e-05,0.58,,0.0003580055339690596,0.0003640465092216805,0.29215070427252765,0.28725266166364194
red_team,mini_phi_4_instruct,20.0,dataset_red_team_attack_default_attack_qwen25_14b_instruct_lm_target_mini_phi_4_instruct_judge_llama_guard_20_calibration_lpb_unified_aht_v1,0.9,Residual,Residual,False,100.0,50,0.8985733342170715,7.190945052684556e-05,7.250663677248767e-05,-0.0014266657829284934,2.2454400062561035,,19.56197016801203,,3.243277103671794e-17,0.66,,0.00018265803714877563,0.00017904225107012926,0.393683473496844,0.4049694211233273
red_team,mini_phi_4_instruct,20.0,dataset_red_team_attack_default_attack_qwen25_14b_instruct_lm_target_mini_phi_4_instruct_judge_llm-judge_qwen25_14b_instruct_20_calibration_lpb_unified_aht_v1,0.9,Residual,Residual,False,100.0,50,0.899506664276123,9.538882269107969e-05,9.372442637371135e-05,-0.0004933357238769975,18.60045997619629,,20.0344561649824,,2.2260305212163896e-05,0.46,,0.0003580055339690596,0.0003640465092216805,0.2664451066818526,0.25745179255829453
red_team,mini_phi_4_instruct,20.0,dataset_red_team_attack_default_attack_qwen25_14b_instruct_lm_target_mini_phi_4_instruct_judge_llama_guard_20_calibration_lpb_unified_aht_v1,0.9,Residual,Residual,False,200.0,50,0.8985733342170715,7.190945052684556e-05,7.250663677248767e-05,-0.0014266657829284934,2.2454400062561035,,19.937137534719685,,3.125349411369093e-17,0.56,,0.00018265803714877563,0.00017904225107012926,0.393683473496844,0.4049694211233273
red_team,mini_phi_4_instruct,20.0,dataset_red_team_attack_default_attack_qwen25_14b_instruct_lm_target_mini_phi_4_instruct_judge_llm-judge_qwen25_14b_instruct_20_calibration_lpb_unified_aht_v1,0.9,Residual,Residual,False,200.0,50,0.898080005645752,0.00010632898234463873,0.00010788878101809035,-0.0019199943542480558,18.909040031433104,,20.00588989755732,,4.106088776344764e-05,0.46,,0.0003580055339690596,0.0003640465092216805,0.2970037394836141,0.296359883380706
red_team,mini_phi_4_instruct,20.0,dataset_red_team_attack_default_attack_qwen25_14b_instruct_lm_target_mini_phi_4_instruct_judge_llama_guard_20_calibration_lpb_unified_aht_v1,0.9,Residual,Residual + CRC,True,50.0,50,0.8989200019836425,7.803879154193618e-05,7.764441142643353e-05,-0.0010799980163574974,2.2419666767120363,,17.276946773225298,,1.4734401623280063e-06,0.96,1.0,0.00018265803714877563,0.00017904225107012926,0.4272398453421094,0.43366529946063354
red_team,mini_phi_4_instruct,20.0,dataset_red_team_attack_default_attack_qwen25_14b_instruct_lm_target_mini_phi_4_instruct_judge_llm-judge_qwen25_14b_instruct_20_calibration_lpb_unified_aht_v1,0.9,Residual,Residual + CRC,True,50.0,50,0.899093337059021,0.00011293903711554557,0.00011150229406177934,-0.000906662940979075,18.701619987487792,,19.05506244672383,,1.922276308407994e-05,0.9,1.0,0.0003580055339690596,0.0003640465092216805,0.31546729421592196,0.30628584875094006
red_team,mini_phi_4_instruct,20.0,dataset_red_team_attack_default_attack_qwen25_14b_instruct_lm_target_mini_phi_4_instruct_judge_llama_guard_20_calibration_lpb_unified_aht_v1,0.9,Residual,Residual + CRC,True,100.0,50,0.8986733329296112,7.5480653427997e-05,7.573108587509116e-05,-0.001326667070388865,2.2447066736221313,,18.020786920069508,,1.1190755529671067e-06,0.96,1.0,0.00018265803714877563,0.00017904225107012926,0.41323477798306646,0.42297885232367843
red_team,mini_phi_4_instruct,20.0,dataset_red_team_attack_default_attack_qwen25_14b_instruct_lm_target_mini_phi_4_instruct_judge_llm-judge_qwen25_14b_instruct_20_calibration_lpb_unified_aht_v1,0.9,Residual,Residual + CRC,True,100.0,50,0.8993533301353455,0.00011026940183535206,0.00010848219571249732,-0.0006466698646545588,18.71554000854492,,19.46154945176057,,2.3069292803613656e-05,0.78,1.0,0.0003580055339690596,0.0003640465092216805,0.30801032769756576,0.29798993525423084
red_team,mini_phi_4_instruct,20.0,dataset_red_team_attack_default_attack_qwen25_14b_instruct_lm_target_mini_phi_4_instruct_judge_llama_guard_20_calibration_lpb_unified_aht_v1,0.9,Residual,Residual + CRC,True,200.0,50,0.8985933339595795,7.172011787510235e-05,7.22644248668728e-05,-0.0014066660404205011,2.2451933431625366,,18.91252961680488,,4.787857211653551e-07,0.96,1.0,0.00018265803714877563,0.00017904225107012926,0.39264693190963207,0.4036166013047248
red_team,mini_phi_4_instruct,20.0,dataset_red_team_attack_default_attack_qwen25_14b_instruct_lm_target_mini_phi_4_instruct_judge_llm-judge_qwen25_14b_instruct_20_calibration_lpb_unified_aht_v1,0.9,Residual,Residual + CRC,True,200.0,50,0.8995933294296264,0.00010239138699893855,0.00010050894021176773,-0.00040667057037357957,18.60948657989502,,19.679877853430295,,3.616762049779615e-05,0.86,1.0,0.0003580055339690596,0.0003640465092216805,0.28600503982094216,0.27608818561851495
red_team,mini_phi_4_instruct,20.0,dataset_red_team_attack_default_attack_qwen25_14b_instruct_lm_target_mini_phi_4_instruct_judge_llama_guard_20_calibration_lpb_unified_aht_v1,0.9,Soft-prefix,Soft-prefix,False,50.0,50,0.8985733342170715,7.190945052684556e-05,7.250663677248767e-05,-0.0014266657829284934,2.2454400062561035,,19.604273256507412,,3.2913283456694997e-17,0.76,,0.00018265803714877563,0.00017904225107012926,0.393683473496844,0.4049694211233273
red_team,mini_phi_4_instruct,20.0,dataset_red_team_attack_default_attack_qwen25_14b_instruct_lm_target_mini_phi_4_instruct_judge_llm-judge_qwen25_14b_instruct_20_calibration_lpb_unified_aht_v1,0.9,Soft-prefix,Soft-prefix,False,50.0,50,0.8995666694641113,0.00010560670361799696,0.00010368234489897063,-0.0004333305358886763,18.65764003753662,,19.941943368952728,,1.4570832808808778e-05,0.56,,0.0003580055339690596,0.0003640465092216805,0.29498623232769344,0.28480521656598246
red_team,mini_phi_4_instruct,20.0,dataset_red_team_attack_default_attack_qwen25_14b_instruct_lm_target_mini_phi_4_instruct_judge_llama_guard_20_calibration_lpb_unified_aht_v1,0.9,Soft-prefix,Soft-prefix,False,100.0,50,0.8985733342170715,7.190945052684556e-05,7.250663677248767e-05,-0.0014266657829284934,2.2454400062561035,,19.5180663471546,,3.244218227393958e-17,0.64,,0.00018265803714877563,0.00017904225107012926,0.393683473496844,0.4049694211233273
red_team,mini_phi_4_instruct,20.0,dataset_red_team_attack_default_attack_qwen25_14b_instruct_lm_target_mini_phi_4_instruct_judge_llm-judge_qwen25_14b_instruct_20_calibration_lpb_unified_aht_v1,0.9,Soft-prefix,Soft-prefix,False,100.0,50,0.9000466644763947,0.00010112921108873757,9.910880444032005e-05,4.6664476394675525e-05,18.58073341369629,,19.956261994545592,,1.8706493179235115e-05,0.54,,0.0003580055339690596,0.0003640465092216805,0.2824794632852731,0.2722421501917747
red_team,mini_phi_4_instruct,20.0,dataset_red_team_attack_default_attack_qwen25_14b_instruct_lm_target_mini_phi_4_instruct_judge_llama_guard_20_calibration_lpb_unified_aht_v1,0.9,Soft-prefix,Soft-prefix,False,200.0,50,0.8985733342170715,7.190945052684556e-05,7.250663677248767e-05,-0.0014266657829284934,2.2454400062561035,,19.92668563070561,,3.125992452544956e-17,0.54,,0.00018265803714877563,0.00017904225107012926,0.393683473496844,0.4049694211233273
red_team,mini_phi_4_instruct,20.0,dataset_red_team_attack_default_attack_qwen25_14b_instruct_lm_target_mini_phi_4_instruct_judge_llm-judge_qwen25_14b_instruct_20_calibration_lpb_unified_aht_v1,0.9,Soft-prefix,Soft-prefix,False,200.0,50,0.9001533305644989,0.000115184712701296,0.0001129045287092796,0.00015333056449884364,18.581619987487795,,19.980109582313005,,3.041764589889877e-05,0.56,,0.0003580055339690596,0.0003640465092216805,0.32174003408352553,0.310137649584021
red_team,mini_phi_4_instruct,20.0,dataset_red_team_attack_default_attack_qwen25_14b_instruct_lm_target_mini_phi_4_instruct_judge_llama_guard_20_calibration_lpb_unified_aht_v1,0.9,Soft-prefix,Soft-prefix + CRC,True,50.0,50,0.898860000371933,7.798222210718404e-05,7.77221768170334e-05,-0.00113999962806699,2.242833347320557,,17.20483635221128,,1.2845793838146973e-06,0.96,1.0,0.00018265803714877563,0.00017904225107012926,0.42693014402463575,0.4340996404619059
red_team,mini_phi_4_instruct,20.0,dataset_red_team_attack_default_attack_qwen25_14b_instruct_lm_target_mini_phi_4_instruct_judge_llm-judge_qwen25_14b_instruct_20_calibration_lpb_unified_aht_v1,0.9,Soft-prefix,Soft-prefix + CRC,True,50.0,50,0.8992999935150147,0.00010431416507241451,0.00010271789084998778,-0.0007000064849853604,18.688800010681152,,18.992658319470134,,1.840786134074102e-05,0.96,1.0,0.0003580055339690596,0.0003640465092216805,0.2913758452723521,0.28215595603318727
red_team,mini_phi_4_instruct,20.0,dataset_red_team_attack_default_attack_qwen25_14b_instruct_lm_target_mini_phi_4_instruct_judge_llama_guard_20_calibration_lpb_unified_aht_v1,0.9,Soft-prefix,Soft-prefix + CRC,True,100.0,50,0.8986200010776519,7.66938872113109e-05,7.706440649276648e-05,-0.0013799989223480802,2.2449066734313963,,17.906200219039892,,1.0013781911560813e-06,0.96,1.0,0.00018265803714877563,0.00017904225107012926,0.41987688255318023,0.4304258130812991
red_team,mini_phi_4_instruct,20.0,dataset_red_team_attack_default_attack_qwen25_14b_instruct_lm_target_mini_phi_4_instruct_judge_llm-judge_qwen25_14b_instruct_20_calibration_lpb_unified_aht_v1,0.9,Soft-prefix,Soft-prefix + CRC,True,100.0,50,0.8995666623115539,0.00011185607922940065,0.00010980673919704042,-0.00043333768844611154,18.672373428344727,,19.48979991560961,,2.0283496199692282e-05,0.82,1.0,0.0003580055339690596,0.0003640465092216805,0.31244231894769464,0.30162832609438733
red_team,mini_phi_4_instruct,20.0,dataset_red_team_attack_default_attack_qwen25_14b_instruct_lm_target_mini_phi_4_instruct_judge_llama_guard_20_calibration_lpb_unified_aht_v1,0.9,Soft-prefix,Soft-prefix + CRC,True,200.0,50,0.8986000001430512,7.152380544992613e-05,7.205332894038453e-05,-0.0013999998569488303,2.244913339614868,,18.783361902156543,,3.923514011198067e-07,0.98,1.0,0.00018265803714877563,0.00017904225107012926,0.39157217807869976,0.4024375727501431
red_team,mini_phi_4_instruct,20.0,dataset_red_team_attack_default_attack_qwen25_14b_instruct_lm_target_mini_phi_4_instruct_judge_llm-judge_qwen25_14b_instruct_20_calibration_lpb_unified_aht_v1,0.9,Soft-prefix,Soft-prefix + CRC,True,200.0,50,0.9004466652870178,0.00012407987111156074,0.00012179778356795629,0.00044666528701775565,18.5134334564209,,19.705614383572723,,3.1670636689748124e-05,0.8,1.0,0.0003580055339690596,0.0003640465092216805,0.3465864612089607,0.3345665470831075
red_team,mini_phi_4_instruct,20.0,dataset_red_team_attack_default_attack_qwen25_14b_instruct_lm_target_mini_phi_4_instruct_judge_llama_guard_20_calibration_lpb_unified_aht_v1,0.9,Static,Static,False,,50,0.8998066747188568,0.00018265803714877563,0.00017904225107012926,-0.00019332528114324177,2.2534133195877075,,9.903759182772935,,9.458356371614459e-05,1.0,,0.00018265803714877563,0.00017904225107012926,1.0,1.0
red_team,mini_phi_4_instruct,20.0,dataset_red_team_attack_default_attack_qwen25_14b_instruct_lm_target_mini_phi_4_instruct_judge_llm-judge_qwen25_14b_instruct_20_calibration_lpb_unified_aht_v1,0.9,Static,Static,False,,50,0.8963666701316834,0.0003580055339690596,0.0003640465092216805,-0.0036333298683166593,19.364593334198,,13.584717127845584,,0.000221887926345218,1.0,,0.0003580055339690596,0.0003640465092216805,1.0,1.0
red_team,qwen25_14b_instruct,10.0,dataset_red_team_attack_default_attack_qwen25_14b_instruct_lm_target_qwen25_14b_instruct_judge_llama_guard_10_calibration_lpb_unified_aht_v1,0.9,Endpoint/block,Endpoint/block,False,,50,0.8958399987220764,0.00021569728008292193,0.00022868894511358955,-0.004160001277923597,2.2080000138282774,,10.121368898244965,,0.00014611377641552997,0.18,,0.00014683371763476354,0.0001511510957233073,1.4689901172389483,1.5129823837481187
red_team,qwen25_14b_instruct,10.0,dataset_red_team_attack_default_attack_qwen25_14b_instruct_lm_target_qwen25_14b_instruct_judge_llm-judge_qwen25_14b_instruct_10_calibration_lpb_unified_aht_v1,0.9,Endpoint/block,Endpoint/block,False,,50,0.9010466659069061,0.0002038684080628128,0.00020088654942223611,0.0010466659069060524,10.183039941787719,,9.733328149900618,,0.00017456122619658197,1.0,,0.00037975687567263654,0.00039444014968262304,0.536839280926027,0.5092953888793388
red_team,qwen25_14b_instruct,10.0,dataset_red_team_attack_default_attack_qwen25_14b_instruct_lm_target_qwen25_14b_instruct_judge_llama_guard_10_calibration_lpb_unified_aht_v1,0.9,Endpoint/block,Endpoint/block + CRC,True,50.0,50,0.8933999967575074,0.0009499726912053214,0.0009745332801821293,-0.006600003242492658,2.524266664981842,,2.6255977553741583,,0.0008004856184359499,1.0,1.0,0.00014683371763476354,0.0001511510957233073,6.469717626902958,6.447411284176735
red_team,qwen25_14b_instruct,10.0,dataset_red_team_attack_default_attack_qwen25_14b_instruct_lm_target_qwen25_14b_instruct_judge_llm-judge_qwen25_14b_instruct_10_calibration_lpb_unified_aht_v1,0.9,Endpoint/block,Endpoint/block + CRC,True,50.0,50,0.893380001783371,0.0009228525051304771,0.0009482198314160398,-0.006619998216629064,10.907733364105225,,2.338261443021054,,0.00118906598631218,1.0,1.0,0.00037975687567263654,0.00039444014968262304,2.4301140130666328,2.4039637754397023
red_team,qwen25_14b_instruct,10.0,dataset_red_team_attack_default_attack_qwen25_14b_instruct_lm_target_qwen25_14b_instruct_judge_llama_guard_10_calibration_lpb_unified_aht_v1,0.9,Endpoint/block,Endpoint/block + CRC,True,100.0,50,0.8947266626358032,0.0003940168307432795,0.0004139445810850479,-0.005273337364196773,2.3264399909973146,,6.433426042698215,,0.00027994236265872687,0.96,1.0,0.00014683371763476354,0.0001511510957233073,2.683422017028562,2.738614491044131
red_team,qwen25_14b_instruct,10.0,dataset_red_team_attack_default_attack_qwen25_14b_instruct_lm_target_qwen25_14b_instruct_judge_llm-judge_qwen25_14b_instruct_10_calibration_lpb_unified_aht_v1,0.9,Endpoint/block,Endpoint/block + CRC,True,100.0,50,0.900146666765213,0.0003545585975643066,0.0003474889367530386,0.00014666676521302158,10.280099897384643,,6.097774370789429,,0.0003638381922827381,1.0,1.0,0.00037975687567263654,0.00039444014968262304,0.9336462886585055,0.8809674599115668
red_team,qwen25_14b_instruct,10.0,dataset_red_team_attack_default_attack_qwen25_14b_instruct_lm_target_qwen25_14b_instruct_judge_llama_guard_10_calibration_lpb_unified_aht_v1,0.9,Endpoint/block,Endpoint/block + CRC,True,200.0,50,0.8957866632938385,0.0003515046250146923,0.0003622267387138865,-0.00421333670616153,2.260533332824707,,7.967853794796894,,0.00021357828810904998,0.94,1.0,0.00014683371763476354,0.0001511510957233073,2.393895834531891,2.3964546004811504
red_team,qwen25_14b_instruct,10.0,dataset_red_team_attack_default_attack_qwen25_14b_instruct_lm_target_qwen25_14b_instruct_judge_llm-judge_qwen25_14b_instruct_10_calibration_lpb_unified_aht_v1,0.9,Endpoint/block,Endpoint/block + CRC,True,200.0,50,0.8997800028324128,0.00029668309876467824,0.0002907978355431312,-0.0002199971675872492,10.28285327911377,,7.992110380532981,,0.00029659608298314996,1.0,1.0,0.00037975687567263654,0.00039444014968262304,0.7812448378694511,0.7372419764496966
red_team,qwen25_14b_instruct,10.0,dataset_red_team_attack_default_attack_qwen25_14b_instruct_lm_target_qwen25_14b_instruct_judge_llama_guard_10_calibration_lpb_unified_aht_v1,0.9,Information-gain,Information-gain,False,50.0,50,0.8982733321189881,7.12094514402251e-05,7.2766644382739e-05,-0.0017266678810119451,1.916419997215271,,10.056117640783759,,1.793938400686837e-10,0.62,,0.00014683371763476354,0.0001511510957233073,0.48496661793548396,0.4814165854010311
red_team,qwen25_14b_instruct,10.0,dataset_red_team_attack_default_attack_qwen25_14b_instruct_lm_target_qwen25_14b_instruct_judge_llm-judge_qwen25_14b_instruct_10_calibration_lpb_unified_aht_v1,0.9,Information-gain,Information-gain,False,50.0,50,0.8987666690349578,7.052721657743341e-05,7.06377775152165e-05,-0.0012333309650421898,10.42846004486084,,10.127831491512909,,2.0608775425936125e-05,0.46,,0.00037975687567263654,0.00039444014968262304,0.1857167601047737,0.17908363936088534
red_team,qwen25_14b_instruct,10.0,dataset_red_team_attack_default_attack_qwen25_14b_instruct_lm_target_qwen25_14b_instruct_judge_llama_guard_10_calibration_lpb_unified_aht_v1,0.9,Information-gain,Information-gain,False,100.0,50,0.8982533323764801,7.181202827290479e-05,7.34266354944994e-05,-0.0017466676235199374,1.9174733352661133,,9.809763898274106,,1.6301435024461534e-09,0.64,,0.00014683371763476354,0.0001511510957233073,0.48907042217327185,0.4857830182647966
red_team,qwen25_14b_instruct,10.0,dataset_red_team_attack_default_attack_qwen25_14b_instruct_lm_target_qwen25_14b_instruct_judge_llm-judge_qwen25_14b_instruct_10_calibration_lpb_unified_aht_v1,0.9,Information-gain,Information-gain,False,100.0,50,0.9004066693782806,7.0318831496883e-05,6.907783485017647e-05,0.0004066693782805997,10.291620063781739,,10.05811037278328,,1.8424323705783294e-05,0.46,,0.00037975687567263654,0.00039444014968262304,0.18516802723408818,0.17512881207898923
red_team,qwen25_14b_instruct,10.0,dataset_red_team_attack_default_attack_qwen25_14b_instruct_lm_target_qwen25_14b_instruct_judge_llama_guard_10_calibration_lpb_unified_aht_v1,0.9,Information-gain,Information-gain,False,200.0,50,0.8982666659355164,7.140585421462822e-05,7.298218410943508e-05,-0.001733334064483616,1.9168400001525878,,9.950123655453876,,3.1712446989394666e-17,0.62,,0.00014683371763476354,0.0001511510957233073,0.4863042042716935,0.48284257391712265
red_team,qwen25_14b_instruct,10.0,dataset_red_team_attack_default_attack_qwen25_14b_instruct_lm_target_qwen25_14b_instruct_judge_llm-judge_qwen25_14b_instruct_10_calibration_lpb_unified_aht_v1,0.9,Information-gain,Information-gain,False,200.0,50,0.9006933343410491,8.778156364299268e-05,8.650664487861094e-05,0.0006933343410491233,10.255060024261475,,10.020916590218334,,3.171133164657806e-05,0.52,,0.00037975687567263654,0.00039444014968262304,0.23115200610261866,0.21931500874902432
red_team,qwen25_14b_instruct,10.0,dataset_red_team_attack_default_attack_qwen25_14b_instruct_lm_target_qwen25_14b_instruct_judge_llama_guard_10_calibration_lpb_unified_aht_v1,0.9,Information-gain,Information-gain + CRC,True,50.0,50,0.8982266652584076,7.66188028885924e-05,7.823114293655927e-05,-0.0017733347415924694,1.929386661052704,,8.144968998223495,,1.4574402204105692e-06,1.0,1.0,0.00014683371763476354,0.0001511510957233073,0.5218065994840178,0.5175691420707057
red_team,qwen25_14b_instruct,10.0,dataset_red_team_attack_default_attack_qwen25_14b_instruct_lm_target_qwen25_14b_instruct_judge_llm-judge_qwen25_14b_instruct_10_calibration_lpb_unified_aht_v1,0.9,Information-gain,Information-gain + CRC,True,50.0,50,0.8992800009250641,7.913542088444205e-05,7.807111113466181e-05,-0.0007199990749359175,10.393426723480225,,9.495621523149419,,3.2242478697227535e-05,0.82,1.0,0.00037975687567263654,0.00039444014968262304,0.20838443212983326,0.1979289156985664
red_team,qwen25_14b_instruct,10.0,dataset_red_team_attack_default_attack_qwen25_14b_instruct_lm_target_qwen25_14b_instruct_judge_llama_guard_10_calibration_lpb_unified_aht_v1,0.9,Information-gain,Information-gain + CRC,True,100.0,50,0.8983200001716614,6.853493838017558e-05,6.998663903578992e-05,-0.001679999828338663,1.91514000415802,,8.490751531780719,,5.037014564822825e-07,1.0,1.0,0.00014683371763476354,0.0001511510957233073,0.4667520477187021,0.46302435785120194
red_team,qwen25_14b_instruct,10.0,dataset_red_team_attack_default_attack_qwen25_14b_instruct_lm_target_qwen25_14b_instruct_judge_llm-judge_qwen25_14b_instruct_10_calibration_lpb_unified_aht_v1,0.9,Information-gain,Information-gain + CRC,True,100.0,50,0.898733332157135,8.217685316726385e-05,8.213776352806689e-05,-0.0012666678428649991,10.438566646575929,,9.697634115289318,,2.9679002596912233e-05,0.84,1.0,0.00037975687567263654,0.00039444014968262304,0.2163933253919624,0.20823885092366257
red_team,qwen25_14b_instruct,10.0,dataset_red_team_attack_default_attack_qwen25_14b_instruct_lm_target_qwen25_14b_instruct_judge_llama_guard_10_calibration_lpb_unified_aht_v1,0.9,Information-gain,Information-gain + CRC,True,200.0,50,0.8983399987220764,7.326747962545884e-05,7.455773427565768e-05,-0.0016600012779236506,1.9151933407783508,,9.024150644630042,,2.553004453541207e-07,1.0,1.0,0.00014683371763476354,0.0001511510957233073,0.4989826642386424,0.49326625069355007
red_team,qwen25_14b_instruct,10.0,dataset_red_team_attack_default_attack_qwen25_14b_instruct_lm_target_qwen25_14b_instruct_judge_llm-judge_qwen25_14b_instruct_10_calibration_lpb_unified_aht_v1,0.9,Information-gain,Information-gain + CRC,True,200.0,50,0.9018199980258942,6.555198910063631e-05,6.755334213288219e-05,0.001819998025894165,10.173640003204346,,9.815569205716493,,3.547388512745539e-05,0.82,1.0,0.00037975687567263654,0.00039444014968262304,0.17261567413237405,0.17126385888261475
red_team,qwen25_14b_instruct,10.0,dataset_red_team_attack_default_attack_qwen25_14b_instruct_lm_target_qwen25_14b_instruct_judge_llama_guard_10_calibration_lpb_unified_aht_v1,0.9,Oracle,Oracle,False,,50,0.8985199964046479,7.01503979425368e-05,7.093780062594147e-05,-0.001480003595352164,1.9026933312416077,,49.876173333333334,,,,,0.00014683371763476354,0.0001511510957233073,0.47775401367300385,0.46931714445390527
red_team,qwen25_14b_instruct,10.0,dataset_red_team_attack_default_attack_qwen25_14b_instruct_lm_target_qwen25_14b_instruct_judge_llm-judge_qwen25_14b_instruct_10_calibration_lpb_unified_aht_v1,0.9,Oracle,Oracle,False,,50,0.9000266683101654,4.9355310049615794e-05,4.8368915047390556e-05,2.6668310165400833e-05,10.346426677703857,,96.29994666666667,,,,,0.00037975687567263654,0.00039444014968262304,0.1299655469363029,0.12262675360586255
red_team,qwen25_14b_instruct,10.0,dataset_red_team_attack_default_attack_qwen25_14b_instruct_lm_target_qwen25_14b_instruct_judge_llama_guard_10_calibration_lpb_unified_aht_v1,0.9,Residual,Residual,False,50.0,50,0.8982400000095367,7.192756344465609e-05,7.35866121421937e-05,-0.001759999990463279,1.9188733386993408,,10.063119400171715,,3.3432389202737846e-17,0.62,,0.00014683371763476354,0.0001511510957233073,0.4898572657784898,0.4868414072028903
red_team,qwen25_14b_instruct,10.0,dataset_red_team_attack_default_attack_qwen25_14b_instruct_lm_target_qwen25_14b_instruct_judge_llm-judge_qwen25_14b_instruct_10_calibration_lpb_unified_aht_v1,0.9,Residual,Residual,False,50.0,50,0.8998600006103515,5.93791302000684e-05,5.821114742516899e-05,-0.0001399993896484819,10.351779975891112,,10.064416828093618,,1.0717692412962679e-05,0.44,,0.00037975687567263654,0.00039444014968262304,0.1563609087916956,0.1475791637134486
red_team,qwen25_14b_instruct,10.0,dataset_red_team_attack_default_attack_qwen25_14b_instruct_lm_target_qwen25_14b_instruct_judge_llama_guard_10_calibration_lpb_unified_aht_v1,0.9,Residual,Residual,False,100.0,50,0.8982400000095367,7.192756344465609e-05,7.35866121421937e-05,-0.001759999990463279,1.9188733386993408,,9.850440611777087,,3.305069551373663e-17,0.64,,0.00014683371763476354,0.0001511510957233073,0.4898572657784898,0.4868414072028903
red_team,qwen25_14b_instruct,10.0,dataset_red_team_attack_default_attack_qwen25_14b_instruct_lm_target_qwen25_14b_instruct_judge_llm-judge_qwen25_14b_instruct_10_calibration_lpb_unified_aht_v1,0.9,Residual,Residual,False,100.0,50,0.9006133353710175,5.870455282864897e-05,5.7906642049417075e-05,0.0006133353710174871,10.300386753082275,,10.018212912054274,,1.3987616989798079e-05,0.5,,0.00037975687567263654,0.00039444014968262304,0.15458456867876252,0.1468071698482274
red_team,qwen25_14b_instruct,10.0,dataset_red_team_attack_default_attack_qwen25_14b_instruct_lm_target_qwen25_14b_instruct_judge_llama_guard_10_calibration_lpb_unified_aht_v1,0.9,Residual,Residual,False,200.0,50,0.8982400000095367,7.192756344465609e-05,7.35866121421937e-05,-0.001759999990463279,1.9188733386993408,,9.97609053718474,,3.1845842506249435e-17,0.6,,0.00014683371763476354,0.0001511510957233073,0.4898572657784898,0.4868414072028903
red_team,qwen25_14b_instruct,10.0,dataset_red_team_attack_default_attack_qwen25_14b_instruct_lm_target_qwen25_14b_instruct_judge_llm-judge_qwen25_14b_instruct_10_calibration_lpb_unified_aht_v1,0.9,Residual,Residual,False,200.0,50,0.8993733358383179,7.061969106341839e-05,6.960000521368682e-05,-0.0006266641616821111,10.37919334411621,,10.01256627801405,,2.648974949578711e-05,0.56,,0.00037975687567263654,0.00039444014968262304,0.18596026981298155,0.17645263868216465
red_team,qwen25_14b_instruct,10.0,dataset_red_team_attack_default_attack_qwen25_14b_instruct_lm_target_qwen25_14b_instruct_judge_llama_guard_10_calibration_lpb_unified_aht_v1,0.9,Residual,Residual + CRC,True,50.0,50,0.898400000333786,7.741949830332106e-05,7.84311072691396e-05,-0.001599999666214047,1.9215266633033752,,8.296115748552701,,1.3612345675146576e-06,1.0,1.0,0.00014683371763476354,0.0001511510957233073,0.5272596754370513,0.5188920853919131
red_team,qwen25_14b_instruct,10.0,dataset_red_team_attack_default_attack_qwen25_14b_instruct_lm_target_qwen25_14b_instruct_judge_llm-judge_qwen25_14b_instruct_10_calibration_lpb_unified_aht_v1,0.9,Residual,Residual + CRC,True,50.0,50,0.8991666674613953,6.94886789692738e-05,6.879334850978579e-05,-0.0008333325386047363,10.411653366088867,,9.516255290269276,,1.5188321993088752e-05,0.88,1.0,0.00037975687567263654,0.00039444014968262304,0.18298201670790926,0.174407571250388
red_team,qwen25_14b_instruct,10.0,dataset_red_team_attack_default_attack_qwen25_14b_instruct_lm_target_qwen25_14b_instruct_judge_llama_guard_10_calibration_lpb_unified_aht_v1,0.9,Residual,Residual + CRC,True,100.0,50,0.8982933330535888,6.968993653162325e-05,7.120884986696318e-05,-0.001706666946411195,1.9125666737556457,,8.677894782196327,,6.401439689891644e-07,1.0,1.0,0.00014683371763476354,0.0001511510957233073,0.47461807583576326,0.4711103781696428
red_team,qwen25_14b_instruct,10.0,dataset_red_team_attack_default_attack_qwen25_14b_instruct_lm_target_qwen25_14b_instruct_judge_llm-judge_qwen25_14b_instruct_10_calibration_lpb_unified_aht_v1,0.9,Residual,Residual + CRC,True,100.0,50,0.8993799996376037,5.731974201808627e-05,5.655774762709603e-05,-0.0006200003623962891,10.386280059814453,,9.703375388312494,,1.8391058624109823e-05,0.82,1.0,0.00037975687567263654,0.00039444014968262304,0.15093799662365523,0.14338740027505792
red_team,qwen25_14b_instruct,10.0,dataset_red_team_attack_default_attack_qwen25_14b_instruct_lm_target_qwen25_14b_instruct_judge_llama_guard_10_calibration_lpb_unified_aht_v1,0.9,Residual,Residual + CRC,True,200.0,50,0.8982800006866455,7.454580033750906e-05,7.601328196869886e-05,-0.0017199993133545366,1.9243466687202453,,9.28953005965359,,3.8375894321706524e-07,0.98,1.0,0.00014683371763476354,0.0001511510957233073,0.5076885713875027,0.5028960035317674
red_team,qwen25_14b_instruct,10.0,dataset_red_team_attack_default_attack_qwen25_14b_instruct_lm_target_qwen25_14b_instruct_judge_llm-judge_qwen25_14b_instruct_10_calibration_lpb_unified_aht_v1,0.9,Residual,Residual + CRC,True,200.0,50,0.9009866690635682,7.431274435522636e-05,7.380000530912416e-05,0.0009866690635681463,10.225586700439454,,9.823782209292597,,2.993530773268429e-05,0.88,1.0,0.00037975687567263654,0.00039444014968262304,0.19568505303189426,0.18710064218489317
red_team,qwen25_14b_instruct,10.0,dataset_red_team_attack_default_attack_qwen25_14b_instruct_lm_target_qwen25_14b_instruct_judge_llama_guard_10_calibration_lpb_unified_aht_v1,0.9,Soft-prefix,Soft-prefix,False,50.0,50,0.8982400000095367,7.192756344465609e-05,7.35866121421937e-05,-0.001759999990463279,1.9188733386993408,,10.010399857719175,,3.3820240435349864e-17,0.66,,0.00014683371763476354,0.0001511510957233073,0.4898572657784898,0.4868414072028903
red_team,qwen25_14b_instruct,10.0,dataset_red_team_attack_default_attack_qwen25_14b_instruct_lm_target_qwen25_14b_instruct_judge_llm-judge_qwen25_14b_instruct_10_calibration_lpb_unified_aht_v1,0.9,Soft-prefix,Soft-prefix,False,50.0,50,0.9001999986171723,7.100676443811672e-05,6.962662859622519e-05,0.00019999861717223677,10.3135599899292,,9.99467894411621,,1.591012866010653e-05,0.6,,0.00037975687567263654,0.00039444014968262304,0.18697953608436307,0.1765201353164697
red_team,qwen25_14b_instruct,10.0,dataset_red_team_attack_default_attack_qwen25_14b_instruct_lm_target_qwen25_14b_instruct_judge_llama_guard_10_calibration_lpb_unified_aht_v1,0.9,Soft-prefix,Soft-prefix,False,100.0,50,0.8982400000095367,7.192756344465609e-05,7.35866121421937e-05,-0.001759999990463279,1.9188733386993408,,9.848605410261888,,3.349336363811517e-17,0.68,,0.00014683371763476354,0.0001511510957233073,0.4898572657784898,0.4868414072028903
red_team,qwen25_14b_instruct,10.0,dataset_red_team_attack_default_attack_qwen25_14b_instruct_lm_target_qwen25_14b_instruct_judge_llm-judge_qwen25_14b_instruct_10_calibration_lpb_unified_aht_v1,0.9,Soft-prefix,Soft-prefix,False,100.0,50,0.9003133368492127,6.876831963340075e-05,6.749113322180725e-05,0.00031333684921264204,10.318319969177246,,9.991526978047633,,2.147917173762085e-05,0.5,,0.00037975687567263654,0.00039444014968262304,0.18108512060932744,0.17110614443309688
red_team,qwen25_14b_instruct,10.0,dataset_red_team_attack_default_attack_qwen25_14b_instruct_lm_target_qwen25_14b_instruct_judge_llama_guard_10_calibration_lpb_unified_aht_v1,0.9,Soft-prefix,Soft-prefix,False,200.0,50,0.8982400000095367,7.192756344465609e-05,7.35866121421937e-05,-0.001759999990463279,1.9188733386993408,,9.985680396670551,,3.2369981756769706e-17,0.64,,0.00014683371763476354,0.0001511510957233073,0.4898572657784898,0.4868414072028903
red_team,qwen25_14b_instruct,10.0,dataset_red_team_attack_default_attack_qwen25_14b_instruct_lm_target_qwen25_14b_instruct_judge_llm-judge_qwen25_14b_instruct_10_calibration_lpb_unified_aht_v1,0.9,Soft-prefix,Soft-prefix,False,200.0,50,0.9007466685771942,7.58075374053999e-05,7.484890062146109e-05,0.0007466685771941872,10.250580005645752,,9.995532277583923,,3.777802708393714e-05,0.52,,0.00037975687567263654,0.00039444014968262304,0.19962123732750686,0.1897598423529818
red_team,qwen25_14b_instruct,10.0,dataset_red_team_attack_default_attack_qwen25_14b_instruct_lm_target_qwen25_14b_instruct_judge_llama_guard_10_calibration_lpb_unified_aht_v1,0.9,Soft-prefix,Soft-prefix + CRC,True,50.0,50,0.8982199990749359,7.723627348853941e-05,7.885995131199771e-05,-0.0017800009250641402,1.9345066714286805,,8.650907659161213,,1.3400973973114041e-06,1.0,1.0,0.00014683371763476354,0.0001511510957233073,0.5260118366045741,0.5217292731794442
red_team,qwen25_14b_instruct,10.0,dataset_red_team_attack_default_attack_qwen25_14b_instruct_lm_target_qwen25_14b_instruct_judge_llm-judge_qwen25_14b_instruct_10_calibration_lpb_unified_aht_v1,0.9,Soft-prefix,Soft-prefix + CRC,True,50.0,50,0.9000666666030884,7.271200904307767e-05,7.126221329818343e-05,6.666660308840555e-05,10.33396001815796,,9.489385894599932,,1.88098762688371e-05,0.94,1.0,0.00037975687567263654,0.00039444014968262304,0.19146989482228075,0.18066673323068885
red_team,qwen25_14b_instruct,10.0,dataset_red_team_attack_default_attack_qwen25_14b_instruct_lm_target_qwen25_14b_instruct_judge_llama_guard_10_calibration_lpb_unified_aht_v1,0.9,Soft-prefix,Soft-prefix + CRC,True,100.0,50,0.8983799993991852,7.158737019588304e-05,7.278002473860584e-05,-0.0016200006008147971,1.9068933391571046,,9.06345641916082,,1.1846619772864908e-06,0.98,1.0,0.00014683371763476354,0.0001511510957233073,0.4875404052218481,0.4815051084501219
red_team,qwen25_14b_instruct,10.0,dataset_red_team_attack_default_attack_qwen25_14b_instruct_lm_target_qwen25_14b_instruct_judge_llm-judge_qwen25_14b_instruct_10_calibration_lpb_unified_aht_v1,0.9,Soft-prefix,Soft-prefix + CRC,True,100.0,50,0.9003066647052765,6.506055098259285e-05,6.385338320440327e-05,0.0003066647052765159,10.30355993270874,,9.71363316637832,,2.3344314900931888e-05,0.86,1.0,0.00037975687567263654,0.00039444014968262304,0.1713215879695547,0.1618835791837656
red_team,qwen25_14b_instruct,10.0,dataset_red_team_attack_default_attack_qwen25_14b_instruct_lm_target_qwen25_14b_instruct_judge_llama_guard_10_calibration_lpb_unified_aht_v1,0.9,Soft-prefix,Soft-prefix + CRC,True,200.0,50,0.8983600020408631,7.148224700971793e-05,7.274219537549703e-05,-0.0016399979591369407,1.9177400112152099,,9.654767319873194,,8.950577161329844e-07,0.88,1.0,0.00014683371763476354,0.0001511510957233073,0.48682447166204684,0.4812548333004263
red_team,qwen25_14b_instruct,10.0,dataset_red_team_attack_default_attack_qwen25_14b_instruct_lm_target_qwen25_14b_instruct_judge_llm-judge_qwen25_14b_instruct_10_calibration_lpb_unified_aht_v1,0.9,Soft-prefix,Soft-prefix + CRC,True,200.0,50,0.9004266679286956,7.291174661553453e-05,7.16355572046013e-05,0.0004266679286956121,10.276539993286132,,9.816017066679876,,4.008736686342598e-05,0.94,1.0,0.00037975687567263654,0.00039444014968262304,0.19199585652370638,0.18161324921471902
red_team,qwen25_14b_instruct,10.0,dataset_red_team_attack_default_attack_qwen25_14b_instruct_lm_target_qwen25_14b_instruct_judge_llama_guard_10_calibration_lpb_unified_aht_v1,0.9,Static,Static,False,,50,0.8973066651821137,0.00014683371763476354,0.0001511510957233073,-0.0026933348178863614,2.0338400077819823,,6.264161134871891,,3.493658091065545e-05,1.0,,0.00014683371763476354,0.0001511510957233073,1.0,1.0
red_team,qwen25_14b_instruct,10.0,dataset_red_team_attack_default_attack_qwen25_14b_instruct_lm_target_qwen25_14b_instruct_judge_llm-judge_qwen25_14b_instruct_10_calibration_lpb_unified_aht_v1,0.9,Static,Static,False,,50,0.8952799987792969,0.00037975687567263654,0.00039444014968262304,-0.004720001220703152,10.69041335105896,,6.544528398274383,,0.00028715638302164397,1.0,,0.00037975687567263654,0.00039444014968262304,1.0,1.0
red_team,qwen25_14b_instruct,20.0,dataset_red_team_attack_default_attack_qwen25_14b_instruct_lm_target_qwen25_14b_instruct_judge_llama_guard_20_calibration_lpb_unified_aht_v1,0.9,Endpoint/block,Endpoint/block,False,,50,0.8979333329200745,0.00016623582994619297,0.00016718222616651711,-0.0020666670799255327,2.0181266832351685,,20.24273779648993,,5.630386808096932e-05,0.18,,7.658937420753132e-05,8.04399808823179e-05,2.1704816322920992,2.0783474129749164
red_team,qwen25_14b_instruct,20.0,dataset_red_team_attack_default_attack_qwen25_14b_instruct_lm_target_qwen25_14b_instruct_judge_llm-judge_qwen25_14b_instruct_20_calibration_lpb_unified_aht_v1,0.9,Endpoint/block,Endpoint/block,False,,50,0.9003933346271515,0.00010657910568155964,0.00010460223569684485,0.00039333462715152034,10.280373363494872,,19.466656299801237,,7.136317099573548e-05,1.0,,0.0001674105802437178,0.00016463996826195134,0.636633034342279,0.6353392605762465
red_team,qwen25_14b_instruct,20.0,dataset_red_team_attack_default_attack_qwen25_14b_instruct_lm_target_qwen25_14b_instruct_judge_llama_guard_20_calibration_lpb_unified_aht_v1,0.9,Endpoint/block,Endpoint/block + CRC,True,50.0,50,0.8961066687107087,0.00024414721264094674,0.00025442229691630326,-0.0038933312892913685,2.184839999675751,,14.050325594577274,,0.00011399404333127117,0.88,1.0,7.658937420753132e-05,8.04399808823179e-05,3.1877426231397363,3.1628836074503557
red_team,qwen25_14b_instruct,20.0,dataset_red_team_attack_default_attack_qwen25_14b_instruct_lm_target_qwen25_14b_instruct_judge_llm-judge_qwen25_14b_instruct_20_calibration_lpb_unified_aht_v1,0.9,Endpoint/block,Endpoint/block + CRC,True,50.0,50,0.9011666667461395,0.00014540693678965623,0.00014385990935041084,0.001166666746139522,10.214360008239746,,12.802645154727479,,0.00013126492218429157,1.0,1.0,0.0001674105802437178,0.00016463996826195134,0.8685647978638599,0.8737848462259281
red_team,qwen25_14b_instruct,20.0,dataset_red_team_attack_default_attack_qwen25_14b_instruct_lm_target_qwen25_14b_instruct_judge_llama_guard_20_calibration_lpb_unified_aht_v1,0.9,Endpoint/block,Endpoint/block + CRC,True,100.0,50,0.8987866699695587,0.00016436630518385772,0.0001625511488429512,-0.0012133300304413286,2.0188400173187255,,16.749135883465474,,8.036062682689637e-05,0.76,1.0,7.658937420753132e-05,8.04399808823179e-05,2.146071917737317,2.020775577765991
red_team,qwen25_14b_instruct,20.0,dataset_red_team_attack_default_attack_qwen25_14b_instruct_lm_target_qwen25_14b_instruct_judge_llm-judge_qwen25_14b_instruct_20_calibration_lpb_unified_aht_v1,0.9,Endpoint/block,Endpoint/block + CRC,True,100.0,50,0.900840003490448,0.00014463148069851576,0.00014244445694851015,0.0008400034904479936,10.23507999420166,,16.234628842491055,,9.73518932386303e-05,1.0,1.0,0.0001674105802437178,0.00016463996826195134,0.8639327364373266,0.865187587511394
red_team,qwen25_14b_instruct,20.0,dataset_red_team_attack_default_attack_qwen25_14b_instruct_lm_target_qwen25_14b_instruct_judge_llama_guard_20_calibration_lpb_unified_aht_v1,0.9,Endpoint/block,Endpoint/block + CRC,True,200.0,50,0.8982000041007996,0.0001667029795660416,0.0001666089052118593,-0.001799995899200435,2.0291733360290527,,17.888807968725537,,7.059187928612948e-05,0.82,1.0,7.658937420753132e-05,8.04399808823179e-05,2.1765810373947287,2.071220099562242
red_team,qwen25_14b_instruct,20.0,dataset_red_team_attack_default_attack_qwen25_14b_instruct_lm_target_qwen25_14b_instruct_judge_llm-judge_qwen25_14b_instruct_20_calibration_lpb_unified_aht_v1,0.9,Endpoint/block,Endpoint/block + CRC,True,200.0,50,0.90049999833107,0.0001278878323920997,0.00012558007407533042,0.0004999983310699507,10.258306674957275,,18.036965321679407,,8.78985928232099e-05,1.0,1.0,0.0001674105802437178,0.00016463996826195134,0.7639172638068602,0.7627556990021132
red_team,qwen25_14b_instruct,20.0,dataset_red_team_attack_default_attack_qwen25_14b_instruct_lm_target_qwen25_14b_instruct_judge_llama_guard_20_calibration_lpb_unified_aht_v1,0.9,Information-gain,Information-gain,False,50.0,50,0.8982400000095367,7.192756344465609e-05,7.35866121421937e-05,-0.001759999990463279,1.9188733386993408,,20.1742067443149,,3.0305679447432494e-17,0.6,,7.658937420753132e-05,8.04399808823179e-05,0.9391324082340287,0.914801462345565
red_team,qwen25_14b_instruct,20.0,dataset_red_team_attack_default_attack_qwen25_14b_instruct_lm_target_qwen25_14b_instruct_judge_llm-judge_qwen25_14b_instruct_20_calibration_lpb_unified_aht_v1,0.9,Information-gain,Information-gain,False,50.0,50,0.8998733353614807,4.806303533748781e-05,4.7117818561389274e-05,-0.00012666463851929155,10.357120037078857,,20.035835415942813,,1.7092533233655225e-06,0.52,,0.0001674105802437178,0.00016463996826195134,0.287096760954518,0.2861869997838083
red_team,qwen25_14b_instruct,20.0,dataset_red_team_attack_default_attack_qwen25_14b_instruct_lm_target_qwen25_14b_instruct_judge_llama_guard_20_calibration_lpb_unified_aht_v1,0.9,Information-gain,Information-gain,False,100.0,50,0.8982400000095367,7.192756344465609e-05,7.35866121421937e-05,-0.001759999990463279,1.9188733386993408,,19.723699571987154,,3.247378612927478e-17,0.58,,7.658937420753132e-05,8.04399808823179e-05,0.9391324082340287,0.914801462345565
red_team,qwen25_14b_instruct,20.0,dataset_red_team_attack_default_attack_qwen25_14b_instruct_lm_target_qwen25_14b_instruct_judge_llm-judge_qwen25_14b_instruct_20_calibration_lpb_unified_aht_v1,0.9,Information-gain,Information-gain,False,100.0,50,0.8996200013160706,4.911119457945004e-05,4.8273369687649176e-05,-0.0003799986839294611,10.373206672668458,,19.98863485797366,,4.812482736160406e-07,0.46,,0.0001674105802437178,0.00016463996826195134,0.2933577705062221,0.2932056547219662
red_team,qwen25_14b_instruct,20.0,dataset_red_team_attack_default_attack_qwen25_14b_instruct_lm_target_qwen25_14b_instruct_judge_llama_guard_20_calibration_lpb_unified_aht_v1,0.9,Information-gain,Information-gain,False,200.0,50,0.8982400000095367,7.192756344465609e-05,7.35866121421937e-05,-0.001759999990463279,1.9188733386993408,,19.895006009362834,,3.1207620685178325e-17,0.62,,7.658937420753132e-05,8.04399808823179e-05,0.9391324082340287,0.914801462345565
red_team,qwen25_14b_instruct,20.0,dataset_red_team_attack_default_attack_qwen25_14b_instruct_lm_target_qwen25_14b_instruct_judge_llm-judge_qwen25_14b_instruct_20_calibration_lpb_unified_aht_v1,0.9,Information-gain,Information-gain,False,200.0,50,0.8997933351993561,4.853014316112037e-05,4.760225063772317e-05,-0.00020666480064390758,10.366286697387695,,20.00047459335267,,2.395259106371275e-08,0.46,,0.0001674105802437178,0.00016463996826195134,0.289886953921728,0.2891293720488657
red_team,qwen25_14b_instruct,20.0,dataset_red_team_attack_default_attack_qwen25_14b_instruct_lm_target_qwen25_14b_instruct_judge_llama_guard_20_calibration_lpb_unified_aht_v1,0.9,Information-gain,Information-gain + CRC,True,50.0,50,0.8982466661930084,7.208070431383687e-05,7.371326966629978e-05,-0.0017533338069916082,1.918506669998169,,13.742561874011596,,1.0960455383078139e-07,1.0,1.0,7.658937420753132e-05,8.04399808823179e-05,0.9411319136584472,0.9163760216967336
red_team,qwen25_14b_instruct,20.0,dataset_red_team_attack_default_attack_qwen25_14b_instruct_lm_target_qwen25_14b_instruct_judge_llm-judge_qwen25_14b_instruct_20_calibration_lpb_unified_aht_v1,0.9,Information-gain,Information-gain + CRC,True,50.0,50,0.8991333341598511,5.155552485436535e-05,5.1275524035759156e-05,-0.0008666658401489391,10.417286701202393,,18.68163942254891,,7.231305648226136e-06,0.94,1.0,0.0001674105802437178,0.00016463996826195134,0.30795858170559093,0.311440317785879
red_team,qwen25_14b_instruct,20.0,dataset_red_team_attack_default_attack_qwen25_14b_instruct_lm_target_qwen25_14b_instruct_judge_llama_guard_20_calibration_lpb_unified_aht_v1,0.9,Information-gain,Information-gain + CRC,True,100.0,50,0.898253333568573,7.211133075680809e-05,7.371994776434593e-05,-0.0017466664314270686,1.918446671962738,,13.774294707805673,,2.9686723053293656e-08,1.0,1.0,7.658937420753132e-05,8.04399808823179e-05,0.941531792144048,0.916459041334144
red_team,qwen25_14b_instruct,20.0,dataset_red_team_attack_default_attack_qwen25_14b_instruct_lm_target_qwen25_14b_instruct_judge_llm-judge_qwen25_14b_instruct_20_calibration_lpb_unified_aht_v1,0.9,Information-gain,Information-gain + CRC,True,100.0,50,0.8998466718196869,4.434108506348982e-05,4.3477772893098166e-05,-0.0001533281803131059,10.36705337524414,,19.368385489830555,,4.280216067133512e-06,0.82,1.0,0.0001674105802437178,0.00016463996826195134,0.26486429351679974,0.2640778746016436
red_team,qwen25_14b_instruct,20.0,dataset_red_team_attack_default_attack_qwen25_14b_instruct_lm_target_qwen25_14b_instruct_judge_llama_guard_20_calibration_lpb_unified_aht_v1,0.9,Information-gain,Information-gain + CRC,True,200.0,50,0.8982400000095367,7.192756344465609e-05,7.35866121421937e-05,-0.001759999990463279,1.9188733386993408,,14.028411310797807,,3.1214179389375356e-17,1.0,1.0,7.658937420753132e-05,8.04399808823179e-05,0.9391324082340287,0.914801462345565
red_team,qwen25_14b_instruct,20.0,dataset_red_team_attack_default_attack_qwen25_14b_instruct_lm_target_qwen25_14b_instruct_judge_llm-judge_qwen25_14b_instruct_20_calibration_lpb_unified_aht_v1,0.9,Information-gain,Information-gain + CRC,True,200.0,50,0.8996933364868164,5.444827744193679e-05,5.34533544034162e-05,-0.00030666351318364704,10.355580062866212,,19.753085148771728,,3.884074933065974e-06,0.72,1.0,0.0001674105802437178,0.00016463996826195134,0.32523797099723634,0.3246681529868187
red_team,qwen25_14b_instruct,20.0,dataset_red_team_attack_default_attack_qwen25_14b_instruct_lm_target_qwen25_14b_instruct_judge_llama_guard_20_calibration_lpb_unified_aht_v1,0.9,Oracle,Oracle,False,,50,0.8985199964046479,7.01503979425368e-05,7.093780062594147e-05,-0.001480003595352164,1.9026933312416077,,49.876173333333334,,,,,7.658937420753132e-05,8.04399808823179e-05,0.9159285954269967,0.8818724202548242
red_team,qwen25_14b_instruct,20.0,dataset_red_team_attack_default_attack_qwen25_14b_instruct_lm_target_qwen25_14b_instruct_judge_llm-judge_qwen25_14b_instruct_20_calibration_lpb_unified_aht_v1,0.9,Oracle,Oracle,False,,50,0.9000266683101654,4.9355310049615794e-05,4.8368915047390556e-05,2.6668310165400833e-05,10.346426677703857,,96.29994666666667,,,,,0.0001674105802437178,0.00016463996826195134,0.2948159547488809,0.29378598379242227
red_team,qwen25_14b_instruct,20.0,dataset_red_team_attack_default_attack_qwen25_14b_instruct_lm_target_qwen25_14b_instruct_judge_llama_guard_20_calibration_lpb_unified_aht_v1,0.9,Residual,Residual,False,50.0,50,0.8982400000095367,7.192756344465609e-05,7.35866121421937e-05,-0.001759999990463279,1.9188733386993408,,20.175838542181737,,3.0305824516574376e-17,0.6,,7.658937420753132e-05,8.04399808823179e-05,0.9391324082340287,0.914801462345565
red_team,qwen25_14b_instruct,20.0,dataset_red_team_attack_default_attack_qwen25_14b_instruct_lm_target_qwen25_14b_instruct_judge_llm-judge_qwen25_14b_instruct_20_calibration_lpb_unified_aht_v1,0.9,Residual,Residual,False,50.0,50,0.899853333234787,4.7529079153566e-05,4.660000871051273e-05,-0.00014666676521302158,10.361126689910888,,19.97780319711502,,7.583104778535244e-10,0.58,,0.0001674105802437178,0.00016463996826195134,0.2839072601287968,0.28304189561291415
red_team,qwen25_14b_instruct,20.0,dataset_red_team_attack_default_attack_qwen25_14b_instruct_lm_target_qwen25_14b_instruct_judge_llama_guard_20_calibration_lpb_unified_aht_v1,0.9,Residual,Residual,False,100.0,50,0.8982400000095367,7.192756344465609e-05,7.35866121421937e-05,-0.001759999990463279,1.9188733386993408,,19.724929276955088,,3.247422034983553e-17,0.58,,7.658937420753132e-05,8.04399808823179e-05,0.9391324082340287,0.914801462345565
red_team,qwen25_14b_instruct,20.0,dataset_red_team_attack_default_attack_qwen25_14b_instruct_lm_target_qwen25_14b_instruct_judge_llm-judge_qwen25_14b_instruct_20_calibration_lpb_unified_aht_v1,0.9,Residual,Residual,False,100.0,50,0.8997800016403198,4.825222476949503e-05,4.733557955236712e-05,-0.00021999835968022907,10.367533359527588,,19.975263609988783,,1.4523793320800679e-09,0.48,,0.0001674105802437178,0.00016463996826195134,0.2882268533998808,0.287509649400889
red_team,qwen25_14b_instruct,20.0,dataset_red_team_attack_default_attack_qwen25_14b_instruct_lm_target_qwen25_14b_instruct_judge_llama_guard_20_calibration_lpb_unified_aht_v1,0.9,Residual,Residual,False,200.0,50,0.8982400000095367,7.192756344465609e-05,7.35866121421937e-05,-0.001759999990463279,1.9188733386993408,,19.895946897829845,,3.120775884626583e-17,0.62,,7.658937420753132e-05,8.04399808823179e-05,0.9391324082340287,0.914801462345565
red_team,qwen25_14b_instruct,20.0,dataset_red_team_attack_default_attack_qwen25_14b_instruct_lm_target_qwen25_14b_instruct_judge_llm-judge_qwen25_14b_instruct_20_calibration_lpb_unified_aht_v1,0.9,Residual,Residual,False,200.0,50,0.8997666680812836,4.814628255636495e-05,4.7237800689529546e-05,-0.00023333191871643955,10.369946689605714,,19.995853721726927,,3.2229955494579424e-17,0.46,,0.0001674105802437178,0.00016463996826195134,0.2875940247400921,0.2869157543469128
red_team,qwen25_14b_instruct,20.0,dataset_red_team_attack_default_attack_qwen25_14b_instruct_lm_target_qwen25_14b_instruct_judge_llama_guard_20_calibration_lpb_unified_aht_v1,0.9,Residual,Residual + CRC,True,50.0,50,0.8982466661930084,7.208070431383687e-05,7.371326966629978e-05,-0.0017533338069916082,1.918506669998169,,13.761775005279565,,1.0960455383078245e-07,1.0,1.0,7.658937420753132e-05,8.04399808823179e-05,0.9411319136584472,0.9163760216967336
red_team,qwen25_14b_instruct,20.0,dataset_red_team_attack_default_attack_qwen25_14b_instruct_lm_target_qwen25_14b_instruct_judge_llm-judge_qwen25_14b_instruct_20_calibration_lpb_unified_aht_v1,0.9,Residual,Residual + CRC,True,50.0,50,0.8998133361339569,4.7247876969153346e-05,4.633776282865643e-05,-0.00018666386604315743,10.365306701660156,,18.72211101587501,,3.119313471482804e-06,0.9,1.0,0.0001674105802437178,0.00016463996826195134,0.28222754440232795,0.2814490510283048
red_team,qwen25_14b_instruct,20.0,dataset_red_team_attack_default_attack_qwen25_14b_instruct_lm_target_qwen25_14b_instruct_judge_llama_guard_20_calibration_lpb_unified_aht_v1,0.9,Residual,Residual + CRC,True,100.0,50,0.898253333568573,7.211133075680809e-05,7.371994776434593e-05,-0.0017466664314270686,1.918446671962738,,13.790285955990008,,2.9686723053293802e-08,1.0,1.0,7.658937420753132e-05,8.04399808823179e-05,0.941531792144048,0.916459041334144
red_team,qwen25_14b_instruct,20.0,dataset_red_team_attack_default_attack_qwen25_14b_instruct_lm_target_qwen25_14b_instruct_judge_llm-judge_qwen25_14b_instruct_20_calibration_lpb_unified_aht_v1,0.9,Residual,Residual + CRC,True,100.0,50,0.8999066722393035,4.977342827039878e-05,4.87866697759074e-05,-9.332776069648219e-05,10.349800033569336,,19.366378833296416,,2.4218302251554404e-06,0.86,1.0,0.0001674105802437178,0.00016463996826195134,0.29731351625409924,0.29632336722930547
red_team,qwen25_14b_instruct,20.0,dataset_red_team_attack_default_attack_qwen25_14b_instruct_lm_target_qwen25_14b_instruct_judge_llama_guard_20_calibration_lpb_unified_aht_v1,0.9,Residual,Residual + CRC,True,200.0,50,0.8982400000095367,7.192756344465609e-05,7.35866121421937e-05,-0.001759999990463279,1.9188733386993408,,14.060119635595811,,3.12145958463677e-17,1.0,1.0,7.658937420753132e-05,8.04399808823179e-05,0.9391324082340287,0.914801462345565
red_team,qwen25_14b_instruct,20.0,dataset_red_team_attack_default_attack_qwen25_14b_instruct_lm_target_qwen25_14b_instruct_judge_llm-judge_qwen25_14b_instruct_20_calibration_lpb_unified_aht_v1,0.9,Residual,Residual + CRC,True,200.0,50,0.8999333357810975,5.383223521761814e-05,5.276003463134767e-05,-6.66642189025568e-05,10.34302001953125,,19.747862428613498,,3.3828612174711655e-06,0.74,1.0,0.0001674105802437178,0.00016463996826195134,0.32155814249761694,0.32045702625138706
red_team,qwen25_14b_instruct,20.0,dataset_red_team_attack_default_attack_qwen25_14b_instruct_lm_target_qwen25_14b_instruct_judge_llama_guard_20_calibration_lpb_unified_aht_v1,0.9,Soft-prefix,Soft-prefix,False,50.0,50,0.8982400000095367,7.192756344465609e-05,7.35866121421937e-05,-0.001759999990463279,1.9188733386993408,,19.907711901436944,,3.0324880384569046e-17,0.6,,7.658937420753132e-05,8.04399808823179e-05,0.9391324082340287,0.914801462345565
red_team,qwen25_14b_instruct,20.0,dataset_red_team_attack_default_attack_qwen25_14b_instruct_lm_target_qwen25_14b_instruct_judge_llm-judge_qwen25_14b_instruct_20_calibration_lpb_unified_aht_v1,0.9,Soft-prefix,Soft-prefix,False,50.0,50,0.8997200012207032,4.807875707498651e-05,4.719558124989455e-05,-0.0002799987792968528,10.37222002029419,,19.957928200905585,,3.363120251423071e-17,0.58,,0.0001674105802437178,0.00016463996826195134,0.2871906722083696,0.28665931941145517
red_team,qwen25_14b_instruct,20.0,dataset_red_team_attack_default_attack_qwen25_14b_instruct_lm_target_qwen25_14b_instruct_judge_llama_guard_20_calibration_lpb_unified_aht_v1,0.9,Soft-prefix,Soft-prefix,False,100.0,50,0.8982400000095367,7.192756344465609e-05,7.35866121421937e-05,-0.001759999990463279,1.9188733386993408,,19.65393876907326,,3.2498631440268534e-17,0.64,,7.658937420753132e-05,8.04399808823179e-05,0.9391324082340287,0.914801462345565
red_team,qwen25_14b_instruct,20.0,dataset_red_team_attack_default_attack_qwen25_14b_instruct_lm_target_qwen25_14b_instruct_judge_llm-judge_qwen25_14b_instruct_20_calibration_lpb_unified_aht_v1,0.9,Soft-prefix,Soft-prefix,False,100.0,50,0.8997200012207032,4.807875707498651e-05,4.719558124989455e-05,-0.0002799987792968528,10.37222002029419,,19.964333824527273,,3.32071846563685e-17,0.48,,0.0001674105802437178,0.00016463996826195134,0.2871906722083696,0.28665931941145517
red_team,qwen25_14b_instruct,20.0,dataset_red_team_attack_default_attack_qwen25_14b_instruct_lm_target_qwen25_14b_instruct_judge_llama_guard_20_calibration_lpb_unified_aht_v1,0.9,Soft-prefix,Soft-prefix,False,200.0,50,0.8982400000095367,7.192756344465609e-05,7.35866121421937e-05,-0.001759999990463279,1.9188733386993408,,19.886808715246175,,3.123561804269709e-17,0.6,,7.658937420753132e-05,8.04399808823179e-05,0.9391324082340287,0.914801462345565
red_team,qwen25_14b_instruct,20.0,dataset_red_team_attack_default_attack_qwen25_14b_instruct_lm_target_qwen25_14b_instruct_judge_llm-judge_qwen25_14b_instruct_20_calibration_lpb_unified_aht_v1,0.9,Soft-prefix,Soft-prefix,False,200.0,50,0.8997200012207032,4.807875707498651e-05,4.719558124989455e-05,-0.0002799987792968528,10.37222002029419,,19.9872150629788,,3.2510570038526666e-17,0.56,,0.0001674105802437178,0.00016463996826195134,0.2871906722083696,0.28665931941145517
red_team,qwen25_14b_instruct,20.0,dataset_red_team_attack_default_attack_qwen25_14b_instruct_lm_target_qwen25_14b_instruct_judge_llama_guard_20_calibration_lpb_unified_aht_v1,0.9,Soft-prefix,Soft-prefix + CRC,True,50.0,50,0.8982466661930084,7.208070431383687e-05,7.371326966629978e-05,-0.0017533338069916082,1.918506669998169,,13.732677762546714,,1.0960455383079391e-07,1.0,1.0,7.658937420753132e-05,8.04399808823179e-05,0.9411319136584472,0.9163760216967336
red_team,qwen25_14b_instruct,20.0,dataset_red_team_attack_default_attack_qwen25_14b_instruct_lm_target_qwen25_14b_instruct_judge_llm-judge_qwen25_14b_instruct_20_calibration_lpb_unified_aht_v1,0.9,Soft-prefix,Soft-prefix + CRC,True,50.0,50,0.8997733354568481,4.8160700982392256e-05,4.724886377786664e-05,-0.00022666454315189988,10.37052001953125,,18.765667928014178,,3.0287765328993018e-06,0.92,1.0,0.0001674105802437178,0.00016463996826195134,0.28768015087385446,0.28698294998873586
red_team,qwen25_14b_instruct,20.0,dataset_red_team_attack_default_attack_qwen25_14b_instruct_lm_target_qwen25_14b_instruct_judge_llama_guard_20_calibration_lpb_unified_aht_v1,0.9,Soft-prefix,Soft-prefix + CRC,True,100.0,50,0.898253333568573,7.211133075680809e-05,7.371994776434593e-05,-0.0017466664314270686,1.918446671962738,,13.786903219000985,,2.968672305331259e-08,1.0,1.0,7.658937420753132e-05,8.04399808823179e-05,0.941531792144048,0.916459041334144
red_team,qwen25_14b_instruct,20.0,dataset_red_team_attack_default_attack_qwen25_14b_instruct_lm_target_qwen25_14b_instruct_judge_llm-judge_qwen25_14b_instruct_20_calibration_lpb_unified_aht_v1,0.9,Soft-prefix,Soft-prefix + CRC,True,100.0,50,0.899880006313324,5.0506841001242165e-05,4.951110266605944e-05,-0.00011999368667603427,10.35687334060669,,19.40497004538617,,2.360665443054967e-06,0.8,1.0,0.0001674105802437178,0.00016463996826195134,0.30169443847404304,0.300723470665911
red_team,qwen25_14b_instruct,20.0,dataset_red_team_attack_default_attack_qwen25_14b_instruct_lm_target_qwen25_14b_instruct_judge_llama_guard_20_calibration_lpb_unified_aht_v1,0.9,Soft-prefix,Soft-prefix + CRC,True,200.0,50,0.8982400000095367,7.192756344465609e-05,7.35866121421937e-05,-0.001759999990463279,1.9188733386993408,,14.126320795547743,,3.123806694797319e-17,1.0,1.0,7.658937420753132e-05,8.04399808823179e-05,0.9391324082340287,0.914801462345565
red_team,qwen25_14b_instruct,20.0,dataset_red_team_attack_default_attack_qwen25_14b_instruct_lm_target_qwen25_14b_instruct_judge_llm-judge_qwen25_14b_instruct_20_calibration_lpb_unified_aht_v1,0.9,Soft-prefix,Soft-prefix + CRC,True,200.0,50,0.8999000024795533,5.3783436900913475e-05,5.271776766699072e-05,-9.999752044675958e-05,10.349540004730224,,19.726959626117992,,3.446685092103947e-06,0.76,1.0,0.0001674105802437178,0.00016463996826195134,0.32126665365244583,0.32020030265745575
red_team,qwen25_14b_instruct,20.0,dataset_red_team_attack_default_attack_qwen25_14b_instruct_lm_target_qwen25_14b_instruct_judge_llama_guard_20_calibration_lpb_unified_aht_v1,0.9,Static,Static,False,,50,0.8976800012588501,7.658937420753132e-05,8.04399808823179e-05,-0.0023199987411499645,1.9472266674041747,,12.39158017894397,,2.85505302806239e-06,1.0,,7.658937420753132e-05,8.04399808823179e-05,1.0,1.0
red_team,qwen25_14b_instruct,20.0,dataset_red_team_attack_default_attack_qwen25_14b_instruct_lm_target_qwen25_14b_instruct_judge_llm-judge_qwen25_14b_instruct_20_calibration_lpb_unified_aht_v1,0.9,Static,Static,False,,50,0.9007599997520447,0.0001674105802437178,0.00016463996826195134,0.00075999975204466,10.208046627044677,,13.089056796548766,,0.000119126734921322,1.0,,0.0001674105802437178,0.00016463996826195134,1.0,1.0
toxicity,gemma3_4b_it,10.0,dataset_toxicity_attack_toxic_attack_qwen25_14b_instruct_lm_target_gemma3_4b_it_judge_detoxify_10_calibration_lpb_unified_aht_v1,0.9,Endpoint/block,Endpoint/block,False,,50,0.903113329410553,0.0003205650681960555,0.0003238465868507484,0.0031133294105529785,3.4710466623306275,,8.513712831167878,,0.00022737922731036998,1.0,,0.0004596264710359636,0.00045063345149387113,0.6974469235279811,0.7186474634254997
toxicity,gemma3_4b_it,10.0,dataset_toxicity_attack_toxic_attack_qwen25_14b_instruct_lm_target_gemma3_4b_it_judge_detoxify_10_calibration_lpb_unified_aht_v1,0.9,Endpoint/block,Endpoint/block + CRC,True,50.0,50,0.8947933340072631,0.0010448704406816815,0.0010510824026279703,-0.005206665992736892,3.867053334712982,,2.373015444564865,,0.0015026395650638738,1.0,1.0,0.0004596264710359636,0.00045063345149387113,2.2733034464412416,2.3324553451226993
toxicity,gemma3_4b_it,10.0,dataset_toxicity_attack_toxic_attack_qwen25_14b_instruct_lm_target_gemma3_4b_it_judge_detoxify_10_calibration_lpb_unified_aht_v1,0.9,Endpoint/block,Endpoint/block + CRC,True,100.0,50,0.9009200048446655,0.00039327251717184963,0.0003862534757426205,0.0009200048446654785,3.553700008392334,,6.178585509382729,,0.00043791667583233796,1.0,1.0,0.0004596264710359636,0.00045063345149387113,0.8556350470534103,0.8571344947033382
toxicity,gemma3_4b_it,10.0,dataset_toxicity_attack_toxic_attack_qwen25_14b_instruct_lm_target_gemma3_4b_it_judge_detoxify_10_calibration_lpb_unified_aht_v1,0.9,Endpoint/block,Endpoint/block + CRC,True,200.0,50,0.9024933385848999,0.00041327568194688243,0.00041122690560689535,0.0024933385848998624,3.495726671218872,,8.012126437232439,,0.00037650510315793197,1.0,1.0,0.0004596264710359636,0.00045063345149387113,0.8991555273467824,0.912552994553908
toxicity,gemma3_4b_it,10.0,dataset_toxicity_attack_toxic_attack_qwen25_14b_instruct_lm_target_gemma3_4b_it_judge_detoxify_10_calibration_lpb_unified_aht_v1,0.9,Information-gain,Information-gain,False,50.0,50,0.9009266686439514,3.753415839533562e-05,3.764219000311161e-05,0.0009266686439514116,3.4851800060272216,,10.018268747407335,,1.32732429294271e-07,0.48,,0.0004596264710359636,0.00045063345149387113,0.08166230789696782,0.08353172601440478
toxicity,gemma3_4b_it,10.0,dataset_toxicity_attack_toxic_attack_qwen25_14b_instruct_lm_target_gemma3_4b_it_judge_detoxify_10_calibration_lpb_unified_aht_v1,0.9,Information-gain,Information-gain,False,100.0,50,0.9006333327293397,3.805553957472984e-05,3.769553912928796e-05,0.0006333327293396307,3.494340000152588,,9.986623736426946,,2.5211321346013006e-07,0.56,,0.0004596264710359636,0.00045063345149387113,0.08279666636465804,0.08365011297835408
toxicity,gemma3_4b_it,10.0,dataset_toxicity_attack_toxic_attack_qwen25_14b_instruct_lm_target_gemma3_4b_it_judge_detoxify_10_calibration_lpb_unified_aht_v1,0.9,Information-gain,Information-gain,False,200.0,50,0.9008999991416932,6.540248814652768e-05,6.490443683864543e-05,0.0008999991416931419,3.4855199813842774,,9.990778822537969,,1.3513164044951777e-05,0.56,,0.0004596264710359636,0.00045063345149387113,0.1422948682636041,0.14402933609008423
toxicity,gemma3_4b_it,10.0,dataset_toxicity_attack_toxic_attack_qwen25_14b_instruct_lm_target_gemma3_4b_it_judge_detoxify_10_calibration_lpb_unified_aht_v1,0.9,Information-gain,Information-gain + CRC,True,50.0,50,0.9007200014591217,4.8867816104148756e-05,4.840886188320313e-05,0.0007200014591216553,3.4944533348083495,,9.47371123912623,,6.083051832829025e-06,0.84,1.0,0.0004596264710359636,0.00045063345149387113,0.10632071732945313,0.10742403104502223
toxicity,gemma3_4b_it,10.0,dataset_toxicity_attack_toxic_attack_qwen25_14b_instruct_lm_target_gemma3_4b_it_judge_detoxify_10_calibration_lpb_unified_aht_v1,0.9,Information-gain,Information-gain + CRC,True,100.0,50,0.9013333356380463,4.065303461272067e-05,4.1617757844150456e-05,0.0013333356380462735,3.4698933362960815,,9.706494311484038,,7.698359126232795e-06,0.8,1.0,0.0004596264710359636,0.00045063345149387113,0.08844798368791026,0.09235390250365486
toxicity,gemma3_4b_it,10.0,dataset_toxicity_attack_toxic_attack_qwen25_14b_instruct_lm_target_gemma3_4b_it_judge_detoxify_10_calibration_lpb_unified_aht_v1,0.9,Information-gain,Information-gain + CRC,True,200.0,50,0.9017600047588349,6.873941044154594e-05,7.046223898383622e-05,0.0017600047588348655,3.461553316116333,,9.807702978582562,,2.159783272236064e-05,0.9,1.0,0.0004596264710359636,0.00045063345149387113,0.14955494248756487,0.15636264629323585
toxicity,gemma3_4b_it,10.0,dataset_toxicity_attack_toxic_attack_qwen25_14b_instruct_lm_target_gemma3_4b_it_judge_detoxify_10_calibration_lpb_unified_aht_v1,0.9,Oracle,Oracle,False,,50,0.901246668100357,3.9037658817989874e-05,3.9811086994077885e-05,0.0012466681003570068,3.4760199928283693,,95.06343333333332,,,,,0.0004596264710359636,0.00045063345149387113,0.08493344330234488,0.08834472199545386
toxicity,gemma3_4b_it,10.0,dataset_toxicity_attack_toxic_attack_qwen25_14b_instruct_lm_target_gemma3_4b_it_judge_detoxify_10_calibration_lpb_unified_aht_v1,0.9,Residual,Residual,False,50.0,50,0.9008066666126251,3.845840979366084e-05,3.833995262171167e-05,0.0008066666126250732,3.489539999961853,,10.003428705429327,,5.548077974631315e-09,0.48,,0.0004596264710359636,0.00045063345149387113,0.08367318293695851,0.0850801299695194
toxicity,gemma3_4b_it,10.0,dataset_toxicity_attack_toxic_attack_qwen25_14b_instruct_lm_target_gemma3_4b_it_judge_detoxify_10_calibration_lpb_unified_aht_v1,0.9,Residual,Residual,False,100.0,50,0.9008000016212463,3.80226354904167e-05,3.7902185374605075e-05,0.0008000016212462713,3.488686661720276,,9.985119468631668,,5.659062024726915e-09,0.56,,0.0004596264710359636,0.00045063345149387113,0.08272507761512633,0.08410868134391165
toxicity,gemma3_4b_it,10.0,dataset_toxicity_attack_toxic_attack_qwen25_14b_instruct_lm_target_gemma3_4b_it_judge_detoxify_10_calibration_lpb_unified_aht_v1,0.9,Residual,Residual,False,200.0,50,0.9010533320903779,5.057306664525213e-05,5.067111380496672e-05,0.0010533320903778343,3.4810866785049437,,9.992103709712097,,5.8712335522198774e-06,0.56,,0.0004596264710359636,0.00045063345149387113,0.1100307963796433,0.11244419080960277
toxicity,gemma3_4b_it,10.0,dataset_toxicity_attack_toxic_attack_qwen25_14b_instruct_lm_target_gemma3_4b_it_judge_detoxify_10_calibration_lpb_unified_aht_v1,0.9,Residual,Residual + CRC,True,50.0,50,0.9011133325099945,4.406172603150995e-05,4.442000078869033e-05,0.001113332509994458,3.478639998435974,,9.471853056752716,,4.745723632441552e-06,0.82,1.0,0.0004596264710359636,0.00045063345149387113,0.09586420454026097,0.09857235551740763
toxicity,gemma3_4b_it,10.0,dataset_toxicity_attack_toxic_attack_qwen25_14b_instruct_lm_target_gemma3_4b_it_judge_detoxify_10_calibration_lpb_unified_aht_v1,0.9,Residual,Residual + CRC,True,100.0,50,0.9011533343791962,4.538876572376006e-05,4.581117059952063e-05,0.0011533343791961803,3.4770066595077513,,9.695499583768731,,7.597946340842106e-06,0.8,1.0,0.0004596264710359636,0.00045063345149387113,0.09875141790997631,0.10165949830766988
toxicity,gemma3_4b_it,10.0,dataset_toxicity_attack_toxic_attack_qwen25_14b_instruct_lm_target_gemma3_4b_it_judge_detoxify_10_calibration_lpb_unified_aht_v1,0.9,Residual,Residual + CRC,True,200.0,50,0.9017866694927216,6.675629336077074e-05,6.861335536977716e-05,0.0017866694927215487,3.461666669845581,,9.812987548060056,,2.1150218530370133e-05,0.92,1.0,0.0004596264710359636,0.00045063345149387113,0.14524031483719174,0.15225979150531468
toxicity,gemma3_4b_it,10.0,dataset_toxicity_attack_toxic_attack_qwen25_14b_instruct_lm_target_gemma3_4b_it_judge_detoxify_10_calibration_lpb_unified_aht_v1,0.9,Soft-prefix,Soft-prefix,False,50.0,50,0.9007266664505005,3.7653889464102354e-05,3.7428855805103245e-05,0.0007266664505004572,3.4896133279800416,,9.994289120033956,,1.2179851217938593e-07,0.5,,0.0004596264710359636,0.00045063345149387113,0.08192280435727149,0.08305831642330329
toxicity,gemma3_4b_it,10.0,dataset_toxicity_attack_toxic_attack_qwen25_14b_instruct_lm_target_gemma3_4b_it_judge_detoxify_10_calibration_lpb_unified_aht_v1,0.9,Soft-prefix,Soft-prefix,False,100.0,50,0.9009133338928222,4.206717783528312e-05,4.2060013078355273e-05,0.0009133338928222212,3.4830600023269653,,9.97712069196512,,2.7965098299630597e-06,0.6,,0.0004596264710359636,0.00045063345149387113,0.09152470644361901,0.09333531041453835
toxicity,gemma3_4b_it,10.0,dataset_toxicity_attack_toxic_attack_qwen25_14b_instruct_lm_target_gemma3_4b_it_judge_detoxify_10_calibration_lpb_unified_aht_v1,0.9,Soft-prefix,Soft-prefix,False,200.0,50,0.901873334646225,7.662537447685773e-05,7.860224968406736e-05,0.0018733346462249667,3.464573316574097,,9.988229064410488,,2.3920711674705906e-05,0.52,,0.0004596264710359636,0.00045063345149387113,0.16671227465239302,0.17442613153439274
toxicity,gemma3_4b_it,10.0,dataset_toxicity_attack_toxic_attack_qwen25_14b_instruct_lm_target_gemma3_4b_it_judge_detoxify_10_calibration_lpb_unified_aht_v1,0.9,Soft-prefix,Soft-prefix + CRC,True,50.0,50,0.9011133337020873,4.484179508314498e-05,4.518447111368569e-05,0.0011133337020873268,3.4762199974060057,,9.514331771696307,,4.568057273227455e-06,0.8,1.0,0.0004596264710359636,0.00045063345149387113,0.09756138497000605,0.10026879044131552
toxicity,gemma3_4b_it,10.0,dataset_toxicity_attack_toxic_attack_qwen25_14b_instruct_lm_target_gemma3_4b_it_judge_detoxify_10_calibration_lpb_unified_aht_v1,0.9,Soft-prefix,Soft-prefix + CRC,True,100.0,50,0.9012533330917358,4.506830904442338e-05,4.573778670237498e-05,0.0012533330917358088,3.4733333349227906,,9.693717290326438,,7.680403814650088e-06,0.82,1.0,0.0004596264710359636,0.00045063345149387113,0.09805420680589348,0.10149665221423768
toxicity,gemma3_4b_it,10.0,dataset_toxicity_attack_toxic_attack_qwen25_14b_instruct_lm_target_gemma3_4b_it_judge_detoxify_10_calibration_lpb_unified_aht_v1,0.9,Soft-prefix,Soft-prefix + CRC,True,200.0,50,0.9016266679763794,7.693715885889046e-05,7.80444643870908e-05,0.0016266679763793368,3.471753325462341,,9.80812542532034,,2.5795736781513136e-05,0.92,1.0,0.0004596264710359636,0.00045063345149387113,0.1673906176149513,0.17318835103867614
toxicity,gemma3_4b_it,10.0,dataset_toxicity_attack_toxic_attack_qwen25_14b_instruct_lm_target_gemma3_4b_it_judge_detoxify_10_calibration_lpb_unified_aht_v1,0.9,Static,Static,False,,50,0.9004466652870178,0.0004596264710359636,0.00045063345149387113,0.00044666528701775565,3.58015998840332,,5.5366569696711,,0.000360451450659186,1.0,,0.0004596264710359636,0.00045063345149387113,1.0,1.0
toxicity,gemma3_4b_it,20.0,dataset_toxicity_attack_toxic_attack_qwen25_14b_instruct_lm_target_gemma3_4b_it_judge_detoxify_20_calibration_lpb_unified_aht_v1,0.9,Endpoint/block,Endpoint/block,False,,50,0.9016599977016448,0.0001259886586760987,0.000126224477872043,0.001659997701644822,3.4750666666030883,,17.027425662335755,,9.842398583798376e-05,1.0,,0.0001947398303078192,0.00019158463311114772,0.6469588603263766,0.6588444794463966
toxicity,gemma3_4b_it,20.0,dataset_toxicity_attack_toxic_attack_qwen25_14b_instruct_lm_target_gemma3_4b_it_judge_detoxify_20_calibration_lpb_unified_aht_v1,0.9,Endpoint/block,Endpoint/block + CRC,True,50.0,50,0.9007600021362304,0.00019073939819303623,0.00018750221347625038,0.0007600021362303977,3.515079984664917,,13.001517333691991,,0.0001520630341409913,1.0,1.0,0.0001947398303078192,0.00019158463311114772,0.9794575557118459,0.9786912991475213
toxicity,gemma3_4b_it,20.0,dataset_toxicity_attack_toxic_attack_qwen25_14b_instruct_lm_target_gemma3_4b_it_judge_detoxify_20_calibration_lpb_unified_aht_v1,0.9,Endpoint/block,Endpoint/block + CRC,True,100.0,50,0.9017999958992005,0.0001608434940263238,0.0001608666093829357,0.001799995899200435,3.4757333183288575,,16.475556957890138,,0.00011327960528558374,0.94,1.0,0.0001947398303078192,0.00019158463311114772,0.8259404035223995,0.8396634258740837
toxicity,gemma3_4b_it,20.0,dataset_toxicity_attack_toxic_attack_qwen25_14b_instruct_lm_target_gemma3_4b_it_judge_detoxify_20_calibration_lpb_unified_aht_v1,0.9,Endpoint/block,Endpoint/block + CRC,True,200.0,50,0.9010866689682007,0.00014911478989574785,0.00014731334354428324,0.0010866689682006436,3.499379987716675,,18.067299398282763,,0.00010730833497404848,0.92,1.0,0.0001947398303078192,0.00019158463311114772,0.7657128470331248,0.7689204564690711
toxicity,gemma3_4b_it,20.0,dataset_toxicity_attack_toxic_attack_qwen25_14b_instruct_lm_target_gemma3_4b_it_judge_detoxify_20_calibration_lpb_unified_aht_v1,0.9,Information-gain,Information-gain,False,50.0,50,0.9008400011062622,3.7343461520279206e-05,3.7302194148395314e-05,0.0008400011062621449,3.4878066635131835,,20.086904371668187,,1.1993870393512358e-09,0.44,,0.0001947398303078192,0.00019158463311114772,0.1917607787849643,0.1947034766966642
toxicity,gemma3_4b_it,20.0,dataset_toxicity_attack_toxic_attack_qwen25_14b_instruct_lm_target_gemma3_4b_it_judge_detoxify_20_calibration_lpb_unified_aht_v1,0.9,Information-gain,Information-gain,False,100.0,50,0.9007933342456818,3.8067492771206855e-05,3.7935522141154114e-05,0.0007933342456817316,3.489439997673035,,19.941402875753354,,8.246767863502619e-10,0.6,,0.0001947398303078192,0.00019158463311114772,0.19547872004938463,0.19800921151721934
toxicity,gemma3_4b_it,20.0,dataset_toxicity_attack_toxic_attack_qwen25_14b_instruct_lm_target_gemma3_4b_it_judge_detoxify_20_calibration_lpb_unified_aht_v1,0.9,Information-gain,Information-gain,False,200.0,50,0.9007866668701172,3.800794010982935e-05,3.7866626072172695e-05,0.0007866668701171919,3.489873332977295,,19.94563839044954,,1.4671198228123988e-09,0.56,,0.0001947398303078192,0.00019158463311114772,0.1951729137780976,0.19764959985180228
toxicity,gemma3_4b_it,20.0,dataset_toxicity_attack_toxic_attack_qwen25_14b_instruct_lm_target_gemma3_4b_it_judge_detoxify_20_calibration_lpb_unified_aht_v1,0.9,Information-gain,Information-gain + CRC,True,50.0,50,0.9011000001430511,4.602375928746437e-05,4.6313284416427566e-05,0.0011000001430511164,3.4818933248519897,,18.561565430401256,,2.8190575231168715e-06,0.86,1.0,0.0001947398303078192,0.00019158463311114772,0.23633459685528144,0.24173799153066175
toxicity,gemma3_4b_it,20.0,dataset_toxicity_attack_toxic_attack_qwen25_14b_instruct_lm_target_gemma3_4b_it_judge_detoxify_20_calibration_lpb_unified_aht_v1,0.9,Information-gain,Information-gain + CRC,True,100.0,50,0.9009866666793823,4.02175139736568e-05,4.0386674830386974e-05,0.0009866666793822976,3.479999985694885,,19.18036609437769,,3.095321858757922e-06,0.76,1.0,0.0001947398303078192,0.00019158463311114772,0.20651920005314897,0.21080331013269038
toxicity,gemma3_4b_it,20.0,dataset_toxicity_attack_toxic_attack_qwen25_14b_instruct_lm_target_gemma3_4b_it_judge_detoxify_20_calibration_lpb_unified_aht_v1,0.9,Information-gain,Information-gain + CRC,True,200.0,50,0.9010333335399627,4.486736929851431e-05,4.5037800117355965e-05,0.0010333335399627108,3.4795399856567384,,19.650351108668236,,5.194231617209246e-06,0.64,1.0,0.0001947398303078192,0.00019158463311114772,0.2303964691126302,0.23508044140068013
toxicity,gemma3_4b_it,20.0,dataset_toxicity_attack_toxic_attack_qwen25_14b_instruct_lm_target_gemma3_4b_it_judge_detoxify_20_calibration_lpb_unified_aht_v1,0.9,Oracle,Oracle,False,,50,0.901246668100357,3.9037658817989874e-05,3.9811086994077885e-05,0.0012466681003570068,3.4760199928283693,,95.06343333333332,,,,,0.0001947398303078192,0.00019158463311114772,0.200460577357412,0.20779895729414533
toxicity,gemma3_4b_it,20.0,dataset_toxicity_attack_toxic_attack_qwen25_14b_instruct_lm_target_gemma3_4b_it_judge_detoxify_20_calibration_lpb_unified_aht_v1,0.9,Residual,Residual,False,50.0,50,0.9007866668701172,3.800794010982935e-05,3.7866626072172695e-05,0.0007866668701171919,3.489873332977295,,20.056348152410443,,3.3620555228708326e-17,0.42,,0.0001947398303078192,0.00019158463311114772,0.1951729137780976,0.19764959985180228
toxicity,gemma3_4b_it,20.0,dataset_toxicity_attack_toxic_attack_qwen25_14b_instruct_lm_target_gemma3_4b_it_judge_detoxify_20_calibration_lpb_unified_aht_v1,0.9,Residual,Residual,False,100.0,50,0.9007866668701172,3.800794010982935e-05,3.7866626072172695e-05,0.0007866668701171919,3.489873332977295,,19.923860232159285,,3.3172109503709634e-17,0.58,,0.0001947398303078192,0.00019158463311114772,0.1951729137780976,0.19764959985180228
toxicity,gemma3_4b_it,20.0,dataset_toxicity_attack_toxic_attack_qwen25_14b_instruct_lm_target_gemma3_4b_it_judge_detoxify_20_calibration_lpb_unified_aht_v1,0.9,Residual,Residual,False,200.0,50,0.9007866668701172,3.800794010982935e-05,3.7866626072172695e-05,0.0007866668701171919,3.489873332977295,,19.94435726678413,,3.238837593184169e-17,0.56,,0.0001947398303078192,0.00019158463311114772,0.1951729137780976,0.19764959985180228
toxicity,gemma3_4b_it,20.0,dataset_toxicity_attack_toxic_attack_qwen25_14b_instruct_lm_target_gemma3_4b_it_judge_detoxify_20_calibration_lpb_unified_aht_v1,0.9,Residual,Residual + CRC,True,50.0,50,0.9010200011730194,4.245079103304429e-05,4.264217760534431e-05,0.0010200011730193692,3.4829933309555052,,18.576435423821454,,3.000846515724542e-06,0.88,1.0,0.0001947398303078192,0.00019158463311114772,0.21798720357280607,0.22257618950370342
toxicity,gemma3_4b_it,20.0,dataset_toxicity_attack_toxic_attack_qwen25_14b_instruct_lm_target_gemma3_4b_it_judge_detoxify_20_calibration_lpb_unified_aht_v1,0.9,Residual,Residual + CRC,True,100.0,50,0.9011399984359741,3.8621712270400905e-05,3.91488744590163e-05,0.001139998435974121,3.4768533182144163,,19.218542315346518,,3.1694148426908565e-06,0.8,1.0,0.0001947398303078192,0.00019158463311114772,0.19832466840169657,0.2043424559855179
toxicity,gemma3_4b_it,20.0,dataset_toxicity_attack_toxic_attack_qwen25_14b_instruct_lm_target_gemma3_4b_it_judge_detoxify_20_calibration_lpb_unified_aht_v1,0.9,Residual,Residual + CRC,True,200.0,50,0.901100002527237,4.2123611656982696e-05,4.2491144983770646e-05,0.0011000025272369651,3.4781266498565673,,19.665925886412403,,5.2054104265918e-06,0.64,1.0,0.0001947398303078192,0.00019158463311114772,0.21630711904390187,0.22178785580949714
toxicity,gemma3_4b_it,20.0,dataset_toxicity_attack_toxic_attack_qwen25_14b_instruct_lm_target_gemma3_4b_it_judge_detoxify_20_calibration_lpb_unified_aht_v1,0.9,Soft-prefix,Soft-prefix,False,50.0,50,0.9007866668701172,3.800794010982935e-05,3.7866626072172695e-05,0.0007866668701171919,3.489873332977295,,20.085704646632777,,3.397426389600216e-17,0.46,,0.0001947398303078192,0.00019158463311114772,0.1951729137780976,0.19764959985180228
toxicity,gemma3_4b_it,20.0,dataset_toxicity_attack_toxic_attack_qwen25_14b_instruct_lm_target_gemma3_4b_it_judge_detoxify_20_calibration_lpb_unified_aht_v1,0.9,Soft-prefix,Soft-prefix,False,100.0,50,0.9007866668701172,3.800794010982935e-05,3.7866626072172695e-05,0.0007866668701171919,3.489873332977295,,19.97441539732141,,3.3609724879744995e-17,0.54,,0.0001947398303078192,0.00019158463311114772,0.1951729137780976,0.19764959985180228
toxicity,gemma3_4b_it,20.0,dataset_toxicity_attack_toxic_attack_qwen25_14b_instruct_lm_target_gemma3_4b_it_judge_detoxify_20_calibration_lpb_unified_aht_v1,0.9,Soft-prefix,Soft-prefix,False,200.0,50,0.9007866668701172,3.800794010982935e-05,3.7866626072172695e-05,0.0007866668701171919,3.489873332977295,,19.95684197499022,,3.3014316219098166e-17,0.54,,0.0001947398303078192,0.00019158463311114772,0.1951729137780976,0.19764959985180228
toxicity,gemma3_4b_it,20.0,dataset_toxicity_attack_toxic_attack_qwen25_14b_instruct_lm_target_gemma3_4b_it_judge_detoxify_20_calibration_lpb_unified_aht_v1,0.9,Soft-prefix,Soft-prefix + CRC,True,50.0,50,0.9008666682243347,4.609522348544573e-05,4.5924432826808265e-05,0.0008666682243346768,3.4879866647720337,,18.743714835898754,,2.660479350133851e-06,0.86,1.0,0.0001947398303078192,0.00019158463311114772,0.23670156953810859,0.23970833193163896
toxicity,gemma3_4b_it,20.0,dataset_toxicity_attack_toxic_attack_qwen25_14b_instruct_lm_target_gemma3_4b_it_judge_detoxify_20_calibration_lpb_unified_aht_v1,0.9,Soft-prefix,Soft-prefix + CRC,True,100.0,50,0.9011933374404907,3.973736895439547e-05,4.036667582218446e-05,0.0011933374404906605,3.4732133245468138,,19.30563766258199,,3.0930056254618962e-06,0.8,1.0,0.0001947398303078192,0.00019158463311114772,0.204053628328544,0.21069892280330102
toxicity,gemma3_4b_it,20.0,dataset_toxicity_attack_toxic_attack_qwen25_14b_instruct_lm_target_gemma3_4b_it_judge_detoxify_20_calibration_lpb_unified_aht_v1,0.9,Soft-prefix,Soft-prefix + CRC,True,200.0,50,0.9009866666793823,4.477077851152917e-05,4.48488740775019e-05,0.0009866666793822976,3.4835200023651125,,19.67954939314166,,5.2741310363794305e-06,0.66,1.0,0.0001947398303078192,0.00019158463311114772,0.2299004699796718,0.2340943182613339
toxicity,gemma3_4b_it,20.0,dataset_toxicity_attack_toxic_attack_qwen25_14b_instruct_lm_target_gemma3_4b_it_judge_detoxify_20_calibration_lpb_unified_aht_v1,0.9,Static,Static,False,,50,0.9008599996566773,0.0001947398303078192,0.00019158463311114772,0.0008599996566772683,3.525826654434204,,11.0733139393422,,0.00016239244282485602,1.0,,0.0001947398303078192,0.00019158463311114772,1.0,1.0
toxicity,llama_31_8B_instruct,20.0,dataset_toxicity_attack_toxic_attack_qwen25_14b_instruct_lm_target_llama_31_8B_instruct_judge_detoxify_20_calibration_lpb_unified_aht_v1,0.9,Endpoint/block,Endpoint/block,False,,50,0.9020466673374176,0.0001734059475643871,0.0001741266758031513,0.0020466673374175404,11.18479341506958,,16.29911046589299,,0.00021486168399656599,1.0,,0.0004992310874060358,0.0005214331234935375,0.34734605263744756,0.3339386547531236
toxicity,llama_31_8B_instruct,20.0,dataset_toxicity_attack_toxic_attack_qwen25_14b_instruct_lm_target_llama_31_8B_instruct_judge_detoxify_20_calibration_lpb_unified_aht_v1,0.9,Endpoint/block,Endpoint/block + CRC,True,50.0,50,0.904186668395996,0.00025936570871624303,0.00027170658679995046,0.004186668395996018,10.925393295288085,,12.398880815071534,,0.000319475524308494,1.0,1.0,0.0004992310874060358,0.0005214331234935375,0.5195303643126197,0.5210765763777143
toxicity,llama_31_8B_instruct,20.0,dataset_toxicity_attack_toxic_attack_qwen25_14b_instruct_lm_target_llama_31_8B_instruct_judge_detoxify_20_calibration_lpb_unified_aht_v1,0.9,Endpoint/block,Endpoint/block + CRC,True,100.0,50,0.9035466694831848,0.00016627563145395425,0.00017552898324782942,0.0035466694831848278,11.022353372573853,,16.239019803181268,,0.00024617626032059795,0.98,1.0,0.0004992310874060358,0.0005214331234935375,0.3330634562801546,0.33662798801849586
toxicity,llama_31_8B_instruct,20.0,dataset_toxicity_attack_toxic_attack_qwen25_14b_instruct_lm_target_llama_31_8B_instruct_judge_detoxify_20_calibration_lpb_unified_aht_v1,0.9,Endpoint/block,Endpoint/block + CRC,True,200.0,50,0.9037133347988129,0.00016143772446840926,0.00017199782530711528,0.0037133347988128618,10.979773263931275,,17.966130319326542,,0.00024230911986390804,0.96,1.0,0.0004992310874060358,0.0005214331234935375,0.32337273968098934,0.32985596341626916
toxicity,llama_31_8B_instruct,20.0,dataset_toxicity_attack_toxic_attack_qwen25_14b_instruct_lm_target_llama_31_8B_instruct_judge_detoxify_20_calibration_lpb_unified_aht_v1,0.9,Information-gain,Information-gain,False,50.0,50,0.9009333312511444,9.809078168362587e-05,9.700007327431615e-05,0.0009333312511443648,11.325406665802001,,20.034331067013873,,1.2717429370242449e-05,0.46,,0.0004992310874060358,0.0005214331234935375,0.19648372098239636,0.186025913782438
toxicity,llama_31_8B_instruct,20.0,dataset_toxicity_attack_toxic_attack_qwen25_14b_instruct_lm_target_llama_31_8B_instruct_judge_detoxify_20_calibration_lpb_unified_aht_v1,0.9,Information-gain,Information-gain,False,100.0,50,0.9014000010490417,9.547390639623884e-05,9.552443120563202e-05,0.0014000010490416992,11.241279983520508,,20.045145238230244,,1.647353261721077e-05,0.52,,0.0004992310874060358,0.0005214331234935375,0.19124190941776784,0.18319594000018666
toxicity,llama_31_8B_instruct,20.0,dataset_toxicity_attack_toxic_attack_qwen25_14b_instruct_lm_target_llama_31_8B_instruct_judge_detoxify_20_calibration_lpb_unified_aht_v1,0.9,Information-gain,Information-gain,False,200.0,50,0.9007200002670288,0.00010700852927263721,0.000105386759071706,0.0007200002670287864,11.315093326568604,,20.07415905933594,,3.2934697521246444e-05,0.42,,0.0004992310874060358,0.0005214331234935375,0.2143466862783823,0.20210982832396174
toxicity,llama_31_8B_instruct,20.0,dataset_toxicity_attack_toxic_attack_qwen25_14b_instruct_lm_target_llama_31_8B_instruct_judge_detoxify_20_calibration_lpb_unified_aht_v1,0.9,Information-gain,Information-gain + CRC,True,50.0,50,0.9012399995326996,8.729725224864714e-05,8.708890604476931e-05,0.0012399995326995983,11.257620010375977,,18.757315193251394,,1.805431346164084e-05,0.88,1.0,0.0004992310874060358,0.0005214331234935375,0.17486341385957468,0.16701836174365833
toxicity,llama_31_8B_instruct,20.0,dataset_toxicity_attack_toxic_attack_qwen25_14b_instruct_lm_target_llama_31_8B_instruct_judge_detoxify_20_calibration_lpb_unified_aht_v1,0.9,Information-gain,Information-gain + CRC,True,100.0,50,0.9007866656780243,0.00010828460297104062,0.00010673775380060118,0.0007866656780243231,11.331826629638671,,19.363900045681888,,1.930348169577597e-05,0.8,1.0,0.0004992310874060358,0.0005214331234935375,0.21690276447662468,0.20470075450034975
toxicity,llama_31_8B_instruct,20.0,dataset_toxicity_attack_toxic_attack_qwen25_14b_instruct_lm_target_llama_31_8B_instruct_judge_detoxify_20_calibration_lpb_unified_aht_v1,0.9,Information-gain,Information-gain + CRC,True,200.0,50,0.9006666660308837,0.00011719717896422606,0.00011529767898167587,0.0006666660308837224,11.307966690063477,,19.777267187107796,,3.2343398774761176e-05,0.68,1.0,0.0004992310874060358,0.0005214331234935375,0.23475537065043983,0.22111690605536463
toxicity,llama_31_8B_instruct,20.0,dataset_toxicity_attack_toxic_attack_qwen25_14b_instruct_lm_target_llama_31_8B_instruct_judge_detoxify_20_calibration_lpb_unified_aht_v1,0.9,Oracle,Oracle,False,,50,0.9009400010108948,7.225712502891868e-05,7.169558442882343e-05,0.0009400010108947532,11.303553314208985,,129.62745333333334,,,,,0.0004992310874060358,0.0005214331234935375,0.14473683000063325,0.1374971807476899
toxicity,llama_31_8B_instruct,20.0,dataset_toxicity_attack_toxic_attack_qwen25_14b_instruct_lm_target_llama_31_8B_instruct_judge_detoxify_20_calibration_lpb_unified_aht_v1,0.9,Residual,Residual,False,50.0,50,0.9010999977588654,8.86179534640475e-05,8.805558946427532e-05,0.0010999977588653786,11.308739986419678,,19.981242662339024,,1.3437568114473644e-05,0.54,,0.0004992310874060358,0.0005214331234935375,0.1775088845618553,0.16887225896643035
toxicity,llama_31_8B_instruct,20.0,dataset_toxicity_attack_toxic_attack_qwen25_14b_instruct_lm_target_llama_31_8B_instruct_judge_detoxify_20_calibration_lpb_unified_aht_v1,0.9,Residual,Residual,False,100.0,50,0.9020466661453247,0.00010767799974861783,0.00010971328206406375,0.0020466661453246715,11.198839950561524,,19.945412600294386,,2.3066508840741077e-05,0.54,,0.0004992310874060358,0.0005214331234935375,0.2156876894588115,0.21040719724324056
toxicity,llama_31_8B_instruct,20.0,dataset_toxicity_attack_toxic_attack_qwen25_14b_instruct_lm_target_llama_31_8B_instruct_judge_detoxify_20_calibration_lpb_unified_aht_v1,0.9,Residual,Residual,False,200.0,50,0.9016199958324432,0.0001294331005665392,0.00012946882505234186,0.0016199958324432107,11.181406650543213,,20.00165227848469,,4.569207446356142e-05,0.52,,0.0004992310874060358,0.0005214331234935375,0.2592649052346942,0.24829420920734135
toxicity,llama_31_8B_instruct,20.0,dataset_toxicity_attack_toxic_attack_qwen25_14b_instruct_lm_target_llama_31_8B_instruct_judge_detoxify_20_calibration_lpb_unified_aht_v1,0.9,Residual,Residual + CRC,True,50.0,50,0.9017133271694183,7.83491521608969e-05,7.971765910714588e-05,0.0017133271694182994,11.203333282470703,,18.758982228848097,,1.636369146121651e-05,0.86,1.0,0.0004992310874060358,0.0005214331234935375,0.15693965006865404,0.15288184719268966
toxicity,llama_31_8B_instruct,20.0,dataset_toxicity_attack_toxic_attack_qwen25_14b_instruct_lm_target_llama_31_8B_instruct_judge_detoxify_20_calibration_lpb_unified_aht_v1,0.9,Residual,Residual + CRC,True,100.0,50,0.9007066643238067,0.00010525016616829177,0.00010364453731146717,0.0007066643238067272,11.345366649627685,,19.354787235627807,,2.021895339296968e-05,0.78,1.0,0.0004992310874060358,0.0005214331234935375,0.21082454363001127,0.19876861028133688
toxicity,llama_31_8B_instruct,20.0,dataset_toxicity_attack_toxic_attack_qwen25_14b_instruct_lm_target_llama_31_8B_instruct_judge_detoxify_20_calibration_lpb_unified_aht_v1,0.9,Residual,Residual + CRC,True,200.0,50,0.902046663761139,0.00012111104881662575,0.00012287766039145246,0.0020466637611389338,11.172859973907471,,19.755219243897294,,4.0162027135870664e-05,0.7,1.0,0.0004992310874060358,0.0005214331234935375,0.2425951665909047,0.23565372979796012
toxicity,llama_31_8B_instruct,20.0,dataset_toxicity_attack_toxic_attack_qwen25_14b_instruct_lm_target_llama_31_8B_instruct_judge_detoxify_20_calibration_lpb_unified_aht_v1,0.9,Soft-prefix,Soft-prefix,False,50.0,50,0.9017199993133544,0.0001083870632090002,0.00010917771958276005,0.0017199993133544256,11.207940006256104,,19.9204201381889,,2.9884534225099068e-05,0.54,,0.0004992310874060358,0.0005214331234935375,0.2171080005697774,0.2093801000812584
toxicity,llama_31_8B_instruct,20.0,dataset_toxicity_attack_toxic_attack_qwen25_14b_instruct_lm_target_llama_31_8B_instruct_judge_detoxify_20_calibration_lpb_unified_aht_v1,0.9,Soft-prefix,Soft-prefix,False,100.0,50,0.9014466655254364,0.0001285152383097732,0.0001280377746860639,0.0014466655254363747,11.242786598205566,,19.90776936155451,,3.771383737698399e-05,0.54,,0.0004992310874060358,0.0005214331234935375,0.2574263533497642,0.24554975301190424
toxicity,llama_31_8B_instruct,20.0,dataset_toxicity_attack_toxic_attack_qwen25_14b_instruct_lm_target_llama_31_8B_instruct_judge_detoxify_20_calibration_lpb_unified_aht_v1,0.9,Soft-prefix,Soft-prefix,False,200.0,50,0.902166668176651,0.00013276298570881134,0.00013480217698234713,0.00216666817665101,11.151786632537842,,19.99484203815369,,5.89513127596452e-05,0.56,,0.0004992310874060358,0.0005214331234935375,0.26593493285571823,0.258522466081919
toxicity,llama_31_8B_instruct,20.0,dataset_toxicity_attack_toxic_attack_qwen25_14b_instruct_lm_target_llama_31_8B_instruct_judge_detoxify_20_calibration_lpb_unified_aht_v1,0.9,Soft-prefix,Soft-prefix + CRC,True,50.0,50,0.9013733351230622,0.00012403464605988557,0.00012344000249892386,0.0013733351230621471,11.229120025634765,,18.81262743558619,,3.315971383997205e-05,0.88,1.0,0.0004992310874060358,0.0005214331234935375,0.24845136688974945,0.23673218469876078
toxicity,llama_31_8B_instruct,20.0,dataset_toxicity_attack_toxic_attack_qwen25_14b_instruct_lm_target_llama_31_8B_instruct_judge_detoxify_20_calibration_lpb_unified_aht_v1,0.9,Soft-prefix,Soft-prefix + CRC,True,100.0,50,0.9015199971199036,0.00013018203751744627,0.00012988878801161244,0.0015199971199035822,11.247299957275391,,19.387015387938014,,3.950094114923128e-05,0.8,1.0,0.0004992310874060358,0.0005214331234935375,0.2607650861525102,0.2490996105912367
toxicity,llama_31_8B_instruct,20.0,dataset_toxicity_attack_toxic_attack_qwen25_14b_instruct_lm_target_llama_31_8B_instruct_judge_detoxify_20_calibration_lpb_unified_aht_v1,0.9,Soft-prefix,Soft-prefix + CRC,True,200.0,50,0.9024666655063629,0.00014580501418024434,0.00014897335261691995,0.002466665506362875,11.137006587982178,,19.772871826414836,,6.0361599884326214e-05,0.64,1.0,0.0004992310874060358,0.0005214331234935375,0.2920591642997141,0.2856998259313043
toxicity,llama_31_8B_instruct,20.0,dataset_toxicity_attack_toxic_attack_qwen25_14b_instruct_lm_target_llama_31_8B_instruct_judge_detoxify_20_calibration_lpb_unified_aht_v1,0.9,Static,Static,False,,50,0.8943266713619232,0.0004992310874060358,0.0005214331234935375,-0.005673328638076791,12.448806715011596,,13.179366391806257,,0.000290830108178176,1.0,,0.0004992310874060358,0.0005214331234935375,1.0,1.0
toxicity,mini_phi_4_instruct,20.0,dataset_toxicity_attack_toxic_attack_qwen25_14b_instruct_lm_target_mini_phi_4_instruct_judge_detoxify_20_calibration_lpb_unified_aht_v1,0.9,Endpoint/block,Endpoint/block,False,,50,0.8994466710090637,0.000221172842020133,0.00021705555815194086,-0.0005533289909362971,51.448246765136716,,18.12530338233431,,0.00022585468577660802,1.0,,0.00038919198469790345,0.0003822423238037231,0.5682872482376805,0.5678480498758068
toxicity,mini_phi_4_instruct,20.0,dataset_toxicity_attack_toxic_attack_qwen25_14b_instruct_lm_target_mini_phi_4_instruct_judge_detoxify_20_calibration_lpb_unified_aht_v1,0.9,Endpoint/block,Endpoint/block + CRC,True,50.0,50,0.900513334274292,0.00032022318302685275,0.00031408223144347846,0.00051333427429201,50.979446754455566,,12.526833924798417,,0.00037960415053674,1.0,1.0,0.00038919198469790345,0.0003822423238037231,0.8227897685904675,0.8216835548665091
toxicity,mini_phi_4_instruct,20.0,dataset_toxicity_attack_toxic_attack_qwen25_14b_instruct_lm_target_mini_phi_4_instruct_judge_detoxify_20_calibration_lpb_unified_aht_v1,0.9,Endpoint/block,Endpoint/block + CRC,True,100.0,50,0.901360000371933,0.00025956383469737104,0.00025622215901508144,0.0013600003719329568,50.30422668457031,,16.2577407714022,,0.000295029003588258,1.0,1.0,0.00038919198469790345,0.0003822423238037231,0.6669300625470186,0.6703134191561907
toxicity,mini_phi_4_instruct,20.0,dataset_toxicity_attack_toxic_attack_qwen25_14b_instruct_lm_target_mini_phi_4_instruct_judge_detoxify_20_calibration_lpb_unified_aht_v1,0.9,Endpoint/block,Endpoint/block + CRC,True,200.0,50,0.9000999999046325,0.0002738923059864388,0.0002684244598476365,9.99999046324973e-05,51.202946701049804,,17.98203070610434,,0.00030593118812152,1.0,1.0,0.00038919198469790345,0.0003822423238037231,0.7037460090526737,0.7022363645567131
toxicity,mini_phi_4_instruct,20.0,dataset_toxicity_attack_toxic_attack_qwen25_14b_instruct_lm_target_mini_phi_4_instruct_judge_detoxify_20_calibration_lpb_unified_aht_v1,0.9,Information-gain,Information-gain,False,50.0,50,0.8983600008487701,0.0001906341310087007,0.00018951104560456148,-0.0016399991512299206,52.365326690673825,,20.343429058637106,,0.0002229791956042809,0.44,,0.00038919198469790345,0.0003822423238037231,0.4898202905095122,0.4957877079615944
toxicity,mini_phi_4_instruct,20.0,dataset_toxicity_attack_toxic_attack_qwen25_14b_instruct_lm_target_mini_phi_4_instruct_judge_detoxify_20_calibration_lpb_unified_aht_v1,0.9,Information-gain,Information-gain,False,100.0,50,0.9014600002765656,0.00029506528110539987,0.00029129557629086313,0.001460000276565565,50.097633056640625,,20.308760675625717,,0.00019658751847957724,0.48,,0.00038919198469790345,0.0003822423238037231,0.7581484015772676,0.7620704410546644
toxicity,mini_phi_4_instruct,20.0,dataset_toxicity_attack_toxic_attack_qwen25_14b_instruct_lm_target_mini_phi_4_instruct_judge_detoxify_20_calibration_lpb_unified_aht_v1,0.9,Information-gain,Information-gain,False,200.0,50,0.90067333817482,0.0002351359731197343,0.00023088663795500937,0.0006733381748199596,50.80478645324707,,20.15176282807238,,0.000223117959472484,0.42,,0.00038919198469790345,0.0003822423238037231,0.6041644801658758,0.6040321115083188
toxicity,mini_phi_4_instruct,20.0,dataset_toxicity_attack_toxic_attack_qwen25_14b_instruct_lm_target_mini_phi_4_instruct_judge_detoxify_20_calibration_lpb_unified_aht_v1,0.9,Information-gain,Information-gain + CRC,True,50.0,50,0.8973866701126099,0.00022497681481804555,0.00022730677162201133,-0.002613329887390159,53.001953201293944,,18.47342548969948,,0.0002817061150361086,0.82,1.0,0.00038919198469790345,0.0003822423238037231,0.5780612748041969,0.5946666746896679
toxicity,mini_phi_4_instruct,20.0,dataset_toxicity_attack_toxic_attack_qwen25_14b_instruct_lm_target_mini_phi_4_instruct_judge_detoxify_20_calibration_lpb_unified_aht_v1,0.9,Information-gain,Information-gain + CRC,True,100.0,50,0.898340003490448,0.0002231133403121737,0.00022140666191765507,-0.0016599965095520641,52.198813400268556,,19.499338663035605,,0.000262765322371262,0.72,1.0,0.00038919198469790345,0.0003822423238037231,0.5732732149798963,0.5792311529357088
toxicity,mini_phi_4_instruct,20.0,dataset_toxicity_attack_toxic_attack_qwen25_14b_instruct_lm_target_mini_phi_4_instruct_judge_detoxify_20_calibration_lpb_unified_aht_v1,0.9,Information-gain,Information-gain + CRC,True,200.0,50,0.8991866672039032,0.00030968781418016215,0.0003041555681337656,-0.000813332796096855,51.38257987976074,,19.770866866171584,,0.000289772278358712,0.7,1.0,0.00038919198469790345,0.0003822423238037231,0.7957199180773119,0.7957139991905916
toxicity,mini_phi_4_instruct,20.0,dataset_toxicity_attack_toxic_attack_qwen25_14b_instruct_lm_target_mini_phi_4_instruct_judge_detoxify_20_calibration_lpb_unified_aht_v1,0.9,Oracle,Oracle,False,,50,0.9008133327960968,8.264017373646874e-05,8.164888049894596e-05,0.000813332796096744,50.46308647155762,,150.19782,,,,,0.00038919198469790345,0.0003822423238037231,0.21233781009291663,0.21360502334344245
toxicity,mini_phi_4_instruct,20.0,dataset_toxicity_attack_toxic_attack_qwen25_14b_instruct_lm_target_mini_phi_4_instruct_judge_detoxify_20_calibration_lpb_unified_aht_v1,0.9,Residual,Residual,False,50.0,50,0.9012533366680145,0.000334501372618517,0.0003293821979695362,0.0012533366680145264,50.35338695526123,,20.31800732808085,,0.00023764402474442194,0.46,,0.00038919198469790345,0.0003822423238037231,0.859476519996068,0.8617104319893943
toxicity,mini_phi_4_instruct,20.0,dataset_toxicity_attack_toxic_attack_qwen25_14b_instruct_lm_target_mini_phi_4_instruct_judge_detoxify_20_calibration_lpb_unified_aht_v1,0.9,Residual,Residual,False,100.0,50,0.9039066696166992,0.0003296327373739212,0.0003383021501204834,0.0039066696166991655,48.53603328704834,,20.329890385983468,,0.00021551115191762387,0.5,,0.00038919198469790345,0.0003822423238037231,0.8469669220700601,0.8850462888411005
toxicity,mini_phi_4_instruct,20.0,dataset_toxicity_attack_toxic_attack_qwen25_14b_instruct_lm_target_mini_phi_4_instruct_judge_detoxify_20_calibration_lpb_unified_aht_v1,0.9,Residual,Residual,False,200.0,50,0.8983399987220764,0.00027285014241120803,0.00027014874380569185,-0.0016600012779236506,52.34522659301758,,20.152762151220642,,0.00027724228119668,0.44,,0.00038919198469790345,0.0003822423238037231,0.7010682468782041,0.7067473353484791
toxicity,mini_phi_4_instruct,20.0,dataset_toxicity_attack_toxic_attack_qwen25_14b_instruct_lm_target_mini_phi_4_instruct_judge_detoxify_20_calibration_lpb_unified_aht_v1,0.9,Residual,Residual + CRC,True,50.0,50,0.8984000027179718,0.00023673916689799155,0.00023456437486252938,-0.0015999972820281982,52.118799934387205,,18.140106433021842,,0.000310301314992488,0.82,1.0,0.00038919198469790345,0.0003822423238037231,0.6082837679243368,0.6136535915969771
toxicity,mini_phi_4_instruct,20.0,dataset_toxicity_attack_toxic_attack_qwen25_14b_instruct_lm_target_mini_phi_4_instruct_judge_detoxify_20_calibration_lpb_unified_aht_v1,0.9,Residual,Residual + CRC,True,100.0,50,0.9012066698074341,0.0003733645722392641,0.0003673533328186517,0.0012066698074341131,50.28444004058838,,19.3116597861502,,0.0002842244842501443,0.72,1.0,0.00038919198469790345,0.0003822423238037231,0.95933263509801,0.9610482930385367
toxicity,mini_phi_4_instruct,20.0,dataset_toxicity_attack_toxic_attack_qwen25_14b_instruct_lm_target_mini_phi_4_instruct_judge_detoxify_20_calibration_lpb_unified_aht_v1,0.9,Residual,Residual + CRC,True,200.0,50,0.8976933360099792,0.0003490286124212083,0.00034736873893564273,-0.002306663990020774,52.630986824035645,,19.754332979723518,,0.0003354650322110593,0.74,1.0,0.00038919198469790345,0.0003822423238037231,0.8968031874863236,0.908765767953034
toxicity,mini_phi_4_instruct,20.0,dataset_toxicity_attack_toxic_attack_qwen25_14b_instruct_lm_target_mini_phi_4_instruct_judge_detoxify_20_calibration_lpb_unified_aht_v1,0.9,Soft-prefix,Soft-prefix,False,50.0,50,0.8989466643333435,0.00022467279953301012,0.00022128885956900063,-0.0010533356666565519,51.83756637573242,,19.986196739148394,,0.0001176061858886894,0.56,,0.00038919198469790345,0.0003822423238037231,0.5772801300299246,0.5789229653245563
toxicity,mini_phi_4_instruct,20.0,dataset_toxicity_attack_toxic_attack_qwen25_14b_instruct_lm_target_mini_phi_4_instruct_judge_detoxify_20_calibration_lpb_unified_aht_v1,0.9,Soft-prefix,Soft-prefix,False,100.0,50,0.9004399991035461,0.00024852800557023246,0.00024375104466994928,0.00043999910354608485,50.73347328186035,,19.945706311370113,,0.00013168812518176434,0.58,,0.00038919198469790345,0.0003822423238037231,0.6385743163830662,0.6376872195741269
toxicity,mini_phi_4_instruct,20.0,dataset_toxicity_attack_toxic_attack_qwen25_14b_instruct_lm_target_mini_phi_4_instruct_judge_detoxify_20_calibration_lpb_unified_aht_v1,0.9,Soft-prefix,Soft-prefix,False,200.0,50,0.8985399997234345,0.00039776386138882326,0.00039194018496861835,-0.001460000276565565,52.05488662719726,,20.02072728562696,,0.00020051309044581602,0.48,,0.00038919198469790345,0.0003822423238037231,1.0220248027398957,1.0253709768933776
toxicity,mini_phi_4_instruct,20.0,dataset_toxicity_attack_toxic_attack_qwen25_14b_instruct_lm_target_mini_phi_4_instruct_judge_detoxify_20_calibration_lpb_unified_aht_v1,0.9,Soft-prefix,Soft-prefix + CRC,True,50.0,50,0.8988933300971985,0.00022577075893214922,0.00022248006202727315,-0.0011066699028015048,51.869573516845705,,19.03159409388799,,0.00012786880373531,0.84,1.0,0.00038919198469790345,0.0003822423238037231,0.5801012554443942,0.5820393194907271
toxicity,mini_phi_4_instruct,20.0,dataset_toxicity_attack_toxic_attack_qwen25_14b_instruct_lm_target_mini_phi_4_instruct_judge_detoxify_20_calibration_lpb_unified_aht_v1,0.9,Soft-prefix,Soft-prefix + CRC,True,100.0,50,0.8994399976730346,0.000308977099882007,0.0003031111604905734,-0.0005600023269654031,51.474006729125975,,19.457748292004297,,0.00014201973692349955,0.74,1.0,0.00038919198469790345,0.0003822423238037231,0.7938937902892311,0.7929816810296951
toxicity,mini_phi_4_instruct,20.0,dataset_toxicity_attack_toxic_attack_qwen25_14b_instruct_lm_target_mini_phi_4_instruct_judge_detoxify_20_calibration_lpb_unified_aht_v1,0.9,Soft-prefix,Soft-prefix + CRC,True,200.0,50,0.8992066633701324,0.00026346891940445485,0.00025882892402465536,-0.0007933366298675804,51.76849349975586,,19.76312247264281,,0.00020545965991296202,0.78,1.0,0.00038919198469790345,0.0003822423238037231,0.6769638886807068,0.6771330852351163
toxicity,mini_phi_4_instruct,20.0,dataset_toxicity_attack_toxic_attack_qwen25_14b_instruct_lm_target_mini_phi_4_instruct_judge_detoxify_20_calibration_lpb_unified_aht_v1,0.9,Static,Static,False,,50,0.8990866661071777,0.00038919198469790345,0.0003822423238037231,-0.0009133338928223322,51.70155982971191,,15.498917636789976,,0.00026375058949837995,1.0,,0.00038919198469790345,0.0003822423238037231,1.0,1.0
toxicity,qwen25_14b_instruct,10.0,dataset_toxicity_attack_toxic_attack_qwen25_14b_instruct_lm_target_qwen25_14b_instruct_judge_detoxify_10_calibration_lpb_unified_aht_v1,0.9,Endpoint/block,Endpoint/block,False,,50,0.9013133335113526,0.0003263147388268893,0.0003215132889623931,0.0013133335113525435,6.459006676673889,,9.165583884144153,,0.000354303600690404,1.0,,0.000847881852775222,0.0008318330534302588,0.3848587368143579,0.3865117978139455
toxicity,qwen25_14b_instruct,10.0,dataset_toxicity_attack_toxic_attack_qwen25_14b_instruct_lm_target_qwen25_14b_instruct_judge_detoxify_10_calibration_lpb_unified_aht_v1,0.9,Endpoint/block,Endpoint/block + CRC,True,50.0,50,0.8888933312892914,0.001989076738057536,0.0020726532931458195,-0.011106668710708645,9.854926688671112,,2.296816069345172,,0.0035656086876050715,1.0,1.0,0.000847881852775222,0.0008318330534302588,2.3459362074409804,2.4916697943159956
toxicity,qwen25_14b_instruct,10.0,dataset_toxicity_attack_toxic_attack_qwen25_14b_instruct_lm_target_qwen25_14b_instruct_judge_detoxify_10_calibration_lpb_unified_aht_v1,0.9,Endpoint/block,Endpoint/block + CRC,True,100.0,50,0.8991733348369598,0.00040692633083816394,0.00039947117951318485,-0.0008266651630401967,6.825806684494019,,6.146013110424841,,0.000847513818425566,1.0,1.0,0.000847881852775222,0.0008318330534302588,0.4799328226052295,0.48022999070050376
toxicity,qwen25_14b_instruct,10.0,dataset_toxicity_attack_toxic_attack_qwen25_14b_instruct_lm_target_qwen25_14b_instruct_judge_detoxify_10_calibration_lpb_unified_aht_v1,0.9,Endpoint/block,Endpoint/block + CRC,True,200.0,50,0.9012466704845429,0.0003613461544671237,0.00035567341867481154,0.0012466704845428556,6.549333372116089,,7.961286162324525,,0.0008347208864573879,1.0,1.0,0.000847881852775222,0.0008318330534302588,0.4261751248530596,0.4275778862214103
toxicity,qwen25_14b_instruct,10.0,dataset_toxicity_attack_toxic_attack_qwen25_14b_instruct_lm_target_qwen25_14b_instruct_judge_detoxify_10_calibration_lpb_unified_aht_v1,0.9,Information-gain,Information-gain,False,50.0,50,0.8998000025749207,7.448975602009533e-05,7.30399598697318e-05,-0.0001999974250793679,6.317333335876465,,10.072091029083003,,1.7364743082425343e-05,0.5,,0.000847881852775222,0.0008318330534302588,0.08785393363035329,0.08780603219424184
toxicity,qwen25_14b_instruct,10.0,dataset_toxicity_attack_toxic_attack_qwen25_14b_instruct_lm_target_qwen25_14b_instruct_judge_detoxify_10_calibration_lpb_unified_aht_v1,0.9,Information-gain,Information-gain,False,100.0,50,0.9003733336925507,8.456076247431046e-05,8.300892527081774e-05,0.0003733336925506592,6.268973331451416,,10.004096786880831,,2.915334336458817e-05,0.58,,0.000847881852775222,0.0008318330534302588,0.0997317753617826,0.09979036650264252
toxicity,qwen25_14b_instruct,10.0,dataset_toxicity_attack_toxic_attack_qwen25_14b_instruct_lm_target_qwen25_14b_instruct_judge_detoxify_10_calibration_lpb_unified_aht_v1,0.9,Information-gain,Information-gain,False,200.0,50,0.8963333320617676,0.00024520177812235633,0.00025374219632917096,-0.0036666679382324485,6.938166666030884,,10.009485782415425,,0.00020144995339349737,0.52,,0.000847881852775222,0.0008318330534302588,0.2891933319716428,0.3050398097103805
toxicity,qwen25_14b_instruct,10.0,dataset_toxicity_attack_toxic_attack_qwen25_14b_instruct_lm_target_qwen25_14b_instruct_judge_detoxify_10_calibration_lpb_unified_aht_v1,0.9,Information-gain,Information-gain + CRC,True,50.0,50,0.9007466709613801,5.988463067038851e-05,5.9244455581548836e-05,0.000746670961380036,6.198593349456787,,9.511283198801559,,2.187866217050322e-05,0.8,1.0,0.000847881852775222,0.0008318330534302588,0.07062850852908188,0.07122156944502316
toxicity,qwen25_14b_instruct,10.0,dataset_toxicity_attack_toxic_attack_qwen25_14b_instruct_lm_target_qwen25_14b_instruct_judge_detoxify_10_calibration_lpb_unified_aht_v1,0.9,Information-gain,Information-gain + CRC,True,100.0,50,0.899753338098526,9.074747119423758e-05,8.899336386399161e-05,-0.00024666190147404343,6.376353349685669,,9.716717210143687,,3.76002210509835e-05,0.82,1.0,0.000847881852775222,0.0008318330534302588,0.10702843904160692,0.1069846449320649
toxicity,qwen25_14b_instruct,10.0,dataset_toxicity_attack_toxic_attack_qwen25_14b_instruct_lm_target_qwen25_14b_instruct_judge_detoxify_10_calibration_lpb_unified_aht_v1,0.9,Information-gain,Information-gain + CRC,True,200.0,50,0.8945333337783814,0.0002947936120674693,0.0003187821794047068,-0.005466666221618621,7.211000051498413,,9.813260089879888,,0.0002735686065786066,0.98,1.0,0.000847881852775222,0.0008318330534302588,0.3476824171935906,0.3832285554055993
toxicity,qwen25_14b_instruct,10.0,dataset_toxicity_attack_toxic_attack_qwen25_14b_instruct_lm_target_qwen25_14b_instruct_judge_detoxify_10_calibration_lpb_unified_aht_v1,0.9,Oracle,Oracle,False,,50,0.9007066667079926,4.978072085534524e-05,4.928448427442335e-05,0.0007066667079925759,6.2186666679382325,,124.05292666666668,,,,,0.000847881852775222,0.0008318330534302588,0.05871186025789654,0.059248047515288324
toxicity,qwen25_14b_instruct,10.0,dataset_toxicity_attack_toxic_attack_qwen25_14b_instruct_lm_target_qwen25_14b_instruct_judge_detoxify_10_calibration_lpb_unified_aht_v1,0.9,Residual,Residual,False,50.0,50,0.8997800040245056,6.697330176079936e-05,6.56822339548171e-05,-0.00021999597549438032,6.340666694641113,,10.020679418024216,,1.8022257652016202e-05,0.52,,0.000847881852775222,0.0008318330534302588,0.07898895529086684,0.07896083677363022
toxicity,qwen25_14b_instruct,10.0,dataset_toxicity_attack_toxic_attack_qwen25_14b_instruct_lm_target_qwen25_14b_instruct_judge_detoxify_10_calibration_lpb_unified_aht_v1,0.9,Residual,Residual,False,100.0,50,0.9006799995899201,0.00010300658313638117,0.00010140885091594491,0.0006799995899200439,6.282800016403198,,9.96660412162516,,4.467319296864636e-05,0.52,,0.000847881852775222,0.0008318330534302588,0.12148695339949535,0.12191010022715702
toxicity,qwen25_14b_instruct,10.0,dataset_toxicity_attack_toxic_attack_qwen25_14b_instruct_lm_target_qwen25_14b_instruct_judge_detoxify_10_calibration_lpb_unified_aht_v1,0.9,Residual,Residual,False,200.0,50,0.8969400012493134,0.0002867741544701169,0.0002904022637349185,-0.003059998750686632,6.864193320274353,,10.005599606098642,,0.0002884318553315059,0.62,,0.000847881852775222,0.0008318330534302588,0.3382241918864871,0.34911123396380633
toxicity,qwen25_14b_instruct,10.0,dataset_toxicity_attack_toxic_attack_qwen25_14b_instruct_lm_target_qwen25_14b_instruct_judge_detoxify_10_calibration_lpb_unified_aht_v1,0.9,Residual,Residual + CRC,True,50.0,50,0.9004200041294098,5.124628510667208e-05,5.0397762873259876e-05,0.00042000412940979004,6.2287399864196775,,9.485835395742027,,2.1256133754809933e-05,0.82,1.0,0.000847881852775222,0.0008318330534302588,0.06044036081080951,0.06058639130223652
toxicity,qwen25_14b_instruct,10.0,dataset_toxicity_attack_toxic_attack_qwen25_14b_instruct_lm_target_qwen25_14b_instruct_judge_detoxify_10_calibration_lpb_unified_aht_v1,0.9,Residual,Residual + CRC,True,100.0,50,0.8998533344268799,7.606419875096009e-05,7.456442556627952e-05,-0.00014666557312015271,6.379186668395996,,9.740479201299689,,3.734623137800216e-05,0.76,1.0,0.000847881852775222,0.0008318330534302588,0.08971084650767389,0.08963869043048435
toxicity,qwen25_14b_instruct,10.0,dataset_toxicity_attack_toxic_attack_qwen25_14b_instruct_lm_target_qwen25_14b_instruct_judge_detoxify_10_calibration_lpb_unified_aht_v1,0.9,Residual,Residual + CRC,True,200.0,50,0.898026670217514,0.0003265615947132028,0.0003239243932493849,-0.0019733297824859886,6.758473343849182,,9.819225760223205,,0.00032342391050116257,0.9,1.0,0.000847881852775222,0.0008318330534302588,0.3851498810174158,0.38941034131020236
toxicity,qwen25_14b_instruct,10.0,dataset_toxicity_attack_toxic_attack_qwen25_14b_instruct_lm_target_qwen25_14b_instruct_judge_detoxify_10_calibration_lpb_unified_aht_v1,0.9,Soft-prefix,Soft-prefix,False,50.0,50,0.9015866661071777,8.598887678180184e-05,8.678660858183229e-05,0.0015866661071777255,6.162799997329712,,10.027535899784253,,3.0179556578012394e-05,0.58,,0.000847881852775222,0.0008318330534302588,0.10141610709127649,0.10433176251406137
toxicity,qwen25_14b_instruct,10.0,dataset_toxicity_attack_toxic_attack_qwen25_14b_instruct_lm_target_qwen25_14b_instruct_judge_detoxify_10_calibration_lpb_unified_aht_v1,0.9,Soft-prefix,Soft-prefix,False,100.0,50,0.9004000043869018,0.0001270613185210621,0.00012468009566018158,0.00040000438690179774,6.320400018692016,,9.9740881204182,,5.490168500245496e-05,0.56,,0.000847881852775222,0.0008318330534302588,0.14985733932761353,0.14988595986422268
toxicity,qwen25_14b_instruct,10.0,dataset_toxicity_attack_toxic_attack_qwen25_14b_instruct_lm_target_qwen25_14b_instruct_judge_detoxify_10_calibration_lpb_unified_aht_v1,0.9,Soft-prefix,Soft-prefix,False,200.0,50,0.8979799997806549,0.000342174181629628,0.0003394110988831897,-0.0020200002193451194,6.9151866912841795,,10.002886656071539,,0.00033296415613347,0.58,,0.000847881852775222,0.0008318330534302588,0.40356351596587386,0.40802790594043886
toxicity,qwen25_14b_instruct,10.0,dataset_toxicity_attack_toxic_attack_qwen25_14b_instruct_lm_target_qwen25_14b_instruct_judge_detoxify_10_calibration_lpb_unified_aht_v1,0.9,Soft-prefix,Soft-prefix + CRC,True,50.0,50,0.9012466657161713,9.815786587350961e-05,9.774888396391613e-05,0.001246665716171269,6.181320028305054,,9.505656234559261,,3.264985195978973e-05,0.82,1.0,0.000847881852775222,0.0008318330534302588,0.1157683296938445,0.1175102186199811
toxicity,qwen25_14b_instruct,10.0,dataset_toxicity_attack_toxic_attack_qwen25_14b_instruct_lm_target_qwen25_14b_instruct_judge_detoxify_10_calibration_lpb_unified_aht_v1,0.9,Soft-prefix,Soft-prefix + CRC,True,100.0,50,0.9002600014209747,0.00012486291423577993,0.00012243325668997318,0.00026000142097470924,6.337320032119751,,9.646836476669037,,5.7210292087964305e-05,0.9,1.0,0.000847881852775222,0.0008318330534302588,0.14726452020064848,0.14718489026745318
toxicity,qwen25_14b_instruct,10.0,dataset_toxicity_attack_toxic_attack_qwen25_14b_instruct_lm_target_qwen25_14b_instruct_judge_detoxify_10_calibration_lpb_unified_aht_v1,0.9,Soft-prefix,Soft-prefix + CRC,True,200.0,50,0.8982199990749359,0.0003080209000449489,0.0003050288853372791,-0.0017800009250641402,6.813880038261414,,9.811665928046033,,0.000392436077084238,0.96,1.0,0.000847881852775222,0.0008318330534302588,0.3632828076656653,0.3666948362768478
toxicity,qwen25_14b_instruct,10.0,dataset_toxicity_attack_toxic_attack_qwen25_14b_instruct_lm_target_qwen25_14b_instruct_judge_detoxify_10_calibration_lpb_unified_aht_v1,0.9,Static,Static,False,,50,0.8990466701984405,0.000847881852775222,0.0008318330534302588,-0.0009533298015594882,7.278659963607788,,6.604346501862158,,0.00047668432255486997,1.0,,0.000847881852775222,0.0008318330534302588,1.0,1.0
toxicity,qwen25_14b_instruct,20.0,dataset_toxicity_attack_toxic_attack_qwen25_14b_instruct_lm_target_qwen25_14b_instruct_judge_detoxify_20_calibration_lpb_unified_aht_v1,0.9,Endpoint/block,Endpoint/block,False,,50,0.898120002746582,0.00023842508334553274,0.00023719097135148115,-0.001879997253418031,6.673319993019104,,18.331167768288307,,0.00016472757284698405,1.0,,0.0004112865139769595,0.00040398238056631934,0.5797055707955682,0.5871319710007574
toxicity,qwen25_14b_instruct,20.0,dataset_toxicity_attack_toxic_attack_qwen25_14b_instruct_lm_target_qwen25_14b_instruct_judge_detoxify_20_calibration_lpb_unified_aht_v1,0.9,Endpoint/block,Endpoint/block + CRC,True,50.0,50,0.9004133355617523,0.0002733811736269411,0.0002680843964410113,0.0004133355617522705,6.475760054588318,,12.856525471988697,,0.000272598500228886,0.98,1.0,0.0004112865139769595,0.00040398238056631934,0.6646976361647883,0.6636041801258743
toxicity,qwen25_14b_instruct,20.0,dataset_toxicity_attack_toxic_attack_qwen25_14b_instruct_lm_target_qwen25_14b_instruct_judge_detoxify_20_calibration_lpb_unified_aht_v1,0.9,Endpoint/block,Endpoint/block + CRC,True,100.0,50,0.8979400026798249,0.00024397582452203085,0.00024333989699071906,-0.0020599973201751443,6.7423466777801515,,16.39955221338271,,0.00021604420077830003,0.94,1.0,0.0004112865139769595,0.00040398238056631934,0.593201615494007,0.6023527477846807
toxicity,qwen25_14b_instruct,20.0,dataset_toxicity_attack_toxic_attack_qwen25_14b_instruct_lm_target_qwen25_14b_instruct_judge_detoxify_20_calibration_lpb_unified_aht_v1,0.9,Endpoint/block,Endpoint/block + CRC,True,200.0,50,0.8976533341407776,0.00020839884863355974,0.00020973771231572874,-0.0023466658592223855,6.7419000291824345,,18.02276667663002,,0.000213991671099952,0.96,1.0,0.0004112865139769595,0.00040398238056631934,0.5066999319244258,0.5191753957727306
toxicity,qwen25_14b_instruct,20.0,dataset_toxicity_attack_toxic_attack_qwen25_14b_instruct_lm_target_qwen25_14b_instruct_judge_detoxify_20_calibration_lpb_unified_aht_v1,0.9,Information-gain,Information-gain,False,50.0,50,0.9005733358860016,5.912038558096152e-05,5.8266691907519466e-05,0.0005733358860016136,6.221019992828369,,20.141449242863153,,1.946537074220326e-06,0.56,,0.0004112865139769595,0.00040398238056631934,0.14374501368715795,0.144230775178459
toxicity,qwen25_14b_instruct,20.0,dataset_toxicity_attack_toxic_attack_qwen25_14b_instruct_lm_target_qwen25_14b_instruct_judge_detoxify_20_calibration_lpb_unified_aht_v1,0.9,Information-gain,Information-gain,False,100.0,50,0.9006266713142395,5.3748904811792196e-05,5.3066643651647006e-05,0.0006266713142394353,6.229673318862915,,19.990984362102214,,1.6915305506414783e-06,0.52,,0.0004112865139769595,0.00040398238056631934,0.13068482185828062,0.1313588072263349
toxicity,qwen25_14b_instruct,20.0,dataset_toxicity_attack_toxic_attack_qwen25_14b_instruct_lm_target_qwen25_14b_instruct_judge_detoxify_20_calibration_lpb_unified_aht_v1,0.9,Information-gain,Information-gain,False,200.0,50,0.9006333327293397,5.530721529735232e-05,5.4602181337458e-05,0.0006333327293396307,6.214139986038208,,20.023709058760357,,3.192342535480989e-06,0.56,,0.0004112865139769595,0.00040398238056631934,0.13447369028115194,0.13515980885333262
toxicity,qwen25_14b_instruct,20.0,dataset_toxicity_attack_toxic_attack_qwen25_14b_instruct_lm_target_qwen25_14b_instruct_judge_detoxify_20_calibration_lpb_unified_aht_v1,0.9,Information-gain,Information-gain + CRC,True,50.0,50,0.9005133295059204,5.215062769678391e-05,5.137112232449669e-05,0.0005133295059204235,6.229246654510498,,18.925882525009655,,6.011969173044849e-06,0.82,1.0,0.0004112865139769595,0.00040398238056631934,0.12679877876984175,0.1271617892158626
toxicity,qwen25_14b_instruct,20.0,dataset_toxicity_attack_toxic_attack_qwen25_14b_instruct_lm_target_qwen25_14b_instruct_judge_detoxify_20_calibration_lpb_unified_aht_v1,0.9,Information-gain,Information-gain + CRC,True,100.0,50,0.9001400005817414,6.541083778752803e-05,6.412222119466542e-05,0.00014000058174135077,6.273533344268799,,19.5258439184526,,6.9741431853244264e-06,0.68,1.0,0.0004112865139769595,0.00040398238056631934,0.15903958813293934,0.15872529169409866
toxicity,qwen25_14b_instruct,20.0,dataset_toxicity_attack_toxic_attack_qwen25_14b_instruct_lm_target_qwen25_14b_instruct_judge_detoxify_20_calibration_lpb_unified_aht_v1,0.9,Information-gain,Information-gain + CRC,True,200.0,50,0.9006066644191741,6.14316121742655e-05,6.0571021648272123e-05,0.0006066644191741188,6.200986652374268,,19.76330975155373,,1.2209049092572151e-05,0.64,1.0,0.0004112865139769595,0.00040398238056631934,0.14936451861805258,0.14993481043247764
toxicity,qwen25_14b_instruct,20.0,dataset_toxicity_attack_toxic_attack_qwen25_14b_instruct_lm_target_qwen25_14b_instruct_judge_detoxify_20_calibration_lpb_unified_aht_v1,0.9,Oracle,Oracle,False,,50,0.9007066667079926,4.978072085534524e-05,4.928448427442335e-05,0.0007066667079925759,6.2186666679382325,,124.05292666666668,,,,,0.0004112865139769595,0.00040398238056631934,0.12103659897327435,0.1219966182815555
toxicity,qwen25_14b_instruct,20.0,dataset_toxicity_attack_toxic_attack_qwen25_14b_instruct_lm_target_qwen25_14b_instruct_judge_detoxify_20_calibration_lpb_unified_aht_v1,0.9,Residual,Residual,False,50.0,50,0.9005733382701874,5.133354681376987e-05,5.063559264955591e-05,0.0005733382701873513,6.241433315277099,,19.963229788219106,,1.5151995423532944e-06,0.64,,0.0004112865139769595,0.00040398238056631934,0.12481213234393969,0.1253410918034911
toxicity,qwen25_14b_instruct,20.0,dataset_toxicity_attack_toxic_attack_qwen25_14b_instruct_lm_target_qwen25_14b_instruct_judge_detoxify_20_calibration_lpb_unified_aht_v1,0.9,Residual,Residual,False,100.0,50,0.9004933381080628,7.30623283703546e-05,7.184446429181441e-05,0.0004933381080627353,6.256153326034546,,19.849959962815245,,4.966768440381819e-06,0.54,,0.0004112865139769595,0.00040398238056631934,0.1776433845687622,0.17784058847096215
toxicity,qwen25_14b_instruct,20.0,dataset_toxicity_attack_toxic_attack_qwen25_14b_instruct_lm_target_qwen25_14b_instruct_judge_detoxify_20_calibration_lpb_unified_aht_v1,0.9,Residual,Residual,False,200.0,50,0.8999666726589203,6.7688176906846e-05,6.633552408037252e-05,-3.332734107974744e-05,6.304460010528564,,19.988216701678674,,9.477008319051446e-06,0.58,,0.0004112865139769595,0.00040398238056631934,0.16457669922685075,0.1642040031235536
toxicity,qwen25_14b_instruct,20.0,dataset_toxicity_attack_toxic_attack_qwen25_14b_instruct_lm_target_qwen25_14b_instruct_judge_detoxify_20_calibration_lpb_unified_aht_v1,0.9,Residual,Residual + CRC,True,50.0,50,0.9001733338832856,4.900336122546638e-05,4.805333863605189e-05,0.00017333388328555355,6.266593351364135,,18.80968368377637,,5.33744152060916e-06,0.84,1.0,0.0004112865139769595,0.00040398238056631934,0.11914653060618365,0.11894909517758848
toxicity,qwen25_14b_instruct,20.0,dataset_toxicity_attack_toxic_attack_qwen25_14b_instruct_lm_target_qwen25_14b_instruct_judge_detoxify_20_calibration_lpb_unified_aht_v1,0.9,Residual,Residual + CRC,True,100.0,50,0.9001199996471405,6.184925948809957e-05,6.0626674213651405e-05,0.00011999964714048961,6.272973346710205,,19.44924522308911,,6.129501280597354e-06,0.76,1.0,0.0004112865139769595,0.00040398238056631934,0.15037998423542864,0.15007257031522614
toxicity,qwen25_14b_instruct,20.0,dataset_toxicity_attack_toxic_attack_qwen25_14b_instruct_lm_target_qwen25_14b_instruct_judge_detoxify_20_calibration_lpb_unified_aht_v1,0.9,Residual,Residual + CRC,True,200.0,50,0.9008333313465119,6.406458759014531e-05,6.347773697142165e-05,0.0008333313465118675,6.192173347473145,,19.804368390357148,,1.5311463361654797e-05,0.64,1.0,0.0004112865139769595,0.00040398238056631934,0.1557663220480267,0.157129964139614
toxicity,qwen25_14b_instruct,20.0,dataset_toxicity_attack_toxic_attack_qwen25_14b_instruct_lm_target_qwen25_14b_instruct_judge_detoxify_20_calibration_lpb_unified_aht_v1,0.9,Soft-prefix,Soft-prefix,False,50.0,50,0.9005666697025299,4.9955788317508146e-05,4.9277787102923294e-05,0.0005666697025298317,6.227653322219848,,20.107669528976466,,6.004656674624881e-07,0.58,,0.0004112865139769595,0.00040398238056631934,0.1214622571366556,0.12198004040137503
toxicity,qwen25_14b_instruct,20.0,dataset_toxicity_attack_toxic_attack_qwen25_14b_instruct_lm_target_qwen25_14b_instruct_judge_detoxify_20_calibration_lpb_unified_aht_v1,0.9,Soft-prefix,Soft-prefix,False,100.0,50,0.9006133353710175,5.079984362899356e-05,5.016002703375478e-05,0.0006133353710174871,6.228260011672973,,19.9345536371622,,1.1351529938575275e-06,0.54,,0.0004112865139769595,0.00040398238056631934,0.1235144890547989,0.12416389784979821
toxicity,qwen25_14b_instruct,20.0,dataset_toxicity_attack_toxic_attack_qwen25_14b_instruct_lm_target_qwen25_14b_instruct_judge_detoxify_20_calibration_lpb_unified_aht_v1,0.9,Soft-prefix,Soft-prefix,False,200.0,50,0.9003866636753082,5.2368959626799645e-05,5.1471089232066495e-05,0.00038666367530815204,6.270813360214233,,19.96197254042987,,7.944301421147586e-06,0.52,,0.0004112865139769595,0.00040398238056631934,0.12732962994680974,0.1274092428484435
toxicity,qwen25_14b_instruct,20.0,dataset_toxicity_attack_toxic_attack_qwen25_14b_instruct_lm_target_qwen25_14b_instruct_judge_detoxify_20_calibration_lpb_unified_aht_v1,0.9,Soft-prefix,Soft-prefix + CRC,True,50.0,50,0.9003599989414215,5.375435615825961e-05,5.2808868272919004e-05,0.0003599989414214688,6.261846675872802,,18.956382209171306,,4.401339393726271e-06,0.82,1.0,0.0004112865139769595,0.00040398238056631934,0.13069807623517402,0.13072072152970962
toxicity,qwen25_14b_instruct,20.0,dataset_toxicity_attack_toxic_attack_qwen25_14b_instruct_lm_target_qwen25_14b_instruct_judge_detoxify_20_calibration_lpb_unified_aht_v1,0.9,Soft-prefix,Soft-prefix + CRC,True,100.0,50,0.9002799952030182,6.163880157563961e-05,6.0484422857840024e-05,0.0002799952030181352,6.254573364257812,,19.3511696160327,,6.014872746951606e-06,0.78,1.0,0.0004112865139769595,0.00040398238056631934,0.14986827790588012,0.14972044764192546
toxicity,qwen25_14b_instruct,20.0,dataset_toxicity_attack_toxic_attack_qwen25_14b_instruct_lm_target_qwen25_14b_instruct_judge_detoxify_20_calibration_lpb_unified_aht_v1,0.9,Soft-prefix,Soft-prefix + CRC,True,200.0,50,0.9005466663837433,5.1150820160343763e-05,5.042664789225186e-05,0.0005466663837432328,6.212860021591187,,19.712877734671466,,1.1661563827918569e-05,0.64,1.0,0.0004112865139769595,0.00040398238056631934,0.12436785166072638,0.12482387925325279
toxicity,qwen25_14b_instruct,20.0,dataset_toxicity_attack_toxic_attack_qwen25_14b_instruct_lm_target_qwen25_14b_instruct_judge_detoxify_20_calibration_lpb_unified_aht_v1,0.9,Static,Static,False,,50,0.8990400016307831,0.0004112865139769595,0.00040398238056631934,-0.0009599983692168967,6.815793371200561,,13.208693003724317,,0.000220141648346956,1.0,,0.0004112865139769595,0.00040398238056631934,1.0,1.0
