dataset,target_model,budget,source,analysis_target,family,method,crc,n1,seeds,coverage_mean,coverage_variance,coverage_mse_to_target,coverage_bias,size_mean,infinite_rate_mean,expected_cost_mean,realized_cost_mean,conditional_variance_mean,split_budget_valid_rate,crc_selector_valid_rate,static_coverage_variance,static_coverage_mse_to_target,static_conditional_variance_mean,coverage_variance_ratio_to_static,coverage_mse_to_target_ratio_to_static,conditional_variance_mean_ratio_to_static
autoif,llama_31_8B_instruct,20.0,dataset_autoif_attack_autoif_helper_qwen25_14b_instruct_lm_target_llama_31_8B_instruct_judge_autoif_20_calibration_upb_unified_aht_v2,0.7,Endpoint/block,Endpoint/block,False,,50,0.6979733335971833,0.0003191057369302875,0.00031683099889998783,-0.002026666402816679,167.68420593261717,0.396753334403038,19.662183799122335,,2.202825088712328,0.98,,0.0006175908444604399,0.0006054154290372224,4.505558295580964,0.516694409887302,0.5233282531365885,0.4889127926438886
autoif,llama_31_8B_instruct,20.0,dataset_autoif_attack_autoif_helper_qwen25_14b_instruct_lm_target_llama_31_8B_instruct_judge_autoif_20_calibration_upb_unified_aht_v2,0.7,Endpoint/block,Endpoint/block + CRC,True,50.0,50,0.6993933343887329,0.000547513180532134,0.0005369309600853852,-0.0006066656112670987,167.99291229248047,0.3992266643047333,13.054348536225316,,3.9541610721559777,0.98,1.0,0.0006175908444604399,0.0006054154290372224,4.505558295580964,0.8865305977948401,0.8868802054471153,0.8776184465384024
autoif,llama_31_8B_instruct,20.0,dataset_autoif_attack_autoif_helper_qwen25_14b_instruct_lm_target_llama_31_8B_instruct_judge_autoif_20_calibration_upb_unified_aht_v2,0.7,Endpoint/block,Endpoint/block + CRC,True,100.0,50,0.6994200038909912,0.0004796045046284619,0.00047034881002235804,-0.000579996109008718,167.99721954345702,0.39923333406448364,16.507490971053635,,3.0992009108567338,1.0,1.0,0.0006175908444604399,0.0006054154290372224,4.505558295580964,0.7765732101282521,0.776902582034195,0.6878616827345059
autoif,llama_31_8B_instruct,20.0,dataset_autoif_attack_autoif_helper_qwen25_14b_instruct_lm_target_llama_31_8B_instruct_judge_autoif_20_calibration_upb_unified_aht_v2,0.7,Endpoint/block,Endpoint/block + CRC,True,200.0,50,0.7001599991321563,0.0004697426421683387,0.00046037338904726254,0.0001599991321563632,168.20577239990234,0.40038666427135466,18.27779006833696,,3.0350005780975216,0.92,1.0,0.0006175908444604399,0.0006054154290372224,4.505558295580964,0.7606049318602363,0.7604255969812056,0.6736125423289362
autoif,llama_31_8B_instruct,20.0,dataset_autoif_attack_autoif_helper_qwen25_14b_instruct_lm_target_llama_31_8B_instruct_judge_autoif_20_calibration_upb_unified_aht_v2,0.7,Information-gain,Information-gain,False,50.0,50,0.7006066644191742,0.0003268830444455981,0.00032071342527417815,0.0006066644191742299,168.21771392822265,0.4007133311033249,20.554932889403673,,2.745043255085581,0.36,,0.0006175908444604399,0.0006054154290372224,4.505558295580964,0.5292873872364161,0.5297410833817053,0.6092570720431939
autoif,llama_31_8B_instruct,20.0,dataset_autoif_attack_autoif_helper_qwen25_14b_instruct_lm_target_llama_31_8B_instruct_judge_autoif_20_calibration_upb_unified_aht_v2,0.7,Information-gain,Information-gain,False,100.0,50,0.7022733354568481,0.00039238861901038974,0.00038970890072954504,0.002273335456848158,168.6165930175781,0.40345999896526336,20.400151265003693,,2.575613859544004,0.48,,0.0006175908444604399,0.0006054154290372224,4.505558295580964,0.6353536852593746,0.6437049372020296,0.5716525434972526
autoif,llama_31_8B_instruct,20.0,dataset_autoif_attack_autoif_helper_qwen25_14b_instruct_lm_target_llama_31_8B_instruct_judge_autoif_20_calibration_upb_unified_aht_v2,0.7,Information-gain,Information-gain,False,200.0,50,0.6954800045490265,0.00047629098874220165,0.00048719552784417847,-0.00451999545097348,167.15517333984374,0.3933000004291534,20.19865645823165,,3.1954105006260294,0.42,,0.0006175908444604399,0.0006054154290372224,4.505558295580964,0.7712079818124808,0.8047292891411006,0.7092152161831037
autoif,llama_31_8B_instruct,20.0,dataset_autoif_attack_autoif_helper_qwen25_14b_instruct_lm_target_llama_31_8B_instruct_judge_autoif_20_calibration_upb_unified_aht_v2,0.7,Information-gain,Information-gain + CRC,True,50.0,50,0.7036133325099945,0.0007014936087567128,0.0007005199084093621,0.0036133325099945157,168.84122650146483,0.4054799997806549,12.973288722374145,,5.317532572839053,1.0,1.0,0.0006175908444604399,0.0006054154290372224,4.505558295580964,1.1358549354299037,1.1570896194756417,1.1802161294981957
autoif,llama_31_8B_instruct,20.0,dataset_autoif_attack_autoif_helper_qwen25_14b_instruct_lm_target_llama_31_8B_instruct_judge_autoif_20_calibration_upb_unified_aht_v2,0.7,Information-gain,Information-gain + CRC,True,100.0,50,0.69874666929245,0.000497412896560762,0.0004890354764920345,-0.00125333070754996,167.8767984008789,0.3986066657304764,16.676976958287657,,3.9319735775314,0.96,1.0,0.0006175908444604399,0.0006054154290372224,4.505558295580964,0.8054084690898037,0.8077684397137612,0.8726939747706441
autoif,llama_31_8B_instruct,20.0,dataset_autoif_attack_autoif_helper_qwen25_14b_instruct_lm_target_llama_31_8B_instruct_judge_autoif_20_calibration_upb_unified_aht_v2,0.7,Information-gain,Information-gain + CRC,True,200.0,50,0.7023533308506011,0.0005139927604903162,0.0005092510713729016,0.0023533308506011874,168.60039978027345,0.4036866647005081,18.38390297806429,,3.9002382558700317,0.96,1.0,0.0006175908444604399,0.0006054154290372224,4.505558295580964,0.8322545016666617,0.841159717687987,0.865650381151515
autoif,llama_31_8B_instruct,20.0,dataset_autoif_attack_autoif_helper_qwen25_14b_instruct_lm_target_llama_31_8B_instruct_judge_autoif_20_calibration_upb_unified_aht_v2,0.7,Oracle,Oracle,False,,50,0.6991066658496856,0.0001383012971602435,0.00013633331712115639,-0.0008933341503143399,167.92085906982422,0.39790000081062316,126.15182666666665,,,,,0.0006175908444604399,0.0006054154290372224,4.505558295580964,0.22393676719911682,0.2251896971604506,
autoif,llama_31_8B_instruct,20.0,dataset_autoif_attack_autoif_helper_qwen25_14b_instruct_lm_target_llama_31_8B_instruct_judge_autoif_20_calibration_upb_unified_aht_v2,0.7,Residual,Residual,False,50.0,50,0.6990666615962983,0.0004837233403439348,0.00047491999411288074,-0.000933338403701689,167.92428680419923,0.39840000033378603,20.428438855765165,,3.075057993411073,0.38,,0.0006175908444604399,0.0006054154290372224,4.505558295580964,0.783242408275241,0.7844530735996184,0.682503208631676
autoif,llama_31_8B_instruct,20.0,dataset_autoif_attack_autoif_helper_qwen25_14b_instruct_lm_target_llama_31_8B_instruct_judge_autoif_20_calibration_upb_unified_aht_v2,0.7,Residual,Residual,False,100.0,50,0.7016333305835724,0.00023931640553986937,0.00023719784622430506,0.001633330583572401,168.51787963867187,0.40228000104427336,20.350253881310707,,2.7130135021690522,0.48,,0.0006175908444604399,0.0006054154290372224,4.505558295580964,0.38749992440213205,0.3917935269695969,0.6021481299731415
autoif,llama_31_8B_instruct,20.0,dataset_autoif_attack_autoif_helper_qwen25_14b_instruct_lm_target_llama_31_8B_instruct_judge_autoif_20_calibration_upb_unified_aht_v2,0.7,Residual,Residual,False,200.0,50,0.69992666721344,0.00035310788027241146,0.00034605110036454794,-7.333278655996534e-05,168.14486114501952,0.4000066637992859,20.168567665103325,,3.3086950661061327,0.42,,0.0006175908444604399,0.0006054154290372224,4.505558295580964,0.5717505099689507,0.5715928001948426,0.7343585076573728
autoif,llama_31_8B_instruct,20.0,dataset_autoif_attack_autoif_helper_qwen25_14b_instruct_lm_target_llama_31_8B_instruct_judge_autoif_20_calibration_upb_unified_aht_v2,0.7,Residual,Residual + CRC,True,50.0,50,0.6975066649913788,0.0006679376289550936,0.0006607955958412075,-0.0024933350086211448,167.57449920654298,0.39709333300590516,12.98449591570316,,6.342529607585158,1.0,1.0,0.0006175908444604399,0.0006054154290372224,4.505558295580964,1.0815212611168794,1.0914746538456326,1.4077122504009967
autoif,llama_31_8B_instruct,20.0,dataset_autoif_attack_autoif_helper_qwen25_14b_instruct_lm_target_llama_31_8B_instruct_judge_autoif_20_calibration_upb_unified_aht_v2,0.7,Residual,Residual + CRC,True,100.0,50,0.6991866672039032,0.0005504362451653025,0.0005400890304992031,-0.000813332796096744,167.8838055419922,0.3988533318042755,16.71994391756115,,4.1700558270522246,0.96,1.0,0.0006175908444604399,0.0006054154290372224,4.505558295580964,0.8912636093985375,0.8920965746745069,0.9255358722452223
autoif,llama_31_8B_instruct,20.0,dataset_autoif_attack_autoif_helper_qwen25_14b_instruct_lm_target_llama_31_8B_instruct_judge_autoif_20_calibration_upb_unified_aht_v2,0.7,Residual,Residual + CRC,True,200.0,50,0.7025066637992858,0.00040148411870737105,0.0003997377997358742,0.00250666379928588,168.65798004150392,0.40384666800498964,18.382696592228807,,4.033020116058829,0.98,1.0,0.0006175908444604399,0.0006054154290372224,4.505558295580964,0.6500810727823026,0.6602702550405225,0.8951210596951772
autoif,llama_31_8B_instruct,20.0,dataset_autoif_attack_autoif_helper_qwen25_14b_instruct_lm_target_llama_31_8B_instruct_judge_autoif_20_calibration_upb_unified_aht_v2,0.7,Soft-prefix,Soft-prefix,False,50.0,50,0.7004533350467682,0.00030552724597917517,0.00029962221372421995,0.0004533350467682551,168.22919982910156,0.4007933336496353,20.096111152607595,,2.2400746967216802,0.46,,0.0006175908444604399,0.0006054154290372224,4.505558295580964,0.4947081853943284,0.49490349824863555,0.49718027151457295
autoif,llama_31_8B_instruct,20.0,dataset_autoif_attack_autoif_helper_qwen25_14b_instruct_lm_target_llama_31_8B_instruct_judge_autoif_20_calibration_upb_unified_aht_v2,0.7,Soft-prefix,Soft-prefix,False,100.0,50,0.6999666678905487,0.00033217806407305765,0.000325535613821117,-3.333210945122289e-05,168.09222778320313,0.39961333334445953,20.236645106462277,,2.164411488618709,0.52,,0.0006175908444604399,0.0006054154290372224,4.505558295580964,0.5378610564786885,0.5377061736579929,0.48038696796833286
autoif,llama_31_8B_instruct,20.0,dataset_autoif_attack_autoif_helper_qwen25_14b_instruct_lm_target_llama_31_8B_instruct_judge_autoif_20_calibration_upb_unified_aht_v2,0.7,Soft-prefix,Soft-prefix,False,200.0,50,0.7004999959468842,0.0003927584086277877,0.00038515323640213247,0.000499995946884213,168.21694732666015,0.40060666620731356,20.17471972497249,,2.8935514848954114,0.44,,0.0006175908444604399,0.0006054154290372224,4.505558295580964,0.6359524467544888,0.6361800805351664,0.6422181880841263
autoif,llama_31_8B_instruct,20.0,dataset_autoif_attack_autoif_helper_qwen25_14b_instruct_lm_target_llama_31_8B_instruct_judge_autoif_20_calibration_upb_unified_aht_v2,0.7,Soft-prefix,Soft-prefix + CRC,True,50.0,50,0.700506671667099,0.0005319783611182019,0.0005215955100740785,0.0005066716670990568,168.25237335205077,0.4012400013208389,13.208633534173988,,5.139660268624479,1.0,1.0,0.0006175908444604399,0.0006054154290372224,4.505558295580964,0.8613766960599397,0.8615497475899471,1.1407377136070884
autoif,llama_31_8B_instruct,20.0,dataset_autoif_attack_autoif_helper_qwen25_14b_instruct_lm_target_llama_31_8B_instruct_judge_autoif_20_calibration_upb_unified_aht_v2,0.7,Soft-prefix,Soft-prefix + CRC,True,100.0,50,0.7005866646766663,0.0003796986958856131,0.00037244889741074874,0.0005866646766663486,168.25586547851563,0.4007933354377747,16.806460516950693,,3.2322132961984966,0.92,1.0,0.0006175908444604399,0.0006054154290372224,4.505558295580964,0.6148062253373234,0.6151955823178231,0.7173835258925937
autoif,llama_31_8B_instruct,20.0,dataset_autoif_attack_autoif_helper_qwen25_14b_instruct_lm_target_llama_31_8B_instruct_judge_autoif_20_calibration_upb_unified_aht_v2,0.7,Soft-prefix,Soft-prefix + CRC,True,200.0,50,0.6994933342933655,0.0004177242883536492,0.0004096265127248557,-0.0005066657066344904,168.01631958007812,0.39910666465759276,18.462488735644865,,3.4518334587262696,0.92,1.0,0.0006175908444604399,0.0006054154290372224,4.505558295580964,0.6763770740782196,0.676604019452023,0.7661277986596724
autoif,llama_31_8B_instruct,20.0,dataset_autoif_attack_autoif_helper_qwen25_14b_instruct_lm_target_llama_31_8B_instruct_judge_autoif_20_calibration_upb_unified_aht_v2,0.7,Static,Static,False,,50,0.699579998254776,0.0006175908444604399,0.0006054154290372224,-0.0004200017452239413,167.98751922607423,0.3993200010061264,12.615182854647538,,4.505558295580964,1.0,,0.0006175908444604399,0.0006054154290372224,4.505558295580964,1.0,1.0,1.0
autoif,llama_31_8B_instruct,20.0,dataset_autoif_attack_autoif_helper_qwen25_14b_instruct_lm_target_llama_31_8B_instruct_judge_autoif_20_calibration_upb_unified_aht_v2,0.8,Endpoint/block,Endpoint/block,False,,50,0.7995133340358734,0.00031013245159314083,0.00030416664632191724,-0.0004866659641266091,184.3870669555664,0.5597866690158844,19.916421727716507,,1.9425395682169,0.78,,0.00048083452135446895,0.0004715778288102258,3.289600478718837,0.6449879071068457,0.6449977665178174,0.5905092672449508
autoif,llama_31_8B_instruct,20.0,dataset_autoif_attack_autoif_helper_qwen25_14b_instruct_lm_target_llama_31_8B_instruct_judge_autoif_20_calibration_upb_unified_aht_v2,0.8,Endpoint/block,Endpoint/block + CRC,True,50.0,50,0.7994600045681,0.0005335774743289399,0.000523197519908834,-0.0005399954319000866,184.2883465576172,0.5597599995136261,12.843733668666665,,3.5423367928138645,1.0,1.0,0.00048083452135446895,0.0004715778288102258,3.289600478718837,1.1096904457398329,1.1094616581717653,1.0768288780750233
autoif,llama_31_8B_instruct,20.0,dataset_autoif_attack_autoif_helper_qwen25_14b_instruct_lm_target_llama_31_8B_instruct_judge_autoif_20_calibration_upb_unified_aht_v2,0.8,Endpoint/block,Endpoint/block + CRC,True,100.0,50,0.7984466660022735,0.00046022503047713257,0.00045343337637608285,-0.0015533339977265026,184.18113983154296,0.5578799986839295,16.479006035,,2.7688221151295185,1.0,1.0,0.00048083452135446895,0.0004715778288102258,3.289600478718837,0.9571380798132354,0.9615239493342579,0.8416894796318427
autoif,llama_31_8B_instruct,20.0,dataset_autoif_attack_autoif_helper_qwen25_14b_instruct_lm_target_llama_31_8B_instruct_judge_autoif_20_calibration_upb_unified_aht_v2,0.8,Endpoint/block,Endpoint/block + CRC,True,200.0,50,0.798980004787445,0.00039779344665070526,0.00039087796795132606,-0.001019995212555025,184.25708587646486,0.5585199993848801,18.269657105083333,,2.7313353332022676,0.94,1.0,0.00048083452135446895,0.0004715778288102258,3.289600478718837,0.827298018308161,0.8288726570065802,0.8302939371731881
autoif,llama_31_8B_instruct,20.0,dataset_autoif_attack_autoif_helper_qwen25_14b_instruct_lm_target_llama_31_8B_instruct_judge_autoif_20_calibration_upb_unified_aht_v2,0.8,Information-gain,Information-gain,False,50.0,50,0.7988733339309693,0.00019013563847451278,0.00018760230213612784,-0.0011266660690307795,184.34173950195313,0.558113329410553,19.097489467422744,,2.3782087143839656,0.68,,0.00048083452135446895,0.0004715778288102258,3.289600478718837,0.39542842709986226,0.3978183253641118,0.7229475827746047
autoif,llama_31_8B_instruct,20.0,dataset_autoif_attack_autoif_helper_qwen25_14b_instruct_lm_target_llama_31_8B_instruct_judge_autoif_20_calibration_upb_unified_aht_v2,0.8,Information-gain,Information-gain,False,100.0,50,0.8013266706466675,0.00020472777522695306,0.00020239327472714298,0.0013266706466674716,184.64338653564454,0.5621266710758209,19.467723394064546,,2.2681182178915638,0.7,,0.00048083452135446895,0.0004715778288102258,3.289600478718837,0.4257759502172447,0.42918318538802824,0.6894813618141561
autoif,llama_31_8B_instruct,20.0,dataset_autoif_attack_autoif_helper_qwen25_14b_instruct_lm_target_llama_31_8B_instruct_judge_autoif_20_calibration_upb_unified_aht_v2,0.8,Information-gain,Information-gain,False,200.0,50,0.8010333347320556,0.0002695792602641669,0.000265255455727356,0.0010333347320555797,184.65768005371095,0.5622333335876465,19.870133249320116,,2.5436870118026307,0.52,,0.00048083452135446895,0.0004715778288102258,3.289600478718837,0.5606487227763631,0.5624850014611292,0.7732510462161931
autoif,llama_31_8B_instruct,20.0,dataset_autoif_attack_autoif_helper_qwen25_14b_instruct_lm_target_llama_31_8B_instruct_judge_autoif_20_calibration_upb_unified_aht_v2,0.8,Information-gain,Information-gain + CRC,True,50.0,50,0.7973200023174286,0.000756095389710531,0.0007481558694949088,-0.0026799976825714333,183.98742736816405,0.5566333276033402,12.93340444179273,,4.238457260860611,1.0,1.0,0.00048083452135446895,0.0004715778288102258,3.289600478718837,1.5724648629234776,1.5864950041915238,1.2884413436464826
autoif,llama_31_8B_instruct,20.0,dataset_autoif_attack_autoif_helper_qwen25_14b_instruct_lm_target_llama_31_8B_instruct_judge_autoif_20_calibration_upb_unified_aht_v2,0.8,Information-gain,Information-gain + CRC,True,100.0,50,0.7984066653251648,0.00027782440477722056,0.0002748066320677084,-0.001593334674835245,184.27787994384767,0.5574866628646851,16.513447090552305,,3.2386055258126394,0.98,1.0,0.00048083452135446895,0.0004715778288102258,3.289600478718837,0.5777962946475087,0.5827386600448028,0.9844981318442481
autoif,llama_31_8B_instruct,20.0,dataset_autoif_attack_autoif_helper_qwen25_14b_instruct_lm_target_llama_31_8B_instruct_judge_autoif_20_calibration_upb_unified_aht_v2,0.8,Information-gain,Information-gain + CRC,True,200.0,50,0.8019466674327851,0.0003440242633071986,0.0003409332921349203,0.001946667432785043,184.62843994140624,0.5636533331871033,18.44379496225386,,3.1927675572958183,0.9,1.0,0.00048083452135446895,0.0004715778288102258,3.289600478718837,0.7154733032439357,0.7229629369876929,0.9705639265164713
autoif,llama_31_8B_instruct,20.0,dataset_autoif_attack_autoif_helper_qwen25_14b_instruct_lm_target_llama_31_8B_instruct_judge_autoif_20_calibration_upb_unified_aht_v2,0.8,Oracle,Oracle,False,,50,0.7988466715812683,7.984217363305476e-05,7.957549660184792e-05,-0.001153328418731725,184.35208709716798,0.5572866666316986,126.15182666666665,,,,,0.00048083452135446895,0.0004715778288102258,3.289600478718837,0.16604917094585123,0.16874308277514677,
autoif,llama_31_8B_instruct,20.0,dataset_autoif_attack_autoif_helper_qwen25_14b_instruct_lm_target_llama_31_8B_instruct_judge_autoif_20_calibration_upb_unified_aht_v2,0.8,Residual,Residual,False,50.0,50,0.7982400000095368,0.00039257166129406414,0.00038781782803461363,-0.001759999990463279,184.23791931152343,0.5574200052022934,18.97770546652557,,2.6185263576706417,0.66,,0.00048083452135446895,0.0004715778288102258,3.289600478718837,0.8164381795804178,0.8223835056305856,0.7960013304382936
autoif,llama_31_8B_instruct,20.0,dataset_autoif_attack_autoif_helper_qwen25_14b_instruct_lm_target_llama_31_8B_instruct_judge_autoif_20_calibration_upb_unified_aht_v2,0.8,Residual,Residual,False,100.0,50,0.7971600043773651,0.0004012302668384496,0.00040127123663826603,-0.0028399956226349277,184.0247525024414,0.5547999978065491,19.39752760539041,,2.4925658419762744,0.7,,0.00048083452135446895,0.0004715778288102258,3.289600478718837,0.8344456336209366,0.8509120067214763,0.757710809595646
autoif,llama_31_8B_instruct,20.0,dataset_autoif_attack_autoif_helper_qwen25_14b_instruct_lm_target_llama_31_8B_instruct_judge_autoif_20_calibration_upb_unified_aht_v2,0.8,Residual,Residual,False,200.0,50,0.8034266662597657,0.0004125352663919615,0.0004160266027199381,0.0034266662597656206,184.8255877685547,0.5663266587257385,19.842578937980964,,2.6963991928710116,0.52,,0.00048083452135446895,0.0004715778288102258,3.289600478718837,0.8579568397665908,0.8822013616915759,0.8196737598728546
autoif,llama_31_8B_instruct,20.0,dataset_autoif_attack_autoif_helper_qwen25_14b_instruct_lm_target_llama_31_8B_instruct_judge_autoif_20_calibration_upb_unified_aht_v2,0.8,Residual,Residual + CRC,True,50.0,50,0.8020799958705902,0.00038864655861894177,0.0003852000102682352,0.0020799958705901567,184.7757061767578,0.5646333372592927,12.928143228041368,,4.143058531870691,1.0,1.0,0.00048083452135446895,0.0004715778288102258,3.289600478718837,0.8082750746018782,0.8168323163963862,1.2594412478576247
autoif,llama_31_8B_instruct,20.0,dataset_autoif_attack_autoif_helper_qwen25_14b_instruct_lm_target_llama_31_8B_instruct_judge_autoif_20_calibration_upb_unified_aht_v2,0.8,Residual,Residual + CRC,True,100.0,50,0.7983000016212464,0.0005041960386724942,0.0004970021123868095,-0.0016999983787536754,184.23321990966798,0.5580066674947739,16.49871070299443,,3.350449727067464,0.98,1.0,0.00048083452135446895,0.0004715778288102258,3.289600478718837,1.0485853579152717,1.0539132292133586,1.018497458503631
autoif,llama_31_8B_instruct,20.0,dataset_autoif_attack_autoif_helper_qwen25_14b_instruct_lm_target_llama_31_8B_instruct_judge_autoif_20_calibration_upb_unified_aht_v2,0.8,Residual,Residual + CRC,True,200.0,50,0.7998399984836578,0.0003896337740234743,0.0003818666990282367,-0.00016000151634221194,184.381005859375,0.5597266697883606,18.45478248724056,,3.378952661896783,0.92,1.0,0.00048083452135446895,0.0004715778288102258,3.289600478718837,0.8103282038192888,0.8097638940992474,1.0271620167117512
autoif,llama_31_8B_instruct,20.0,dataset_autoif_attack_autoif_helper_qwen25_14b_instruct_lm_target_llama_31_8B_instruct_judge_autoif_20_calibration_upb_unified_aht_v2,0.8,Soft-prefix,Soft-prefix,False,50.0,50,0.7993600034713745,0.00021828504364598142,0.0002143289383297145,-0.0006399965286255638,184.38305389404297,0.5589866673946381,18.973834281120972,,1.7050342913147327,0.68,,0.00048083452135446895,0.0004715778288102258,3.289600478718837,0.4539712394839943,0.4544932463649931,0.5183104460085599
autoif,llama_31_8B_instruct,20.0,dataset_autoif_attack_autoif_helper_qwen25_14b_instruct_lm_target_llama_31_8B_instruct_judge_autoif_20_calibration_upb_unified_aht_v2,0.8,Soft-prefix,Soft-prefix,False,100.0,50,0.7987866735458374,0.0002562210981377738,0.00025256883725938915,-0.001213326454162611,184.30895294189452,0.5583000004291534,19.419819044469833,,1.8962115869349307,0.64,,0.00048083452135446895,0.0004715778288102258,3.289600478718837,0.5328675183637425,0.5355825100951235,0.5764261037782396
autoif,llama_31_8B_instruct,20.0,dataset_autoif_attack_autoif_helper_qwen25_14b_instruct_lm_target_llama_31_8B_instruct_judge_autoif_20_calibration_upb_unified_aht_v2,0.8,Soft-prefix,Soft-prefix,False,200.0,50,0.7994133305549621,0.00046417480175730874,0.00045523548675990356,-0.0005866694450379351,184.31510040283203,0.5596533316373825,19.902848738965513,,2.5549363971658408,0.5,,0.00048083452135446895,0.0004715778288102258,3.289600478718837,0.9653524885230136,0.9653453978284913,0.7766707275531777
autoif,llama_31_8B_instruct,20.0,dataset_autoif_attack_autoif_helper_qwen25_14b_instruct_lm_target_llama_31_8B_instruct_judge_autoif_20_calibration_upb_unified_aht_v2,0.8,Soft-prefix,Soft-prefix + CRC,True,50.0,50,0.8006533312797547,0.0003626074320847614,0.00035578212520417186,0.0006533312797546431,184.48065307617188,0.5613666677474975,13.080780497474455,,2.863752151341741,1.0,1.0,0.00048083452135446895,0.0004715778288102258,3.289600478718837,0.7541210457671131,0.754450492513182,0.8705470983081367
autoif,llama_31_8B_instruct,20.0,dataset_autoif_attack_autoif_helper_qwen25_14b_instruct_lm_target_llama_31_8B_instruct_judge_autoif_20_calibration_upb_unified_aht_v2,0.8,Soft-prefix,Soft-prefix + CRC,True,100.0,50,0.7992933320999146,0.0003954496219009286,0.0003880400089839214,-0.0007066679000854448,184.31276672363282,0.5594333308935165,16.511248146975127,,2.433850448284218,0.98,1.0,0.00048083452135446895,0.0004715778288102258,3.289600478718837,0.8224235248063752,0.8228546493861525,0.7398620179044058
autoif,llama_31_8B_instruct,20.0,dataset_autoif_attack_autoif_helper_qwen25_14b_instruct_lm_target_llama_31_8B_instruct_judge_autoif_20_calibration_upb_unified_aht_v2,0.8,Soft-prefix,Soft-prefix + CRC,True,200.0,50,0.7981466698646545,0.0004446355824282766,0.00043917770337029106,-0.001853330135345499,184.16934692382813,0.5573599928617478,18.51393616587981,,2.8785878260367332,0.92,1.0,0.00048083452135446895,0.0004715778288102258,3.289600478718837,0.9247164308747569,0.9312942138911002,0.8750569695800335
autoif,llama_31_8B_instruct,20.0,dataset_autoif_attack_autoif_helper_qwen25_14b_instruct_lm_target_llama_31_8B_instruct_judge_autoif_20_calibration_upb_unified_aht_v2,0.8,Static,Static,False,,50,0.7994000017642975,0.00048083452135446895,0.0004715778288102258,-0.0005999982357025591,184.2797067260742,0.5592133313417434,12.615182854647538,,3.289600478718837,1.0,,0.00048083452135446895,0.0004715778288102258,3.289600478718837,1.0,1.0,1.0
autoif,llama_31_8B_instruct,20.0,dataset_autoif_attack_autoif_helper_qwen25_14b_instruct_lm_target_llama_31_8B_instruct_judge_autoif_20_calibration_upb_unified_aht_v2,0.9,Endpoint/block,Endpoint/block,False,,50,0.899300000667572,0.0001561326366609297,0.00015349998299311077,-0.0006999993324280362,194.33404663085938,0.7478933358192443,19.916421727716507,,1.069847449163351,0.78,,0.00023864739292086442,0.00023626661163994784,1.8252195533719056,0.6542398588561298,0.6496896955843805,0.5861472649615865
autoif,llama_31_8B_instruct,20.0,dataset_autoif_attack_autoif_helper_qwen25_14b_instruct_lm_target_llama_31_8B_instruct_judge_autoif_20_calibration_upb_unified_aht_v2,0.9,Endpoint/block,Endpoint/block + CRC,True,50.0,50,0.8983000016212463,0.00025920743348029985,0.000256913279298459,-0.0016999983787536754,194.2492333984375,0.7465000009536743,12.843733668666665,,1.9630151927057529,1.0,1.0,0.00023864739292086442,0.00023626661163994784,1.8252195533719056,1.0861523786528569,1.0873871577333791,1.0754953775721305
autoif,llama_31_8B_instruct,20.0,dataset_autoif_attack_autoif_helper_qwen25_14b_instruct_lm_target_llama_31_8B_instruct_judge_autoif_20_calibration_upb_unified_aht_v2,0.9,Endpoint/block,Endpoint/block + CRC,True,100.0,50,0.8978466665744782,0.00023104393033641221,0.00023105989657115373,-0.0021533334255218195,194.22007415771483,0.7454866659641266,16.479006035,,1.5337052595079121,1.0,1.0,0.00023864739292086442,0.00023626661163994784,1.8252195533719056,0.9681393436090311,0.9779625439555177,0.8402853545342254
autoif,llama_31_8B_instruct,20.0,dataset_autoif_attack_autoif_helper_qwen25_14b_instruct_lm_target_llama_31_8B_instruct_judge_autoif_20_calibration_upb_unified_aht_v2,0.9,Endpoint/block,Endpoint/block + CRC,True,200.0,50,0.8978199994564057,0.0002193297354416914,0.00021969554310292939,-0.0021800005435943515,194.22116088867188,0.7455133306980133,18.269657105083333,,1.5163955527316828,0.94,1.0,0.00023864739292086442,0.00023626661163994784,1.8252195533719056,0.919053557456717,0.9298628425658743,0.8308017246091287
autoif,llama_31_8B_instruct,20.0,dataset_autoif_attack_autoif_helper_qwen25_14b_instruct_lm_target_llama_31_8B_instruct_judge_autoif_20_calibration_upb_unified_aht_v2,0.9,Information-gain,Information-gain,False,50.0,50,0.9010600030422211,0.00025252007106592696,0.00024859327609412626,0.0010600030422210915,194.4706332397461,0.7521666705608367,20.086401501591055,,1.863172440288955,0.46,,0.00023864739292086442,0.00023626661163994784,1.8252195533719056,1.0581304407949796,1.0521726890169454,1.0207936008832117
autoif,llama_31_8B_instruct,20.0,dataset_autoif_attack_autoif_helper_qwen25_14b_instruct_lm_target_llama_31_8B_instruct_judge_autoif_20_calibration_upb_unified_aht_v2,0.9,Information-gain,Information-gain,False,100.0,50,0.9022400009632111,0.00018615427544875035,0.00018744879425496177,0.002240000963211086,194.57416595458983,0.7543733358383179,20.133906574128353,,1.7714521931645322,0.48,,0.00023864739292086442,0.00023626661163994784,1.8252195533719056,0.7800390072163043,0.7933782643000752,0.9705419766580717
autoif,llama_31_8B_instruct,20.0,dataset_autoif_attack_autoif_helper_qwen25_14b_instruct_lm_target_llama_31_8B_instruct_judge_autoif_20_calibration_upb_unified_aht_v2,0.9,Information-gain,Information-gain,False,200.0,50,0.9000533330440521,0.0002559699427317546,0.0002508533882907073,5.3333044052084055e-05,194.37813842773437,0.7495266687870026,20.195685949790303,,1.960291514567137,0.36,,0.00023864739292086442,0.00023626661163994784,1.8252195533719056,1.0725863777469982,1.0617386288714743,1.0740031307169047
autoif,llama_31_8B_instruct,20.0,dataset_autoif_attack_autoif_helper_qwen25_14b_instruct_lm_target_llama_31_8B_instruct_judge_autoif_20_calibration_upb_unified_aht_v2,0.9,Information-gain,Information-gain + CRC,True,50.0,50,0.8970266652107238,0.00041760020662040087,0.00041808892225711264,-0.002973334789276194,194.10777923583984,0.7443866693973541,12.986878869189573,,3.344603184742441,1.0,1.0,0.00023864739292086442,0.00023626661163994784,1.8252195533719056,1.7498628478999445,1.7695641350046025,1.8324388310237145
autoif,llama_31_8B_instruct,20.0,dataset_autoif_attack_autoif_helper_qwen25_14b_instruct_lm_target_llama_31_8B_instruct_judge_autoif_20_calibration_upb_unified_aht_v2,0.9,Information-gain,Information-gain + CRC,True,100.0,50,0.8963866686820984,0.000304659119736618,0.0003116221005548143,-0.003613331317901647,194.08044647216798,0.742666666507721,16.60495273523998,,2.663103264197176,0.98,1.0,0.00023864739292086442,0.00023626661163994784,1.8252195533719056,1.2766077852677113,1.3189426063709013,1.4590591358049867
autoif,llama_31_8B_instruct,20.0,dataset_autoif_attack_autoif_helper_qwen25_14b_instruct_lm_target_llama_31_8B_instruct_judge_autoif_20_calibration_upb_unified_aht_v2,0.9,Information-gain,Information-gain + CRC,True,200.0,50,0.9021933341026306,0.00021506619713463523,0.00021557558767770494,0.002193334102630562,194.5856671142578,0.7547400021553039,18.47423990487723,,2.5254558189044625,0.96,1.0,0.00023864739292086442,0.00023626661163994784,1.8252195533719056,0.9011881273974415,0.9124251039170341,1.3836449506794635
autoif,llama_31_8B_instruct,20.0,dataset_autoif_attack_autoif_helper_qwen25_14b_instruct_lm_target_llama_31_8B_instruct_judge_autoif_20_calibration_upb_unified_aht_v2,0.9,Oracle,Oracle,False,,50,0.8991266691684723,5.7550467621660404e-05,5.716216501052414e-05,-0.000873330831527741,194.3033203125,0.7464533376693726,126.15182666666665,,,,,0.00023864739292086442,0.00023626661163994784,1.8252195533719056,0.24115271873405367,0.24193924234049152,
autoif,llama_31_8B_instruct,20.0,dataset_autoif_attack_autoif_helper_qwen25_14b_instruct_lm_target_llama_31_8B_instruct_judge_autoif_20_calibration_upb_unified_aht_v2,0.9,Residual,Residual,False,50.0,50,0.8999333333969116,0.0002027030059445496,0.000198653390261626,-6.666660308840555e-05,194.35354064941407,0.7491733312606812,20.120785998386054,,2.043317419082534,0.48,,0.00023864739292086442,0.00023626661163994784,1.8252195533719056,0.8493828634103957,0.840801791174618,1.1194913046530293
autoif,llama_31_8B_instruct,20.0,dataset_autoif_attack_autoif_helper_qwen25_14b_instruct_lm_target_llama_31_8B_instruct_judge_autoif_20_calibration_upb_unified_aht_v2,0.9,Residual,Residual,False,100.0,50,0.8997866690158844,0.00020186735544100256,0.0001978755184409663,-0.00021333098411557838,194.3710202026367,0.7491933310031891,20.152743344027463,,1.9355719903317814,0.48,,0.00023864739292086442,0.00023626661163994784,1.8252195533719056,0.8458812517090512,0.8375094435370892,1.0604598152348363
autoif,llama_31_8B_instruct,20.0,dataset_autoif_attack_autoif_helper_qwen25_14b_instruct_lm_target_llama_31_8B_instruct_judge_autoif_20_calibration_upb_unified_aht_v2,0.9,Residual,Residual,False,200.0,50,0.9005000030994416,0.00024075389141427566,0.0002361888166854412,0.0005000030994415372,194.45158630371094,0.7514666664600372,20.205542174925423,,2.1150527419804552,0.34,,0.00023864739292086442,0.00023626661163994784,1.8252195533719056,1.0088268238241755,0.9996707323393405,1.1587936027055554
autoif,llama_31_8B_instruct,20.0,dataset_autoif_attack_autoif_helper_qwen25_14b_instruct_lm_target_llama_31_8B_instruct_judge_autoif_20_calibration_upb_unified_aht_v2,0.9,Residual,Residual + CRC,True,50.0,50,0.901013331413269,0.0004145804770057252,0.0004073157080187285,0.0010133314132689808,194.45726806640624,0.7532466638088227,13.010868754528508,,3.4698231119839757,1.0,1.0,0.00023864739292086442,0.00023626661163994784,1.8252195533719056,1.7372093276677876,1.723966434323976,1.9010442363352036
autoif,llama_31_8B_instruct,20.0,dataset_autoif_attack_autoif_helper_qwen25_14b_instruct_lm_target_llama_31_8B_instruct_judge_autoif_20_calibration_upb_unified_aht_v2,0.9,Residual,Residual + CRC,True,100.0,50,0.9017599999904633,0.00022743329632264017,0.00022598223036261796,0.001759999990463279,194.532607421875,0.7538000047206879,16.63148232515819,,2.6500849995028815,0.98,1.0,0.00023864739292086442,0.00023626661163994784,1.8252195533719056,0.9530097669998732,0.9564712880675561,1.4519266981372854
autoif,llama_31_8B_instruct,20.0,dataset_autoif_attack_autoif_helper_qwen25_14b_instruct_lm_target_llama_31_8B_instruct_judge_autoif_20_calibration_upb_unified_aht_v2,0.9,Residual,Residual + CRC,True,200.0,50,0.9008133375644684,0.00025739300968056583,0.0002529066674807299,0.0008133375644683305,194.45672729492188,0.7522133350372314,18.48938164661209,,2.6603550310350794,0.96,1.0,0.00023864739292086442,0.00023626661163994784,1.8252195533719056,1.0785494303133556,1.0704291466546285,1.457553435760836
autoif,llama_31_8B_instruct,20.0,dataset_autoif_attack_autoif_helper_qwen25_14b_instruct_lm_target_llama_31_8B_instruct_judge_autoif_20_calibration_upb_unified_aht_v2,0.9,Soft-prefix,Soft-prefix,False,50.0,50,0.8992000007629395,0.00014501589322707452,0.0001427555741418305,-0.0007999992370605336,194.32180725097658,0.7476399981975556,20.258466227933194,,1.1908273773816576,0.48,,0.00023864739292086442,0.00023626661163994784,1.8252195533719056,0.6076575631193334,0.604213913895625,0.6524296626023572
autoif,llama_31_8B_instruct,20.0,dataset_autoif_attack_autoif_helper_qwen25_14b_instruct_lm_target_llama_31_8B_instruct_judge_autoif_20_calibration_upb_unified_aht_v2,0.9,Soft-prefix,Soft-prefix,False,100.0,50,0.8992933344841003,0.00016432940240863506,0.00016154219051182412,-0.000706665515899707,194.3395281982422,0.7484333312511444,20.238568219496283,,1.287014786788863,0.44,,0.00023864739292086442,0.00023626661163994784,1.8252195533719056,0.6885866231236256,0.6837283922198961,0.7051287525444462
autoif,llama_31_8B_instruct,20.0,dataset_autoif_attack_autoif_helper_qwen25_14b_instruct_lm_target_llama_31_8B_instruct_judge_autoif_20_calibration_upb_unified_aht_v2,0.9,Soft-prefix,Soft-prefix,False,200.0,50,0.8981133329868317,0.000263644406528215,0.00026193103081622834,-0.0018866670131683083,194.23977355957032,0.7460666680335999,20.248014403947767,,1.6761767202517148,0.3,,0.00023864739292086442,0.00023626661163994784,1.8252195533719056,1.1047445492758414,1.1086248242954917,0.9183425178385529
autoif,llama_31_8B_instruct,20.0,dataset_autoif_attack_autoif_helper_qwen25_14b_instruct_lm_target_llama_31_8B_instruct_judge_autoif_20_calibration_upb_unified_aht_v2,0.9,Soft-prefix,Soft-prefix + CRC,True,50.0,50,0.8973666727542877,0.00025657705844311804,0.00025837992965726636,-0.0026333272457123025,194.1664080810547,0.7446266627311706,13.095412394018679,,2.2047353866143267,1.0,1.0,0.00023864739292086442,0.00023626661163994784,1.8252195533719056,1.075130364102486,1.0935947650995965,1.2079288667170502
autoif,llama_31_8B_instruct,20.0,dataset_autoif_attack_autoif_helper_qwen25_14b_instruct_lm_target_llama_31_8B_instruct_judge_autoif_20_calibration_upb_unified_aht_v2,0.9,Soft-prefix,Soft-prefix + CRC,True,100.0,50,0.8970133364200592,0.00025916977245996824,0.00026290653635051373,-0.002986663579940818,194.13496643066406,0.7436599993705749,16.68641674449918,,1.7927160113258582,0.98,1.0,0.00023864739292086442,0.00023626661163994784,1.8252195533719056,1.085994568337518,1.112753657936074,0.9821919823365904
autoif,llama_31_8B_instruct,20.0,dataset_autoif_attack_autoif_helper_qwen25_14b_instruct_lm_target_llama_31_8B_instruct_judge_autoif_20_calibration_upb_unified_aht_v2,0.9,Soft-prefix,Soft-prefix + CRC,True,200.0,50,0.8995666694641113,0.00028298997173858325,0.00027751794765714505,-0.0004333305358886763,194.35958068847657,0.749613333940506,18.51839572250984,,1.974586655597827,0.96,1.0,0.00023864739292086442,0.00023626661163994784,1.8252195533719056,1.1858079330974416,1.1745965531518312,1.0818351424901083
autoif,llama_31_8B_instruct,20.0,dataset_autoif_attack_autoif_helper_qwen25_14b_instruct_lm_target_llama_31_8B_instruct_judge_autoif_20_calibration_upb_unified_aht_v2,0.9,Static,Static,False,,50,0.8984533369541168,0.00023864739292086442,0.00023626661163994784,-0.0015466630458832453,194.23916625976562,0.7464333343505859,12.615182854647538,,1.8252195533719056,1.0,,0.00023864739292086442,0.00023626661163994784,1.8252195533719056,1.0,1.0,1.0
autoif,qwen25_14b_instruct,20.0,dataset_autoif_attack_autoif_helper_qwen25_14b_instruct_lm_target_qwen25_14b_instruct_judge_autoif_20_calibration_upb_unified_aht_v2,0.7,Endpoint/block,Endpoint/block,False,,50,0.6998266661167145,0.00047522087908481833,0.0004657465061382169,-0.00017333388328544252,165.89420684814453,0.3906466674804687,19.301041242967656,,2.2470965036802806,1.0,,0.0006146647805018865,0.0006038598756538105,4.585712304159883,0.7731382928704499,0.7712824198394442,0.4900212561616326
autoif,qwen25_14b_instruct,20.0,dataset_autoif_attack_autoif_helper_qwen25_14b_instruct_lm_target_qwen25_14b_instruct_judge_autoif_20_calibration_upb_unified_aht_v2,0.7,Endpoint/block,Endpoint/block + CRC,True,50.0,50,0.7039333355426788,0.0008071521124788986,0.0008064801987206212,0.003933335542678829,166.67782012939452,0.3974800002574921,13.202579023115888,,3.8035633596756315,1.0,1.0,0.0006146647805018865,0.0006038598756538105,4.585712304159883,1.313158225561325,1.3355419547414535,0.8294378511764174
autoif,qwen25_14b_instruct,20.0,dataset_autoif_attack_autoif_helper_qwen25_14b_instruct_lm_target_qwen25_14b_instruct_judge_autoif_20_calibration_upb_unified_aht_v2,0.7,Endpoint/block,Endpoint/block + CRC,True,100.0,50,0.7022333335876465,0.0007090670537281557,0.0006998734915673029,0.0022333335876465465,166.33836639404296,0.39467999994754793,16.47512536199135,,3.0827544400151674,0.96,1.0,0.0006146647805018865,0.0006038598756538105,4.585712304159883,1.1535833452978836,1.1589998272522024,0.6722520375337715
autoif,qwen25_14b_instruct,20.0,dataset_autoif_attack_autoif_helper_qwen25_14b_instruct_lm_target_qwen25_14b_instruct_judge_autoif_20_calibration_upb_unified_aht_v2,0.7,Endpoint/block,Endpoint/block + CRC,True,200.0,50,0.7030599963665009,0.0007043886957553385,0.0006996644996032304,0.0030599963665008945,166.49346008300782,0.39572000145912173,18.079266948743715,,3.0545966524227652,0.9,1.0,0.0006146647805018865,0.0006038598756538105,4.585712304159883,1.1459721104895426,1.158653733775059,0.6661117073680829
autoif,qwen25_14b_instruct,20.0,dataset_autoif_attack_autoif_helper_qwen25_14b_instruct_lm_target_qwen25_14b_instruct_judge_autoif_20_calibration_upb_unified_aht_v2,0.7,Information-gain,Information-gain,False,50.0,50,0.7005999994277954,0.0005048297526239156,0.0004950931568847921,0.0005999994277954279,165.95370025634764,0.3916266667842865,20.707032506521116,,2.6896717377656785,0.48,,0.0006146647805018865,0.0006038598756538105,4.585712304159883,0.8213090592431725,0.8198808644948389,0.5865330311554368
autoif,qwen25_14b_instruct,20.0,dataset_autoif_attack_autoif_helper_qwen25_14b_instruct_lm_target_qwen25_14b_instruct_judge_autoif_20_calibration_upb_unified_aht_v2,0.7,Information-gain,Information-gain,False,100.0,50,0.7060133302211762,0.0004536915354787193,0.0004807778451180558,0.006013330221176227,167.11991394042968,0.39996666729450225,20.249299639433108,,2.5614984316925167,0.56,,0.0006146647805018865,0.0006038598756538105,4.585712304159883,0.738112138307763,0.7961745174698163,0.5585824538902885
autoif,qwen25_14b_instruct,20.0,dataset_autoif_attack_autoif_helper_qwen25_14b_instruct_lm_target_qwen25_14b_instruct_judge_autoif_20_calibration_upb_unified_aht_v2,0.7,Information-gain,Information-gain,False,200.0,50,0.7032466614246369,0.00052528710854997,0.0005253221767851958,0.0032466614246369208,166.54099365234376,0.39576666593551635,20.157127919081884,,2.9463640742819552,0.46,,0.0006146647805018865,0.0006038598756538105,4.585712304159883,0.8545911937903165,0.8699405242257892,0.642509577325466
autoif,qwen25_14b_instruct,20.0,dataset_autoif_attack_autoif_helper_qwen25_14b_instruct_lm_target_qwen25_14b_instruct_judge_autoif_20_calibration_upb_unified_aht_v2,0.7,Information-gain,Information-gain + CRC,True,50.0,50,0.7083133351802826,0.0005629949370973778,0.0006208465801751551,0.008313335180282655,167.6022396850586,0.40398666739463807,13.091532470001718,,5.109795047368354,0.98,1.0,0.0006146647805018865,0.0006038598756538105,4.585712304159883,0.9159381746871534,1.0281302090206816,1.1142860058475659
autoif,qwen25_14b_instruct,20.0,dataset_autoif_attack_autoif_helper_qwen25_14b_instruct_lm_target_qwen25_14b_instruct_judge_autoif_20_calibration_upb_unified_aht_v2,0.7,Information-gain,Information-gain + CRC,True,100.0,50,0.7036933350563049,0.00048289713971242607,0.00048687992075630883,0.0036933350563049805,166.68816711425782,0.3969199997186661,16.547923097549457,,3.725077083126139,0.98,1.0,0.0006146647805018865,0.0006038598756538105,4.585712304159883,0.7856268246215938,0.8062796360317114,0.8123224563710577
autoif,qwen25_14b_instruct,20.0,dataset_autoif_attack_autoif_helper_qwen25_14b_instruct_lm_target_qwen25_14b_instruct_judge_autoif_20_calibration_upb_unified_aht_v2,0.7,Information-gain,Information-gain + CRC,True,200.0,50,0.7052599954605102,0.0006099875574524415,0.0006254553585479816,0.005259995460510258,166.95691986083983,0.39911999881267546,18.29337703295047,,3.7865962749907673,0.98,1.0,0.0006146647805018865,0.0006038598756538105,4.585712304159883,0.9923906116019434,1.0357624074141194,0.8257378622631416
autoif,qwen25_14b_instruct,20.0,dataset_autoif_attack_autoif_helper_qwen25_14b_instruct_lm_target_qwen25_14b_instruct_judge_autoif_20_calibration_upb_unified_aht_v2,0.7,Oracle,Oracle,False,,50,0.6997866714000702,0.0001717176900560963,0.00016832884534652236,-0.00021332859992972963,165.90182586669923,0.3901933342218399,123.59953999999999,,,,,0.0006146647805018865,0.0006038598756538105,4.585712304159883,0.27936803197978133,0.2787548107319923,
autoif,qwen25_14b_instruct,20.0,dataset_autoif_attack_autoif_helper_qwen25_14b_instruct_lm_target_qwen25_14b_instruct_judge_autoif_20_calibration_upb_unified_aht_v2,0.7,Residual,Residual,False,50.0,50,0.701626672744751,0.0003193815699333355,0.0003156400027531846,0.0016266727447510343,166.25036071777345,0.39346000015735627,20.602618878661193,,2.818046939992659,0.48,,0.0006146647805018865,0.0006038598756538105,4.585712304159883,0.5196028470551929,0.5227040501928286,0.614527635638262
autoif,qwen25_14b_instruct,20.0,dataset_autoif_attack_autoif_helper_qwen25_14b_instruct_lm_target_qwen25_14b_instruct_judge_autoif_20_calibration_upb_unified_aht_v2,0.7,Residual,Residual,False,100.0,50,0.6971933341026306,0.0006519142710377258,0.0006467533590764274,-0.0028066658973693315,165.24118743896486,0.38708000153303146,20.2226135429958,,2.886646242741104,0.56,,0.0006146647805018865,0.0006038598756538105,4.585712304159883,1.0606013093924533,1.0710321800668992,0.6294869916114257
autoif,qwen25_14b_instruct,20.0,dataset_autoif_attack_autoif_helper_qwen25_14b_instruct_lm_target_qwen25_14b_instruct_judge_autoif_20_calibration_upb_unified_aht_v2,0.7,Residual,Residual,False,200.0,50,0.7022333312034607,0.0005293253807905138,0.0005237266414390548,0.002233331203460698,166.36416046142577,0.3945599991083145,20.119273399227453,,3.1491973410726444,0.48,,0.0006146647805018865,0.0006038598756538105,4.585712304159883,0.8611610711749397,0.8672982964334335,0.686741149944335
autoif,qwen25_14b_instruct,20.0,dataset_autoif_attack_autoif_helper_qwen25_14b_instruct_lm_target_qwen25_14b_instruct_judge_autoif_20_calibration_upb_unified_aht_v2,0.7,Residual,Residual + CRC,True,50.0,50,0.6968266630172729,0.0010581101030939517,0.001047017968638016,-0.0031733369827270375,165.08746704101563,0.38696666568517685,13.089246374428146,,5.698997856769027,0.98,1.0,0.0006146647805018865,0.0006038598756538105,4.585712304159883,1.7214425434136358,1.7338757066850814,1.242772655318834
autoif,qwen25_14b_instruct,20.0,dataset_autoif_attack_autoif_helper_qwen25_14b_instruct_lm_target_qwen25_14b_instruct_judge_autoif_20_calibration_upb_unified_aht_v2,0.7,Residual,Residual + CRC,True,100.0,50,0.7019866669178009,0.00034973675903494277,0.0003466888692965286,0.0019866669178009166,166.36648010253907,0.39379333317279813,16.581534204658702,,3.840811962248966,0.98,1.0,0.0006146647805018865,0.0006038598756538105,4.585712304159883,0.5689877964853874,0.5741213868882445,0.8375606029110922
autoif,qwen25_14b_instruct,20.0,dataset_autoif_attack_autoif_helper_qwen25_14b_instruct_lm_target_qwen25_14b_instruct_judge_autoif_20_calibration_upb_unified_aht_v2,0.7,Residual,Residual + CRC,True,200.0,50,0.696726666688919,0.0007565971092837438,0.0007521798780635007,-0.003273333311080928,165.1309536743164,0.38644666731357574,18.31361619829304,,4.073387460980252,0.98,1.0,0.0006146647805018865,0.0006038598756538105,4.585712304159883,1.2309101371742277,1.2456199002278487,0.8882780233040609
autoif,qwen25_14b_instruct,20.0,dataset_autoif_attack_autoif_helper_qwen25_14b_instruct_lm_target_qwen25_14b_instruct_judge_autoif_20_calibration_upb_unified_aht_v2,0.7,Soft-prefix,Soft-prefix,False,50.0,50,0.700753333568573,0.0004042077425288319,0.0003966910991437943,0.0007533335685729892,166.13036712646485,0.3921466678380966,20.224670437281837,,2.0657665988884832,0.6,,0.0006146647805018865,0.0006038598756538105,4.585712304159883,0.6576068051252064,0.6569257457523392,0.45047889223546445
autoif,qwen25_14b_instruct,20.0,dataset_autoif_attack_autoif_helper_qwen25_14b_instruct_lm_target_qwen25_14b_instruct_judge_autoif_20_calibration_upb_unified_aht_v2,0.7,Soft-prefix,Soft-prefix,False,100.0,50,0.7010333323478699,0.0005031848555154919,0.0004941889341463367,0.001033332347869953,166.12082611083986,0.39242666602134707,19.89980418861644,,2.242599410168805,0.6,,0.0006146647805018865,0.0006038598756538105,4.585712304159883,0.8186329711369359,0.8183834595919607,0.4890405811403505
autoif,qwen25_14b_instruct,20.0,dataset_autoif_attack_autoif_helper_qwen25_14b_instruct_lm_target_qwen25_14b_instruct_judge_autoif_20_calibration_upb_unified_aht_v2,0.7,Soft-prefix,Soft-prefix,False,200.0,50,0.7027800011634827,0.0006337714405782378,0.0006288244182356382,0.0027800011634827593,166.41681213378905,0.3951133346557617,20.031700186092,,2.887880092505517,0.5,,0.0006146647805018865,0.0006038598756538105,4.585712304159883,1.0310846833631013,1.0413416151467227,0.6297560555392464
autoif,qwen25_14b_instruct,20.0,dataset_autoif_attack_autoif_helper_qwen25_14b_instruct_lm_target_qwen25_14b_instruct_judge_autoif_20_calibration_upb_unified_aht_v2,0.7,Soft-prefix,Soft-prefix + CRC,True,50.0,50,0.7005133354663848,0.0009575744258373002,0.000938686450621603,0.0005133354663848788,165.83880096435547,0.3923666673898697,13.03602133379208,,5.110218392053451,0.96,1.0,0.0006146647805018865,0.0006038598756538105,4.585712304159883,1.5578807444529696,1.5544772694249132,1.1143783240430865
autoif,qwen25_14b_instruct,20.0,dataset_autoif_attack_autoif_helper_qwen25_14b_instruct_lm_target_qwen25_14b_instruct_judge_autoif_20_calibration_upb_unified_aht_v2,0.7,Soft-prefix,Soft-prefix + CRC,True,100.0,50,0.7026399970054626,0.0005936548176643616,0.0005887513054999262,0.002639997005462691,166.4393408203125,0.39509333312511447,16.355240005575173,,3.131442487131878,0.98,1.0,0.0006146647805018865,0.0006038598756538105,4.585712304159883,0.9658188275886412,0.9749800065163695,0.6828693732686242
autoif,qwen25_14b_instruct,20.0,dataset_autoif_attack_autoif_helper_qwen25_14b_instruct_lm_target_qwen25_14b_instruct_judge_autoif_20_calibration_upb_unified_aht_v2,0.7,Soft-prefix,Soft-prefix + CRC,True,200.0,50,0.7020466673374176,0.0007822540944009042,0.0007707978597029383,0.0020466673374176514,166.24995910644532,0.39458666622638705,18.394472025202095,,3.4716516542282903,0.98,1.0,0.0006146647805018865,0.0006038598756538105,4.585712304159883,1.2726515642594285,1.2764515258914677,0.7570583202698992
autoif,qwen25_14b_instruct,20.0,dataset_autoif_attack_autoif_helper_qwen25_14b_instruct_lm_target_qwen25_14b_instruct_judge_autoif_20_calibration_upb_unified_aht_v2,0.7,Static,Static,False,,50,0.6987800037860871,0.0006146647805018865,0.0006038598756538105,-0.0012199962139128884,165.5931881713867,0.3891733342409134,12.359954184177665,,4.585712304159883,1.0,,0.0006146647805018865,0.0006038598756538105,4.585712304159883,1.0,1.0,1.0
autoif,qwen25_14b_instruct,20.0,dataset_autoif_attack_autoif_helper_qwen25_14b_instruct_lm_target_qwen25_14b_instruct_judge_autoif_20_calibration_upb_unified_aht_v2,0.8,Endpoint/block,Endpoint/block,False,,50,0.7993066704273224,0.00042264339485606993,0.00041467123285529795,-0.0006933295726776478,183.50669281005858,0.5504533338546753,19.463009650250875,,1.994250093289189,1.0,,0.00047154216374727706,0.0004624400358774494,3.350040767157956,0.8963003255051134,0.8967027088571315,0.5952912910313723
autoif,qwen25_14b_instruct,20.0,dataset_autoif_attack_autoif_helper_qwen25_14b_instruct_lm_target_qwen25_14b_instruct_judge_autoif_20_calibration_upb_unified_aht_v2,0.8,Endpoint/block,Endpoint/block + CRC,True,50.0,50,0.7996599984169006,0.000571793388197265,0.0005604731215098298,-0.0003400015830994363,183.420927734375,0.5510066676139832,13.04107545691667,,3.448142712813949,1.0,1.0,0.00047154216374727706,0.0004624400358774494,3.350040767157956,1.2126028850809567,1.2119909134735039,1.0292838065189334
autoif,qwen25_14b_instruct,20.0,dataset_autoif_attack_autoif_helper_qwen25_14b_instruct_lm_target_qwen25_14b_instruct_judge_autoif_20_calibration_upb_unified_aht_v2,0.8,Endpoint/block,Endpoint/block + CRC,True,100.0,50,0.7982066643238067,0.0005181492143754522,0.0005110022829354508,-0.0017933356761933306,183.24286682128906,0.5486266672611236,16.380543742583335,,2.78947547413981,1.0,1.0,0.00047154216374727706,0.0004624400358774494,3.350040767157956,1.0988396249824102,1.1050130682691817,0.8326691130109118
autoif,qwen25_14b_instruct,20.0,dataset_autoif_attack_autoif_helper_qwen25_14b_instruct_lm_target_qwen25_14b_instruct_judge_autoif_20_calibration_upb_unified_aht_v2,0.8,Endpoint/block,Endpoint/block + CRC,True,200.0,50,0.7986866652965545,0.0005669453459441589,0.00055733128706855,-0.0013133347034455234,183.26356048583983,0.5494466668367386,18.10941569383333,,2.7562022559584176,0.94,1.0,0.00047154216374727706,0.0004624400358774494,3.350040767157956,1.2023216363913813,1.2051968770633164,0.822736929943892
autoif,qwen25_14b_instruct,20.0,dataset_autoif_attack_autoif_helper_qwen25_14b_instruct_lm_target_qwen25_14b_instruct_judge_autoif_20_calibration_upb_unified_aht_v2,0.8,Information-gain,Information-gain,False,50.0,50,0.7975133335590363,0.0003210305728430879,0.00032079347137484166,-0.0024866664409637362,183.22751403808593,0.547059998512268,19.215155666854322,,2.1853824659676415,0.7,,0.00047154216374727706,0.0004624400358774494,3.350040767157956,0.6808098989322706,0.693697445045296,0.6523450363326876
autoif,qwen25_14b_instruct,20.0,dataset_autoif_attack_autoif_helper_qwen25_14b_instruct_lm_target_qwen25_14b_instruct_judge_autoif_20_calibration_upb_unified_aht_v2,0.8,Information-gain,Information-gain,False,100.0,50,0.8045000064373017,0.00028699904209064355,0.0003015091191845865,0.00450000643730164,184.20560668945313,0.5596533334255218,19.363560873949613,,2.010443654410439,0.76,,0.00047154216374727706,0.0004624400358774494,3.350040767157956,0.6086391931739548,0.6519961417538014,0.600125131049083
autoif,qwen25_14b_instruct,20.0,dataset_autoif_attack_autoif_helper_qwen25_14b_instruct_lm_target_qwen25_14b_instruct_judge_autoif_20_calibration_upb_unified_aht_v2,0.8,Information-gain,Information-gain,False,200.0,50,0.8030266666412353,0.00027705599272860246,0.0002806755838311969,0.0030266666412352983,183.95225219726564,0.5565666699409485,19.669878973710983,,2.304994965191447,0.72,,0.00047154216374727706,0.0004624400358774494,3.350040767157956,0.5875529571457169,0.606944818907458,0.6880498254792626
autoif,qwen25_14b_instruct,20.0,dataset_autoif_attack_autoif_helper_qwen25_14b_instruct_lm_target_qwen25_14b_instruct_judge_autoif_20_calibration_upb_unified_aht_v2,0.8,Information-gain,Information-gain + CRC,True,50.0,50,0.8043200016021729,0.0004821857681452641,0.0004912044666251343,0.004320001602172829,184.11121368408203,0.5595800030231476,12.699091193388286,,4.240737914746047,1.0,1.0,0.00047154216374727706,0.0004624400358774494,3.350040767157956,1.0225719038853363,1.0622014283281211,1.2658765100174358
autoif,qwen25_14b_instruct,20.0,dataset_autoif_attack_autoif_helper_qwen25_14b_instruct_lm_target_qwen25_14b_instruct_judge_autoif_20_calibration_upb_unified_aht_v2,0.8,Information-gain,Information-gain + CRC,True,100.0,50,0.7999333298206329,0.00039936060593434363,0.0003913778387284736,-6.667017936712316e-05,183.5800405883789,0.5516599988937378,16.476032063183286,,2.9620153938411,0.98,1.0,0.00047154216374727706,0.0004624400358774494,3.350040767157956,0.8469244887046429,0.846332082787469,0.884172939887522
autoif,qwen25_14b_instruct,20.0,dataset_autoif_attack_autoif_helper_qwen25_14b_instruct_lm_target_qwen25_14b_instruct_judge_autoif_20_calibration_upb_unified_aht_v2,0.8,Information-gain,Information-gain + CRC,True,200.0,50,0.8050266671180725,0.00032012177924816353,0.0003389867259791113,0.005026667118072425,184.2424935913086,0.5606733334064483,18.3410603375976,,2.8554756469259335,0.98,1.0,0.00047154216374727706,0.0004624400358774494,3.350040767157956,0.678882619327617,0.7330393125152029,0.852370417375072
autoif,qwen25_14b_instruct,20.0,dataset_autoif_attack_autoif_helper_qwen25_14b_instruct_lm_target_qwen25_14b_instruct_judge_autoif_20_calibration_upb_unified_aht_v2,0.8,Oracle,Oracle,False,,50,0.7999133384227752,0.00012633472102567607,0.0001238155368341296,-8.666157722481138e-05,183.60978607177734,0.5513599991798401,123.59953999999999,,,,,0.00047154216374727706,0.0004624400358774494,3.350040767157956,0.2679181857709444,0.2677439824153586,
autoif,qwen25_14b_instruct,20.0,dataset_autoif_attack_autoif_helper_qwen25_14b_instruct_lm_target_qwen25_14b_instruct_judge_autoif_20_calibration_upb_unified_aht_v2,0.8,Residual,Residual,False,50.0,50,0.799326663017273,0.00029396604559082685,0.0002885401073713183,-0.0006733369827270907,183.50588623046875,0.5504999947547913,19.117724029767743,,2.2784347142859223,0.7,,0.00047154216374727706,0.0004624400358774494,3.350040767157956,0.6234141253768728,0.623951399069141,0.6801214888554498
autoif,qwen25_14b_instruct,20.0,dataset_autoif_attack_autoif_helper_qwen25_14b_instruct_lm_target_qwen25_14b_instruct_judge_autoif_20_calibration_upb_unified_aht_v2,0.8,Residual,Residual,False,100.0,50,0.7988533389568329,0.00031962442477396195,0.0003145467678264,-0.0011466610431671853,183.45300659179688,0.5496533328294754,19.246849399456057,,2.2820349040703225,0.78,,0.00047154216374727706,0.0004624400358774494,3.350040767157956,0.6778278791316413,0.6801893076354608,0.6811961592951933
autoif,qwen25_14b_instruct,20.0,dataset_autoif_attack_autoif_helper_qwen25_14b_instruct_lm_target_qwen25_14b_instruct_judge_autoif_20_calibration_upb_unified_aht_v2,0.8,Residual,Residual,False,200.0,50,0.8032933306694031,0.00033130927748010325,0.00033552911882853186,0.0032933306694030717,184.04502716064454,0.5578133338689804,19.62153221400743,,2.5165591142033303,0.72,,0.00047154216374727706,0.0004624400358774494,3.350040767157956,0.7026079594817918,0.725562435769402,0.751202534271928
autoif,qwen25_14b_instruct,20.0,dataset_autoif_attack_autoif_helper_qwen25_14b_instruct_lm_target_qwen25_14b_instruct_judge_autoif_20_calibration_upb_unified_aht_v2,0.8,Residual,Residual + CRC,True,50.0,50,0.8011933326721191,0.00047518413185900144,0.00046710449208816826,0.001193332672119074,183.7087322998047,0.5541333329677581,12.66471407520458,,4.423758876189121,1.0,1.0,0.00047154216374727706,0.0004624400358774494,3.350040767157956,1.007723525893808,1.0100866184777197,1.3205089679974447
autoif,qwen25_14b_instruct,20.0,dataset_autoif_attack_autoif_helper_qwen25_14b_instruct_lm_target_qwen25_14b_instruct_judge_autoif_20_calibration_upb_unified_aht_v2,0.8,Residual,Residual + CRC,True,100.0,50,0.8003399968147278,0.0003249774415080224,0.000318593490511887,0.0003399968147277388,183.61864013671874,0.5522733318805695,16.447500980121717,,3.0293680000746703,0.96,1.0,0.00047154216374727706,0.0004624400358774494,3.350040767157956,0.6891800277741315,0.6889401128675569,0.9042779508157054
autoif,qwen25_14b_instruct,20.0,dataset_autoif_attack_autoif_helper_qwen25_14b_instruct_lm_target_qwen25_14b_instruct_judge_autoif_20_calibration_upb_unified_aht_v2,0.8,Residual,Residual + CRC,True,200.0,50,0.799339998960495,0.0003541608810514535,0.0003475132648025721,-0.0006600010395050315,183.4955206298828,0.5505000001192093,18.337736790470334,,3.0274905075892264,0.98,1.0,0.00047154216374727706,0.0004624400358774494,3.350040767157956,0.7510693810220245,0.751477462679434,0.9037175121178096
autoif,qwen25_14b_instruct,20.0,dataset_autoif_attack_autoif_helper_qwen25_14b_instruct_lm_target_qwen25_14b_instruct_judge_autoif_20_calibration_upb_unified_aht_v2,0.8,Soft-prefix,Soft-prefix,False,50.0,50,0.8011333346366882,0.00026834017308586606,0.00026425781702286587,0.001133334636688188,183.7460467529297,0.5535733306407928,19.079316431977,,1.4898216904681114,0.7,,0.00047154216374727706,0.0004624400358774494,3.350040767157956,0.5690693085712754,0.5714423417545458,0.4447174807762169
autoif,qwen25_14b_instruct,20.0,dataset_autoif_attack_autoif_helper_qwen25_14b_instruct_lm_target_qwen25_14b_instruct_judge_autoif_20_calibration_upb_unified_aht_v2,0.8,Soft-prefix,Soft-prefix,False,100.0,50,0.7982733356952667,0.00036969018526527593,0.0003652777511812106,-0.0017266643047333385,183.2957992553711,0.5486400002241134,19.25975773937214,,1.7289133195587956,0.76,,0.00047154216374727706,0.0004624400358774494,3.350040767157956,0.7840023940328088,0.7898921435037956,0.516087247805506
autoif,qwen25_14b_instruct,20.0,dataset_autoif_attack_autoif_helper_qwen25_14b_instruct_lm_target_qwen25_14b_instruct_judge_autoif_20_calibration_upb_unified_aht_v2,0.8,Soft-prefix,Soft-prefix,False,200.0,50,0.7993533337116241,0.0004742149189374474,0.0004651487978472204,-0.0006466662883759522,183.47561279296875,0.5509933352470398,19.64227223908042,,2.2255348017883367,0.66,,0.00047154216374727706,0.0004624400358774494,3.350040767157956,1.0056681149548332,1.0058575420803073,0.6643306623627728
autoif,qwen25_14b_instruct,20.0,dataset_autoif_attack_autoif_helper_qwen25_14b_instruct_lm_target_qwen25_14b_instruct_judge_autoif_20_calibration_upb_unified_aht_v2,0.8,Soft-prefix,Soft-prefix + CRC,True,50.0,50,0.797813332080841,0.00047301220095416073,0.0004683334735237567,-0.002186667919159002,183.20189971923827,0.5476933342218399,12.754696992257776,,3.125335000415012,0.98,1.0,0.00047154216374727706,0.0004624400358774494,3.350040767157956,1.0031175095673344,1.012744220199544,0.9329244679808552
autoif,qwen25_14b_instruct,20.0,dataset_autoif_attack_autoif_helper_qwen25_14b_instruct_lm_target_qwen25_14b_instruct_judge_autoif_20_calibration_upb_unified_aht_v2,0.8,Soft-prefix,Soft-prefix + CRC,True,100.0,50,0.8001066696643829,0.0003514896242575177,0.000344471210189667,0.00010666966438288572,183.56858673095704,0.5522000020742417,16.416231796874598,,2.209540053593654,0.96,1.0,0.00047154216374727706,0.0004624400358774494,3.350040767157956,0.7454044437177807,0.7448991944135106,0.6595561687651167
autoif,qwen25_14b_instruct,20.0,dataset_autoif_attack_autoif_helper_qwen25_14b_instruct_lm_target_qwen25_14b_instruct_judge_autoif_20_calibration_upb_unified_aht_v2,0.8,Soft-prefix,Soft-prefix + CRC,True,200.0,50,0.7982133316993714,0.00048234347241293916,0.00047588878658115177,-0.0017866683006286799,183.2269384765625,0.5487800019979477,18.460163565878698,,2.5360905434013694,0.9,1.0,0.00047154216374727706,0.0004624400358774494,3.350040767157956,1.0229063475041673,1.0290821504634309,0.7570327406949408
autoif,qwen25_14b_instruct,20.0,dataset_autoif_attack_autoif_helper_qwen25_14b_instruct_lm_target_qwen25_14b_instruct_judge_autoif_20_calibration_upb_unified_aht_v2,0.8,Static,Static,False,,50,0.8005733370780945,0.00047154216374727706,0.0004624400358774494,0.0005733370780944824,183.60599334716798,0.5528999960422516,12.359954184177665,,3.350040767157956,1.0,,0.00047154216374727706,0.0004624400358774494,3.350040767157956,1.0,1.0,1.0
autoif,qwen25_14b_instruct,20.0,dataset_autoif_attack_autoif_helper_qwen25_14b_instruct_lm_target_qwen25_14b_instruct_judge_autoif_20_calibration_upb_unified_aht_v2,0.9,Endpoint/block,Endpoint/block,False,,50,0.900939998626709,0.0002171414554735125,0.00021368222378225703,0.0009399986267090155,194.8914404296875,0.7439066660404205,19.463009650250875,,1.0969766320774872,1.0,,0.0001897660166808086,0.00018609554122744516,1.8540494798546936,1.144258910375666,1.1482393526081076,0.5916652408669589
autoif,qwen25_14b_instruct,20.0,dataset_autoif_attack_autoif_helper_qwen25_14b_instruct_lm_target_qwen25_14b_instruct_judge_autoif_20_calibration_upb_unified_aht_v2,0.9,Endpoint/block,Endpoint/block + CRC,True,50.0,50,0.8997866678237915,0.00024768593510612153,0.00024277772702140495,-0.00021333217620855827,194.80525299072266,0.7417533338069916,13.04107545691667,,1.923868327098587,1.0,1.0,0.0001897660166808086,0.00018609554122744516,1.8540494798546936,1.3052175486337776,1.3045864797194848,1.0376574886498526
autoif,qwen25_14b_instruct,20.0,dataset_autoif_attack_autoif_helper_qwen25_14b_instruct_lm_target_qwen25_14b_instruct_judge_autoif_20_calibration_upb_unified_aht_v2,0.9,Endpoint/block,Endpoint/block + CRC,True,100.0,50,0.8988133347034455,0.00024778296290893655,0.0002442354781768049,-0.0011866652965545343,194.72376708984376,0.7399199974536895,16.380543742583335,,1.5614115777846842,1.0,1.0,0.0001897660166808086,0.00018609554122744516,1.8540494798546936,1.3057288509444447,1.312419827825436,0.8421628412565645
autoif,qwen25_14b_instruct,20.0,dataset_autoif_attack_autoif_helper_qwen25_14b_instruct_lm_target_qwen25_14b_instruct_judge_autoif_20_calibration_upb_unified_aht_v2,0.9,Endpoint/block,Endpoint/block + CRC,True,200.0,50,0.9001933312416077,0.00022564667056514679,0.00022117111412282543,0.0001933312416076971,194.8358932495117,0.7427400028705597,18.10941569383333,,1.5265187737607568,0.94,1.0,0.0001897660166808086,0.00018609554122744516,1.8540494798546936,1.1890783951306223,1.1884815330019705,0.8233430608768834
autoif,qwen25_14b_instruct,20.0,dataset_autoif_attack_autoif_helper_qwen25_14b_instruct_lm_target_qwen25_14b_instruct_judge_autoif_20_calibration_upb_unified_aht_v2,0.9,Information-gain,Information-gain,False,50.0,50,0.9018200016021729,0.00022288526969957136,0.0002217399701374915,0.0018200016021728826,194.94282623291016,0.7455800008773804,19.99786408259436,,2.1405535142542886,0.54,,0.0001897660166808086,0.00018609554122744516,1.8540494798546936,1.17452678618675,1.1915383285109549,1.1545287962983863
autoif,qwen25_14b_instruct,20.0,dataset_autoif_attack_autoif_helper_qwen25_14b_instruct_lm_target_qwen25_14b_instruct_judge_autoif_20_calibration_upb_unified_aht_v2,0.9,Information-gain,Information-gain,False,100.0,50,0.9037933361530304,0.0002247886455244549,0.00023468227178385305,0.0037933361530303467,195.11309387207032,0.7501866674423218,20.014426218878754,,1.9761148150002787,0.5,,0.0001897660166808086,0.00018609554122744516,1.8540494798546936,1.1845569056895748,1.261084871974581,1.0658371507728865
autoif,qwen25_14b_instruct,20.0,dataset_autoif_attack_autoif_helper_qwen25_14b_instruct_lm_target_qwen25_14b_instruct_judge_autoif_20_calibration_upb_unified_aht_v2,0.9,Information-gain,Information-gain,False,200.0,50,0.8994399952888489,0.00030526272299767366,0.00029947107381423163,-0.0005600047111511408,194.7654602050781,0.7412733316421509,20.105088087680834,,2.1989227437637946,0.44,,0.0001897660166808086,0.00018609554122744516,1.8540494798546936,1.608626920335971,1.6092329340025369,1.1860108199141102
autoif,qwen25_14b_instruct,20.0,dataset_autoif_attack_autoif_helper_qwen25_14b_instruct_lm_target_qwen25_14b_instruct_judge_autoif_20_calibration_upb_unified_aht_v2,0.9,Information-gain,Information-gain + CRC,True,50.0,50,0.9054133296012878,0.0004064106139337271,0.0004275865390272317,0.00541332960128782,195.20603424072266,0.7537266671657562,12.75750953381053,,3.4191806204685644,1.0,1.0,0.0001897660166808086,0.00018609554122744516,1.8540494798546936,2.1416406427359456,2.2976721323195877,1.8441690244084177
autoif,qwen25_14b_instruct,20.0,dataset_autoif_attack_autoif_helper_qwen25_14b_instruct_lm_target_qwen25_14b_instruct_judge_autoif_20_calibration_upb_unified_aht_v2,0.9,Information-gain,Information-gain + CRC,True,100.0,50,0.9033800029754638,0.00026881184437943994,0.0002748600276059957,0.003380002975463814,195.05702606201172,0.7493133294582367,16.470168810725568,,2.8371772910887048,1.0,1.0,0.0001897660166808086,0.00018609554122744516,1.8540494798546936,1.416543641908174,1.4769834128914618,1.5302597486832235
autoif,qwen25_14b_instruct,20.0,dataset_autoif_attack_autoif_helper_qwen25_14b_instruct_lm_target_qwen25_14b_instruct_judge_autoif_20_calibration_upb_unified_aht_v2,0.9,Information-gain,Information-gain + CRC,True,200.0,50,0.9035199975967407,0.00026013228457059636,0.0002673200219602447,0.0035199975967407093,195.09642639160157,0.7498066699504853,18.39189590284454,,2.7636608342231814,1.0,1.0,0.0001897660166808086,0.00018609554122744516,1.8540494798546936,1.3708054219641743,1.4364665601177802,1.4906079175620364
autoif,qwen25_14b_instruct,20.0,dataset_autoif_attack_autoif_helper_qwen25_14b_instruct_lm_target_qwen25_14b_instruct_judge_autoif_20_calibration_upb_unified_aht_v2,0.9,Oracle,Oracle,False,,50,0.9008466649055481,5.796472464287009e-05,5.752227161229942e-05,0.0008466649055480779,194.8469204711914,0.7418200016021729,123.59953999999999,,,,,0.0001897660166808086,0.00018609554122744516,1.8540494798546936,0.305453661602479,0.30910075132856596,
autoif,qwen25_14b_instruct,20.0,dataset_autoif_attack_autoif_helper_qwen25_14b_instruct_lm_target_qwen25_14b_instruct_judge_autoif_20_calibration_upb_unified_aht_v2,0.9,Residual,Residual,False,50.0,50,0.9036066722869873,0.00019778986019610898,0.00020684214797790892,0.0036066722869873002,195.06792755126952,0.7488733386993408,20.0280707518077,,2.2573230038993093,0.54,,0.0001897660166808086,0.00018609554122744516,1.8540494798546936,1.0422828262701889,1.1114836315455154,1.2175095802061449
autoif,qwen25_14b_instruct,20.0,dataset_autoif_attack_autoif_helper_qwen25_14b_instruct_lm_target_qwen25_14b_instruct_judge_autoif_20_calibration_upb_unified_aht_v2,0.9,Residual,Residual,False,100.0,50,0.9024533331394196,0.00020176764807541004,0.000203751138606876,0.0024533331394195335,194.9994595336914,0.746873334646225,20.018725902138275,,2.0561102449689286,0.5,,0.0001897660166808086,0.00018609554122744516,1.8540494798546936,1.063244365901343,1.0948738334243713,1.1089834803815868
autoif,qwen25_14b_instruct,20.0,dataset_autoif_attack_autoif_helper_qwen25_14b_instruct_lm_target_qwen25_14b_instruct_judge_autoif_20_calibration_upb_unified_aht_v2,0.9,Residual,Residual,False,200.0,50,0.900460000038147,0.00024762767567460036,0.00024288672219620355,0.000460000038146946,194.86715240478514,0.7434666669368744,20.107950626089977,,2.2490741646039445,0.48,,0.0001897660166808086,0.00018609554122744516,1.8540494798546936,1.3049105419708344,1.3051721744334994,1.2130604868108537
autoif,qwen25_14b_instruct,20.0,dataset_autoif_attack_autoif_helper_qwen25_14b_instruct_lm_target_qwen25_14b_instruct_judge_autoif_20_calibration_upb_unified_aht_v2,0.9,Residual,Residual + CRC,True,50.0,50,0.9003133392333984,0.000320047102672633,0.00031374434209436696,0.00031333923339837977,194.84190734863282,0.7434799993038177,12.760900588729784,,3.7085902945245706,1.0,1.0,0.0001897660166808086,0.00018609554122744516,1.8540494798546936,1.686535388530395,1.6859315383107971,2.000265006312141
autoif,qwen25_14b_instruct,20.0,dataset_autoif_attack_autoif_helper_qwen25_14b_instruct_lm_target_qwen25_14b_instruct_judge_autoif_20_calibration_upb_unified_aht_v2,0.9,Residual,Residual + CRC,True,100.0,50,0.9023866653442383,0.00025911269011121555,0.00025962660777437916,0.002386665344238259,194.98668060302734,0.7468466651439667,16.485104712846116,,2.8959339939622764,1.0,1.0,0.0001897660166808086,0.00018609554122744516,1.8540494798546936,1.365432518652957,1.3951253536862802,1.5619507599059534
autoif,qwen25_14b_instruct,20.0,dataset_autoif_attack_autoif_helper_qwen25_14b_instruct_lm_target_qwen25_14b_instruct_judge_autoif_20_calibration_upb_unified_aht_v2,0.9,Residual,Residual + CRC,True,200.0,50,0.900880001783371,0.0003566701932604958,0.000350311192534022,0.0008800017833709983,194.88469329833984,0.7448733305931091,18.401376781948088,,2.7483428414835385,1.0,1.0,0.0001897660166808086,0.00018609554122744516,1.8540494798546936,1.8795261633194544,1.8824265762814445,1.4823460060509996
autoif,qwen25_14b_instruct,20.0,dataset_autoif_attack_autoif_helper_qwen25_14b_instruct_lm_target_qwen25_14b_instruct_judge_autoif_20_calibration_upb_unified_aht_v2,0.9,Soft-prefix,Soft-prefix,False,50.0,50,0.8999000024795533,0.00023019162667447328,0.00022559779364507933,-9.999752044675958e-05,194.8125,0.741893334388733,20.14362796279653,,1.2314593569077454,0.52,,0.0001897660166808086,0.00018609554122744516,1.8540494798546936,1.2130287113612213,1.21226866671327,0.6641998340865519
autoif,qwen25_14b_instruct,20.0,dataset_autoif_attack_autoif_helper_qwen25_14b_instruct_lm_target_qwen25_14b_instruct_judge_autoif_20_calibration_upb_unified_aht_v2,0.9,Soft-prefix,Soft-prefix,False,100.0,50,0.900733335018158,0.00024276646003185026,0.00023844891108007005,0.0007333350181579767,194.87186706542968,0.7437000012397766,20.062098397408835,,1.3127708666577889,0.5,,0.0001897660166808086,0.00018609554122744516,1.8540494798546936,1.2792936495062222,1.2813252241687985,0.7080560043956723
autoif,qwen25_14b_instruct,20.0,dataset_autoif_attack_autoif_helper_qwen25_14b_instruct_lm_target_qwen25_14b_instruct_judge_autoif_20_calibration_upb_unified_aht_v2,0.9,Soft-prefix,Soft-prefix,False,200.0,50,0.8998266637325287,0.0002230758862325296,0.0002186444139695,-0.00017333626747129127,194.82049987792968,0.7421333336830139,20.15118418009971,,1.6714504975560573,0.42,,0.0001897660166808086,0.00018609554122744516,1.8540494798546936,1.1755312681076564,1.1749040977949803,0.9015134254599575
autoif,qwen25_14b_instruct,20.0,dataset_autoif_attack_autoif_helper_qwen25_14b_instruct_lm_target_qwen25_14b_instruct_judge_autoif_20_calibration_upb_unified_aht_v2,0.9,Soft-prefix,Soft-prefix + CRC,True,50.0,50,0.9004000008106232,0.0002569704631583625,0.0002519910545436943,0.00040000081062319115,194.86081329345703,0.7433533346652985,12.820715234373175,,2.2792564197970755,1.0,1.0,0.0001897660166808086,0.00018609554122744516,1.8540494798546936,1.3541437379201227,1.3540950679506711,1.2293395858969776
autoif,qwen25_14b_instruct,20.0,dataset_autoif_attack_autoif_helper_qwen25_14b_instruct_lm_target_qwen25_14b_instruct_judge_autoif_20_calibration_upb_unified_aht_v2,0.9,Soft-prefix,Soft-prefix + CRC,True,100.0,50,0.9005333340167999,0.00026973700944228033,0.00026462671442691065,0.0005333340167998912,194.83964080810546,0.7430400002002716,16.494504602162397,,1.810797813302055,0.98,1.0,0.0001897660166808086,0.00018609554122744516,1.8540494798546936,1.4214189355936422,1.4219938461797161,0.9766717841014533
autoif,qwen25_14b_instruct,20.0,dataset_autoif_attack_autoif_helper_qwen25_14b_instruct_lm_target_qwen25_14b_instruct_judge_autoif_20_calibration_upb_unified_aht_v2,0.9,Soft-prefix,Soft-prefix + CRC,True,200.0,50,0.9005000007152557,0.0002578467951116138,0.00025293985992463783,0.0005000007152556885,194.84400085449218,0.7432600021362304,18.456625739933344,,1.985746478588154,1.0,1.0,0.0001897660166808086,0.00018609554122744516,1.8540494798546936,1.358761698335687,1.359193553248521,1.0710320841835257
autoif,qwen25_14b_instruct,20.0,dataset_autoif_attack_autoif_helper_qwen25_14b_instruct_lm_target_qwen25_14b_instruct_judge_autoif_20_calibration_upb_unified_aht_v2,0.9,Static,Static,False,,50,0.9003533339500427,0.0001897660166808086,0.00018609554122744516,0.0003533339500426669,194.85449401855467,0.7429733371734619,12.359954184177665,,1.8540494798546936,1.0,,0.0001897660166808086,0.00018609554122744516,1.8540494798546936,1.0,1.0,1.0
hallucination3,llama_31_8B_instruct,10.0,dataset_hallucination3_attack_hallucination_attack_qwen25_14b_instruct_lm_target_llama_31_8B_instruct_judge_llm-judge_qwen25_14b_instruct_10_calibration_upb,0.7,Endpoint/block,Endpoint/block,False,,50,0.6997266685962678,0.00022700085360281513,0.00022253554658702507,-0.0002733314037322021,18.296073417663575,0.0,9.686806568168523,,0.5623264409501371,0.98,,0.000661315400660182,0.0006487290914262756,3.9949411944314814,0.34325656619549966,0.3430330927471825,0.14075962913645879
hallucination3,llama_31_8B_instruct,10.0,dataset_hallucination3_attack_hallucination_attack_qwen25_14b_instruct_lm_target_llama_31_8B_instruct_judge_llm-judge_qwen25_14b_instruct_10_calibration_upb,0.7,Endpoint/block,Endpoint/block + CRC,True,50.0,50,0.6997599995136261,0.0008117824981067613,0.0007956044483780856,-0.00024000048637384808,18.361013450622558,0.0,2.525379392874675,,4.836426233167173,1.0,1.0,0.000661315400660182,0.0006487290914262756,3.9949411944314814,1.2275269822786072,1.2264047641657234,1.2106376534174348
hallucination3,llama_31_8B_instruct,10.0,dataset_hallucination3_attack_hallucination_attack_qwen25_14b_instruct_lm_target_llama_31_8B_instruct_judge_llm-judge_qwen25_14b_instruct_10_calibration_upb,0.7,Endpoint/block,Endpoint/block + CRC,True,100.0,50,0.6991733312606812,0.0003775340403379056,0.0003706667407357143,-0.0008266687393188032,18.280620098114014,0.0,6.044627695756809,,1.439937502230936,1.0,1.0,0.000661315400660182,0.0006487290914262756,3.9949411944314814,0.5708834845839347,0.5713736991827789,0.360440224811833
hallucination3,llama_31_8B_instruct,10.0,dataset_hallucination3_attack_hallucination_attack_qwen25_14b_instruct_lm_target_llama_31_8B_instruct_judge_llm-judge_qwen25_14b_instruct_10_calibration_upb,0.7,Endpoint/block,Endpoint/block + CRC,True,200.0,50,0.6999533355236054,0.0002853379994176382,0.00027963341700264265,-4.66644763945645e-05,18.299360122680664,0.0,7.957397655064763,,0.9122108771937658,1.0,1.0,0.000661315400660182,0.0006487290914262756,3.9949411944314814,0.4314703681976697,0.43104806104478727,0.22834150311531237
hallucination3,llama_31_8B_instruct,10.0,dataset_hallucination3_attack_hallucination_attack_qwen25_14b_instruct_lm_target_llama_31_8B_instruct_judge_llm-judge_qwen25_14b_instruct_10_calibration_upb,0.7,Information-gain,Information-gain,False,50.0,50,0.6988199961185455,0.0002382414074695291,0.00023486898848038598,-0.00118000388145445,18.26170665740967,0.0,9.927476132008984,,0.6703301142828602,0.6,,0.000661315400660182,0.0006487290914262756,3.9949411944314814,0.3602538323343083,0.3620447912456189,0.16779473881048068
hallucination3,llama_31_8B_instruct,10.0,dataset_hallucination3_attack_hallucination_attack_qwen25_14b_instruct_lm_target_llama_31_8B_instruct_judge_llm-judge_qwen25_14b_instruct_10_calibration_upb,0.7,Information-gain,Information-gain,False,100.0,50,0.6998200023174286,0.00022863134778752984,0.00022409111999751016,-0.0001799976825713756,18.30646671295166,0.0,9.996754053093492,,0.5171937483958465,0.52,,0.000661315400660182,0.0006487290914262756,3.9949411944314814,0.345722098047755,0.34543097104652787,0.12946216808316452
hallucination3,llama_31_8B_instruct,10.0,dataset_hallucination3_attack_hallucination_attack_qwen25_14b_instruct_lm_target_llama_31_8B_instruct_judge_llm-judge_qwen25_14b_instruct_10_calibration_upb,0.7,Information-gain,Information-gain,False,200.0,50,0.7009800016880036,0.00023446908376721214,0.00023074010540035782,0.0009800016880036067,18.383593521118165,0.0,9.979634952507203,,0.4817832452411557,0.64,,0.000661315400660182,0.0006487290914262756,3.9949411944314814,0.35454955915610753,0.35568021913902426,0.12059833218889673
hallucination3,llama_31_8B_instruct,10.0,dataset_hallucination3_attack_hallucination_attack_qwen25_14b_instruct_lm_target_llama_31_8B_instruct_judge_llm-judge_qwen25_14b_instruct_10_calibration_upb,0.7,Information-gain,Information-gain + CRC,True,50.0,50,0.7008266639709473,0.0007111076281036419,0.0006975688488624315,0.0008266639709473278,18.46663345336914,0.0,2.399259724449465,,5.68156099924132,1.0,1.0,0.000661315400660182,0.0006487290914262756,3.9949411944314814,1.0752927081295143,1.0752852894707994,1.42218889408455
hallucination3,llama_31_8B_instruct,10.0,dataset_hallucination3_attack_hallucination_attack_qwen25_14b_instruct_lm_target_llama_31_8B_instruct_judge_llm-judge_qwen25_14b_instruct_10_calibration_upb,0.7,Information-gain,Information-gain + CRC,True,100.0,50,0.6996466672420502,0.00032346214510539114,0.00031711774624112364,-0.000353332757949798,18.30152660369873,0.0,6.330373506955795,,1.483242073525336,1.0,1.0,0.000661315400660182,0.0006487290914262756,3.9949411944314814,0.48911932911661116,0.4888292361668542,0.3712800768113473
hallucination3,llama_31_8B_instruct,10.0,dataset_hallucination3_attack_hallucination_attack_qwen25_14b_instruct_lm_target_llama_31_8B_instruct_judge_llm-judge_qwen25_14b_instruct_10_calibration_upb,0.7,Information-gain,Information-gain + CRC,True,200.0,50,0.7015933334827423,0.0002716113626466535,0.0002687178469809483,0.0015933334827423762,18.421619987487794,0.0,8.19532212807902,,0.8420116495319496,1.0,1.0,0.000661315400660182,0.0006487290914262756,3.9949411944314814,0.4107138021819961,0.4142219772974164,0.2107694728286923
hallucination3,llama_31_8B_instruct,10.0,dataset_hallucination3_attack_hallucination_attack_qwen25_14b_instruct_lm_target_llama_31_8B_instruct_judge_llm-judge_qwen25_14b_instruct_10_calibration_upb,0.7,Oracle,Oracle,False,,50,0.6998733341693878,0.00014610832113875927,0.00014320219894862872,-0.0001266658306121604,18.28574016571045,0.0,21.013819999999996,,,,,0.000661315400660182,0.0006487290914262756,3.9949411944314814,0.22093591196107237,0.22074268109942288,
hallucination3,llama_31_8B_instruct,10.0,dataset_hallucination3_attack_hallucination_attack_qwen25_14b_instruct_lm_target_llama_31_8B_instruct_judge_llm-judge_qwen25_14b_instruct_10_calibration_upb,0.7,Residual,Residual,False,50.0,50,0.7023266625404357,0.00024559411615399535,0.0002460955924079828,0.0023266625404357866,18.482746620178222,0.0,9.80074917743245,,0.7919719165075915,0.64,,0.000661315400660182,0.0006487290914262756,3.9949411944314814,0.3713721409010317,0.3793503261383341,0.19824369820800244
hallucination3,llama_31_8B_instruct,10.0,dataset_hallucination3_attack_hallucination_attack_qwen25_14b_instruct_lm_target_llama_31_8B_instruct_judge_llm-judge_qwen25_14b_instruct_10_calibration_upb,0.7,Residual,Residual,False,100.0,50,0.7001333379745484,0.0002446758269142513,0.00023980008939142295,0.00013333797454839758,18.318959922790526,0.0,9.932010989147152,,0.5261082210272613,0.6,,0.000661315400660182,0.0006487290914262756,3.9949411944314814,0.369983561051194,0.3696459624836708,0.13169360834662588
hallucination3,llama_31_8B_instruct,10.0,dataset_hallucination3_attack_hallucination_attack_qwen25_14b_instruct_lm_target_llama_31_8B_instruct_judge_llm-judge_qwen25_14b_instruct_10_calibration_upb,0.7,Residual,Residual,False,200.0,50,0.7012866640090942,0.0002130429890834298,0.00021043763357405973,0.0012866640090942738,18.392540016174316,0.0,9.93769187152567,,0.5332885032711836,0.64,,0.000661315400660182,0.0006487290914262756,3.9949411944314814,0.3221503519663264,0.32438445624721113,0.13349095201064046
hallucination3,llama_31_8B_instruct,10.0,dataset_hallucination3_attack_hallucination_attack_qwen25_14b_instruct_lm_target_llama_31_8B_instruct_judge_llm-judge_qwen25_14b_instruct_10_calibration_upb,0.7,Residual,Residual + CRC,True,50.0,50,0.6971800053119659,0.0007598466467992107,0.0007526020839037667,-0.0028199946880340665,18.193659954071045,0.0,2.373789862669324,,5.679091278024157,1.0,1.0,0.000661315400660182,0.0006487290914262756,3.9949411944314814,1.1489928195240369,1.1601176729243314,1.4215706819264824
hallucination3,llama_31_8B_instruct,10.0,dataset_hallucination3_attack_hallucination_attack_qwen25_14b_instruct_lm_target_llama_31_8B_instruct_judge_llm-judge_qwen25_14b_instruct_10_calibration_upb,0.7,Residual,Residual + CRC,True,100.0,50,0.7033466649055481,0.00031288855505572294,0.00031783094994463604,0.0033466649055481357,18.55717987060547,0.0,6.360297434599004,,1.5508927035316904,1.0,1.0,0.000661315400660182,0.0006487290914262756,3.9949411944314814,0.4731306041616007,0.48992862220170025,0.38821415085995964
hallucination3,llama_31_8B_instruct,10.0,dataset_hallucination3_attack_hallucination_attack_qwen25_14b_instruct_lm_target_llama_31_8B_instruct_judge_llm-judge_qwen25_14b_instruct_10_calibration_upb,0.7,Residual,Residual + CRC,True,200.0,50,0.7010333347320556,0.00030282210458845694,0.00029783344316516045,0.0010333347320556907,18.397326736450196,0.0,8.189534189051361,,0.8300725711808038,1.0,1.0,0.000661315400660182,0.0006487290914262756,3.9949411944314814,0.4579087441274675,0.45910295545765195,0.20778092361855932
hallucination3,llama_31_8B_instruct,10.0,dataset_hallucination3_attack_hallucination_attack_qwen25_14b_instruct_lm_target_llama_31_8B_instruct_judge_llm-judge_qwen25_14b_instruct_10_calibration_upb,0.7,Soft-prefix,Soft-prefix,False,50.0,50,0.7008733308315277,0.00020720584362567745,0.00020382443349446083,0.000873330831527741,18.358893280029296,0.0,9.720541373268198,,0.744749481087605,0.66,,0.000661315400660182,0.0006487290914262756,3.9949411944314814,0.31332378380849246,0.3141903703537308,0.18642313987642814
hallucination3,llama_31_8B_instruct,10.0,dataset_hallucination3_attack_hallucination_attack_qwen25_14b_instruct_lm_target_llama_31_8B_instruct_judge_llm-judge_qwen25_14b_instruct_10_calibration_upb,0.7,Soft-prefix,Soft-prefix,False,100.0,50,0.7001933324337005,0.00023333363116510898,0.00022870433597172737,0.00019333243370056596,18.32437328338623,0.0,9.881988428192152,,0.532285047232474,0.56,,0.000661315400660182,0.0006487290914262756,3.9949411944314814,0.3528325983822171,0.3525421304429328,0.13323977033114334
hallucination3,llama_31_8B_instruct,10.0,dataset_hallucination3_attack_hallucination_attack_qwen25_14b_instruct_lm_target_llama_31_8B_instruct_judge_llm-judge_qwen25_14b_instruct_10_calibration_upb,0.7,Soft-prefix,Soft-prefix,False,200.0,50,0.7012333297729492,0.00021653181424683248,0.00021372228029073895,0.0012333297729492099,18.39333324432373,0.0,9.884961227385993,,0.4625733008003233,0.62,,0.000661315400660182,0.0006487290914262756,3.9949411944314814,0.3274259362940463,0.3294476586842372,0.11578976467666176
hallucination3,llama_31_8B_instruct,10.0,dataset_hallucination3_attack_hallucination_attack_qwen25_14b_instruct_lm_target_llama_31_8B_instruct_judge_llm-judge_qwen25_14b_instruct_10_calibration_upb,0.7,Soft-prefix,Soft-prefix + CRC,True,50.0,50,0.6965666675567627,0.0009382597181318914,0.0009312822954350391,-0.0034333324432372914,18.20586004257202,0.0,2.3724948622482707,,5.577640697571285,1.0,1.0,0.000661315400660182,0.0006487290914262756,3.9949411944314814,1.418777964637206,1.4355488411773716,1.3961759200225317
hallucination3,llama_31_8B_instruct,10.0,dataset_hallucination3_attack_hallucination_attack_qwen25_14b_instruct_lm_target_llama_31_8B_instruct_judge_llm-judge_qwen25_14b_instruct_10_calibration_upb,0.7,Soft-prefix,Soft-prefix + CRC,True,100.0,50,0.6999466681480407,0.0002971172561827512,0.00029117775534552944,-5.333185195921519e-05,18.32618013381958,0.0,6.323029227292825,,1.4916429775016615,1.0,1.0,0.000661315400660182,0.0006487290914262756,3.9949411944314814,0.44928222733984896,0.44884337575389915,0.37338296232766865
hallucination3,llama_31_8B_instruct,10.0,dataset_hallucination3_attack_hallucination_attack_qwen25_14b_instruct_lm_target_llama_31_8B_instruct_judge_llm-judge_qwen25_14b_instruct_10_calibration_upb,0.7,Soft-prefix,Soft-prefix + CRC,True,200.0,50,0.7006200015544891,0.00025878470174759934,0.0002539934096402164,0.000620001554489158,18.35627998352051,0.0,8.165605001800577,,0.8326827375886339,1.0,1.0,0.000661315400660182,0.0006487290914262756,3.9949411944314814,0.39131812368086116,0.3915246178983501,0.2084342915358314
hallucination3,llama_31_8B_instruct,10.0,dataset_hallucination3_attack_hallucination_attack_qwen25_14b_instruct_lm_target_llama_31_8B_instruct_judge_llm-judge_qwen25_14b_instruct_10_calibration_upb,0.7,Static,Static,False,,50,0.7007999992370606,0.000661315400660182,0.0006487290914262756,0.0007999992370606446,18.42644660949707,0.0,2.5171702650609116,,3.9949411944314814,1.0,,0.000661315400660182,0.0006487290914262756,3.9949411944314814,1.0,1.0,1.0
hallucination3,llama_31_8B_instruct,10.0,dataset_hallucination3_attack_hallucination_attack_qwen25_14b_instruct_lm_target_llama_31_8B_instruct_judge_llm-judge_qwen25_14b_instruct_10_calibration_upb,0.8,Endpoint/block,Endpoint/block,False,,50,0.7993400001525879,0.00021629703719524946,0.00021240669624992853,-0.0006599998474121627,27.358173370361328,0.0,9.68722264764865,,0.442353638344289,0.98,,0.0003742411771021216,0.0003667911960688883,3.08961718967792,0.5779616205520514,0.5790943144939491,0.1431742546688778
hallucination3,llama_31_8B_instruct,10.0,dataset_hallucination3_attack_hallucination_attack_qwen25_14b_instruct_lm_target_llama_31_8B_instruct_judge_llm-judge_qwen25_14b_instruct_10_calibration_upb,0.8,Endpoint/block,Endpoint/block + CRC,True,50.0,50,0.7973999989032745,0.0006896052730524333,0.0006825731732943583,-0.002600001096725535,27.400840072631837,0.0,2.5253751571071392,,3.763938061109741,1.0,1.0,0.0003742411771021216,0.0003667911960688883,3.08961718967792,1.8426761009899677,1.860931179946211,1.218253858013431
hallucination3,llama_31_8B_instruct,10.0,dataset_hallucination3_attack_hallucination_attack_qwen25_14b_instruct_lm_target_llama_31_8B_instruct_judge_llm-judge_qwen25_14b_instruct_10_calibration_upb,0.8,Endpoint/block,Endpoint/block + CRC,True,100.0,50,0.7978733313083649,0.0003175187376423347,0.0003156910826134693,-0.0021266686916351363,27.23492000579834,0.0,6.039258321006015,,1.1235957241420378,1.0,1.0,0.0003742411771021216,0.0003667911960688883,3.08961718967792,0.8484334623490438,0.8606833697125552,0.3636682654070707
hallucination3,llama_31_8B_instruct,10.0,dataset_hallucination3_attack_hallucination_attack_qwen25_14b_instruct_lm_target_llama_31_8B_instruct_judge_llm-judge_qwen25_14b_instruct_10_calibration_upb,0.8,Endpoint/block,Endpoint/block + CRC,True,200.0,50,0.7989600026607513,0.0002702614218823776,0.0002659377879103745,-0.001039997339248755,27.370400161743163,0.0,7.9486200587891,,0.7124837314956545,1.0,1.0,0.0003742411771021216,0.0003667911960688883,3.08961718967792,0.7221584326318791,0.7250386344072114,0.23060582841006524
hallucination3,llama_31_8B_instruct,10.0,dataset_hallucination3_attack_hallucination_attack_qwen25_14b_instruct_lm_target_llama_31_8B_instruct_judge_llm-judge_qwen25_14b_instruct_10_calibration_upb,0.8,Information-gain,Information-gain,False,50.0,50,0.7987399995326996,0.00018318953649810074,0.0001811133469457361,-0.0012600004673004594,27.27629997253418,0.0,9.95014741013964,,0.7290318080516084,0.64,,0.0003742411771021216,0.0003667911960688883,3.08961718967792,0.48949593926729407,0.4937777920703435,0.23596185653265572
hallucination3,llama_31_8B_instruct,10.0,dataset_hallucination3_attack_hallucination_attack_qwen25_14b_instruct_lm_target_llama_31_8B_instruct_judge_llm-judge_qwen25_14b_instruct_10_calibration_upb,0.8,Information-gain,Information-gain,False,100.0,50,0.799159996509552,0.00018184695848183147,0.0001789156251761597,-0.0008400034904479936,27.315906639099122,0.0,9.998571179829746,,0.5872987120592916,0.52,,0.0003742411771021216,0.0003667911960688883,3.08961718967792,0.48590847188418745,0.48778604037856177,0.19008785749295856
hallucination3,llama_31_8B_instruct,10.0,dataset_hallucination3_attack_hallucination_attack_qwen25_14b_instruct_lm_target_llama_31_8B_instruct_judge_llm-judge_qwen25_14b_instruct_10_calibration_upb,0.8,Information-gain,Information-gain,False,200.0,50,0.7996533346176148,0.00016472984918442654,0.00016155542908808228,-0.00034666538238525835,27.39020664215088,0.0,9.969288059091735,,0.48797349175701327,0.58,,0.0003742411771021216,0.0003667911960688883,3.08961718967792,0.44017029462120266,0.44045612550018787,0.1579397905304516
hallucination3,llama_31_8B_instruct,10.0,dataset_hallucination3_attack_hallucination_attack_qwen25_14b_instruct_lm_target_llama_31_8B_instruct_judge_llm-judge_qwen25_14b_instruct_10_calibration_upb,0.8,Information-gain,Information-gain + CRC,True,50.0,50,0.8008066630363464,0.0011230705843435405,0.001101259877910877,0.0008066630363463556,28.26225337982178,0.0,2.421207453319618,,5.2626401509991805,1.0,1.0,0.0003742411771021216,0.0003667911960688883,3.08961718967792,3.000927351286844,3.002416333090083,1.7033308102314737
hallucination3,llama_31_8B_instruct,10.0,dataset_hallucination3_attack_hallucination_attack_qwen25_14b_instruct_lm_target_llama_31_8B_instruct_judge_llm-judge_qwen25_14b_instruct_10_calibration_upb,0.8,Information-gain,Information-gain + CRC,True,100.0,50,0.7972800016403199,0.00028387440118640185,0.0002855953042393369,-0.0027199983596801758,27.158780021667482,0.0,6.322509750219727,,1.4750939784468764,1.0,1.0,0.0003742411771021216,0.0003667911960688883,3.08961718967792,0.7585333163617621,0.7786318409499073,0.4774358400694453
hallucination3,llama_31_8B_instruct,10.0,dataset_hallucination3_attack_hallucination_attack_qwen25_14b_instruct_lm_target_llama_31_8B_instruct_judge_llm-judge_qwen25_14b_instruct_10_calibration_upb,0.8,Information-gain,Information-gain + CRC,True,200.0,50,0.7985399985313415,0.00021948237841866908,0.0002172243351387807,-0.001460001468658545,27.27369342803955,0.0,8.152285078244477,,0.8843119671468544,1.0,1.0,0.0003742411771021216,0.0003667911960688883,3.08961718967792,0.5864730870028702,0.5922288688139152,0.2862205615961893
hallucination3,llama_31_8B_instruct,10.0,dataset_hallucination3_attack_hallucination_attack_qwen25_14b_instruct_lm_target_llama_31_8B_instruct_judge_llm-judge_qwen25_14b_instruct_10_calibration_upb,0.8,Oracle,Oracle,False,,50,0.7998733329772949,0.0001228521673130106,0.00012041116850139136,-0.0001266670227051403,27.36847999572754,0.0,21.013819999999996,,,,,0.0003742411771021216,0.0003667911960688883,3.08961718967792,0.32827004303560947,0.32828260272303955,
hallucination3,llama_31_8B_instruct,10.0,dataset_hallucination3_attack_hallucination_attack_qwen25_14b_instruct_lm_target_llama_31_8B_instruct_judge_llm-judge_qwen25_14b_instruct_10_calibration_upb,0.8,Residual,Residual,False,50.0,50,0.7981133306026459,0.00022259684280673112,0.00022170442736550922,-0.001886669397354157,27.20354663848877,0.0,9.774079410039302,,1.0269119666865698,0.58,,0.0003742411771021216,0.0003667911960688883,3.08961718967792,0.5947951653272769,0.6044431538751278,0.33237514670664464
hallucination3,llama_31_8B_instruct,10.0,dataset_hallucination3_attack_hallucination_attack_qwen25_14b_instruct_lm_target_llama_31_8B_instruct_judge_llm-judge_qwen25_14b_instruct_10_calibration_upb,0.8,Residual,Residual,False,100.0,50,0.7995199990272522,0.00020304832529168194,0.00019921775971968716,-0.0004800009727478072,27.36946674346924,0.0,9.873624937919363,,0.760942633359114,0.6,,0.0003742411771021216,0.0003667911960688883,3.08961718967792,0.5425600861560855,0.543136699721308,0.2462902640176077
hallucination3,llama_31_8B_instruct,10.0,dataset_hallucination3_attack_hallucination_attack_qwen25_14b_instruct_lm_target_llama_31_8B_instruct_judge_llm-judge_qwen25_14b_instruct_10_calibration_upb,0.8,Residual,Residual,False,200.0,50,0.8014533376693725,0.00021181288657899414,0.00020968881922863139,0.0014533376693725009,27.653906631469727,0.0,9.91265587484594,,0.5785707096388457,0.62,,0.0003742411771021216,0.0003667911960688883,3.08961718967792,0.5659796397048938,0.5716844392013407,0.1872629112667383
hallucination3,llama_31_8B_instruct,10.0,dataset_hallucination3_attack_hallucination_attack_qwen25_14b_instruct_lm_target_llama_31_8B_instruct_judge_llm-judge_qwen25_14b_instruct_10_calibration_upb,0.8,Residual,Residual + CRC,True,50.0,50,0.797833330631256,0.0017098516893346565,0.0016803491117014175,-0.0021666693687439897,30.549806747436524,0.02,2.3906642398356435,,5.464571041013033,1.0,1.0,0.0003742411771021216,0.0003667911960688883,3.08961718967792,4.5688496989418095,4.58121440675426,1.7686887098083153
hallucination3,llama_31_8B_instruct,10.0,dataset_hallucination3_attack_hallucination_attack_qwen25_14b_instruct_lm_target_llama_31_8B_instruct_judge_llm-judge_qwen25_14b_instruct_10_calibration_upb,0.8,Residual,Residual + CRC,True,100.0,50,0.7969466650485992,0.00031820574151128554,0.00032116448100650554,-0.00305333495140081,27.0918265914917,0.0,6.344366862659152,,1.7164605079307835,1.0,1.0,0.0003742411771021216,0.0003667911960688883,3.08961718967792,0.8502691873065981,0.8756057518517608,0.5555576637990279
hallucination3,llama_31_8B_instruct,10.0,dataset_hallucination3_attack_hallucination_attack_qwen25_14b_instruct_lm_target_llama_31_8B_instruct_judge_llm-judge_qwen25_14b_instruct_10_calibration_upb,0.8,Residual,Residual + CRC,True,200.0,50,0.800293334722519,0.00026088260007253803,0.0002557509933305226,0.000293334722518912,27.489533309936522,0.0,8.204901864016596,,1.0257902556235816,1.0,1.0,0.0003742411771021216,0.0003667911960688883,3.08961718967792,0.6970975297070245,0.6972658997041171,0.33201208843951185
hallucination3,llama_31_8B_instruct,10.0,dataset_hallucination3_attack_hallucination_attack_qwen25_14b_instruct_lm_target_llama_31_8B_instruct_judge_llm-judge_qwen25_14b_instruct_10_calibration_upb,0.8,Soft-prefix,Soft-prefix,False,50.0,50,0.7988533341884613,0.00021587376369809757,0.00021287113090748746,-0.0011466658115387718,27.281520042419434,0.0,9.691832350914174,,1.1149270581061819,0.68,,0.0003742411771021216,0.0003667911960688883,3.08961718967792,0.5768306025800862,0.5803605244317462,0.36086252427356813
hallucination3,llama_31_8B_instruct,10.0,dataset_hallucination3_attack_hallucination_attack_qwen25_14b_instruct_lm_target_llama_31_8B_instruct_judge_llm-judge_qwen25_14b_instruct_10_calibration_upb,0.8,Soft-prefix,Soft-prefix,False,100.0,50,0.8005800008773803,0.00030873830989922425,0.0003028999447190017,0.0005800008773803045,27.56425338745117,0.0,9.810214445457083,,0.7467819198637787,0.64,,0.0003742411771021216,0.0003667911960688883,3.08961718967792,0.8249715124612726,0.8258102919736193,0.2417069410277419
hallucination3,llama_31_8B_instruct,10.0,dataset_hallucination3_attack_hallucination_attack_qwen25_14b_instruct_lm_target_llama_31_8B_instruct_judge_llm-judge_qwen25_14b_instruct_10_calibration_upb,0.8,Soft-prefix,Soft-prefix,False,200.0,50,0.8011866641044617,0.00026973763456548646,0.0002657510535709945,0.0011866641044616655,27.60790008544922,0.0,9.855213435648189,,0.5773886766945177,0.6,,0.0003742411771021216,0.0003667911960688883,3.08961718967792,0.7207588343275263,0.7245295318404613,0.18688032893638454
hallucination3,llama_31_8B_instruct,10.0,dataset_hallucination3_attack_hallucination_attack_qwen25_14b_instruct_lm_target_llama_31_8B_instruct_judge_llm-judge_qwen25_14b_instruct_10_calibration_upb,0.8,Soft-prefix,Soft-prefix + CRC,True,50.0,50,0.799093337059021,0.00068801822768975,0.0006750799008244998,-0.000906662940979075,27.650700187683107,0.0,2.388705721854079,,6.03809845789898,1.0,1.0,0.0003742411771021216,0.0003667911960688883,3.08961718967792,1.8384353988444357,1.8405019206014717,1.9543192852731464
hallucination3,llama_31_8B_instruct,10.0,dataset_hallucination3_attack_hallucination_attack_qwen25_14b_instruct_lm_target_llama_31_8B_instruct_judge_llm-judge_qwen25_14b_instruct_10_calibration_upb,0.8,Soft-prefix,Soft-prefix + CRC,True,100.0,50,0.797153332233429,0.0002972391024116182,0.0002993978377366207,-0.002846667766571054,27.170506629943848,0.0,6.2702252810662795,,1.8321106833229133,1.0,1.0,0.0003742411771021216,0.0003667911960688883,3.08961718967792,0.7942447827714819,0.8162623338439939,0.5929895423432388
hallucination3,llama_31_8B_instruct,10.0,dataset_hallucination3_attack_hallucination_attack_qwen25_14b_instruct_lm_target_llama_31_8B_instruct_judge_llm-judge_qwen25_14b_instruct_10_calibration_upb,0.8,Soft-prefix,Soft-prefix + CRC,True,200.0,50,0.8017600023746491,0.0003661316159415985,0.0003619065919815368,0.0017600023746490168,27.73397346496582,0.0,8.191373464204526,,1.0201201344443818,1.0,1.0,0.0003742411771021216,0.0003667911960688883,3.08961718967792,0.9783306550515948,0.986682875326064,0.33017687040727695
hallucination3,llama_31_8B_instruct,10.0,dataset_hallucination3_attack_hallucination_attack_qwen25_14b_instruct_lm_target_llama_31_8B_instruct_judge_llm-judge_qwen25_14b_instruct_10_calibration_upb,0.8,Static,Static,False,,50,0.8001866614818574,0.0003742411771021216,0.0003667911960688883,0.0001866614818573087,27.609773330688476,0.0,2.5171702650609116,,3.08961718967792,1.0,,0.0003742411771021216,0.0003667911960688883,3.08961718967792,1.0,1.0,1.0
hallucination3,llama_31_8B_instruct,10.0,dataset_hallucination3_attack_hallucination_attack_qwen25_14b_instruct_lm_target_llama_31_8B_instruct_judge_llm-judge_qwen25_14b_instruct_10_calibration_upb,0.9,Endpoint/block,Endpoint/block,False,,50,0.8990666663646698,8.794105505593545e-05,8.705334562965549e-05,-0.0009333336353302135,49.01135353088379,0.0,9.69145266267929,,0.25976523712050253,0.96,,0.0001773634363395776,0.00017489776207843028,1.750479274301015,0.49582403719087126,0.49773847643983987,0.14839663681492576
hallucination3,llama_31_8B_instruct,10.0,dataset_hallucination3_attack_hallucination_attack_qwen25_14b_instruct_lm_target_llama_31_8B_instruct_judge_llm-judge_qwen25_14b_instruct_10_calibration_upb,0.9,Endpoint/block,Endpoint/block + CRC,True,50.0,50,0.8959866654872894,0.00037720162247907005,0.0003857644439404027,-0.004013334512710576,48.43400665283203,0.0,2.5281613375202676,,2.2125166411001835,1.0,1.0,0.0001773634363395776,0.00017489776207843028,1.750479274301015,2.1267158004138182,2.2056568326323833,1.263949064454742
hallucination3,llama_31_8B_instruct,10.0,dataset_hallucination3_attack_hallucination_attack_qwen25_14b_instruct_lm_target_llama_31_8B_instruct_judge_llm-judge_qwen25_14b_instruct_10_calibration_upb,0.9,Endpoint/block,Endpoint/block + CRC,True,100.0,50,0.8983933341503143,0.00011395327222216279,0.0001142555819302658,-0.0016066658496857178,48.77409362792969,0.0,6.0488546115213975,,0.6518940817002442,1.0,1.0,0.0001773634363395776,0.00017489776207843028,1.750479274301015,0.6424845761557608,0.6532706912454923,0.37240891181676655
hallucination3,llama_31_8B_instruct,10.0,dataset_hallucination3_attack_hallucination_attack_qwen25_14b_instruct_lm_target_llama_31_8B_instruct_judge_llm-judge_qwen25_14b_instruct_10_calibration_upb,0.9,Endpoint/block,Endpoint/block + CRC,True,200.0,50,0.8997666645050049,8.940246507664566e-05,8.76688612283374e-05,-0.00023333549499515716,49.30475318908692,0.0,7.954057273188614,,0.41162362327439356,1.0,1.0,0.0001773634363395776,0.00017489776207843028,1.750479274301015,0.5040636724328961,0.5012577644591222,0.23514909848833215
hallucination3,llama_31_8B_instruct,10.0,dataset_hallucination3_attack_hallucination_attack_qwen25_14b_instruct_lm_target_llama_31_8B_instruct_judge_llm-judge_qwen25_14b_instruct_10_calibration_upb,0.9,Information-gain,Information-gain,False,50.0,50,0.8988933372497558,0.00015797475263857298,0.0001560399600285795,-0.0011066627502441806,49.08110008239746,0.0,9.88118508904843,,0.7516674211511443,0.62,,0.0001773634363395776,0.00017489776207843028,1.750479274301015,0.8906838743026871,0.8921781398129366,0.4294066386197535
hallucination3,llama_31_8B_instruct,10.0,dataset_hallucination3_attack_hallucination_attack_qwen25_14b_instruct_lm_target_llama_31_8B_instruct_judge_llm-judge_qwen25_14b_instruct_10_calibration_upb,0.9,Information-gain,Information-gain,False,100.0,50,0.8976133334636688,9.587916940445064e-05,9.965776317200472e-05,-0.002386666536331239,48.50718002319336,0.0,9.92460392033238,,0.6366439139389722,0.58,,0.0001773634363395776,0.00017489776207843028,1.750479274301015,0.5405802423724002,0.5698058224856799,0.3636969162021018
hallucination3,llama_31_8B_instruct,10.0,dataset_hallucination3_attack_hallucination_attack_qwen25_14b_instruct_lm_target_llama_31_8B_instruct_judge_llm-judge_qwen25_14b_instruct_10_calibration_upb,0.9,Information-gain,Information-gain,False,200.0,50,0.8987266683578491,0.00011714597585305628,0.00011642442980689789,-0.0012733316421509322,48.850126876831055,0.0,9.94086607118415,,0.5520604663814667,0.62,,0.0001773634363395776,0.00017489776207843028,1.750479274301015,0.6604854882760064,0.6656713523566362,0.31537675109116065
hallucination3,llama_31_8B_instruct,10.0,dataset_hallucination3_attack_hallucination_attack_qwen25_14b_instruct_lm_target_llama_31_8B_instruct_judge_llm-judge_qwen25_14b_instruct_10_calibration_upb,0.9,Information-gain,Information-gain + CRC,True,50.0,50,0.9013333344459533,0.0008045125347365682,0.0007902000647866026,0.0013333344459532936,55.11159996032715,0.04,2.3951982619526113,,3.806145467010379,1.0,1.0,0.0001773634363395776,0.00017489776207843028,1.750479274301015,4.53595482439943,4.518068472667188,2.1743447768213158
hallucination3,llama_31_8B_instruct,10.0,dataset_hallucination3_attack_hallucination_attack_qwen25_14b_instruct_lm_target_llama_31_8B_instruct_judge_llm-judge_qwen25_14b_instruct_10_calibration_upb,0.9,Information-gain,Information-gain + CRC,True,100.0,50,0.9018066656589508,0.00037611835355592254,0.00037186002728803615,0.0018066656589508234,52.61245994567871,0.02,6.356627867505885,,1.2264406343749261,1.0,1.0,0.0001773634363395776,0.00017489776207843028,1.750479274301015,2.1206081778648644,2.1261565778141924,0.7006313370174903
hallucination3,llama_31_8B_instruct,10.0,dataset_hallucination3_attack_hallucination_attack_qwen25_14b_instruct_lm_target_llama_31_8B_instruct_judge_llm-judge_qwen25_14b_instruct_10_calibration_upb,0.9,Information-gain,Information-gain + CRC,True,200.0,50,0.897739999294281,0.00010954332359916669,0.00011246006031703379,-0.0022600007057189675,48.63272682189941,0.0,8.151221074950382,,0.8465429106708929,0.98,1.0,0.0001773634363395776,0.00017489776207843028,1.750479274301015,0.6176206655662475,0.6430045701019477,0.4836063603260465
hallucination3,llama_31_8B_instruct,10.0,dataset_hallucination3_attack_hallucination_attack_qwen25_14b_instruct_lm_target_llama_31_8B_instruct_judge_llm-judge_qwen25_14b_instruct_10_calibration_upb,0.9,Oracle,Oracle,False,,50,0.8990933358669281,6.297069329862252e-05,6.253331928284918e-05,-0.0009066641330719438,48.90678657531738,0.0,21.013819999999996,,,,,0.0001773634363395776,0.00017489776207843028,1.750479274301015,0.35503762555693663,0.35754213512924793,
hallucination3,llama_31_8B_instruct,10.0,dataset_hallucination3_attack_hallucination_attack_qwen25_14b_instruct_lm_target_llama_31_8B_instruct_judge_llm-judge_qwen25_14b_instruct_10_calibration_upb,0.9,Residual,Residual,False,50.0,50,0.8993866693973541,0.0001518610146481708,0.0001491999687833494,-0.0006133306026459007,49.32224655151367,0.0,9.733970792038539,,1.7720415392965003,0.62,,0.0001773634363395776,0.00017489776207843028,1.750479274301015,0.8562137596241639,0.8530696277088033,1.0123179207614985
hallucination3,llama_31_8B_instruct,10.0,dataset_hallucination3_attack_hallucination_attack_qwen25_14b_instruct_lm_target_llama_31_8B_instruct_judge_llm-judge_qwen25_14b_instruct_10_calibration_upb,0.9,Residual,Residual,False,100.0,50,0.8999266707897187,0.0001514706855038064,0.00014844664896681076,-7.332921028135875e-05,49.51774024963379,0.0,9.800139434090697,,1.41934198277555,0.64,,0.0001773634363395776,0.00017489776207843028,1.750479274301015,0.8540130290089931,0.848762426704134,0.8108304986029089
hallucination3,llama_31_8B_instruct,10.0,dataset_hallucination3_attack_hallucination_attack_qwen25_14b_instruct_lm_target_llama_31_8B_instruct_judge_llm-judge_qwen25_14b_instruct_10_calibration_upb,0.9,Residual,Residual,False,200.0,50,0.9048600053787231,0.0005701725968869865,0.0005823887972304644,0.004860005378723109,55.92234657287597,0.04,9.879262344623424,,1.1500655931228936,0.6,,0.0001773634363395776,0.00017489776207843028,1.750479274301015,3.214713295221355,3.3298813564538396,0.6570004055501468
hallucination3,llama_31_8B_instruct,10.0,dataset_hallucination3_attack_hallucination_attack_qwen25_14b_instruct_lm_target_llama_31_8B_instruct_judge_llm-judge_qwen25_14b_instruct_10_calibration_upb,0.9,Residual,Residual + CRC,True,50.0,50,0.9041066634654998,0.0011510496957204668,0.0011448933866249286,0.004106663465499816,58.746439895629884,0.06,2.3766617133682235,,5.052433640439676,1.0,1.0,0.0001773634363395776,0.00017489776207843028,1.750479274301015,6.489780077990161,6.546072248263064,2.8863144594826275
hallucination3,llama_31_8B_instruct,10.0,dataset_hallucination3_attack_hallucination_attack_qwen25_14b_instruct_lm_target_llama_31_8B_instruct_judge_llm-judge_qwen25_14b_instruct_10_calibration_upb,0.9,Residual,Residual + CRC,True,100.0,50,0.8990666663646698,0.00037618138985650207,0.0003695288737342106,-0.0009333336353302135,49.70971313476562,0.0,6.375708204308401,,2.4402328192724965,1.0,1.0,0.0001773634363395776,0.00017489776207843028,1.750479274301015,2.1209635853934987,2.1128279135355714,1.3940369675310251
hallucination3,llama_31_8B_instruct,10.0,dataset_hallucination3_attack_hallucination_attack_qwen25_14b_instruct_lm_target_llama_31_8B_instruct_judge_llm-judge_qwen25_14b_instruct_10_calibration_upb,0.9,Residual,Residual + CRC,True,200.0,50,0.9011199998855591,0.00041674268444131244,0.0004096622304961383,0.0011199998855591087,52.420380096435544,0.02,8.194760584984015,,1.6008909716571995,0.98,1.0,0.0001773634363395776,0.00017489776207843028,1.750479274301015,2.3496538691516022,2.3422954395061466,0.9145443737381309
hallucination3,llama_31_8B_instruct,10.0,dataset_hallucination3_attack_hallucination_attack_qwen25_14b_instruct_lm_target_llama_31_8B_instruct_judge_llm-judge_qwen25_14b_instruct_10_calibration_upb,0.9,Soft-prefix,Soft-prefix,False,50.0,50,0.8958533298969269,0.0001815652569422833,0.00019512882474715827,-0.0041466701030731246,47.99348648071289,0.0,9.605780027930384,,1.8674738535267608,0.66,,0.0001773634363395776,0.00017489776207843028,1.750479274301015,1.0236904555382031,1.115673650870705,1.0668357408987108
hallucination3,llama_31_8B_instruct,10.0,dataset_hallucination3_attack_hallucination_attack_qwen25_14b_instruct_lm_target_llama_31_8B_instruct_judge_llm-judge_qwen25_14b_instruct_10_calibration_upb,0.9,Soft-prefix,Soft-prefix,False,100.0,50,0.8979733312129974,0.000167001634998794,0.00016776898867102856,-0.002026668787002639,48.79703323364258,0.0,9.643487568279996,,1.246518293797845,0.74,,0.0001773634363395776,0.00017489776207843028,1.750479274301015,0.9415787066679007,0.959240339483561,0.7121011440113126
hallucination3,llama_31_8B_instruct,10.0,dataset_hallucination3_attack_hallucination_attack_qwen25_14b_instruct_lm_target_llama_31_8B_instruct_judge_llm-judge_qwen25_14b_instruct_10_calibration_upb,0.9,Soft-prefix,Soft-prefix,False,200.0,50,0.9025199985504151,0.0003593205357696652,0.0003584845177483656,0.00251999855041507,52.731173248291014,0.02,9.800187921230359,,0.7947294033979202,0.66,,0.0001773634363395776,0.00017489776207843028,1.750479274301015,2.0258997185965377,2.04968041607993,0.4540067483605392
hallucination3,llama_31_8B_instruct,10.0,dataset_hallucination3_attack_hallucination_attack_qwen25_14b_instruct_lm_target_llama_31_8B_instruct_judge_llm-judge_qwen25_14b_instruct_10_calibration_upb,0.9,Soft-prefix,Soft-prefix + CRC,True,50.0,50,0.9018533337116241,0.0010076744218679738,0.000990955779277257,0.0018533337116241055,55.77707305908203,0.04,2.417565954451571,,5.318151425369408,1.0,1.0,0.0001773634363395776,0.00017489776207843028,1.750479274301015,5.6814101184795165,5.665914574898207,3.038111620883374
hallucination3,llama_31_8B_instruct,10.0,dataset_hallucination3_attack_hallucination_attack_qwen25_14b_instruct_lm_target_llama_31_8B_instruct_judge_llm-judge_qwen25_14b_instruct_10_calibration_upb,0.9,Soft-prefix,Soft-prefix + CRC,True,100.0,50,0.8965066683292389,0.0002979331197666557,0.00030417782353326544,-0.0034933316707611572,48.5518733215332,0.0,6.332973816668088,,2.5225269237323658,1.0,1.0,0.0001773634363395776,0.00017489776207843028,1.750479274301015,1.6797888331179884,1.739175046715929,1.4410492947650795
hallucination3,llama_31_8B_instruct,10.0,dataset_hallucination3_attack_hallucination_attack_qwen25_14b_instruct_lm_target_llama_31_8B_instruct_judge_llm-judge_qwen25_14b_instruct_10_calibration_upb,0.9,Soft-prefix,Soft-prefix + CRC,True,200.0,50,0.9018799960613251,0.00017218032198885772,0.0001722711007396783,0.001879996061325051,50.254733123779296,0.0,8.16831848337673,,1.5068468676512268,0.98,1.0,0.0001773634363395776,0.00017489776207843028,1.750479274301015,0.9707768722929095,0.9849817327132289,0.8608195993939585
hallucination3,llama_31_8B_instruct,10.0,dataset_hallucination3_attack_hallucination_attack_qwen25_14b_instruct_lm_target_llama_31_8B_instruct_judge_llm-judge_qwen25_14b_instruct_10_calibration_upb,0.9,Static,Static,False,,50,0.9010399973392487,0.0001773634363395776,0.00017489776207843028,0.001039997339248644,49.91417327880859,0.0,2.5171702650609116,,1.750479274301015,1.0,,0.0001773634363395776,0.00017489776207843028,1.750479274301015,1.0,1.0,1.0
hallucination3,llama_31_8B_instruct,20.0,dataset_hallucination3_attack_hallucination_attack_qwen25_14b_instruct_lm_target_llama_31_8B_instruct_judge_llm-judge_qwen25_14b_instruct_20_calibration_upb,0.7,Endpoint/block,Endpoint/block,False,,50,0.6998733341693878,0.00014610832113875927,0.00014320219894862872,-0.0001266658306121604,18.28574016571045,0.0,18.78699333333333,,0.0,1.0,,0.00031873267133766163,0.0003124221942374987,1.6545083885045075,0.458403967580637,0.45836115868185895,0.0
hallucination3,llama_31_8B_instruct,20.0,dataset_hallucination3_attack_hallucination_attack_qwen25_14b_instruct_lm_target_llama_31_8B_instruct_judge_llm-judge_qwen25_14b_instruct_20_calibration_upb,0.7,Endpoint/block,Endpoint/block + CRC,True,50.0,50,0.6994933319091797,0.00021724810151050518,0.00021315985203455054,-0.0005066680908202281,18.2722798538208,0.0,11.506528023549567,,0.38027373694266436,1.0,1.0,0.00031873267133766163,0.0003124221942374987,1.6545083885045075,0.6815997261866986,0.6822813998691449,0.2298409240985413
hallucination3,llama_31_8B_instruct,20.0,dataset_hallucination3_attack_hallucination_attack_qwen25_14b_instruct_lm_target_llama_31_8B_instruct_judge_llm-judge_qwen25_14b_instruct_20_calibration_upb,0.7,Endpoint/block,Endpoint/block + CRC,True,100.0,50,0.7004933285713196,0.00018779693838289824,0.00018428437269452054,0.0004933285713196733,18.32270664215088,0.0,12.438396982066148,,0.28739912767517906,1.0,1.0,0.00031873267133766163,0.0003124221942374987,1.6545083885045075,0.5891988969776756,0.5898568542618655,0.17370666094655227
hallucination3,llama_31_8B_instruct,20.0,dataset_hallucination3_attack_hallucination_attack_qwen25_14b_instruct_lm_target_llama_31_8B_instruct_judge_llm-judge_qwen25_14b_instruct_20_calibration_upb,0.7,Endpoint/block,Endpoint/block + CRC,True,200.0,50,0.700666663646698,0.00018962802432645972,0.0001862799042577593,0.0006666636466980957,18.334459953308105,0.0,12.566783005805744,,0.28090056515241835,1.0,1.0,0.00031873267133766163,0.0003124221942374987,1.6545083885045075,0.5949437926480089,0.5962441455620534,0.16977887033037128
hallucination3,llama_31_8B_instruct,20.0,dataset_hallucination3_attack_hallucination_attack_qwen25_14b_instruct_lm_target_llama_31_8B_instruct_judge_llm-judge_qwen25_14b_instruct_20_calibration_upb,0.7,Information-gain,Information-gain,False,50.0,50,0.6999266695976257,0.0001486271293299814,0.0001456599640912941,-7.333040237422761e-05,18.288866767883302,0.0,17.872474953075525,,0.0029063708476507956,1.0,,0.00031873267133766163,0.0003124221942374987,1.6545083885045075,0.46630654054452914,0.4662279658037532,0.0017566371182184415
hallucination3,llama_31_8B_instruct,20.0,dataset_hallucination3_attack_hallucination_attack_qwen25_14b_instruct_lm_target_llama_31_8B_instruct_judge_llm-judge_qwen25_14b_instruct_20_calibration_upb,0.7,Information-gain,Information-gain,False,100.0,50,0.7000733339786529,0.00014454094478404366,0.00014165550376078783,7.333397865294522e-05,18.294513397216797,0.0,18.23151051400759,,0.0014504051696823145,1.0,,0.00031873267133766163,0.0003124221942374987,1.6545083885045075,0.4534864410900591,0.4534105014738595,0.0008766381480805427
hallucination3,llama_31_8B_instruct,20.0,dataset_hallucination3_attack_hallucination_attack_qwen25_14b_instruct_lm_target_llama_31_8B_instruct_judge_llm-judge_qwen25_14b_instruct_20_calibration_upb,0.7,Information-gain,Information-gain,False,200.0,50,0.6999533355236054,0.00014585492582629855,0.00014294000488312977,-4.66644763945645e-05,18.289006843566895,0.0,18.481310714300083,,0.00020927443207788897,1.0,,0.00031873267133766163,0.0003124221942374987,1.6545083885045075,0.457608958674279,0.4575219287220962,0.0001264873805004095
hallucination3,llama_31_8B_instruct,20.0,dataset_hallucination3_attack_hallucination_attack_qwen25_14b_instruct_lm_target_llama_31_8B_instruct_judge_llm-judge_qwen25_14b_instruct_20_calibration_upb,0.7,Information-gain,Information-gain + CRC,True,50.0,50,0.7003533315658569,0.00022067313376325327,0.00021638451428341915,0.00035333156585692915,18.330220031738282,0.0,12.063569667872612,,0.408582882777182,1.0,1.0,0.00031873267133766163,0.0003124221942374987,1.6545083885045075,0.6923455095994058,0.6926028888937603,0.24695123071965547
hallucination3,llama_31_8B_instruct,20.0,dataset_hallucination3_attack_hallucination_attack_qwen25_14b_instruct_lm_target_llama_31_8B_instruct_judge_llm-judge_qwen25_14b_instruct_20_calibration_upb,0.7,Information-gain,Information-gain + CRC,True,100.0,50,0.7003199994564057,0.00015607242061595279,0.00015305337185573365,0.00031999945640570626,18.316980171203614,0.0,15.801372324744761,,0.1104092097014222,1.0,1.0,0.00031873267133766163,0.0003124221942374987,1.6545083885045075,0.4896655870292365,0.4898927626741676,0.06673233600297422
hallucination3,llama_31_8B_instruct,20.0,dataset_hallucination3_attack_hallucination_attack_qwen25_14b_instruct_lm_target_llama_31_8B_instruct_judge_llm-judge_qwen25_14b_instruct_20_calibration_upb,0.7,Information-gain,Information-gain + CRC,True,200.0,50,0.699799998998642,0.00015019033618235612,0.0001472265298592532,-0.0002000010013579745,18.287206687927245,0.0,17.324055366690235,,0.04307354131926442,1.0,1.0,0.00031873267133766163,0.0003124221942374987,1.6545083885045075,0.4712109855322809,0.471242224703581,0.026034042268107287
hallucination3,llama_31_8B_instruct,20.0,dataset_hallucination3_attack_hallucination_attack_qwen25_14b_instruct_lm_target_llama_31_8B_instruct_judge_llm-judge_qwen25_14b_instruct_20_calibration_upb,0.7,Oracle,Oracle,False,,50,0.6998733341693878,0.00014610832113875927,0.00014320219894862872,-0.0001266658306121604,18.28574016571045,0.0,21.013819999999996,,,,,0.00031873267133766163,0.0003124221942374987,1.6545083885045075,0.458403967580637,0.45836115868185895,
hallucination3,llama_31_8B_instruct,20.0,dataset_hallucination3_attack_hallucination_attack_qwen25_14b_instruct_lm_target_llama_31_8B_instruct_judge_llm-judge_qwen25_14b_instruct_20_calibration_upb,0.7,Residual,Residual,False,50.0,50,0.6998866701126099,0.0001418938890193883,0.0001390688549023764,-0.00011332988739010119,18.283540191650392,0.0,17.860470352924366,,0.003655327479548931,1.0,,0.00031873267133766163,0.0003124221942374987,1.6545083885045075,0.445181500923285,0.4451311637503523,0.002209313355523656
hallucination3,llama_31_8B_instruct,20.0,dataset_hallucination3_attack_hallucination_attack_qwen25_14b_instruct_lm_target_llama_31_8B_instruct_judge_llm-judge_qwen25_14b_instruct_20_calibration_upb,0.7,Residual,Residual,False,100.0,50,0.7000266671180725,0.00014510125590450743,0.00014219994192160357,2.666711807253197e-05,18.293126754760742,0.0,18.23121770082505,,0.0011047931974223241,1.0,,0.00031873267133766163,0.0003124221942374987,1.6545083885045075,0.4552443754684592,0.455153137467261,0.0006677471115277542
hallucination3,llama_31_8B_instruct,20.0,dataset_hallucination3_attack_hallucination_attack_qwen25_14b_instruct_lm_target_llama_31_8B_instruct_judge_llm-judge_qwen25_14b_instruct_20_calibration_upb,0.7,Residual,Residual,False,200.0,50,0.6999133348464965,0.00014694695208894893,0.0001440155238960017,-8.666515350341797e-05,18.288000144958495,0.0,18.48226112680891,,0.00010670831055874987,1.0,,0.00031873267133766163,0.0003124221942374987,1.6545083885045075,0.4610351096805983,0.46096444667603614,6.449547871751945e-05
hallucination3,llama_31_8B_instruct,20.0,dataset_hallucination3_attack_hallucination_attack_qwen25_14b_instruct_lm_target_llama_31_8B_instruct_judge_llm-judge_qwen25_14b_instruct_20_calibration_upb,0.7,Residual,Residual + CRC,True,50.0,50,0.7007533323764801,0.0002143574854241955,0.0002106378453851648,0.0007533323764801203,18.352120056152344,0.0,12.066093688950671,,0.4240158900642295,1.0,1.0,0.00031873267133766163,0.0003124221942374987,1.6545083885045075,0.6725306336641834,0.6742089687297984,0.2562790814542155
hallucination3,llama_31_8B_instruct,20.0,dataset_hallucination3_attack_hallucination_attack_qwen25_14b_instruct_lm_target_llama_31_8B_instruct_judge_llm-judge_qwen25_14b_instruct_20_calibration_upb,0.7,Residual,Residual + CRC,True,100.0,50,0.7002666664123535,0.0001502857453680444,0.00014735114143616103,0.0002666664123535112,18.310760192871093,0.0,15.7947079293335,,0.1108307412408301,1.0,1.0,0.00031873267133766163,0.0003124221942374987,1.6545083885045075,0.4715103247411792,0.4716410810563186,0.0669871135201731
hallucination3,llama_31_8B_instruct,20.0,dataset_hallucination3_attack_hallucination_attack_qwen25_14b_instruct_lm_target_llama_31_8B_instruct_judge_llm-judge_qwen25_14b_instruct_20_calibration_upb,0.7,Residual,Residual + CRC,True,200.0,50,0.6997533321380616,0.000150915100363716,0.0001479576433905549,-0.00024666786193838774,18.284800033569336,0.0,17.332759229751993,,0.042258906500233964,1.0,1.0,0.00031873267133766163,0.0003124221942374987,1.6545083885045075,0.4734848791319492,0.4735823706496335,0.02554166953389178
hallucination3,llama_31_8B_instruct,20.0,dataset_hallucination3_attack_hallucination_attack_qwen25_14b_instruct_lm_target_llama_31_8B_instruct_judge_llm-judge_qwen25_14b_instruct_20_calibration_upb,0.7,Soft-prefix,Soft-prefix,False,50.0,50,0.7000266695022583,0.00014659785155964058,0.0001436666057907985,2.6669502258380717e-05,18.291640129089355,0.0,17.834541002008486,,0.005414086414984148,1.0,,0.00031873267133766163,0.0003124221942374987,1.6545083885045075,0.4599398327896438,0.45984763067628054,0.0032723233394288697
hallucination3,llama_31_8B_instruct,20.0,dataset_hallucination3_attack_hallucination_attack_qwen25_14b_instruct_lm_target_llama_31_8B_instruct_judge_llm-judge_qwen25_14b_instruct_20_calibration_upb,0.7,Soft-prefix,Soft-prefix,False,100.0,50,0.7,0.00014627656269974133,0.00014335103144574646,0.0,18.29216011047363,0.0,18.201137730114496,,0.0016871419059314259,1.0,,0.00031873267133766163,0.0003124221942374987,1.6545083885045075,0.45893181293855395,0.4588375412816323,0.001019723996356655
hallucination3,llama_31_8B_instruct,20.0,dataset_hallucination3_attack_hallucination_attack_qwen25_14b_instruct_lm_target_llama_31_8B_instruct_judge_llm-judge_qwen25_14b_instruct_20_calibration_upb,0.7,Soft-prefix,Soft-prefix,False,200.0,50,0.6998866677284241,0.00014639279751427653,0.0001434777857677716,-0.00011333227157583892,18.286433486938478,0.0,18.48018480364885,,0.0001404260671055989,1.0,,0.00031873267133766163,0.0003124221942374987,1.6545083885045075,0.4592964910057486,0.45924325612636185,8.487479911330552e-05
hallucination3,llama_31_8B_instruct,20.0,dataset_hallucination3_attack_hallucination_attack_qwen25_14b_instruct_lm_target_llama_31_8B_instruct_judge_llm-judge_qwen25_14b_instruct_20_calibration_upb,0.7,Soft-prefix,Soft-prefix + CRC,True,50.0,50,0.7006866657733917,0.00020648270486398437,0.0002028245606510524,0.0006866657733917148,18.342120094299318,0.0,12.05273556983793,,0.4192878630890695,1.0,1.0,0.00031873267133766163,0.0003124221942374987,1.6545083885045075,0.647824096592969,0.6492002309441185,0.2534214187140262
hallucination3,llama_31_8B_instruct,20.0,dataset_hallucination3_attack_hallucination_attack_qwen25_14b_instruct_lm_target_llama_31_8B_instruct_judge_llm-judge_qwen25_14b_instruct_20_calibration_upb,0.7,Soft-prefix,Soft-prefix + CRC,True,100.0,50,0.7003866672515869,0.000153416643271228,0.00015049782196925325,0.0003866672515869807,18.31862014770508,0.0,15.772295401089755,,0.11262066590834496,1.0,1.0,0.00031873267133766163,0.0003124221942374987,1.6545083885045075,0.4813332835550461,0.4817129664445255,0.06806896035754861
hallucination3,llama_31_8B_instruct,20.0,dataset_hallucination3_attack_hallucination_attack_qwen25_14b_instruct_lm_target_llama_31_8B_instruct_judge_llm-judge_qwen25_14b_instruct_20_calibration_upb,0.7,Soft-prefix,Soft-prefix + CRC,True,200.0,50,0.6997399985790252,0.00015175172037348465,0.00014878428670492383,-0.00026000142097470924,18.28372673034668,0.0,17.29647686453276,,0.04324783254468304,1.0,1.0,0.00031873267133766163,0.0003124221942374987,1.6545083885045075,0.4761097120562224,0.4762282880319963,0.0261393854785918
hallucination3,llama_31_8B_instruct,20.0,dataset_hallucination3_attack_hallucination_attack_qwen25_14b_instruct_lm_target_llama_31_8B_instruct_judge_llm-judge_qwen25_14b_instruct_20_calibration_upb,0.7,Static,Static,False,,50,0.6997466695308685,0.00031873267133766163,0.0003124221942374987,-0.00025333046913145196,18.32809326171875,0.0,5.034340530121823,,1.6545083885045075,1.0,,0.00031873267133766163,0.0003124221942374987,1.6545083885045075,1.0,1.0,1.0
hallucination3,llama_31_8B_instruct,20.0,dataset_hallucination3_attack_hallucination_attack_qwen25_14b_instruct_lm_target_llama_31_8B_instruct_judge_llm-judge_qwen25_14b_instruct_20_calibration_upb,0.8,Endpoint/block,Endpoint/block,False,,50,0.8001999998092652,0.00012225397284310575,0.00011984889330994973,0.00019999980926510563,27.41045986175537,0.0,18.78699333333333,,0.0,1.0,,0.00018388776110011298,0.0001803444509403249,1.2797355093559377,0.6648293073542165,0.6645554808315512,0.0
hallucination3,llama_31_8B_instruct,20.0,dataset_hallucination3_attack_hallucination_attack_qwen25_14b_instruct_lm_target_llama_31_8B_instruct_judge_llm-judge_qwen25_14b_instruct_20_calibration_upb,0.8,Endpoint/block,Endpoint/block + CRC,True,50.0,50,0.7993466663360596,0.00021190909360644595,0.00020809775661075503,-0.0006533336639404919,27.360519943237303,0.0,11.476153561828717,,0.30347675067589064,1.0,1.0,0.00018388776110011298,0.0001803444509403249,1.2797355093559377,1.1523828031767567,1.1538905440434846,0.237140212533935
hallucination3,llama_31_8B_instruct,20.0,dataset_hallucination3_attack_hallucination_attack_qwen25_14b_instruct_lm_target_llama_31_8B_instruct_judge_llm-judge_qwen25_14b_instruct_20_calibration_upb,0.8,Endpoint/block,Endpoint/block + CRC,True,100.0,50,0.8000266659259796,0.00018630748830409486,0.0001825820496096213,2.6665925979552085e-05,27.417186584472656,0.0,12.395302230549953,,0.2320640737530302,1.0,1.0,0.00018388776110011298,0.0001803444509403249,1.2797355093559377,1.013158718065334,1.0124073607900295,0.18133752799422034
hallucination3,llama_31_8B_instruct,20.0,dataset_hallucination3_attack_hallucination_attack_qwen25_14b_instruct_lm_target_llama_31_8B_instruct_judge_llm-judge_qwen25_14b_instruct_20_calibration_upb,0.8,Endpoint/block,Endpoint/block + CRC,True,200.0,50,0.8002733325958252,0.00019764021080314538,0.00019376211729502297,0.000273332595825182,27.44682670593262,0.0,12.522270814248026,,0.22680408628293364,1.0,1.0,0.00018388776110011298,0.0001803444509403249,1.2797355093559377,1.0747871942143297,1.074400217388102,0.17722731347595339
hallucination3,llama_31_8B_instruct,20.0,dataset_hallucination3_attack_hallucination_attack_qwen25_14b_instruct_lm_target_llama_31_8B_instruct_judge_llm-judge_qwen25_14b_instruct_20_calibration_upb,0.8,Information-gain,Information-gain,False,50.0,50,0.8001599991321564,0.0001265680647386086,0.0001240623031661272,0.0001599991321563632,27.415386581420897,0.0,17.88990999495738,,0.015788649632719334,1.0,,0.00018388776110011298,0.0001803444509403249,1.2797355093559377,0.6882897697019752,0.6879186053092301,0.012337431850012045
hallucination3,llama_31_8B_instruct,20.0,dataset_hallucination3_attack_hallucination_attack_qwen25_14b_instruct_lm_target_llama_31_8B_instruct_judge_llm-judge_qwen25_14b_instruct_20_calibration_upb,0.8,Information-gain,Information-gain,False,100.0,50,0.7997933340072632,0.00013015824290221766,0.00012759778887672725,-0.00020666599273688746,27.37091323852539,0.0,18.22678800849733,,0.006303987168462256,1.0,,0.00018388776110011298,0.0001803444509403249,1.2797355093559377,0.7078135169167477,0.7075226779167646,0.004926007852696775
hallucination3,llama_31_8B_instruct,20.0,dataset_hallucination3_attack_hallucination_attack_qwen25_14b_instruct_lm_target_llama_31_8B_instruct_judge_llm-judge_qwen25_14b_instruct_20_calibration_upb,0.8,Information-gain,Information-gain,False,200.0,50,0.8001200008392334,0.00012196266011174856,0.00011953780711093033,0.00012000083923335847,27.407186546325683,0.0,18.482453982992524,,0.0013753149638099883,1.0,,0.00018388776110011298,0.0001803444509403249,1.2797355093559377,0.6632451196431127,0.6628305250738477,0.0010746868815902073
hallucination3,llama_31_8B_instruct,20.0,dataset_hallucination3_attack_hallucination_attack_qwen25_14b_instruct_lm_target_llama_31_8B_instruct_judge_llm-judge_qwen25_14b_instruct_20_calibration_upb,0.8,Information-gain,Information-gain + CRC,True,50.0,50,0.7998933374881745,0.0002076347326469823,0.00020349341488547172,-0.00010666251182556152,27.42199996948242,0.0,12.082590466519166,,0.3305554765012235,1.0,1.0,0.00018388776110011298,0.0001803444509403249,1.2797355093559377,1.1291384016250048,1.1283597239862218,0.2582998393688276
hallucination3,llama_31_8B_instruct,20.0,dataset_hallucination3_attack_hallucination_attack_qwen25_14b_instruct_lm_target_llama_31_8B_instruct_judge_llm-judge_qwen25_14b_instruct_20_calibration_upb,0.8,Information-gain,Information-gain + CRC,True,100.0,50,0.8001733362674713,0.00015034574896119308,0.0001473688794435901,0.00017333626747129127,27.444506607055665,0.0,15.790779164020204,,0.09963705014957598,1.0,1.0,0.00018388776110011298,0.0001803444509403249,1.2797355093559377,0.8175951899231684,0.8171522809557015,0.07785753338963071
hallucination3,llama_31_8B_instruct,20.0,dataset_hallucination3_attack_hallucination_attack_qwen25_14b_instruct_lm_target_llama_31_8B_instruct_judge_llm-judge_qwen25_14b_instruct_20_calibration_upb,0.8,Information-gain,Information-gain + CRC,True,200.0,50,0.7997866690158844,0.0001351326816425081,0.00013247553811844171,-0.0002133309841156894,27.36871982574463,0.0,17.31500993288981,,0.03772190041683793,1.0,1.0,0.00018388776110011298,0.0001803444509403249,1.2797355093559377,0.7348650113203488,0.7345695275219597,0.029476325491524822
hallucination3,llama_31_8B_instruct,20.0,dataset_hallucination3_attack_hallucination_attack_qwen25_14b_instruct_lm_target_llama_31_8B_instruct_judge_llm-judge_qwen25_14b_instruct_20_calibration_upb,0.8,Oracle,Oracle,False,,50,0.7998733329772949,0.0001228521673130106,0.00012041116850139136,-0.0001266670227051403,27.36847999572754,0.0,21.013819999999996,,,,,0.00018388776110011298,0.0001803444509403249,1.2797355093559377,0.6680823485915786,0.6676732656511556,
hallucination3,llama_31_8B_instruct,20.0,dataset_hallucination3_attack_hallucination_attack_qwen25_14b_instruct_lm_target_llama_31_8B_instruct_judge_llm-judge_qwen25_14b_instruct_20_calibration_upb,0.8,Residual,Residual,False,50.0,50,0.8003266668319702,0.00013621993818225758,0.0001336022506377219,0.0003266668319701349,27.429253234863282,0.0,17.86868929427979,,0.042593610324359495,1.0,,0.00018388776110011298,0.0001803444509403249,1.2797355093559377,0.7407776209102689,0.7408170860878344,0.03328313547054415
hallucination3,llama_31_8B_instruct,20.0,dataset_hallucination3_attack_hallucination_attack_qwen25_14b_instruct_lm_target_llama_31_8B_instruct_judge_llm-judge_qwen25_14b_instruct_20_calibration_upb,0.8,Residual,Residual,False,100.0,50,0.799853333234787,0.0001246084610270921,0.0001221378029465683,-0.00014666676521302158,27.382879943847655,0.0,18.219765886774034,,0.013027294525170357,1.0,,0.00018388776110011298,0.0001803444509403249,1.2797355093559377,0.677633249116847,0.6772473580957759,0.010179677308264036
hallucination3,llama_31_8B_instruct,20.0,dataset_hallucination3_attack_hallucination_attack_qwen25_14b_instruct_lm_target_llama_31_8B_instruct_judge_llm-judge_qwen25_14b_instruct_20_calibration_upb,0.8,Residual,Residual,False,200.0,50,0.8001333332061767,0.00012224041640811076,0.00011981338582381794,0.00013333320617670008,27.40874652862549,0.0,18.477346228586622,,0.003492770632567281,1.0,,0.00018388776110011298,0.0001803444509403249,1.2797355093559377,0.6647555861075501,0.6643585937859746,0.0027292910191459127
hallucination3,llama_31_8B_instruct,20.0,dataset_hallucination3_attack_hallucination_attack_qwen25_14b_instruct_lm_target_llama_31_8B_instruct_judge_llm-judge_qwen25_14b_instruct_20_calibration_upb,0.8,Residual,Residual + CRC,True,50.0,50,0.7995733368396759,0.00021361470012717595,0.00020952444757701025,-0.00042666316032413665,27.381053352355956,0.0,12.075260660625483,,0.3617067854918627,1.0,1.0,0.00018388776110011298,0.0001803444509403249,1.2797355093559377,1.1616580616851324,1.1618014664966922,0.2826418293838714
hallucination3,llama_31_8B_instruct,20.0,dataset_hallucination3_attack_hallucination_attack_qwen25_14b_instruct_lm_target_llama_31_8B_instruct_judge_llm-judge_qwen25_14b_instruct_20_calibration_upb,0.8,Residual,Residual + CRC,True,100.0,50,0.8003200018405914,0.0001606755104372378,0.00015756440140647496,0.00032000184059133296,27.4531799697876,0.0,15.75985529026832,,0.12765491419086167,1.0,1.0,0.00018388776110011298,0.0001803444509403249,1.2797355093559377,0.8737694639164274,0.8736858860082822,0.09975101359429148
hallucination3,llama_31_8B_instruct,20.0,dataset_hallucination3_attack_hallucination_attack_qwen25_14b_instruct_lm_target_llama_31_8B_instruct_judge_llm-judge_qwen25_14b_instruct_20_calibration_upb,0.8,Residual,Residual + CRC,True,200.0,50,0.7998733341693878,0.000129042610919596,0.0001264778029338487,-0.00012666583061227144,27.382813224792482,0.0,17.30695662901396,,0.044183468186599816,1.0,1.0,0.00018388776110011298,0.0001803444509403249,1.2797355093559377,0.7017465988361349,0.7013124178447807,0.034525468632839895
hallucination3,llama_31_8B_instruct,20.0,dataset_hallucination3_attack_hallucination_attack_qwen25_14b_instruct_lm_target_llama_31_8B_instruct_judge_llm-judge_qwen25_14b_instruct_20_calibration_upb,0.8,Soft-prefix,Soft-prefix,False,50.0,50,0.8001533317565918,0.00012793746343423985,0.00012540222479313454,0.0001533317565917125,27.409253273010254,0.0,17.838516462879465,,0.031169655727230596,1.0,,0.00018388776110011298,0.0001803444509403249,1.2797355093559377,0.6957366964981839,0.6953483965782208,0.02435632636537341
hallucination3,llama_31_8B_instruct,20.0,dataset_hallucination3_attack_hallucination_attack_qwen25_14b_instruct_lm_target_llama_31_8B_instruct_judge_llm-judge_qwen25_14b_instruct_20_calibration_upb,0.8,Soft-prefix,Soft-prefix,False,100.0,50,0.7998999989032746,0.00012548871366803235,0.00012298893961401803,-0.00010000109672547719,27.384926528930663,0.0,18.201300629028996,,0.013937266907146662,1.0,,0.00018388776110011298,0.0001803444509403249,1.2797355093559377,0.6824201508425198,0.6819668638139272,0.010890740160957929
hallucination3,llama_31_8B_instruct,20.0,dataset_hallucination3_attack_hallucination_attack_qwen25_14b_instruct_lm_target_llama_31_8B_instruct_judge_llm-judge_qwen25_14b_instruct_20_calibration_upb,0.8,Soft-prefix,Soft-prefix,False,200.0,50,0.8001400005817413,0.00012203221009255075,0.00011961116605358767,0.00014000058174123975,27.408419876098634,0.0,18.47426203916683,,0.0025064786219330852,1.0,,0.00018388776110011298,0.0001803444509403249,1.2797355093559377,0.6636233393809904,0.6632372963511165,0.0019585911335652005
hallucination3,llama_31_8B_instruct,20.0,dataset_hallucination3_attack_hallucination_attack_qwen25_14b_instruct_lm_target_llama_31_8B_instruct_judge_llm-judge_qwen25_14b_instruct_20_calibration_upb,0.8,Soft-prefix,Soft-prefix + CRC,True,50.0,50,0.7996066689491272,0.00021686031349390792,0.0002126778165396104,-0.00039333105087280273,27.38120662689209,0.0,12.075161873408675,,0.3493455100811926,1.0,1.0,0.00018388776110011298,0.0001803444509403249,1.2797355093559377,1.1793080311410387,1.1792867228833364,0.2729825870480146
hallucination3,llama_31_8B_instruct,20.0,dataset_hallucination3_attack_hallucination_attack_qwen25_14b_instruct_lm_target_llama_31_8B_instruct_judge_llm-judge_qwen25_14b_instruct_20_calibration_upb,0.8,Soft-prefix,Soft-prefix + CRC,True,100.0,50,0.8001733326911926,0.0001523910776874768,0.00014937330035556326,0.00017333269119257366,27.442726707458498,0.0,15.76221801187718,,0.11492010742250443,1.0,1.0,0.00018388776110011298,0.0001803444509403249,1.2797355093559377,0.8287178916954205,0.8282666839856923,0.08979988957276114
hallucination3,llama_31_8B_instruct,20.0,dataset_hallucination3_attack_hallucination_attack_qwen25_14b_instruct_lm_target_llama_31_8B_instruct_judge_llm-judge_qwen25_14b_instruct_20_calibration_upb,0.8,Soft-prefix,Soft-prefix + CRC,True,200.0,50,0.7999200010299683,0.00013085060805366312,0.000128239995727796,-7.999897003174716e-05,27.387926445007324,0.0,17.30341394870652,,0.04472128750619719,1.0,1.0,0.00018388776110011298,0.0001803444509403249,1.2797355093559377,0.711578667720169,0.7110836793654937,0.03494572681561709
hallucination3,llama_31_8B_instruct,20.0,dataset_hallucination3_attack_hallucination_attack_qwen25_14b_instruct_lm_target_llama_31_8B_instruct_judge_llm-judge_qwen25_14b_instruct_20_calibration_upb,0.8,Static,Static,False,,50,0.800366667509079,0.00018388776110011298,0.0001803444509403249,0.0003666675090789884,27.481833267211915,0.0,5.034340530121823,,1.2797355093559377,1.0,,0.00018388776110011298,0.0001803444509403249,1.2797355093559377,1.0,1.0,1.0
hallucination3,llama_31_8B_instruct,20.0,dataset_hallucination3_attack_hallucination_attack_qwen25_14b_instruct_lm_target_llama_31_8B_instruct_judge_llm-judge_qwen25_14b_instruct_20_calibration_upb,0.9,Endpoint/block,Endpoint/block,False,,50,0.8990933358669281,6.297069329862252e-05,6.253331928284918e-05,-0.0009066641330719438,48.90678657531738,0.0,18.78699333333333,,0.0,1.0,,9.311406988864343e-05,9.139116742696237e-05,0.7334742672469909,0.6762747388652451,0.6842381057537569,0.0
hallucination3,llama_31_8B_instruct,20.0,dataset_hallucination3_attack_hallucination_attack_qwen25_14b_instruct_lm_target_llama_31_8B_instruct_judge_llm-judge_qwen25_14b_instruct_20_calibration_upb,0.9,Endpoint/block,Endpoint/block + CRC,True,50.0,50,0.8992199993133545,7.716820646016455e-05,7.623324340212876e-05,-0.0007800006866455211,49.02505348205566,0.0,11.46675946128946,,0.17978204796846955,1.0,1.0,9.311406988864343e-05,9.139116742696237e-05,0.7334742672469909,0.8287491520073305,0.8341423525752917,0.24511023221477182
hallucination3,llama_31_8B_instruct,20.0,dataset_hallucination3_attack_hallucination_attack_qwen25_14b_instruct_lm_target_llama_31_8B_instruct_judge_llm-judge_qwen25_14b_instruct_20_calibration_upb,0.9,Endpoint/block,Endpoint/block + CRC,True,100.0,50,0.8993666672706604,7.527098556897261e-05,7.416667620364593e-05,-0.0006333327293396307,49.06393997192383,0.0,12.345699692289907,,0.14022340108755693,1.0,1.0,9.311406988864343e-05,9.139116742696237e-05,0.7334742672469909,0.8083739187750074,0.8115300229961299,0.1911769878633492
hallucination3,llama_31_8B_instruct,20.0,dataset_hallucination3_attack_hallucination_attack_qwen25_14b_instruct_lm_target_llama_31_8B_instruct_judge_llm-judge_qwen25_14b_instruct_20_calibration_upb,0.9,Endpoint/block,Endpoint/block + CRC,True,200.0,50,0.8994133341312408,7.76215861551931e-05,7.641333127365619e-05,-0.0005866658687592174,49.0756266784668,0.0,12.470976817759515,,0.13729601038970363,1.0,1.0,9.311406988864343e-05,9.139116742696237e-05,0.7334742672469909,0.8336182302848749,0.8361128698210786,0.18718585848284494
hallucination3,llama_31_8B_instruct,20.0,dataset_hallucination3_attack_hallucination_attack_qwen25_14b_instruct_lm_target_llama_31_8B_instruct_judge_llm-judge_qwen25_14b_instruct_20_calibration_upb,0.9,Information-gain,Information-gain,False,50.0,50,0.8990133357048035,6.458935859193828e-05,6.427107785151523e-05,-0.0009866642951965598,48.86683990478516,0.0,17.89713163374563,,0.05675233725704189,1.0,,9.311406988864343e-05,9.139116742696237e-05,0.7334742672469909,0.6936584199271033,0.7032526190551087,0.0773746807370013
hallucination3,llama_31_8B_instruct,20.0,dataset_hallucination3_attack_hallucination_attack_qwen25_14b_instruct_lm_target_llama_31_8B_instruct_judge_llm-judge_qwen25_14b_instruct_20_calibration_upb,0.9,Information-gain,Information-gain,False,100.0,50,0.8990000021457673,6.953739473155187e-05,6.914664254539106e-05,-0.0009999978542327703,48.86913322448731,0.0,18.23277519189243,,0.02994626442960259,1.0,,9.311406988864343e-05,9.139116742696237e-05,0.7334742672469909,0.746797930911115,0.7566009330239861,0.04082796870570846
hallucination3,llama_31_8B_instruct,20.0,dataset_hallucination3_attack_hallucination_attack_qwen25_14b_instruct_lm_target_llama_31_8B_instruct_judge_llm-judge_qwen25_14b_instruct_20_calibration_upb,0.9,Information-gain,Information-gain,False,200.0,50,0.8990866672992707,6.60081940206143e-05,6.552220676242367e-05,-0.0009133327007293524,48.94762641906738,0.0,18.48668261092644,,0.010879715685023154,1.0,,9.311406988864343e-05,9.139116742696237e-05,0.7334742672469909,0.7088960250535126,0.7169424421105841,0.014833125265401446
hallucination3,llama_31_8B_instruct,20.0,dataset_hallucination3_attack_hallucination_attack_qwen25_14b_instruct_lm_target_llama_31_8B_instruct_judge_llm-judge_qwen25_14b_instruct_20_calibration_upb,0.9,Information-gain,Information-gain + CRC,True,50.0,50,0.8986000025272369,0.00010207249725995833,0.0001019910402385022,-0.0013999974727630926,48.85086677551269,0.0,12.090511007907288,,0.27850670003462463,1.0,1.0,9.311406988864343e-05,9.139116742696237e-05,0.7334742672469909,1.0962091699141538,1.1159835584769282,0.37970889023819016
hallucination3,llama_31_8B_instruct,20.0,dataset_hallucination3_attack_hallucination_attack_qwen25_14b_instruct_lm_target_llama_31_8B_instruct_judge_llm-judge_qwen25_14b_instruct_20_calibration_upb,0.9,Information-gain,Information-gain + CRC,True,100.0,50,0.8991866743564606,7.84451973558199e-05,7.753779201114237e-05,-0.0008133256435394198,48.96272003173828,0.0,15.8167438762343,,0.1065974411870706,1.0,1.0,9.311406988864343e-05,9.139116742696237e-05,0.7334742672469909,0.8424634155679559,0.8484166927083923,0.1453322167486141
hallucination3,llama_31_8B_instruct,20.0,dataset_hallucination3_attack_hallucination_attack_qwen25_14b_instruct_lm_target_llama_31_8B_instruct_judge_llm-judge_qwen25_14b_instruct_20_calibration_upb,0.9,Information-gain,Information-gain + CRC,True,200.0,50,0.8992866683006286,7.70975255395406e-05,7.606441714207785e-05,-0.0007133316993713779,48.99149314880371,0.0,17.293077089998306,,0.04897319249875033,1.0,1.0,9.311406988864343e-05,9.139116742696237e-05,0.7334742672469909,0.8279900731623344,0.8322950596168575,0.06676879433352914
hallucination3,llama_31_8B_instruct,20.0,dataset_hallucination3_attack_hallucination_attack_qwen25_14b_instruct_lm_target_llama_31_8B_instruct_judge_llm-judge_qwen25_14b_instruct_20_calibration_upb,0.9,Oracle,Oracle,False,,50,0.8990933358669281,6.297069329862252e-05,6.253331928284918e-05,-0.0009066641330719438,48.90678657531738,0.0,21.013819999999996,,,,,9.311406988864343e-05,9.139116742696237e-05,0.7334742672469909,0.6762747388652451,0.6842381057537569,
hallucination3,llama_31_8B_instruct,20.0,dataset_hallucination3_attack_hallucination_attack_qwen25_14b_instruct_lm_target_llama_31_8B_instruct_judge_llm-judge_qwen25_14b_instruct_20_calibration_upb,0.9,Residual,Residual,False,50.0,50,0.8986133348941803,7.189277122660467e-05,7.23777559177706e-05,-0.001386665105819751,48.79691993713379,0.0,17.861546063076396,,0.20320321898140875,1.0,,9.311406988864343e-05,9.139116742696237e-05,0.7334742672469909,0.7720935333680758,0.7919556993908976,0.2770420559457499
hallucination3,llama_31_8B_instruct,20.0,dataset_hallucination3_attack_hallucination_attack_qwen25_14b_instruct_lm_target_llama_31_8B_instruct_judge_llm-judge_qwen25_14b_instruct_20_calibration_upb,0.9,Residual,Residual,False,100.0,50,0.8988333356380462,6.536621165902311e-05,6.541999315929559e-05,-0.0011666643619537842,48.80178001403809,0.0,18.223600172379246,,0.11864139476678524,1.0,,9.311406988864343e-05,9.139116742696237e-05,0.7334742672469909,0.702001445508671,0.7158240232742149,0.16175263409320645
hallucination3,llama_31_8B_instruct,20.0,dataset_hallucination3_attack_hallucination_attack_qwen25_14b_instruct_lm_target_llama_31_8B_instruct_judge_llm-judge_qwen25_14b_instruct_20_calibration_upb,0.9,Residual,Residual,False,200.0,50,0.8989200019836425,6.528596323368067e-05,6.514663968434311e-05,-0.0010799980163574974,48.88039993286133,0.0,18.4904381520641,,0.04120038594848949,1.0,,9.311406988864343e-05,9.139116742696237e-05,0.7334742672469909,0.7011396162981295,0.7128329959939153,0.056171549280290736
hallucination3,llama_31_8B_instruct,20.0,dataset_hallucination3_attack_hallucination_attack_qwen25_14b_instruct_lm_target_llama_31_8B_instruct_judge_llm-judge_qwen25_14b_instruct_20_calibration_upb,0.9,Residual,Residual + CRC,True,50.0,50,0.8979733335971832,9.969988668624149e-05,0.00010181326566082302,-0.0020266664028167902,48.645813369750975,0.0,12.05452311609232,,0.4969968549508382,1.0,1.0,9.311406988864343e-05,9.139116742696237e-05,0.7334742672469909,1.070728481801667,1.1140383532379072,0.6775927624785764
hallucination3,llama_31_8B_instruct,20.0,dataset_hallucination3_attack_hallucination_attack_qwen25_14b_instruct_lm_target_llama_31_8B_instruct_judge_llm-judge_qwen25_14b_instruct_20_calibration_upb,0.9,Residual,Residual + CRC,True,100.0,50,0.8991200065612793,8.276996998476159e-05,8.188895903725788e-05,-0.0008799934387206942,49.00012016296387,0.0,15.799029887912406,,0.2541013106924343,1.0,1.0,9.311406988864343e-05,9.139116742696237e-05,0.7334742672469909,0.8889093783973516,0.8960270597560926,0.34643520848546405
hallucination3,llama_31_8B_instruct,20.0,dataset_hallucination3_attack_hallucination_attack_qwen25_14b_instruct_lm_target_llama_31_8B_instruct_judge_llm-judge_qwen25_14b_instruct_20_calibration_upb,0.9,Residual,Residual + CRC,True,200.0,50,0.8990600025653839,7.408476068914715e-05,7.348666065244906e-05,-0.0009399974346161466,48.903093338012695,0.0,17.29801005660625,,0.13550978171244682,1.0,1.0,9.311406988864343e-05,9.139116742696237e-05,0.7334742672469909,0.7956344382513434,0.8040893088621265,0.18475056012676053
hallucination3,llama_31_8B_instruct,20.0,dataset_hallucination3_attack_hallucination_attack_qwen25_14b_instruct_lm_target_llama_31_8B_instruct_judge_llm-judge_qwen25_14b_instruct_20_calibration_upb,0.9,Soft-prefix,Soft-prefix,False,50.0,50,0.8984466660022735,7.725900494304574e-05,7.812667135267769e-05,-0.0015533339977265026,48.7452197265625,0.0,17.791297284033927,,0.13405318592029927,1.0,,9.311406988864343e-05,9.139116742696237e-05,0.7334742672469909,0.8297242837246938,0.8548601965842558,0.18276467479009464
hallucination3,llama_31_8B_instruct,20.0,dataset_hallucination3_attack_hallucination_attack_qwen25_14b_instruct_lm_target_llama_31_8B_instruct_judge_llm-judge_qwen25_14b_instruct_20_calibration_upb,0.9,Soft-prefix,Soft-prefix,False,100.0,50,0.8996266698837281,8.724098434981895e-05,8.563554003853821e-05,-0.00037333011627194157,49.18214668273926,0.0,18.162590688404364,,0.08262242259783757,1.0,,9.311406988864343e-05,9.139116742696237e-05,0.7334742672469909,0.936925906623476,0.937022060769451,0.11264529144008158
hallucination3,llama_31_8B_instruct,20.0,dataset_hallucination3_attack_hallucination_attack_qwen25_14b_instruct_lm_target_llama_31_8B_instruct_judge_llm-judge_qwen25_14b_instruct_20_calibration_upb,0.9,Soft-prefix,Soft-prefix,False,200.0,50,0.8987066686153412,6.888724496815043e-05,6.918220613933098e-05,-0.0012933313846588135,48.81740661621094,0.0,18.45968831814603,,0.023882608559738054,1.0,,9.311406988864343e-05,9.139116742696237e-05,0.7334742672469909,0.73981563742766,0.7569900690306832,0.03256093584493237
hallucination3,llama_31_8B_instruct,20.0,dataset_hallucination3_attack_hallucination_attack_qwen25_14b_instruct_lm_target_llama_31_8B_instruct_judge_llm-judge_qwen25_14b_instruct_20_calibration_upb,0.9,Soft-prefix,Soft-prefix + CRC,True,50.0,50,0.8992666661739349,0.00010663488316509563,0.00010503996400224497,-0.0007333338260651079,49.14803337097168,0.0,12.030563471859955,,0.38465515360246255,1.0,1.0,9.311406988864343e-05,9.139116742696237e-05,0.7334742672469909,1.1452069842143293,1.1493448104401378,0.5244289687847131
hallucination3,llama_31_8B_instruct,20.0,dataset_hallucination3_attack_hallucination_attack_qwen25_14b_instruct_lm_target_llama_31_8B_instruct_judge_llm-judge_qwen25_14b_instruct_20_calibration_upb,0.9,Soft-prefix,Soft-prefix + CRC,True,100.0,50,0.8987466728687287,8.887782000853531e-05,8.867109250634554e-05,-0.0012533271312713534,48.893359909057615,0.0,15.755828591653525,,0.18051838022982114,1.0,1.0,9.311406988864343e-05,9.139116742696237e-05,0.7334742672469909,0.9545047286068119,0.9702370043276813,0.24611412873061733
hallucination3,llama_31_8B_instruct,20.0,dataset_hallucination3_attack_hallucination_attack_qwen25_14b_instruct_lm_target_llama_31_8B_instruct_judge_llm-judge_qwen25_14b_instruct_20_calibration_upb,0.9,Soft-prefix,Soft-prefix + CRC,True,200.0,50,0.8995066690444946,8.489451822651621e-05,8.344000329364579e-05,-0.0004933309555054111,49.13701347351074,0.0,17.266769765661017,,0.09148910309786434,1.0,1.0,9.311406988864343e-05,9.139116742696237e-05,0.7334742672469909,0.9117259972423383,0.912998549453141,0.12473389617505995
hallucination3,llama_31_8B_instruct,20.0,dataset_hallucination3_attack_hallucination_attack_qwen25_14b_instruct_lm_target_llama_31_8B_instruct_judge_llm-judge_qwen25_14b_instruct_20_calibration_upb,0.9,Static,Static,False,,50,0.9003733348846436,9.311406988864343e-05,9.139116742696237e-05,0.00037333488464352804,49.46213333129883,0.0,5.034340530121823,,0.7334742672469909,1.0,,9.311406988864343e-05,9.139116742696237e-05,0.7334742672469909,1.0,1.0,1.0
hallucination3,mini_phi_4_instruct,10.0,dataset_hallucination3_attack_hallucination_attack_qwen25_14b_instruct_lm_target_mini_phi_4_instruct_judge_llm-judge_qwen25_14b_instruct_10_calibration_upb,0.7,Endpoint/block,Endpoint/block,False,,50,0.7001733326911926,0.00015910763989807598,0.00015595553132195051,0.00017333269119268468,20.78141342163086,0.0037999999755993,9.170089921191698,,0.6232552511233379,1.0,,0.000505703282444688,0.0004968287313823935,3.3521919942499614,0.3146264725214209,0.31390199775285627,0.18592468814209093
hallucination3,mini_phi_4_instruct,10.0,dataset_hallucination3_attack_hallucination_attack_qwen25_14b_instruct_lm_target_mini_phi_4_instruct_judge_llm-judge_qwen25_14b_instruct_10_calibration_upb,0.7,Endpoint/block,Endpoint/block + CRC,True,50.0,50,0.6982000005245209,0.0005991062725896482,0.0005903641452495803,-0.0017999994754790416,20.714480018615724,0.0038866666192188325,2.764885245573367,,4.306749615688337,1.0,1.0,0.000505703282444688,0.0004968287313823935,3.3521919942499614,1.1846991969152905,1.1882649049038099,1.2847562499629301
hallucination3,mini_phi_4_instruct,10.0,dataset_hallucination3_attack_hallucination_attack_qwen25_14b_instruct_lm_target_mini_phi_4_instruct_judge_llm-judge_qwen25_14b_instruct_10_calibration_upb,0.7,Endpoint/block,Endpoint/block + CRC,True,100.0,50,0.7000400006771088,0.00022435664580871078,0.00021987111294670574,4.0000677108853466e-05,20.79289333343506,0.003819999988190788,6.444068337942643,,1.3165587602350433,1.0,1.0,0.000505703282444688,0.0004968287313823935,3.3521919942499614,0.44365273787450665,0.4425491101026479,0.3927456310656865
hallucination3,mini_phi_4_instruct,10.0,dataset_hallucination3_attack_hallucination_attack_qwen25_14b_instruct_lm_target_mini_phi_4_instruct_judge_llm-judge_qwen25_14b_instruct_10_calibration_upb,0.7,Endpoint/block,Endpoint/block + CRC,True,200.0,50,0.6996599996089935,0.00022915409858463549,0.00022468661687882725,-0.0003400003910064564,20.77869327545166,0.003859999976120842,8.244864585715462,,0.8428377182348815,1.0,1.0,0.000505703282444688,0.0004968287313823935,3.3521919942499614,0.4531394328248196,0.4522415928999344,0.25142883214344736
hallucination3,mini_phi_4_instruct,10.0,dataset_hallucination3_attack_hallucination_attack_qwen25_14b_instruct_lm_target_mini_phi_4_instruct_judge_llm-judge_qwen25_14b_instruct_10_calibration_upb,0.7,Information-gain,Information-gain,False,50.0,50,0.7044799971580505,0.000141093675076712,0.00015834217611131903,0.004479997158050586,21.075913429260254,0.003959999950602602,10.3070081185274,,0.9054594445058579,0.54,,0.000505703282444688,0.0004968287313823935,3.3521919942499614,0.2790048630782702,0.31870575534297757,0.27010966139737785
hallucination3,mini_phi_4_instruct,10.0,dataset_hallucination3_attack_hallucination_attack_qwen25_14b_instruct_lm_target_mini_phi_4_instruct_judge_llm-judge_qwen25_14b_instruct_10_calibration_upb,0.7,Information-gain,Information-gain,False,100.0,50,0.7025466692447663,0.00013311451940611118,0.0001369377532602274,0.0025466692447663197,20.9556067276001,0.0038666666299104276,10.189724156735979,,0.6643683196678749,0.44,,0.000505703282444688,0.0004968287313823935,3.3521919942499614,0.2632265283361509,0.2756236598459333,0.19818922090604316
hallucination3,mini_phi_4_instruct,10.0,dataset_hallucination3_attack_hallucination_attack_qwen25_14b_instruct_lm_target_mini_phi_4_instruct_judge_llm-judge_qwen25_14b_instruct_10_calibration_upb,0.7,Information-gain,Information-gain,False,200.0,50,0.7013133335113525,0.00013208800482980408,0.00013117108964524971,0.0013133335113525435,20.84990001678467,0.0038399999728425905,10.08346668098655,,0.5365704301344558,0.48,,0.000505703282444688,0.0004968287313823935,3.3521919942499614,0.26119665308728024,0.26401671513697433,0.16006554250318564
hallucination3,mini_phi_4_instruct,10.0,dataset_hallucination3_attack_hallucination_attack_qwen25_14b_instruct_lm_target_mini_phi_4_instruct_judge_llm-judge_qwen25_14b_instruct_10_calibration_upb,0.7,Information-gain,Information-gain + CRC,True,50.0,50,0.698046669960022,0.0005757052967555574,0.0005680066890655268,-0.0019533300399779963,20.751513404846193,0.0039866666542365745,2.455698483582765,,6.347782741628048,1.0,1.0,0.000505703282444688,0.0004968287313823935,3.3521919942499614,1.1384250740324708,1.1432645762757827,1.893621472909799
hallucination3,mini_phi_4_instruct,10.0,dataset_hallucination3_attack_hallucination_attack_qwen25_14b_instruct_lm_target_mini_phi_4_instruct_judge_llm-judge_qwen25_14b_instruct_10_calibration_upb,0.7,Information-gain,Information-gain + CRC,True,100.0,50,0.7020533335208893,0.00023996989578764285,0.00023938667641989768,0.002053333520889322,20.93489330291748,0.0038933332776650313,6.38418925609319,,1.8042913861370025,1.0,1.0,0.000505703282444688,0.0004968287313823935,3.3521919942499614,0.47452706778483267,0.4818293735827634,0.5382422573742542
hallucination3,mini_phi_4_instruct,10.0,dataset_hallucination3_attack_hallucination_attack_qwen25_14b_instruct_lm_target_mini_phi_4_instruct_judge_llm-judge_qwen25_14b_instruct_10_calibration_upb,0.7,Information-gain,Information-gain + CRC,True,200.0,50,0.7028866648674011,0.00016511387359723442,0.00017014443018197788,0.0028866648674011897,20.99302661895752,0.0038866666238754543,8.185248418153611,,1.0525742235026323,1.0,1.0,0.000505703282444688,0.0004968287313823935,3.3521919942499614,0.32650346424297527,0.34246093157407004,0.313995804926484
hallucination3,mini_phi_4_instruct,10.0,dataset_hallucination3_attack_hallucination_attack_qwen25_14b_instruct_lm_target_mini_phi_4_instruct_judge_llm-judge_qwen25_14b_instruct_10_calibration_upb,0.7,Oracle,Oracle,False,,50,0.7023200047016144,9.441701968665738e-05,9.791110110843725e-05,0.00232000470161442,20.89144660949707,0.00386666661128397,21.466986666666667,,,,,0.000505703282444688,0.0004968287313823935,3.3521919942499614,0.18670438370544762,0.19707213960031258,
hallucination3,mini_phi_4_instruct,10.0,dataset_hallucination3_attack_hallucination_attack_qwen25_14b_instruct_lm_target_mini_phi_4_instruct_judge_llm-judge_qwen25_14b_instruct_10_calibration_upb,0.7,Residual,Residual,False,50.0,50,0.7064933276176453,0.00032383779826701867,0.0003595243458517536,0.006493327617645317,21.296086692810057,0.004266666644252791,10.05585406529387,,1.5360266585282667,0.6,,0.000505703282444688,0.0004968287313823935,3.3521919942499614,0.6403711613290525,0.7236383951697009,0.4582155977828907
hallucination3,mini_phi_4_instruct,10.0,dataset_hallucination3_attack_hallucination_attack_qwen25_14b_instruct_lm_target_mini_phi_4_instruct_judge_llm-judge_qwen25_14b_instruct_10_calibration_upb,0.7,Residual,Residual,False,100.0,50,0.7033933246135712,0.00015203938693896416,0.0001605132511332531,0.0033933246135712247,21.027940139770507,0.003979999944567632,10.035782050509354,,0.957394995438164,0.5,,0.000505703282444688,0.0004968287313823935,3.3521919942499614,0.30064939702184684,0.323075621425185,0.28560267343886936
hallucination3,mini_phi_4_instruct,10.0,dataset_hallucination3_attack_hallucination_attack_qwen25_14b_instruct_lm_target_mini_phi_4_instruct_judge_llm-judge_qwen25_14b_instruct_10_calibration_upb,0.7,Residual,Residual,False,200.0,50,0.7021599972248077,0.00012500794051866819,0.0001271733697194721,0.0021599972248077526,20.909600143432616,0.00383333330973978,10.004801304481594,,0.6969191516683437,0.58,,0.000505703282444688,0.0004968287313823935,3.3521919942499614,0.24719622129868438,0.2559702402186373,0.20789953345863663
hallucination3,mini_phi_4_instruct,10.0,dataset_hallucination3_attack_hallucination_attack_qwen25_14b_instruct_lm_target_mini_phi_4_instruct_judge_llm-judge_qwen25_14b_instruct_10_calibration_upb,0.7,Residual,Residual + CRC,True,50.0,50,0.7002066695690154,0.0008567296358275417,0.000839637755421748,0.00020666956901549405,20.941513442993163,0.004166666623204896,2.4425471919823982,,7.372022094513008,1.0,1.0,0.000505703282444688,0.0004968287313823935,3.3521919942499614,1.6941350107238977,1.6899943630182392,2.199164638289898
hallucination3,mini_phi_4_instruct,10.0,dataset_hallucination3_attack_hallucination_attack_qwen25_14b_instruct_lm_target_mini_phi_4_instruct_judge_llm-judge_qwen25_14b_instruct_10_calibration_upb,0.7,Residual,Residual + CRC,True,100.0,50,0.7068066704273224,0.00035226339632356296,0.0003915488907032773,0.006806670427322414,21.322806587219237,0.004279999989084859,6.39764557914661,,2.40924294246486,1.0,1.0,0.000505703282444688,0.0004968287313823935,3.3521919942499614,0.6965811940564025,0.7880963116078614,0.7187067287904306
hallucination3,mini_phi_4_instruct,10.0,dataset_hallucination3_attack_hallucination_attack_qwen25_14b_instruct_lm_target_mini_phi_4_instruct_judge_llm-judge_qwen25_14b_instruct_10_calibration_upb,0.7,Residual,Residual + CRC,True,200.0,50,0.7028933358192444,0.00018048719760625957,0.0001852488458170572,0.002893335819244447,20.984966659545897,0.003933333302847997,8.197147875141376,,1.329136642981124,1.0,1.0,0.000505703282444688,0.0004968287313823935,3.3521919942499614,0.35690335394649253,0.37286258647243364,0.3964977678071547
hallucination3,mini_phi_4_instruct,10.0,dataset_hallucination3_attack_hallucination_attack_qwen25_14b_instruct_lm_target_mini_phi_4_instruct_judge_llm-judge_qwen25_14b_instruct_10_calibration_upb,0.7,Soft-prefix,Soft-prefix,False,50.0,50,0.7029866671562195,0.00020648513942340835,0.0002112756173369806,0.0029866671562195357,21.00022674560547,0.004039999968372241,10.147773095685542,,1.5630847813789357,0.56,,0.000505703282444688,0.0004968287313823935,3.3521919942499614,0.4083128320330666,0.4252483884116766,0.466287367805933
hallucination3,mini_phi_4_instruct,10.0,dataset_hallucination3_attack_hallucination_attack_qwen25_14b_instruct_lm_target_mini_phi_4_instruct_judge_llm-judge_qwen25_14b_instruct_10_calibration_upb,0.7,Soft-prefix,Soft-prefix,False,100.0,50,0.7025733304023742,0.00022575073736988448,0.00022785775198227068,0.0025733304023742853,20.965580024719237,0.0038799999793991003,9.971017952177428,,1.1108625524025715,0.52,,0.000505703282444688,0.0004968287313823935,3.3521919942499614,0.44640947608358916,0.45862434595574086,0.3313839285780892
hallucination3,mini_phi_4_instruct,10.0,dataset_hallucination3_attack_hallucination_attack_qwen25_14b_instruct_lm_target_mini_phi_4_instruct_judge_llm-judge_qwen25_14b_instruct_10_calibration_upb,0.7,Soft-prefix,Soft-prefix,False,200.0,50,0.7016200006008149,0.00015673928394683984,0.00015622890021454357,0.0016200006008149082,20.876406745910643,0.0038466666406020062,10.000583731688119,,0.7567408175244066,0.54,,0.000505703282444688,0.0004968287313823935,3.3521919942499614,0.30994318088885137,0.3144522253772379,0.22574507033679736
hallucination3,mini_phi_4_instruct,10.0,dataset_hallucination3_attack_hallucination_attack_qwen25_14b_instruct_lm_target_mini_phi_4_instruct_judge_llm-judge_qwen25_14b_instruct_10_calibration_upb,0.7,Soft-prefix,Soft-prefix + CRC,True,50.0,50,0.6975200021266937,0.0005115742878726582,0.0005074931915668086,-0.0024799978733062167,20.692233428955078,0.0038799999747424862,2.469254556512335,,7.399408280698935,1.0,1.0,0.000505703282444688,0.0004968287313823935,3.3521919942499614,1.0116095853671117,1.0214650633322713,2.2073342736308637
hallucination3,mini_phi_4_instruct,10.0,dataset_hallucination3_attack_hallucination_attack_qwen25_14b_instruct_lm_target_mini_phi_4_instruct_judge_llm-judge_qwen25_14b_instruct_10_calibration_upb,0.7,Soft-prefix,Soft-prefix + CRC,True,100.0,50,0.7037399995326996,0.0002586361523940633,0.0002674510258507755,0.003739999532699656,21.08766674041748,0.0041066666366531964,6.397119790510257,,2.474828609881074,1.0,1.0,0.000505703282444688,0.0004968287313823935,3.3521919942499614,0.5114385478056532,0.5383163431523182,0.7382717380526429
hallucination3,mini_phi_4_instruct,10.0,dataset_hallucination3_attack_hallucination_attack_qwen25_14b_instruct_lm_target_mini_phi_4_instruct_judge_llm-judge_qwen25_14b_instruct_10_calibration_upb,0.7,Soft-prefix,Soft-prefix + CRC,True,200.0,50,0.7040066683292389,0.00021530829528702686,0.00022705552048181264,0.004006668329238905,21.099939918518068,0.004006666648201601,8.187645516047343,,1.51302692987319,1.0,1.0,0.000505703282444688,0.0004968287313823935,3.3521919942499614,0.42576013002363,0.45700964163253094,0.4513544965409188
hallucination3,mini_phi_4_instruct,10.0,dataset_hallucination3_attack_hallucination_attack_qwen25_14b_instruct_lm_target_mini_phi_4_instruct_judge_llm-judge_qwen25_14b_instruct_10_calibration_upb,0.7,Static,Static,False,,50,0.6988866651058196,0.000505703282444688,0.0004968287313823935,-0.0011133348941803067,20.775219993591307,0.003979999944567638,2.8197737062466643,,3.3521919942499614,1.0,,0.000505703282444688,0.0004968287313823935,3.3521919942499614,1.0,1.0,1.0
hallucination3,mini_phi_4_instruct,10.0,dataset_hallucination3_attack_hallucination_attack_qwen25_14b_instruct_lm_target_mini_phi_4_instruct_judge_llm-judge_qwen25_14b_instruct_10_calibration_upb,0.8,Endpoint/block,Endpoint/block,False,,50,0.8010000050067901,0.00016120173608924932,0.00015897771138106967,0.0010000050067900945,32.12191997528076,0.013306666743010231,9.170857376148994,,0.4643699740056618,1.0,,0.000307120021206225,0.00030226206277666286,2.532837494044162,0.5248818864238276,0.5259598572201105,0.18333982148385128
hallucination3,mini_phi_4_instruct,10.0,dataset_hallucination3_attack_hallucination_attack_qwen25_14b_instruct_lm_target_mini_phi_4_instruct_judge_llm-judge_qwen25_14b_instruct_10_calibration_upb,0.8,Endpoint/block,Endpoint/block + CRC,True,50.0,50,0.7972866690158844,0.0004794830638732678,0.0004772555676251645,-0.002713330984115636,31.695046577453613,0.013040000125765753,2.7636646819373794,,3.2477680406659344,1.0,1.0,0.000307120021206225,0.00030226206277666286,2.532837494044162,1.5612237261188011,1.5789463065293836,1.2822646728433607
hallucination3,mini_phi_4_instruct,10.0,dataset_hallucination3_attack_hallucination_attack_qwen25_14b_instruct_lm_target_mini_phi_4_instruct_judge_llm-judge_qwen25_14b_instruct_10_calibration_upb,0.8,Endpoint/block,Endpoint/block + CRC,True,100.0,50,0.8004333341121673,0.0002535521873997554,0.0002486689221045281,0.0004333341121672829,32.10142677307129,0.013280000118538691,6.431747615072799,,0.9874604039467343,1.0,1.0,0.000307120021206225,0.00030226206277666286,2.532837494044162,0.8255801311940525,0.822693128671811,0.3898633079574576
hallucination3,mini_phi_4_instruct,10.0,dataset_hallucination3_attack_hallucination_attack_qwen25_14b_instruct_lm_target_mini_phi_4_instruct_judge_llm-judge_qwen25_14b_instruct_10_calibration_upb,0.8,Endpoint/block,Endpoint/block + CRC,True,200.0,50,0.8011800038814545,0.00021242733011590518,0.00020957119267383452,0.00118000388145445,32.172626686096194,0.01345333343371744,8.211364251749343,,0.6331171775136928,1.0,1.0,0.000307120021206225,0.00030226206277666286,2.532837494044162,0.6916752912479921,0.6933426932531844,0.2499635997186695
hallucination3,mini_phi_4_instruct,10.0,dataset_hallucination3_attack_hallucination_attack_qwen25_14b_instruct_lm_target_mini_phi_4_instruct_judge_llm-judge_qwen25_14b_instruct_10_calibration_upb,0.8,Information-gain,Information-gain,False,50.0,50,0.8003266704082489,0.00025664174454048054,0.00025161562320529635,0.0003266704082488525,32.035813331604004,0.013266666773706626,10.327937640557206,,0.9168711891922373,0.46,,0.000307120021206225,0.00030226206277666286,2.532837494044162,0.8356399023824979,0.8324419574652726,0.3619936894286401
hallucination3,mini_phi_4_instruct,10.0,dataset_hallucination3_attack_hallucination_attack_qwen25_14b_instruct_lm_target_mini_phi_4_instruct_judge_llm-judge_qwen25_14b_instruct_10_calibration_upb,0.8,Information-gain,Information-gain,False,100.0,50,0.8015000021457672,0.00013796031082489811,0.00013745111104570626,0.0015000021457671764,32.194160079956056,0.013260000012814948,10.286487566933369,,0.6387405124964559,0.46,,0.000307120021206225,0.00030226206277666286,2.532837494044162,0.44920650331767364,0.4547415239049266,0.25218377175733603
hallucination3,mini_phi_4_instruct,10.0,dataset_hallucination3_attack_hallucination_attack_qwen25_14b_instruct_lm_target_mini_phi_4_instruct_judge_llm-judge_qwen25_14b_instruct_10_calibration_upb,0.8,Information-gain,Information-gain,False,200.0,50,0.8011399972438812,0.00014677586611911003,0.00014513994251278453,0.0011399972438811412,32.13998657226563,0.013340000081807317,10.097140530787415,,0.5829485991258627,0.48,,0.000307120021206225,0.00030226206277666286,2.532837494044162,0.4779104453778119,0.48017915705162895,0.23015633671589142
hallucination3,mini_phi_4_instruct,10.0,dataset_hallucination3_attack_hallucination_attack_qwen25_14b_instruct_lm_target_mini_phi_4_instruct_judge_llm-judge_qwen25_14b_instruct_10_calibration_upb,0.8,Information-gain,Information-gain + CRC,True,50.0,50,0.8041933333873749,0.0007054742231713901,0.0007089487836056345,0.00419333338737482,32.87097999572754,0.014246666580438556,2.470634309429168,,5.497939166957008,1.0,1.0,0.000307120021206225,0.00030226206277666286,2.532837494044162,2.2970636052987183,2.345477222953602,2.170664000309981
hallucination3,mini_phi_4_instruct,10.0,dataset_hallucination3_attack_hallucination_attack_qwen25_14b_instruct_lm_target_mini_phi_4_instruct_judge_llm-judge_qwen25_14b_instruct_10_calibration_upb,0.8,Information-gain,Information-gain + CRC,True,100.0,50,0.8001799988746643,0.00034082641944149485,0.0003340422906475453,0.00017999887466424447,32.081820259094236,0.013313333336263848,6.4361018917747455,,1.6642227612716933,1.0,1.0,0.000307120021206225,0.00030226206277666286,2.532837494044162,1.1097499215547288,1.1051413054583843,0.6570586408267519
hallucination3,mini_phi_4_instruct,10.0,dataset_hallucination3_attack_hallucination_attack_qwen25_14b_instruct_lm_target_mini_phi_4_instruct_judge_llm-judge_qwen25_14b_instruct_10_calibration_upb,0.8,Information-gain,Information-gain + CRC,True,200.0,50,0.801453332901001,0.00020261110194338367,0.00020067105642564782,0.0014533329010009144,32.206400070190426,0.013360000215470737,8.133294779829333,,0.9541042741184289,1.0,1.0,0.000307120021206225,0.00030226206277666286,2.532837494044162,0.6597131022185438,0.6638975946310564,0.3766938369958422
hallucination3,mini_phi_4_instruct,10.0,dataset_hallucination3_attack_hallucination_attack_qwen25_14b_instruct_lm_target_mini_phi_4_instruct_judge_llm-judge_qwen25_14b_instruct_10_calibration_upb,0.8,Oracle,Oracle,False,,50,0.8023133337497711,8.413330638937852e-05,8.780215329942088e-05,0.0023133337497710516,32.30708000183105,0.013353333417326165,21.466986666666667,,,,,0.000307120021206225,0.00030226206277666286,2.532837494044162,0.27394276041966237,0.2904835376720652,
hallucination3,mini_phi_4_instruct,10.0,dataset_hallucination3_attack_hallucination_attack_qwen25_14b_instruct_lm_target_mini_phi_4_instruct_judge_llm-judge_qwen25_14b_instruct_10_calibration_upb,0.8,Residual,Residual,False,50.0,50,0.800806667804718,0.00021325659302181996,0.00020964217410855205,0.0008066678047179421,32.1171798324585,0.01327333343215282,10.054222827945807,,1.7102568872815431,0.58,,0.000307120021206225,0.00030226206277666286,2.532837494044162,0.6943754177413994,0.6935775273374405,0.6752335636625425
hallucination3,mini_phi_4_instruct,10.0,dataset_hallucination3_attack_hallucination_attack_qwen25_14b_instruct_lm_target_mini_phi_4_instruct_judge_llm-judge_qwen25_14b_instruct_10_calibration_upb,0.8,Residual,Residual,False,100.0,50,0.8013666677474975,0.00019698980668811237,0.00019491779128640003,0.0013666677474974964,32.20402004241944,0.013333333395421455,10.113346312378336,,1.0708871698085105,0.48,,0.000307120021206225,0.00030226206277666286,2.532837494044162,0.6414098498509728,0.6448635647352874,0.42280137289764824
hallucination3,mini_phi_4_instruct,10.0,dataset_hallucination3_attack_hallucination_attack_qwen25_14b_instruct_lm_target_mini_phi_4_instruct_judge_llm-judge_qwen25_14b_instruct_10_calibration_upb,0.8,Residual,Residual,False,200.0,50,0.8009199976921082,0.00018904574220575027,0.00018611122311511957,0.0009199976921081543,32.133339920043944,0.013273333422839595,10.0201771564846,,0.8251834060932639,0.5,,0.000307120021206225,0.00030226206277666286,2.532837494044162,0.615543530712411,0.6157280255598417,0.3257940582582343
hallucination3,mini_phi_4_instruct,10.0,dataset_hallucination3_attack_hallucination_attack_qwen25_14b_instruct_lm_target_mini_phi_4_instruct_judge_llm-judge_qwen25_14b_instruct_10_calibration_upb,0.8,Residual,Residual + CRC,True,50.0,50,0.800313333272934,0.0007102648462769001,0.0006961577270912896,0.00031333327293392443,32.21246673583985,0.013573333313688589,2.468814063409448,,6.820801470043871,1.0,1.0,0.000307120021206225,0.00030226206277666286,2.532837494044162,2.312662142595944,2.303159452748361,2.6929487130866616
hallucination3,mini_phi_4_instruct,10.0,dataset_hallucination3_attack_hallucination_attack_qwen25_14b_instruct_lm_target_mini_phi_4_instruct_judge_llm-judge_qwen25_14b_instruct_10_calibration_upb,0.8,Residual,Residual + CRC,True,100.0,50,0.8021266710758209,0.0002810334968639608,0.0002799355567914146,0.002126671075820874,32.358246688842776,0.013486666772514533,6.4699134745293945,,2.451041927358456,1.0,1.0,0.000307120021206225,0.00030226206277666286,2.532837494044162,0.9150608148573043,0.9261352689115174,0.9677059555229879
hallucination3,mini_phi_4_instruct,10.0,dataset_hallucination3_attack_hallucination_attack_qwen25_14b_instruct_lm_target_mini_phi_4_instruct_judge_llm-judge_qwen25_14b_instruct_10_calibration_upb,0.8,Residual,Residual + CRC,True,200.0,50,0.8004799962043763,0.00021691227845380763,0.00021280442924094694,0.0004799962043762207,32.07265323638916,0.013280000090599016,8.159594583096395,,1.3918597004785296,1.0,1.0,0.000307120021206225,0.00030226206277666286,2.532837494044162,0.7062785343719267,0.7040394923731633,0.5495258593381599
hallucination3,mini_phi_4_instruct,10.0,dataset_hallucination3_attack_hallucination_attack_qwen25_14b_instruct_lm_target_mini_phi_4_instruct_judge_llm-judge_qwen25_14b_instruct_10_calibration_upb,0.8,Soft-prefix,Soft-prefix,False,50.0,50,0.803699996471405,0.0003161824322636193,0.0003235487575067562,0.003699996471404954,32.60551979064942,0.013646666677668635,10.093249144127219,,2.065471294601755,0.58,,0.000307120021206225,0.00030226206277666286,2.532837494044162,1.0295077182588142,1.0704246326335098,0.8154772264144878
hallucination3,mini_phi_4_instruct,10.0,dataset_hallucination3_attack_hallucination_attack_qwen25_14b_instruct_lm_target_mini_phi_4_instruct_judge_llm-judge_qwen25_14b_instruct_10_calibration_upb,0.8,Soft-prefix,Soft-prefix,False,100.0,50,0.8003400003910065,0.00027549887828904506,0.00027010450098914867,0.0003400003910064564,32.048866767883304,0.013180000167339993,10.021298249655734,,1.4449308808675192,0.46,,0.000307120021206225,0.00030226206277666286,2.532837494044162,0.897039786618317,0.893610327766224,0.5704791105885002
hallucination3,mini_phi_4_instruct,10.0,dataset_hallucination3_attack_hallucination_attack_qwen25_14b_instruct_lm_target_mini_phi_4_instruct_judge_llm-judge_qwen25_14b_instruct_10_calibration_upb,0.8,Soft-prefix,Soft-prefix,False,200.0,50,0.8023533308506012,0.00021246894138428004,0.00021375772864898557,0.0023533308506011874,32.37688659667969,0.013426666744053312,9.967326433751207,,0.942445119412548,0.6,,0.000307120021206225,0.00030226206277666286,2.532837494044162,0.6918107798697088,0.7071933761231826,0.37209063811976084
hallucination3,mini_phi_4_instruct,10.0,dataset_hallucination3_attack_hallucination_attack_qwen25_14b_instruct_lm_target_mini_phi_4_instruct_judge_llm-judge_qwen25_14b_instruct_10_calibration_upb,0.8,Soft-prefix,Soft-prefix + CRC,True,50.0,50,0.7996399998664856,0.000661536753759267,0.000648435618780212,-0.0003600001335144487,32.152259788513184,0.013413333352655129,2.522267105344284,,6.5115443320448,1.0,1.0,0.000307120021206225,0.00030226206277666286,2.532837494044162,2.1540007426447074,2.1452762309087126,2.57084962906478
hallucination3,mini_phi_4_instruct,10.0,dataset_hallucination3_attack_hallucination_attack_qwen25_14b_instruct_lm_target_mini_phi_4_instruct_judge_llm-judge_qwen25_14b_instruct_10_calibration_upb,0.8,Soft-prefix,Soft-prefix + CRC,True,100.0,50,0.8039799988269806,0.00034304958637897603,0.0003520289853141631,0.003979998826980524,32.6864599609375,0.013673333385959219,6.4489923115584045,,2.9140034827619403,1.0,1.0,0.000307120021206225,0.00030226206277666286,2.532837494044162,1.1169886776890556,1.1646482594617649,1.15048971345934
hallucination3,mini_phi_4_instruct,10.0,dataset_hallucination3_attack_hallucination_attack_qwen25_14b_instruct_lm_target_mini_phi_4_instruct_judge_llm-judge_qwen25_14b_instruct_10_calibration_upb,0.8,Soft-prefix,Soft-prefix + CRC,True,200.0,50,0.8002999985218048,0.0002648400882054965,0.0002596332855544716,0.0002999985218047341,32.04188659667969,0.013273333441466046,8.172274546413796,,1.8255249724867386,1.0,1.0,0.000307120021206225,0.00030226206277666286,2.532837494044162,0.8623341687895417,0.8589674905590483,0.7207430309995677
hallucination3,mini_phi_4_instruct,10.0,dataset_hallucination3_attack_hallucination_attack_qwen25_14b_instruct_lm_target_mini_phi_4_instruct_judge_llm-judge_qwen25_14b_instruct_10_calibration_upb,0.8,Static,Static,False,,50,0.7988666677474976,0.000307120021206225,0.00030226206277666286,-0.0011333322525024503,31.825806732177735,0.012986666671931697,2.8197737062466643,,2.532837494044162,1.0,,0.000307120021206225,0.00030226206277666286,2.532837494044162,1.0,1.0,1.0
hallucination3,mini_phi_4_instruct,10.0,dataset_hallucination3_attack_hallucination_attack_qwen25_14b_instruct_lm_target_mini_phi_4_instruct_judge_llm-judge_qwen25_14b_instruct_10_calibration_upb,0.9,Endpoint/block,Endpoint/block,False,,50,0.8988199996948242,8.722548045205484e-05,8.687337156322876e-05,-0.0011800003051758434,51.81684661865234,0.03158666688948865,9.167277060332005,,0.24453301148610865,1.0,,0.00016810074555625708,0.00017269110740906506,1.3589915763162108,0.5188881236868977,0.5030564275521492,0.17993710612170166
hallucination3,mini_phi_4_instruct,10.0,dataset_hallucination3_attack_hallucination_attack_qwen25_14b_instruct_lm_target_mini_phi_4_instruct_judge_llm-judge_qwen25_14b_instruct_10_calibration_upb,0.9,Endpoint/block,Endpoint/block + CRC,True,50.0,50,0.8987266671657562,0.00026270596277310344,0.0002590732200244048,-0.001273332834243801,52.07953330993652,0.0315066665410995,2.76107212071601,,1.7636701082565738,1.0,1.0,0.00016810074555625708,0.00017269110740906506,1.3589915763162108,1.5627888020590932,1.5002117011776444,1.2977785432911337
hallucination3,mini_phi_4_instruct,10.0,dataset_hallucination3_attack_hallucination_attack_qwen25_14b_instruct_lm_target_mini_phi_4_instruct_judge_llm-judge_qwen25_14b_instruct_10_calibration_upb,0.9,Endpoint/block,Endpoint/block + CRC,True,100.0,50,0.8988333344459534,0.0001221053589804386,0.00012102436031582885,-0.001166665554046653,51.90893997192383,0.03157333321869369,6.437947064120813,,0.5300169654475833,1.0,1.0,0.00016810074555625708,0.00017269110740906506,1.3589915763162108,0.7263820191658488,0.7008140843590185,0.39000754286077977
hallucination3,mini_phi_4_instruct,10.0,dataset_hallucination3_attack_hallucination_attack_qwen25_14b_instruct_lm_target_mini_phi_4_instruct_judge_llm-judge_qwen25_14b_instruct_10_calibration_upb,0.9,Endpoint/block,Endpoint/block + CRC,True,200.0,50,0.89874666929245,0.00010334948172974659,0.00010285332995763963,-0.001253330707550071,51.84647323608399,0.031573333479464,8.186852065098263,,0.3387354738954865,1.0,1.0,0.00016810074555625708,0.00017269110740906506,1.3589915763162108,0.614806801645977,0.5955913509431845,0.2492550210014469
hallucination3,mini_phi_4_instruct,10.0,dataset_hallucination3_attack_hallucination_attack_qwen25_14b_instruct_lm_target_mini_phi_4_instruct_judge_llm-judge_qwen25_14b_instruct_10_calibration_upb,0.9,Information-gain,Information-gain,False,50.0,50,0.8998000001907349,0.00012906581156835732,0.00012652449526069626,-0.00019999980926510563,52.15849998474121,0.031820000186562496,10.353282354853091,,0.8969431751564088,0.5,,0.00016810074555625708,0.00017269110740906506,1.3589915763162108,0.7677884541277289,0.7326636394831215,0.6600064274038646
hallucination3,mini_phi_4_instruct,10.0,dataset_hallucination3_attack_hallucination_attack_qwen25_14b_instruct_lm_target_mini_phi_4_instruct_judge_llm-judge_qwen25_14b_instruct_10_calibration_upb,0.9,Information-gain,Information-gain,False,100.0,50,0.8985400021076202,0.00012916502025363933,0.00012871331369431995,-0.0014599978923798274,51.81633972167969,0.03156000021845096,10.224232025587584,,0.7153984421969122,0.42,,0.00016810074555625708,0.00017269110740906506,1.3589915763162108,0.7683786281031847,0.745338400022116,0.5264185993971554
hallucination3,mini_phi_4_instruct,10.0,dataset_hallucination3_attack_hallucination_attack_qwen25_14b_instruct_lm_target_mini_phi_4_instruct_judge_llm-judge_qwen25_14b_instruct_10_calibration_upb,0.9,Information-gain,Information-gain,False,200.0,50,0.8996066701412201,0.0001185927342066179,0.0001163755879002934,-0.00039332985877993387,52.09234016418457,0.03177333328872914,10.136922365636876,,0.5310232272625427,0.46,,0.00016810074555625708,0.00017269110740906506,1.3589915763162108,0.7054860691675476,0.6738945024229112,0.39074799028701557
hallucination3,mini_phi_4_instruct,10.0,dataset_hallucination3_attack_hallucination_attack_qwen25_14b_instruct_lm_target_mini_phi_4_instruct_judge_llm-judge_qwen25_14b_instruct_10_calibration_upb,0.9,Information-gain,Information-gain + CRC,True,50.0,50,0.8982600021362305,0.0003585726074643091,0.0003544287478809455,-0.001739997863769549,52.029513397216796,0.03155333351343865,2.489292886833668,,3.5982372958609683,1.0,1.0,0.00016810074555625708,0.00017269110740906506,1.3589915763162108,2.1330816010230493,2.0523856335079618,2.6477259745896533
hallucination3,mini_phi_4_instruct,10.0,dataset_hallucination3_attack_hallucination_attack_qwen25_14b_instruct_lm_target_mini_phi_4_instruct_judge_llm-judge_qwen25_14b_instruct_10_calibration_upb,0.9,Information-gain,Information-gain + CRC,True,100.0,50,0.8989666676521302,0.00012947498684647062,0.00012795326285069551,-0.001033332347869842,52.00240020751953,0.03171333339065308,6.466962480034972,,1.3924350241528594,1.0,1.0,0.00016810074555625708,0.00017269110740906506,1.3589915763162108,0.7702225615837031,0.7409371841458171,1.024609017759553
hallucination3,mini_phi_4_instruct,10.0,dataset_hallucination3_attack_hallucination_attack_qwen25_14b_instruct_lm_target_mini_phi_4_instruct_judge_llm-judge_qwen25_14b_instruct_10_calibration_upb,0.9,Information-gain,Information-gain + CRC,True,200.0,50,0.8996333336830139,0.00015799673860284106,0.00015497124801879645,-0.0003666663169861195,52.17220657348633,0.031846666708588545,8.182684703407052,,0.9345222749962788,0.98,1.0,0.00016810074555625708,0.00017269110740906506,1.3589915763162108,0.939893146101279,0.897389856049192,0.6876586222333093
hallucination3,mini_phi_4_instruct,10.0,dataset_hallucination3_attack_hallucination_attack_qwen25_14b_instruct_lm_target_mini_phi_4_instruct_judge_llm-judge_qwen25_14b_instruct_10_calibration_upb,0.9,Oracle,Oracle,False,,50,0.899540001153946,5.8979108953972566e-05,5.801112571326422e-05,-0.00045999884605407715,51.984319839477536,0.03181333348155016,21.466986666666667,,,,,0.00016810074555625708,0.00017269110740906506,1.3589915763162108,0.35085572499281065,0.33592422090298696,
hallucination3,mini_phi_4_instruct,10.0,dataset_hallucination3_attack_hallucination_attack_qwen25_14b_instruct_lm_target_mini_phi_4_instruct_judge_llm-judge_qwen25_14b_instruct_10_calibration_upb,0.9,Residual,Residual,False,50.0,50,0.900953335762024,0.0002164899071255154,0.0002130689580581588,0.0009533357620239435,52.630160369873046,0.03214000012725587,10.028229586604427,,2.046134774254429,0.54,,0.00016810074555625708,0.00017269110740906506,1.3589915763162108,1.2878581020514526,1.2338154596081663,1.5056272679782479
hallucination3,mini_phi_4_instruct,10.0,dataset_hallucination3_attack_hallucination_attack_qwen25_14b_instruct_lm_target_mini_phi_4_instruct_judge_llm-judge_qwen25_14b_instruct_10_calibration_upb,0.9,Residual,Residual,False,100.0,50,0.9009466671943664,0.00040401975226981164,0.00039683553600130525,0.000946667194366424,54.91913345336914,0.049759999625384764,10.048953367094034,,1.4294265029595103,0.46,,0.00016810074555625708,0.00017269110740906506,1.3589915763162108,2.4034381937622116,2.2979500331843616,1.0518288176842316
hallucination3,mini_phi_4_instruct,10.0,dataset_hallucination3_attack_hallucination_attack_qwen25_14b_instruct_lm_target_mini_phi_4_instruct_judge_llm-judge_qwen25_14b_instruct_10_calibration_upb,0.9,Residual,Residual,False,200.0,50,0.9022666668891907,0.00023668026604975616,0.00023708443951531426,0.0022666668891906383,53.14618003845215,0.03274666670709843,10.01553944642227,,1.1289577741782553,0.56,,0.00016810074555625708,0.00017269110740906506,1.3589915763162108,1.4079667836484882,1.3728815749250851,0.8307319882279894
hallucination3,mini_phi_4_instruct,10.0,dataset_hallucination3_attack_hallucination_attack_qwen25_14b_instruct_lm_target_mini_phi_4_instruct_judge_llm-judge_qwen25_14b_instruct_10_calibration_upb,0.9,Residual,Residual + CRC,True,50.0,50,0.8983666658401489,0.0004797606937753403,0.00047283326037757,-0.0016333341598511186,52.25133987426758,0.03176666680723424,2.5108272234679654,,4.877858638235023,1.0,1.0,0.00016810074555625708,0.00017269110740906506,1.3589915763162108,2.854006936065505,2.7380290014443998,3.5893222027595852
hallucination3,mini_phi_4_instruct,10.0,dataset_hallucination3_attack_hallucination_attack_qwen25_14b_instruct_lm_target_mini_phi_4_instruct_judge_llm-judge_qwen25_14b_instruct_10_calibration_upb,0.9,Residual,Residual + CRC,True,100.0,50,0.8961666643619537,0.0003497062752407102,0.00035740661184981165,-0.0038333356380463313,51.3214533996582,0.03098666682839389,6.490789993126885,,2.550887243771767,1.0,1.0,0.00016810074555625708,0.00017269110740906506,1.3589915763162108,2.08033744337961,2.0696295090817767,1.8770441908745323
hallucination3,mini_phi_4_instruct,10.0,dataset_hallucination3_attack_hallucination_attack_qwen25_14b_instruct_lm_target_mini_phi_4_instruct_judge_llm-judge_qwen25_14b_instruct_10_calibration_upb,0.9,Residual,Residual + CRC,True,200.0,50,0.9008999979496002,0.00044095815512087044,0.0004329489883277376,0.000899997949600162,55.00846649169922,0.04984666615724558,8.133778140567765,,1.6725096633572571,1.0,1.0,0.00016810074555625708,0.00017269110740906506,1.3589915763162108,2.6231778667114725,2.5070717005837606,1.23069906576676
hallucination3,mini_phi_4_instruct,10.0,dataset_hallucination3_attack_hallucination_attack_qwen25_14b_instruct_lm_target_mini_phi_4_instruct_judge_llm-judge_qwen25_14b_instruct_10_calibration_upb,0.9,Soft-prefix,Soft-prefix,False,50.0,50,0.8955466663837433,0.00037960899171075055,0.00039184899217421803,-0.004453333616256772,51.288286666870114,0.031039999984204723,10.12133936611834,,1.921783068754941,0.6,,0.00016810074555625708,0.00017269110740906506,1.3589915763162108,2.2582231295560167,2.2690745230211475,1.414124342083324
hallucination3,mini_phi_4_instruct,10.0,dataset_hallucination3_attack_hallucination_attack_qwen25_14b_instruct_lm_target_mini_phi_4_instruct_judge_llm-judge_qwen25_14b_instruct_10_calibration_upb,0.9,Soft-prefix,Soft-prefix,False,100.0,50,0.9015933310985565,0.00041149346791824075,0.0004058023025495032,0.0015933310985565274,55.23518669128418,0.05008000060915942,10.077068258587907,,1.4826808111161986,0.48,,0.00016810074555625708,0.00017269110740906506,1.3589915763162108,2.447897934994757,2.349873763842697,1.091015453631633
hallucination3,mini_phi_4_instruct,10.0,dataset_hallucination3_attack_hallucination_attack_qwen25_14b_instruct_lm_target_mini_phi_4_instruct_judge_llm-judge_qwen25_14b_instruct_10_calibration_upb,0.9,Soft-prefix,Soft-prefix,False,200.0,50,0.8984266662597656,0.00017369622411976315,0.00017269767869552787,-0.0015733337402343839,51.72295989990234,0.03148000009357924,9.924673528156795,,1.156476111642249,0.64,,0.00016810074555625708,0.00017269110740906506,1.3589915763162108,1.0332864589326494,1.0000380522573593,0.8509810743471155
hallucination3,mini_phi_4_instruct,10.0,dataset_hallucination3_attack_hallucination_attack_qwen25_14b_instruct_lm_target_mini_phi_4_instruct_judge_llm-judge_qwen25_14b_instruct_10_calibration_upb,0.9,Soft-prefix,Soft-prefix + CRC,True,50.0,50,0.8985800015926361,0.0003614049441831678,0.0003561932407764204,-0.0014199984073639538,52.21696647644043,0.03181333355605597,2.580304497651607,,4.114747276109852,1.0,1.0,0.00016810074555625708,0.00017269110740906506,1.3589915763162108,2.1499306441934785,2.0626032580396942,3.027794541054926
hallucination3,mini_phi_4_instruct,10.0,dataset_hallucination3_attack_hallucination_attack_qwen25_14b_instruct_lm_target_mini_phi_4_instruct_judge_llm-judge_qwen25_14b_instruct_10_calibration_upb,0.9,Soft-prefix,Soft-prefix + CRC,True,100.0,50,0.8943066668510437,0.0005979677635427698,0.0006184224506169192,-0.00569333314895637,53.23990013122559,0.048153333403170066,6.5603362403687004,,2.251934341277794,1.0,1.0,0.00016810074555625708,0.00017269110740906506,1.3589915763162108,3.5571987593752357,3.581090305663628,1.6570627666302862
hallucination3,mini_phi_4_instruct,10.0,dataset_hallucination3_attack_hallucination_attack_qwen25_14b_instruct_lm_target_mini_phi_4_instruct_judge_llm-judge_qwen25_14b_instruct_10_calibration_upb,0.9,Soft-prefix,Soft-prefix + CRC,True,200.0,50,0.9004600048065186,0.0004540630042036323,0.00044519334854157974,0.0004600048065185325,54.8991667175293,0.049846667274832675,8.186054093106389,,1.7366815558413737,0.98,1.0,0.00016810074555625708,0.00017269110740906506,1.3589915763162108,2.7011361710568633,2.5779749474130145,1.2779192940613797
hallucination3,mini_phi_4_instruct,10.0,dataset_hallucination3_attack_hallucination_attack_qwen25_14b_instruct_lm_target_mini_phi_4_instruct_judge_llm-judge_qwen25_14b_instruct_10_calibration_upb,0.9,Static,Static,False,,50,0.8971800041198731,0.00016810074555625708,0.00017269110740906506,-0.0028199958801269354,51.38738014221192,0.031026666834950395,2.8197737062466643,,1.3589915763162108,1.0,,0.00016810074555625708,0.00017269110740906506,1.3589915763162108,1.0,1.0,1.0
hallucination3,mini_phi_4_instruct,20.0,dataset_hallucination3_attack_hallucination_attack_qwen25_14b_instruct_lm_target_mini_phi_4_instruct_judge_llm-judge_qwen25_14b_instruct_20_calibration_upb,0.7,Endpoint/block,Endpoint/block,False,,50,0.7020866680145263,0.00010441192861159315,0.00010667787344220885,0.002086668014526394,20.895,0.003846666617318942,17.67241718802104,,0.0528369142944896,1.0,,0.00027713406127700285,0.00027224209492187875,1.3331491614460191,0.3767560296647573,0.391849296754863,0.039633160206303766
hallucination3,mini_phi_4_instruct,20.0,dataset_hallucination3_attack_hallucination_attack_qwen25_14b_instruct_lm_target_mini_phi_4_instruct_judge_llm-judge_qwen25_14b_instruct_20_calibration_upb,0.7,Endpoint/block,Endpoint/block + CRC,True,50.0,50,0.6995999991893769,0.0001663039058463405,0.0001631378283779128,-0.00040000081062308013,20.756380081176758,0.003773333318531466,9.114665329293127,,0.6406566338288203,1.0,1.0,0.00027713406127700285,0.00027224209492187875,1.3331491614460191,0.6000846849356252,0.599238073100804,0.48055885444500673
hallucination3,mini_phi_4_instruct,20.0,dataset_hallucination3_attack_hallucination_attack_qwen25_14b_instruct_lm_target_mini_phi_4_instruct_judge_llm-judge_qwen25_14b_instruct_20_calibration_upb,0.7,Endpoint/block,Endpoint/block + CRC,True,100.0,50,0.6995733320713043,0.00016066691839787344,0.00015763562555129337,-0.0004266679286956121,20.75320667266846,0.003793333317153112,9.240319043699214,,0.6305629108227132,1.0,1.0,0.00027713406127700285,0.00027224209492187875,1.3331491614460191,0.5797443939497664,0.5790273748684153,0.4729875163697093
hallucination3,mini_phi_4_instruct,20.0,dataset_hallucination3_attack_hallucination_attack_qwen25_14b_instruct_lm_target_mini_phi_4_instruct_judge_llm-judge_qwen25_14b_instruct_20_calibration_upb,0.7,Endpoint/block,Endpoint/block + CRC,True,200.0,50,0.6995800018310547,0.00016611708183901025,0.00016297113866414745,-0.0004199981689452237,20.753259963989258,0.0037733333138748565,9.410333251629375,,0.620145071872116,1.0,1.0,0.00027713406127700285,0.00027224209492187875,1.3331491614460191,0.5994105562974152,0.5986257882379021,0.4651730577540677
hallucination3,mini_phi_4_instruct,20.0,dataset_hallucination3_attack_hallucination_attack_qwen25_14b_instruct_lm_target_mini_phi_4_instruct_judge_llm-judge_qwen25_14b_instruct_20_calibration_upb,0.7,Information-gain,Information-gain,False,50.0,50,0.7025000035762787,9.287185732446656e-05,9.726443805938367e-05,0.0025000035762787753,20.90327995300293,0.0038933332823216454,18.605267479177595,,0.02043288222912087,0.86,,0.00027713406127700285,0.00027224209492187875,1.3331491614460191,0.3351152756053276,0.3572718542563897,0.015326778743166335
hallucination3,mini_phi_4_instruct,20.0,dataset_hallucination3_attack_hallucination_attack_qwen25_14b_instruct_lm_target_mini_phi_4_instruct_judge_llm-judge_qwen25_14b_instruct_20_calibration_upb,0.7,Information-gain,Information-gain,False,100.0,50,0.702220002412796,9.203445864680813e-05,9.512218018669238e-05,0.002220002412796074,20.889919967651366,0.003873333274386776,18.981918280665163,,0.008318971868017132,0.88,,0.00027713406127700285,0.00027224209492187875,1.3331491614460191,0.3320936380852055,0.3494029099871134,0.0062400908379928325
hallucination3,mini_phi_4_instruct,20.0,dataset_hallucination3_attack_hallucination_attack_qwen25_14b_instruct_lm_target_mini_phi_4_instruct_judge_llm-judge_qwen25_14b_instruct_20_calibration_upb,0.7,Information-gain,Information-gain,False,200.0,50,0.7023600041866302,9.432123928864597e-05,9.800443426378558e-05,0.0023600041866302934,20.896440048217773,0.003873333274386776,19.2282988020575,,0.001369160970532717,0.86,,0.00027713406127700285,0.00027224209492187875,1.3331491614460191,0.3403451703266795,0.3599900092302348,0.0010270125880345131
hallucination3,mini_phi_4_instruct,20.0,dataset_hallucination3_attack_hallucination_attack_qwen25_14b_instruct_lm_target_mini_phi_4_instruct_judge_llm-judge_qwen25_14b_instruct_20_calibration_upb,0.7,Information-gain,Information-gain + CRC,True,50.0,50,0.7015066647529602,0.00015393301026274945,0.00015312438873530722,0.0015066647529602406,20.86438678741455,0.0038466666452586216,12.699656926021134,,0.42900053940401983,1.0,1.0,0.00027713406127700285,0.00027224209492187875,1.3331491614460191,0.5554460161029767,0.5624566942127265,0.3217948537271691
hallucination3,mini_phi_4_instruct,20.0,dataset_hallucination3_attack_hallucination_attack_qwen25_14b_instruct_lm_target_mini_phi_4_instruct_judge_llm-judge_qwen25_14b_instruct_20_calibration_upb,0.7,Information-gain,Information-gain + CRC,True,100.0,50,0.7027666676044464,0.0001011304617504526,0.00010676230214893702,0.0027666676044464378,20.930679969787597,0.0038799999514594237,16.81909848392147,,0.10572120306607644,0.96,1.0,0.00027713406127700285,0.00027224209492187875,1.3331491614460191,0.3649153095236822,0.3921594203849078,0.07930185617894732
hallucination3,mini_phi_4_instruct,20.0,dataset_hallucination3_attack_hallucination_attack_qwen25_14b_instruct_lm_target_mini_phi_4_instruct_judge_llm-judge_qwen25_14b_instruct_20_calibration_upb,0.7,Information-gain,Information-gain + CRC,True,200.0,50,0.702206666469574,0.00010410373569208546,0.000106891037886186,0.0022066664695740146,20.90527328491211,0.003853333289734975,17.63855806464113,,0.06701310193146776,0.98,1.0,0.00027713406127700285,0.00027224209492187875,1.3331491614460191,0.37564395806270456,0.392632292654297,0.05026676974299038
hallucination3,mini_phi_4_instruct,20.0,dataset_hallucination3_attack_hallucination_attack_qwen25_14b_instruct_lm_target_mini_phi_4_instruct_judge_llm-judge_qwen25_14b_instruct_20_calibration_upb,0.7,Oracle,Oracle,False,,50,0.7023200047016144,9.441701968665738e-05,9.791110110843725e-05,0.00232000470161442,20.89144660949707,0.00386666661128397,21.466986666666667,,,,,0.00027713406127700285,0.00027224209492187875,1.3331491614460191,0.3406907806698111,0.359647177768498,
hallucination3,mini_phi_4_instruct,20.0,dataset_hallucination3_attack_hallucination_attack_qwen25_14b_instruct_lm_target_mini_phi_4_instruct_judge_llm-judge_qwen25_14b_instruct_20_calibration_upb,0.7,Residual,Residual,False,50.0,50,0.7025866711139679,9.356263730536328e-05,9.83822520110922e-05,0.002586671113967931,20.908033294677736,0.0038866666099056134,18.56496264522421,,0.04132664210421586,0.86,,0.00027713406127700285,0.00027224209492187875,1.3331491614460191,0.3376078597998278,0.3613778098472372,0.030999263472806248
hallucination3,mini_phi_4_instruct,20.0,dataset_hallucination3_attack_hallucination_attack_qwen25_14b_instruct_lm_target_mini_phi_4_instruct_judge_llm-judge_qwen25_14b_instruct_20_calibration_upb,0.7,Residual,Residual,False,100.0,50,0.7023933362960816,9.408924021313652e-05,9.793551403501532e-05,0.0023933362960816273,20.90009998321533,0.003873333274386776,18.97435338051203,,0.015746274427973255,0.88,,0.00027713406127700285,0.00027224209492187875,1.3331491614460191,0.33950803369165017,0.3597368513606186,0.011811337308192758
hallucination3,mini_phi_4_instruct,20.0,dataset_hallucination3_attack_hallucination_attack_qwen25_14b_instruct_lm_target_mini_phi_4_instruct_judge_llm-judge_qwen25_14b_instruct_20_calibration_upb,0.7,Residual,Residual,False,200.0,50,0.7024000036716461,9.450792006007173e-05,9.837777928278535e-05,0.002400003671646167,20.897333297729492,0.003873333274386776,19.224752459169093,,0.0013852734472787225,0.86,,0.00027713406127700285,0.00027224209492187875,1.3331491614460191,0.3410187821179027,0.36136138061608497,0.0010390986150238177
hallucination3,mini_phi_4_instruct,20.0,dataset_hallucination3_attack_hallucination_attack_qwen25_14b_instruct_lm_target_mini_phi_4_instruct_judge_llm-judge_qwen25_14b_instruct_20_calibration_upb,0.7,Residual,Residual + CRC,True,50.0,50,0.7021199989318848,0.0001557902741002258,0.00015716886408941396,0.002119998931884859,20.91158676147461,0.003886666637845296,12.66511966967456,,0.48877795915758154,1.0,1.0,0.00027713406127700285,0.00027224209492187875,1.3331491614460191,0.5621476962534363,0.5773128660889653,0.36663411214047614
hallucination3,mini_phi_4_instruct,20.0,dataset_hallucination3_attack_hallucination_attack_qwen25_14b_instruct_lm_target_mini_phi_4_instruct_judge_llm-judge_qwen25_14b_instruct_20_calibration_upb,0.7,Residual,Residual + CRC,True,100.0,50,0.702940001487732,0.00010294654640162262,0.00010953122422145638,0.0029400014877319913,20.940046577453614,0.0038799999514594237,16.800155308083678,,0.11927590104271509,0.96,1.0,0.00027713406127700285,0.00027224209492187875,1.3331491614460191,0.37146840026540373,0.4023302283685663,0.08946928407721517
hallucination3,mini_phi_4_instruct,20.0,dataset_hallucination3_attack_hallucination_attack_qwen25_14b_instruct_lm_target_mini_phi_4_instruct_judge_llm-judge_qwen25_14b_instruct_20_calibration_upb,0.7,Residual,Residual + CRC,True,200.0,50,0.702333333492279,0.00010704302537826794,0.00011034661005689391,0.002333333492279044,20.911979904174803,0.003853333289734975,17.639726896845406,,0.0736033578879279,0.98,1.0,0.00027713406127700285,0.00027224209492187875,1.3331491614460191,0.38624997910767667,0.4053253046284353,0.05521014453333412
hallucination3,mini_phi_4_instruct,20.0,dataset_hallucination3_attack_hallucination_attack_qwen25_14b_instruct_lm_target_mini_phi_4_instruct_judge_llm-judge_qwen25_14b_instruct_20_calibration_upb,0.7,Soft-prefix,Soft-prefix,False,50.0,50,0.7028600025177002,0.0001056194269380672,0.00011168665280055759,0.002860002517700244,20.95091999053955,0.0039133332762866764,18.569069999283617,,0.025961088734364517,0.86,,0.00027713406127700285,0.00027224209492187875,1.3331491614460191,0.3811131206730225,0.4102475512929279,0.019473506405093828
hallucination3,mini_phi_4_instruct,20.0,dataset_hallucination3_attack_hallucination_attack_qwen25_14b_instruct_lm_target_mini_phi_4_instruct_judge_llm-judge_qwen25_14b_instruct_20_calibration_upb,0.7,Soft-prefix,Soft-prefix,False,100.0,50,0.7023066699504852,9.41715677080835e-05,9.76088626143936e-05,0.0023066699504852295,20.900480003356932,0.003886666605249,18.946142337945535,,0.011151836392261612,0.88,,0.00027713406127700285,0.00027224209492187875,1.3331491614460191,0.33980510109133255,0.35853699495811975,0.008365032747097568
hallucination3,mini_phi_4_instruct,20.0,dataset_hallucination3_attack_hallucination_attack_qwen25_14b_instruct_lm_target_mini_phi_4_instruct_judge_llm-judge_qwen25_14b_instruct_20_calibration_upb,0.7,Soft-prefix,Soft-prefix,False,200.0,50,0.7025400018692016,9.379541136054539e-05,9.837111262888266e-05,0.002540001869201669,20.904246673583984,0.003873333274386776,19.199797844611105,,0.0023380683793620817,0.86,,0.00027713406127700285,0.00027224209492187875,1.3331491614460191,0.33844779284201515,0.36133689265471874,0.001753793534120415
hallucination3,mini_phi_4_instruct,20.0,dataset_hallucination3_attack_hallucination_attack_qwen25_14b_instruct_lm_target_mini_phi_4_instruct_judge_llm-judge_qwen25_14b_instruct_20_calibration_upb,0.7,Soft-prefix,Soft-prefix + CRC,True,50.0,50,0.7019333326816559,0.0001543083141723357,0.00015495992314684787,0.0019333326816559637,20.898660087585448,0.003873333297669844,12.657035630566124,,0.46605333531711246,1.0,1.0,0.00027713406127700285,0.00027224209492187875,1.3331491614460191,0.5568002484476292,0.5691989814848964,0.3495882897391625
hallucination3,mini_phi_4_instruct,20.0,dataset_hallucination3_attack_hallucination_attack_qwen25_14b_instruct_lm_target_mini_phi_4_instruct_judge_llm-judge_qwen25_14b_instruct_20_calibration_upb,0.7,Soft-prefix,Soft-prefix + CRC,True,100.0,50,0.7033133351802826,0.00011407451563537788,0.00012277121533956888,0.0033133351802826505,20.981799964904784,0.003913333290256518,16.782531355550674,,0.1118512362138608,0.96,1.0,0.00027713406127700285,0.00027224209492187875,1.3331491614460191,0.41162214095854993,0.4509633801297287,0.08390001617863958
hallucination3,mini_phi_4_instruct,20.0,dataset_hallucination3_attack_hallucination_attack_qwen25_14b_instruct_lm_target_mini_phi_4_instruct_judge_llm-judge_qwen25_14b_instruct_20_calibration_upb,0.7,Soft-prefix,Soft-prefix + CRC,True,200.0,50,0.702113333940506,0.0001025242445807684,0.00010493994003324775,0.002113333940506057,20.899606590270995,0.003853333289734975,17.63473552760808,,0.06711707838552892,0.98,1.0,0.00027713406127700285,0.00027224209492187875,1.3331491614460191,0.3699445824463009,0.38546551760616155,0.05034476285664046
hallucination3,mini_phi_4_instruct,20.0,dataset_hallucination3_attack_hallucination_attack_qwen25_14b_instruct_lm_target_mini_phi_4_instruct_judge_llm-judge_qwen25_14b_instruct_20_calibration_upb,0.7,Static,Static,False,,50,0.7008066689968109,0.00027713406127700285,0.00027224209492187875,0.000806668996810922,20.889393272399904,0.00394666665699329,5.6280372811389965,,1.3331491614460191,1.0,,0.00027713406127700285,0.00027224209492187875,1.3331491614460191,1.0,1.0,1.0
hallucination3,mini_phi_4_instruct,20.0,dataset_hallucination3_attack_hallucination_attack_qwen25_14b_instruct_lm_target_mini_phi_4_instruct_judge_llm-judge_qwen25_14b_instruct_20_calibration_upb,0.8,Endpoint/block,Endpoint/block,False,,50,0.8022133362293243,8.921888702993508e-05,9.233336655337588e-05,0.002213336229324292,32.2738798904419,0.013306666724383787,17.67216931403901,,0.0393071838943391,1.0,,0.00020877170703911634,0.00020600444459515198,1.0045959710686585,0.42735142752470123,0.4482105555287073,0.03912735569955085
hallucination3,mini_phi_4_instruct,20.0,dataset_hallucination3_attack_hallucination_attack_qwen25_14b_instruct_lm_target_mini_phi_4_instruct_judge_llm-judge_qwen25_14b_instruct_20_calibration_upb,0.8,Endpoint/block,Endpoint/block + CRC,True,50.0,50,0.8010800004005432,0.00017229278820721848,0.00017001333330824754,0.001080000400543124,32.13399341583252,0.013353333435952613,8.997915295904162,,0.49116801687823647,1.0,1.0,0.00020877170703911634,0.00020600444459515198,1.0045959710686585,0.8252688577908547,0.8252896370384843,0.4889209503356329
hallucination3,mini_phi_4_instruct,20.0,dataset_hallucination3_attack_hallucination_attack_qwen25_14b_instruct_lm_target_mini_phi_4_instruct_judge_llm-judge_qwen25_14b_instruct_20_calibration_upb,0.8,Endpoint/block,Endpoint/block + CRC,True,100.0,50,0.8009933340549469,0.0001667777617559445,0.0001644289190655427,0.0009933340549468372,32.13918003082276,0.013320000115781971,9.110200288615681,,0.4849295619567555,1.0,1.0,0.00020877170703911634,0.00020600444459515198,1.0045959710686585,0.7988523163471395,0.7981814149140563,0.4827110360007738
hallucination3,mini_phi_4_instruct,20.0,dataset_hallucination3_attack_hallucination_attack_qwen25_14b_instruct_lm_target_mini_phi_4_instruct_judge_llm-judge_qwen25_14b_instruct_20_calibration_upb,0.8,Endpoint/block,Endpoint/block + CRC,True,200.0,50,0.8006933379173279,0.00017069312466180483,0.0001677599796361732,0.0006933379173278409,32.10346672058105,0.013306666780263137,9.282201840539791,,0.4777703424244286,1.0,1.0,0.00020877170703911634,0.00020600444459515198,1.0045959710686585,0.8176065956572509,0.8143512629829988,0.47558456950229566
hallucination3,mini_phi_4_instruct,20.0,dataset_hallucination3_attack_hallucination_attack_qwen25_14b_instruct_lm_target_mini_phi_4_instruct_judge_llm-judge_qwen25_14b_instruct_20_calibration_upb,0.8,Information-gain,Information-gain,False,50.0,50,0.8025999999046326,8.189568153940217e-05,8.701776741270327e-05,0.002599999904632555,32.35129974365234,0.013386666718870354,18.64121359188968,,0.051021809643846595,0.86,,0.00020877170703911634,0.00020600444459515198,1.0045959710686585,0.39227385118835983,0.42240723292992055,0.05078838768342974
hallucination3,mini_phi_4_instruct,20.0,dataset_hallucination3_attack_hallucination_attack_qwen25_14b_instruct_lm_target_mini_phi_4_instruct_judge_llm-judge_qwen25_14b_instruct_20_calibration_upb,0.8,Information-gain,Information-gain,False,100.0,50,0.8026200020313263,8.363721638228351e-05,8.882888269879153e-05,0.002620002031326285,32.356413192749024,0.013380000088363837,18.97496011784174,,0.027631172430866803,0.88,,0.00020877170703911634,0.00020600444459515198,1.0045959710686585,0.40061566564004236,0.4311988650213908,0.027504761343481805
hallucination3,mini_phi_4_instruct,20.0,dataset_hallucination3_attack_hallucination_attack_qwen25_14b_instruct_lm_target_mini_phi_4_instruct_judge_llm-judge_qwen25_14b_instruct_20_calibration_upb,0.8,Information-gain,Information-gain,False,200.0,50,0.8025466668605804,8.15045351617301e-05,8.635995655727392e-05,0.00254666686058036,32.35194644927979,0.013360000047832681,19.2541381867013,,0.005506680642407049,0.86,,0.00020877170703911634,0.00020600444459515198,1.0045959710686585,0.3904002909094338,0.41921404524544065,0.005481487882685027
hallucination3,mini_phi_4_instruct,20.0,dataset_hallucination3_attack_hallucination_attack_qwen25_14b_instruct_lm_target_mini_phi_4_instruct_judge_llm-judge_qwen25_14b_instruct_20_calibration_upb,0.8,Information-gain,Information-gain + CRC,True,50.0,50,0.8013200008869171,0.00014849865026364336,0.00014727107959983232,0.0013200008869170832,32.15632675170898,0.013346666712313842,12.745037152070752,,0.40394896243087763,1.0,1.0,0.00020877170703911634,0.00020600444459515198,1.0045959710686585,0.711296814926268,0.7148927290828857,0.40210091824394745
hallucination3,mini_phi_4_instruct,20.0,dataset_hallucination3_attack_hallucination_attack_qwen25_14b_instruct_lm_target_mini_phi_4_instruct_judge_llm-judge_qwen25_14b_instruct_20_calibration_upb,0.8,Information-gain,Information-gain + CRC,True,100.0,50,0.802279999256134,9.17657467295104e-05,9.512882840289174e-05,0.00227999925613398,32.31443325042724,0.013346666712313842,16.735070672287076,,0.12119408647889696,0.96,1.0,0.00020877170703911634,0.00020600444459515198,1.0045959710686585,0.43955068448195805,0.461780465901319,0.1206396302286325
hallucination3,mini_phi_4_instruct,20.0,dataset_hallucination3_attack_hallucination_attack_qwen25_14b_instruct_lm_target_mini_phi_4_instruct_judge_llm-judge_qwen25_14b_instruct_20_calibration_upb,0.8,Information-gain,Information-gain + CRC,True,200.0,50,0.8030733358860016,8.548882838772706e-05,9.322444528815737e-05,0.0030733358860015603,32.428893394470215,0.013466666694730473,17.654403947093854,,0.06942399762208977,0.98,1.0,0.00020877170703911634,0.00020600444459515198,1.0045959710686585,0.40948474101286875,0.4525360871284389,0.06910638666830272
hallucination3,mini_phi_4_instruct,20.0,dataset_hallucination3_attack_hallucination_attack_qwen25_14b_instruct_lm_target_mini_phi_4_instruct_judge_llm-judge_qwen25_14b_instruct_20_calibration_upb,0.8,Oracle,Oracle,False,,50,0.8023133337497711,8.413330638937852e-05,8.780215329942088e-05,0.0023133337497710516,32.30708000183105,0.013353333417326165,21.466986666666667,,,,,0.00020877170703911634,0.00020600444459515198,1.0045959710686585,0.4029918976215247,0.42621484925712705,
hallucination3,mini_phi_4_instruct,20.0,dataset_hallucination3_attack_hallucination_attack_qwen25_14b_instruct_lm_target_mini_phi_4_instruct_judge_llm-judge_qwen25_14b_instruct_20_calibration_upb,0.8,Residual,Residual,False,50.0,50,0.8028733313083649,0.00010246661630913923,0.00010867331679058599,0.002873331308364868,32.406159744262695,0.013460000064223957,18.556865147471186,,0.1308666589157582,0.86,,0.00020877170703911634,0.00020600444459515198,1.0045959710686585,0.4908070052324698,0.5275289909601467,0.1302679511809571
hallucination3,mini_phi_4_instruct,20.0,dataset_hallucination3_attack_hallucination_attack_qwen25_14b_instruct_lm_target_mini_phi_4_instruct_judge_llm-judge_qwen25_14b_instruct_20_calibration_upb,0.8,Residual,Residual,False,100.0,50,0.8028333353996276,8.51031556576357e-05,9.142888203126607e-05,0.002833335399627601,32.392386512756346,0.013400000128894998,18.957262990886218,,0.07748883604963423,0.88,,0.00020877170703911634,0.00020600444459515198,1.0045959710686585,0.4076373990738621,0.4438199486955036,0.07713432890558378
hallucination3,mini_phi_4_instruct,20.0,dataset_hallucination3_attack_hallucination_attack_qwen25_14b_instruct_lm_target_mini_phi_4_instruct_judge_llm-judge_qwen25_14b_instruct_20_calibration_upb,0.8,Residual,Residual,False,200.0,50,0.8025999975204468,8.412243531057352e-05,8.91999737106912e-05,0.0025999975204467063,32.34919979095459,0.013380000051110936,19.248419591247554,,0.008954481224448469,0.86,,0.00020877170703911634,0.00020600444459515198,1.0045959710686585,0.40293982601201794,0.4330002388346062,0.008913514967537612
hallucination3,mini_phi_4_instruct,20.0,dataset_hallucination3_attack_hallucination_attack_qwen25_14b_instruct_lm_target_mini_phi_4_instruct_judge_llm-judge_qwen25_14b_instruct_20_calibration_upb,0.8,Residual,Residual + CRC,True,50.0,50,0.8009800004959107,0.00017385670773907173,0.00017133997455627526,0.0009800004959106268,32.12432655334473,0.013353333398699712,12.741867243678685,,0.6277333692146603,1.0,1.0,0.00020877170703911634,0.00020600444459515198,1.0045959710686585,0.8327599089204996,0.8317295041522007,0.6248615237296808
hallucination3,mini_phi_4_instruct,20.0,dataset_hallucination3_attack_hallucination_attack_qwen25_14b_instruct_lm_target_mini_phi_4_instruct_judge_llm-judge_qwen25_14b_instruct_20_calibration_upb,0.8,Residual,Residual + CRC,True,100.0,50,0.802593332529068,0.0001077382538627608,0.00011230886239182758,0.0025933325290679043,32.373633193969724,0.013420000057667445,16.67605915281066,,0.200630419154811,0.96,1.0,0.00020877170703911634,0.00020600444459515198,1.0045959710686585,0.5160577330652113,0.5451768898119717,0.19971254607102046
hallucination3,mini_phi_4_instruct,20.0,dataset_hallucination3_attack_hallucination_attack_qwen25_14b_instruct_lm_target_mini_phi_4_instruct_judge_llm-judge_qwen25_14b_instruct_20_calibration_upb,0.8,Residual,Residual + CRC,True,200.0,50,0.8033266687393188,8.720855210676906e-05,9.653110596579463e-05,0.00332666873931875,32.4676668548584,0.013513333406299306,17.65143595775035,,0.11631551210437503,0.98,1.0,0.00020877170703911634,0.00020600444459515198,1.0045959710686585,0.41772208190274224,0.46858749167039254,0.11578337506235681
hallucination3,mini_phi_4_instruct,20.0,dataset_hallucination3_attack_hallucination_attack_qwen25_14b_instruct_lm_target_mini_phi_4_instruct_judge_llm-judge_qwen25_14b_instruct_20_calibration_upb,0.8,Soft-prefix,Soft-prefix,False,50.0,50,0.8029000008106232,8.651809664411102e-05,9.319773941284354e-05,0.002900000810623138,32.39169342041016,0.013446666747331573,18.50999706115509,,0.10596273175555652,0.86,,0.00020877170703911634,0.00020600444459515198,1.0045959710686585,0.41441485472885764,0.4524064497540303,0.10547795811169401
hallucination3,mini_phi_4_instruct,20.0,dataset_hallucination3_attack_hallucination_attack_qwen25_14b_instruct_lm_target_mini_phi_4_instruct_judge_llm-judge_qwen25_14b_instruct_20_calibration_upb,0.8,Soft-prefix,Soft-prefix,False,100.0,50,0.8025400018692017,7.783169655112942e-05,8.272667211565453e-05,0.002540001869201669,32.33925323486328,0.013380000088363837,18.928157771206905,,0.053564639567811156,0.88,,0.00020877170703911634,0.00020600444459515198,1.0045959710686585,0.37280768383307106,0.4015771226598156,0.053319584300970994
hallucination3,mini_phi_4_instruct,20.0,dataset_hallucination3_attack_hallucination_attack_qwen25_14b_instruct_lm_target_mini_phi_4_instruct_judge_llm-judge_qwen25_14b_instruct_20_calibration_upb,0.8,Soft-prefix,Soft-prefix,False,200.0,50,0.802593332529068,8.084936208914064e-05,8.595774845367976e-05,0.0025933325290679043,32.34989315032959,0.013380000051110936,19.222116218023153,,0.006354180762612029,0.86,,0.00020877170703911634,0.00020600444459515198,1.0045959710686585,0.3872620635994147,0.417261620848071,0.006325110736660277
hallucination3,mini_phi_4_instruct,20.0,dataset_hallucination3_attack_hallucination_attack_qwen25_14b_instruct_lm_target_mini_phi_4_instruct_judge_llm-judge_qwen25_14b_instruct_20_calibration_upb,0.8,Soft-prefix,Soft-prefix + CRC,True,50.0,50,0.7997466683387756,0.00014122695580091567,0.0001384665936154761,-0.00025333166122443185,31.93907344818115,0.013140000067651226,12.69118084666248,,0.49232523871797845,1.0,1.0,0.00020877170703911634,0.00020600444459515198,1.0045959710686585,0.6764659723477512,0.6721534279883916,0.49007287794938886
hallucination3,mini_phi_4_instruct,20.0,dataset_hallucination3_attack_hallucination_attack_qwen25_14b_instruct_lm_target_mini_phi_4_instruct_judge_llm-judge_qwen25_14b_instruct_20_calibration_upb,0.8,Soft-prefix,Soft-prefix + CRC,True,100.0,50,0.8026066660881043,9.764484808881337e-05,0.00010248665922190956,0.002606666088104226,32.35456684112549,0.013413333389908027,16.701625924831866,,0.17628499274609497,0.96,1.0,0.00020877170703911634,0.00020600444459515198,1.0045959710686585,0.4677111160015482,0.49749732062004953,0.17547849864315937
hallucination3,mini_phi_4_instruct,20.0,dataset_hallucination3_attack_hallucination_attack_qwen25_14b_instruct_lm_target_mini_phi_4_instruct_judge_llm-judge_qwen25_14b_instruct_20_calibration_upb,0.8,Soft-prefix,Soft-prefix + CRC,True,200.0,50,0.8029400014877319,7.996681025509376e-05,8.701108279785758e-05,0.0029400014877318803,32.40728672027588,0.01348000003024931,17.627737772309516,,0.09358244745184834,0.98,1.0,0.00020877170703911634,0.00020600444459515198,1.0045959710686585,0.38303470996724115,0.42237478404339857,0.09315431292472554
hallucination3,mini_phi_4_instruct,20.0,dataset_hallucination3_attack_hallucination_attack_qwen25_14b_instruct_lm_target_mini_phi_4_instruct_judge_llm-judge_qwen25_14b_instruct_20_calibration_upb,0.8,Static,Static,False,,50,0.7988133358955384,0.00020877170703911634,0.00020600444459515198,-0.0011866641044616655,31.851920013427733,0.013006666712462846,5.6280372811389965,,1.0045959710686585,1.0,,0.00020877170703911634,0.00020600444459515198,1.0045959710686585,1.0,1.0,1.0
hallucination3,mini_phi_4_instruct,20.0,dataset_hallucination3_attack_hallucination_attack_qwen25_14b_instruct_lm_target_mini_phi_4_instruct_judge_llm-judge_qwen25_14b_instruct_20_calibration_upb,0.9,Endpoint/block,Endpoint/block,False,,50,0.8994533336162567,6.62438034148812e-05,6.521777148169858e-05,-0.0005466663837433439,51.98518669128418,0.03177333362400527,17.671347988282363,,0.02060675210949617,1.0,,8.414152856250681e-05,8.474889016284241e-05,0.5200760282300501,0.7872902304795925,0.7695413043921238,0.039622576298365735
hallucination3,mini_phi_4_instruct,20.0,dataset_hallucination3_attack_hallucination_attack_qwen25_14b_instruct_lm_target_mini_phi_4_instruct_judge_llm-judge_qwen25_14b_instruct_20_calibration_upb,0.9,Endpoint/block,Endpoint/block + CRC,True,50.0,50,0.8990400004386901,9.470133669167348e-05,9.372890911555509e-05,-0.0009599995613098766,51.8702734375,0.031653333492577033,8.910380008236361,,0.2636726177099523,1.0,1.0,8.414152856250681e-05,8.474889016284241e-05,0.5200760282300501,1.1255005501988478,1.1059603132909215,0.5069886005076926
hallucination3,mini_phi_4_instruct,20.0,dataset_hallucination3_attack_hallucination_attack_qwen25_14b_instruct_lm_target_mini_phi_4_instruct_judge_llm-judge_qwen25_14b_instruct_20_calibration_upb,0.9,Endpoint/block,Endpoint/block + CRC,True,100.0,50,0.8990266704559327,9.219884450627628e-05,9.130223801750519e-05,-0.0009733295440673695,51.8698136138916,0.03170000009238715,9.017115629523744,,0.26049797674394215,1.0,1.0,8.414152856250681e-05,8.474889016284241e-05,0.5200760282300501,1.095759086879244,1.0773266510283581,0.5008844142085965
hallucination3,mini_phi_4_instruct,20.0,dataset_hallucination3_attack_hallucination_attack_qwen25_14b_instruct_lm_target_mini_phi_4_instruct_judge_llm-judge_qwen25_14b_instruct_20_calibration_upb,0.9,Endpoint/block,Endpoint/block + CRC,True,200.0,50,0.8986800014972687,9.205424561841825e-05,9.195555675326286e-05,-0.0013199985027313454,51.78795341491699,0.031593333594500964,9.190646347635637,,0.2573222945109535,1.0,1.0,8.414152856250681e-05,8.474889016284241e-05,0.5200760282300501,1.0940405670195694,1.0850355276225216,0.49477822576573316
hallucination3,mini_phi_4_instruct,20.0,dataset_hallucination3_attack_hallucination_attack_qwen25_14b_instruct_lm_target_mini_phi_4_instruct_judge_llm-judge_qwen25_14b_instruct_20_calibration_upb,0.9,Information-gain,Information-gain,False,50.0,50,0.8995266711711883,6.268073104020064e-05,6.165115659958082e-05,-0.00047332882881168103,51.996600036621096,0.03180666666477913,18.55536319384675,,0.09984230818411116,0.86,,8.414152856250681e-05,8.474889016284241e-05,0.5200760282300501,0.7449440497582185,0.7274568018663136,0.19197637030858686
hallucination3,mini_phi_4_instruct,20.0,dataset_hallucination3_attack_hallucination_attack_qwen25_14b_instruct_lm_target_mini_phi_4_instruct_judge_llm-judge_qwen25_14b_instruct_20_calibration_upb,0.9,Information-gain,Information-gain,False,100.0,50,0.8997333359718322,5.7895774999545435e-05,5.680896920347317e-05,-0.00026666402816777346,52.01996688842773,0.0318266667798161,18.999766151648338,,0.04398516706962166,0.88,,8.414152856250681e-05,8.474889016284241e-05,0.5200760282300501,0.688076102118064,0.6703210991237344,0.084574494270221
hallucination3,mini_phi_4_instruct,20.0,dataset_hallucination3_attack_hallucination_attack_qwen25_14b_instruct_lm_target_mini_phi_4_instruct_judge_llm-judge_qwen25_14b_instruct_20_calibration_upb,0.9,Information-gain,Information-gain,False,200.0,50,0.8998400020599365,5.857257604850579e-05,5.7426723868360234e-05,-0.00015999794006349433,52.05862670898438,0.03186000004410739,19.274468086483047,,0.026127544862165362,0.88,,8.414152856250681e-05,8.474889016284241e-05,0.5200760282300501,0.6961197050870495,0.6776103351680067,0.05023793338655502
hallucination3,mini_phi_4_instruct,20.0,dataset_hallucination3_attack_hallucination_attack_qwen25_14b_instruct_lm_target_mini_phi_4_instruct_judge_llm-judge_qwen25_14b_instruct_20_calibration_upb,0.9,Information-gain,Information-gain + CRC,True,50.0,50,0.899700002670288,0.00011694891612410543,0.00011469993619945754,-0.00029999732971197623,52.13421966552735,0.03186000034213061,12.797000357990882,,0.3690217900196333,1.0,1.0,8.414152856250681e-05,8.474889016284241e-05,0.5200760282300501,1.3899071971009744,1.353409301042941,0.7095535459988563
hallucination3,mini_phi_4_instruct,20.0,dataset_hallucination3_attack_hallucination_attack_qwen25_14b_instruct_lm_target_mini_phi_4_instruct_judge_llm-judge_qwen25_14b_instruct_20_calibration_upb,0.9,Information-gain,Information-gain + CRC,True,100.0,50,0.8997533369064331,7.139595621673474e-05,7.002887977412803e-05,-0.0002466630935669123,52.07036674499512,0.031880000159144356,16.71029470036936,,0.14327603468384675,0.96,1.0,8.414152856250681e-05,8.474889016284241e-05,0.5200760282300501,0.8485222153255313,0.8263102872447022,0.2754905569700093
hallucination3,mini_phi_4_instruct,20.0,dataset_hallucination3_attack_hallucination_attack_qwen25_14b_instruct_lm_target_mini_phi_4_instruct_judge_llm-judge_qwen25_14b_instruct_20_calibration_upb,0.9,Information-gain,Information-gain + CRC,True,200.0,50,0.8999800038337707,5.4069908695343215e-05,5.298891036810023e-05,-1.9996166229274692e-05,52.10066650390625,0.03187333326786751,17.642344808797507,,0.06804802835124758,0.98,1.0,8.414152856250681e-05,8.474889016284241e-05,0.5200760282300501,0.6426066844646864,0.6252460683117342,0.13084246275074857
hallucination3,mini_phi_4_instruct,20.0,dataset_hallucination3_attack_hallucination_attack_qwen25_14b_instruct_lm_target_mini_phi_4_instruct_judge_llm-judge_qwen25_14b_instruct_20_calibration_upb,0.9,Oracle,Oracle,False,,50,0.899540001153946,5.8979108953972566e-05,5.801112571326422e-05,-0.00045999884605407715,51.984319839477536,0.03181333348155016,21.466986666666667,,,,,8.414152856250681e-05,8.474889016284241e-05,0.5200760282300501,0.7009512420511631,0.6845060224599709,
hallucination3,mini_phi_4_instruct,20.0,dataset_hallucination3_attack_hallucination_attack_qwen25_14b_instruct_lm_target_mini_phi_4_instruct_judge_llm-judge_qwen25_14b_instruct_20_calibration_upb,0.9,Residual,Residual,False,50.0,50,0.900400003194809,6.351928686746911e-05,6.240890368597707e-05,0.0004000031948089289,52.24008003234863,0.0319733333587646,18.436216268877637,,0.34415206517640407,0.86,,8.414152856250681e-05,8.474889016284241e-05,0.5200760282300501,0.7549100658455722,0.7363978875246656,0.661734143655189
hallucination3,mini_phi_4_instruct,20.0,dataset_hallucination3_attack_hallucination_attack_qwen25_14b_instruct_lm_target_mini_phi_4_instruct_judge_llm-judge_qwen25_14b_instruct_20_calibration_upb,0.9,Residual,Residual,False,100.0,50,0.8999133360385895,6.277471042284827e-05,6.152672685659868e-05,-8.66639614105491e-05,52.07172004699707,0.03182000003755087,18.961056083877573,,0.14815701290618594,0.88,,8.414152856250681e-05,8.474889016284241e-05,0.5200760282300501,0.7460609700739437,0.7259885850820813,0.2848756813698982
hallucination3,mini_phi_4_instruct,20.0,dataset_hallucination3_attack_hallucination_attack_qwen25_14b_instruct_lm_target_mini_phi_4_instruct_judge_llm-judge_qwen25_14b_instruct_20_calibration_upb,0.9,Residual,Residual,False,200.0,50,0.8994533348083497,7.885152531883927e-05,7.757333764422468e-05,-0.000546665191650364,51.956746673583986,0.03176666669547552,19.242925032113646,,0.0827446038089245,0.88,,8.414152856250681e-05,8.474889016284241e-05,0.5200760282300501,0.937129698805772,0.9153316048761214,0.15910097623711913
hallucination3,mini_phi_4_instruct,20.0,dataset_hallucination3_attack_hallucination_attack_qwen25_14b_instruct_lm_target_mini_phi_4_instruct_judge_llm-judge_qwen25_14b_instruct_20_calibration_upb,0.9,Residual,Residual + CRC,True,50.0,50,0.8984266686439514,9.436746536319364e-05,9.49554876118555e-05,-0.0015733313560486462,51.65529304504395,0.03137333348393436,12.72101913068293,,0.5973188816081839,1.0,1.0,8.414152856250681e-05,8.474889016284241e-05,0.5200760282300501,1.1215325770209916,1.1204334054334095,1.148522233645359
hallucination3,mini_phi_4_instruct,20.0,dataset_hallucination3_attack_hallucination_attack_qwen25_14b_instruct_lm_target_mini_phi_4_instruct_judge_llm-judge_qwen25_14b_instruct_20_calibration_upb,0.9,Residual,Residual + CRC,True,100.0,50,0.9006866705417633,6.68816827620733e-05,6.601556553975733e-05,0.0006866705417633012,52.321866836547855,0.0321133335679769,16.621844162699336,,0.3906565246733408,0.96,1.0,8.414152856250681e-05,8.474889016284241e-05,0.5200760282300501,0.7948712592306715,0.7789549268776315,0.7511527228102466
hallucination3,mini_phi_4_instruct,20.0,dataset_hallucination3_attack_hallucination_attack_qwen25_14b_instruct_lm_target_mini_phi_4_instruct_judge_llm-judge_qwen25_14b_instruct_20_calibration_upb,0.9,Residual,Residual + CRC,True,200.0,50,0.9001933360099792,5.876231892578847e-05,5.762445136002739e-05,0.00019333600997917255,52.147093048095705,0.03187999982386822,17.623229458738322,,0.16447214848748157,0.98,1.0,8.414152856250681e-05,8.474889016284241e-05,0.5200760282300501,0.6983747494215689,0.6799434334692025,0.31624635545541635
hallucination3,mini_phi_4_instruct,20.0,dataset_hallucination3_attack_hallucination_attack_qwen25_14b_instruct_lm_target_mini_phi_4_instruct_judge_llm-judge_qwen25_14b_instruct_20_calibration_upb,0.9,Soft-prefix,Soft-prefix,False,50.0,50,0.9001000010967255,6.611005404774421e-05,6.479785318613563e-05,0.00010000109672547719,52.18987327575684,0.031966666765510986,18.486596805247068,,0.23132643205663272,0.86,,8.414152856250681e-05,8.474889016284241e-05,0.5200760282300501,0.7857006543282913,0.7645864513579886,0.44479349075921637
hallucination3,mini_phi_4_instruct,20.0,dataset_hallucination3_attack_hallucination_attack_qwen25_14b_instruct_lm_target_mini_phi_4_instruct_judge_llm-judge_qwen25_14b_instruct_20_calibration_upb,0.9,Soft-prefix,Soft-prefix,False,100.0,50,0.8994066679477691,6.278592585564958e-05,6.188225026274106e-05,-0.0005933320522308883,51.935979995727536,0.03175333339720959,18.967290095319303,,0.07951681579174341,0.88,,8.414152856250681e-05,8.474889016284241e-05,0.5200760282300501,0.7461942625514267,0.7301836064618215,0.15289459901153143
hallucination3,mini_phi_4_instruct,20.0,dataset_hallucination3_attack_hallucination_attack_qwen25_14b_instruct_lm_target_mini_phi_4_instruct_judge_llm-judge_qwen25_14b_instruct_20_calibration_upb,0.9,Soft-prefix,Soft-prefix,False,200.0,50,0.8996133363246918,5.846423248243715e-05,5.744445663059132e-05,-0.00038666367530826307,51.97349334716797,0.03180000018328423,19.21313028793877,,0.028838316204282767,0.88,,8.414152856250681e-05,8.474889016284241e-05,0.5200760282300501,0.6948320702185178,0.6778195740405986,0.05545019312354548
hallucination3,mini_phi_4_instruct,20.0,dataset_hallucination3_attack_hallucination_attack_qwen25_14b_instruct_lm_target_mini_phi_4_instruct_judge_llm-judge_qwen25_14b_instruct_20_calibration_upb,0.9,Soft-prefix,Soft-prefix + CRC,True,50.0,50,0.8988066685199737,9.146067991268173e-05,9.105550633564979e-05,-0.0011933314800263162,51.794913101196286,0.03151333339512343,12.767708514978795,,0.4270805953983916,1.0,1.0,8.414152856250681e-05,8.474889016284241e-05,0.5200760282300501,1.0869861942754901,1.0744153246218258,0.8211887728258782
hallucination3,mini_phi_4_instruct,20.0,dataset_hallucination3_attack_hallucination_attack_qwen25_14b_instruct_lm_target_mini_phi_4_instruct_judge_llm-judge_qwen25_14b_instruct_20_calibration_upb,0.9,Soft-prefix,Soft-prefix + CRC,True,100.0,50,0.9002933394908905,7.596664400128575e-05,7.453335917817594e-05,0.0002933394908904985,52.229353485107424,0.03203333370387549,16.724626738384544,,0.27349166137855113,0.96,1.0,8.414152856250681e-05,8.474889016284241e-05,0.5200760282300501,0.902843640935901,0.8794611827359905,0.5258686163815554
hallucination3,mini_phi_4_instruct,20.0,dataset_hallucination3_attack_hallucination_attack_qwen25_14b_instruct_lm_target_mini_phi_4_instruct_judge_llm-judge_qwen25_14b_instruct_20_calibration_upb,0.9,Soft-prefix,Soft-prefix + CRC,True,200.0,50,0.8996266698837281,5.9785186447301314e-05,5.872885809407094e-05,-0.00037333011627194157,51.99198623657227,0.031779999881982754,17.613908640266224,,0.10091161885140627,0.98,1.0,8.414152856250681e-05,8.474889016284241e-05,0.5200760282300501,0.7105312616574142,0.6929749520167784,0.19403243636287942
hallucination3,mini_phi_4_instruct,20.0,dataset_hallucination3_attack_hallucination_attack_qwen25_14b_instruct_lm_target_mini_phi_4_instruct_judge_llm-judge_qwen25_14b_instruct_20_calibration_upb,0.9,Static,Static,False,,50,0.8984866619110108,8.414152856250681e-05,8.474889016284241e-05,-0.0015133380889892356,51.73356666564941,0.03156000021845098,5.6280372811389965,,0.5200760282300501,1.0,,8.414152856250681e-05,8.474889016284241e-05,0.5200760282300501,1.0,1.0,1.0
hallucination3,qwen25_14b_instruct,10.0,dataset_hallucination3_attack_hallucination_attack_qwen25_14b_instruct_lm_target_qwen25_14b_instruct_judge_llm-judge_qwen25_14b_instruct_10_calibration_upb,0.7,Endpoint/block,Endpoint/block,False,,50,0.6998933315277099,0.00036219710995606755,0.00035496454591992687,-0.00010666847229001686,45.0763468170166,0.0,7.560931250172458,,3.3790167742857897,1.0,,0.0023663882330678845,0.002366486650956788,13.784505087330547,0.15305903946559948,0.14999642857753373,0.24513152651316236
hallucination3,qwen25_14b_instruct,10.0,dataset_hallucination3_attack_hallucination_attack_qwen25_14b_instruct_lm_target_qwen25_14b_instruct_judge_llm-judge_qwen25_14b_instruct_10_calibration_upb,0.7,Endpoint/block,Endpoint/block + CRC,True,50.0,50,0.7016466653347015,0.0013839973609589688,0.0013590289204642974,0.0016466653347015914,45.947946434021,0.0,2.909732880034393,,12.782291564961833,1.0,1.0,0.0023663882330678845,0.002366486650956788,13.784505087330547,0.5848564244949346,0.5742812535683782,0.9272941961993356
hallucination3,qwen25_14b_instruct,10.0,dataset_hallucination3_attack_hallucination_attack_qwen25_14b_instruct_lm_target_qwen25_14b_instruct_judge_llm-judge_qwen25_14b_instruct_10_calibration_upb,0.7,Endpoint/block,Endpoint/block + CRC,True,100.0,50,0.6991266632080078,0.0004014324922298744,0.000394166559537524,-0.0008733367919921964,44.97771347045899,0.0,6.894303636839353,,4.369524502973809,0.94,1.0,0.0023663882330678845,0.002366486650956788,13.784505087330547,0.1696393206407389,0.16656191970411477,0.3169881308970515
hallucination3,qwen25_14b_instruct,10.0,dataset_hallucination3_attack_hallucination_attack_qwen25_14b_instruct_lm_target_qwen25_14b_instruct_judge_llm-judge_qwen25_14b_instruct_10_calibration_upb,0.7,Endpoint/block,Endpoint/block + CRC,True,200.0,50,0.6968133306503296,0.00032328868829377405,0.00032697777607202717,-0.003186669349670379,44.40947341918945,0.0,8.56187630023519,,3.478140783854937,0.9,1.0,0.0023663882330678845,0.002366486650956788,13.784505087330547,0.13661692691678454,0.13817013332394149,0.25232249992433353
hallucination3,qwen25_14b_instruct,10.0,dataset_hallucination3_attack_hallucination_attack_qwen25_14b_instruct_lm_target_qwen25_14b_instruct_judge_llm-judge_qwen25_14b_instruct_10_calibration_upb,0.7,Information-gain,Information-gain,False,50.0,50,0.699020003080368,0.00020616966520102287,0.00020300666585949034,-0.0009799969196319092,44.851373291015626,0.0,10.803282932697561,,1.309179340517624,0.28,,0.0023663882330678845,0.002366486650956788,13.784505087330547,0.08712419302970245,0.08578398943320184,0.09497470763175252
hallucination3,qwen25_14b_instruct,10.0,dataset_hallucination3_attack_hallucination_attack_qwen25_14b_instruct_lm_target_qwen25_14b_instruct_judge_llm-judge_qwen25_14b_instruct_10_calibration_upb,0.7,Information-gain,Information-gain,False,100.0,50,0.6991333341598511,0.00018720639647728268,0.000184213378226218,-0.0008666658401488281,44.80519332885742,0.0,10.480626576503338,,1.4687400056514865,0.36,,0.0023663882330678845,0.002366486650956788,13.784505087330547,0.07911060149017919,0.0778425596238792,0.10655007171794784
hallucination3,qwen25_14b_instruct,10.0,dataset_hallucination3_attack_hallucination_attack_qwen25_14b_instruct_lm_target_qwen25_14b_instruct_judge_llm-judge_qwen25_14b_instruct_10_calibration_upb,0.7,Information-gain,Information-gain,False,200.0,50,0.7016333317756653,0.00022748421664068263,0.000225602304997267,0.001633331775665381,45.38825988769531,0.0,10.230893954998994,,1.8076188844737562,0.42,,0.0023663882330678845,0.002366486650956788,13.784505087330547,0.09613140120535614,0.09533216885295098,0.1311341156626039
hallucination3,qwen25_14b_instruct,10.0,dataset_hallucination3_attack_hallucination_attack_qwen25_14b_instruct_lm_target_qwen25_14b_instruct_judge_llm-judge_qwen25_14b_instruct_10_calibration_upb,0.7,Information-gain,Information-gain + CRC,True,50.0,50,0.7075199961662293,0.0011144722406530496,0.001148733138180092,0.007519996166229337,47.245546875,0.0,2.608073820836069,,12.642826523245983,1.0,1.0,0.0023663882330678845,0.002366486650956788,13.784505087330547,0.4709591710605327,0.48541712150189004,0.917176673601877
hallucination3,qwen25_14b_instruct,10.0,dataset_hallucination3_attack_hallucination_attack_qwen25_14b_instruct_lm_target_qwen25_14b_instruct_judge_llm-judge_qwen25_14b_instruct_10_calibration_upb,0.7,Information-gain,Information-gain + CRC,True,100.0,50,0.7016466641426087,0.00043966181018257255,0.0004335800767774744,0.0016466641426087225,45.45677345275879,0.0,6.431300116340526,,3.3176215758274306,1.0,1.0,0.0023663882330678845,0.002366486650956788,13.784505087330547,0.18579445419764307,0.1832167853565431,0.24067759812985118
hallucination3,qwen25_14b_instruct,10.0,dataset_hallucination3_attack_hallucination_attack_qwen25_14b_instruct_lm_target_qwen25_14b_instruct_judge_llm-judge_qwen25_14b_instruct_10_calibration_upb,0.7,Information-gain,Information-gain + CRC,True,200.0,50,0.6997999978065491,0.000298571475087702,0.0002926400464633332,-0.00020000219345084336,44.99496650695801,0.0,8.274327274975409,,2.686008287585216,0.98,1.0,0.0023663882330678845,0.002366486650956788,13.784505087330547,0.12617180516513196,0.12366012981523335,0.19485707107859448
hallucination3,qwen25_14b_instruct,10.0,dataset_hallucination3_attack_hallucination_attack_qwen25_14b_instruct_lm_target_qwen25_14b_instruct_judge_llm-judge_qwen25_14b_instruct_10_calibration_upb,0.7,Oracle,Oracle,False,,50,0.7026666688919068,0.00012123351083294658,0.00012591996359535097,0.0026666688919068093,45.629366607666014,0.0,42.22212666666666,,,,,0.0023663882330678845,0.002366486650956788,13.784505087330547,0.051231454390632425,0.05320966570609667,
hallucination3,qwen25_14b_instruct,10.0,dataset_hallucination3_attack_hallucination_attack_qwen25_14b_instruct_lm_target_qwen25_14b_instruct_judge_llm-judge_qwen25_14b_instruct_10_calibration_upb,0.7,Residual,Residual,False,50.0,50,0.699760000705719,0.00021512501239576363,0.00021088011180910366,-0.00023999929428097921,44.97569328308106,0.0,10.731861012145794,,1.2720777714818678,0.3,,0.0023663882330678845,0.002366486650956788,13.784505087330547,0.09090858777507804,0.08911105064710306,0.0922831660203053
hallucination3,qwen25_14b_instruct,10.0,dataset_hallucination3_attack_hallucination_attack_qwen25_14b_instruct_lm_target_qwen25_14b_instruct_judge_llm-judge_qwen25_14b_instruct_10_calibration_upb,0.7,Residual,Residual,False,100.0,50,0.6998066616058349,0.0002120320547312728,0.00020782879337130563,-0.0001933383941650213,44.97261993408203,0.0,10.41818179961545,,1.4365108623475231,0.38,,0.0023663882330678845,0.002366486650956788,13.784505087330547,0.08960155048454818,0.08782166309168864,0.10421200131935329
hallucination3,qwen25_14b_instruct,10.0,dataset_hallucination3_attack_hallucination_attack_qwen25_14b_instruct_lm_target_qwen25_14b_instruct_judge_llm-judge_qwen25_14b_instruct_10_calibration_upb,0.7,Residual,Residual,False,200.0,50,0.7010466635227204,0.00023804083636045763,0.00023437552416304195,0.0010466635227204257,45.27925331115723,0.0,10.219426738205739,,1.74371512122194,0.42,,0.0023663882330678845,0.002366486650956788,13.784505087330547,0.10059246958469345,0.09903944485310415,0.1264982028861234
hallucination3,qwen25_14b_instruct,10.0,dataset_hallucination3_attack_hallucination_attack_qwen25_14b_instruct_lm_target_qwen25_14b_instruct_judge_llm-judge_qwen25_14b_instruct_10_calibration_upb,0.7,Residual,Residual + CRC,True,50.0,50,0.7025399994850159,0.0020092240481125036,0.0019754911645341352,0.0025399994850159313,46.98664001464844,0.0,2.6144177186904476,,11.043494002611997,1.0,1.0,0.0023663882330678845,0.002366486650956788,13.784505087330547,0.8490677987811246,0.8347780722681996,0.8011527387198082
hallucination3,qwen25_14b_instruct,10.0,dataset_hallucination3_attack_hallucination_attack_qwen25_14b_instruct_lm_target_qwen25_14b_instruct_judge_llm-judge_qwen25_14b_instruct_10_calibration_upb,0.7,Residual,Residual + CRC,True,100.0,50,0.6995066666603088,0.00034728907741854946,0.0003405866736542293,-0.0004933333396911488,44.994319915771484,0.0,6.420289389596169,,3.195844549027539,1.0,1.0,0.0023663882330678845,0.002366486650956788,13.784505087330547,0.1467591296159842,0.14392080915247402,0.23184325652466597
hallucination3,qwen25_14b_instruct,10.0,dataset_hallucination3_attack_hallucination_attack_qwen25_14b_instruct_lm_target_qwen25_14b_instruct_judge_llm-judge_qwen25_14b_instruct_10_calibration_upb,0.7,Residual,Residual + CRC,True,200.0,50,0.7018199980258941,0.00027550220838690653,0.0002733045570334271,0.001819998025894165,45.50792701721191,0.0,8.284738945826907,,2.602334092763404,0.98,1.0,0.0023663882330678845,0.002366486650956788,13.784505087330547,0.11642308076799975,0.1154895832279164,0.1887869079286155
hallucination3,qwen25_14b_instruct,10.0,dataset_hallucination3_attack_hallucination_attack_qwen25_14b_instruct_lm_target_qwen25_14b_instruct_judge_llm-judge_qwen25_14b_instruct_10_calibration_upb,0.7,Soft-prefix,Soft-prefix,False,50.0,50,0.6996399927139282,0.0002492056970195347,0.00024435118832516874,-0.0003600072860717729,44.91415969848633,0.0,10.633325995599625,,1.7623735220173,0.38,,0.0023663882330678845,0.002366486650956788,13.784505087330547,0.10531057141729193,0.10325483485249146,0.1278517807387305
hallucination3,qwen25_14b_instruct,10.0,dataset_hallucination3_attack_hallucination_attack_qwen25_14b_instruct_lm_target_qwen25_14b_instruct_judge_llm-judge_qwen25_14b_instruct_10_calibration_upb,0.7,Soft-prefix,Soft-prefix,False,100.0,50,0.6995866692066193,0.0002691001497277535,0.00026388898907795516,-0.000413330793380684,44.940926513671876,0.0,10.392124430857432,,1.7136923390636074,0.34,,0.0023663882330678845,0.002366486650956788,13.784505087330547,0.1137176672734215,0.11151087159999946,0.12432019344957666
hallucination3,qwen25_14b_instruct,10.0,dataset_hallucination3_attack_hallucination_attack_qwen25_14b_instruct_lm_target_qwen25_14b_instruct_judge_llm-judge_qwen25_14b_instruct_10_calibration_upb,0.7,Soft-prefix,Soft-prefix,False,200.0,50,0.7011399984359741,0.0002767079147967209,0.00027247335293481014,0.001139998435974121,45.31426666259765,0.0,10.212171833801344,,2.045112337468413,0.42,,0.0023663882330678845,0.002366486650956788,13.784505087330547,0.1169325941238244,0.11513834351216269,0.14836313124858522
hallucination3,qwen25_14b_instruct,10.0,dataset_hallucination3_attack_hallucination_attack_qwen25_14b_instruct_lm_target_qwen25_14b_instruct_judge_llm-judge_qwen25_14b_instruct_10_calibration_upb,0.7,Soft-prefix,Soft-prefix + CRC,True,50.0,50,0.7023866689205169,0.0015892261342341056,0.001563137800085585,0.0023866689205169767,46.389873313903806,0.0,2.6479049708263047,,13.73912743824572,1.0,1.0,0.0023663882330678845,0.002366486650956788,13.784505087330547,0.6715830107783145,0.6605310025533407,0.9967080683131283
hallucination3,qwen25_14b_instruct,10.0,dataset_hallucination3_attack_hallucination_attack_qwen25_14b_instruct_lm_target_qwen25_14b_instruct_judge_llm-judge_qwen25_14b_instruct_10_calibration_upb,0.7,Soft-prefix,Soft-prefix + CRC,True,100.0,50,0.6996533298492431,0.0003405532897621164,0.0003338624041602998,-0.0003466701507568448,44.99866661071778,0.0,6.446351902312842,,3.9907955396977832,1.0,1.0,0.0023663882330678845,0.002366486650956788,13.784505087330547,0.14391268727727272,0.14107935239157876,0.2895131536761342
hallucination3,qwen25_14b_instruct,10.0,dataset_hallucination3_attack_hallucination_attack_qwen25_14b_instruct_lm_target_qwen25_14b_instruct_judge_llm-judge_qwen25_14b_instruct_10_calibration_upb,0.7,Soft-prefix,Soft-prefix + CRC,True,200.0,50,0.7005199980735779,0.00030869009368020707,0.0003027866898031278,0.000519998073577943,45.2206534576416,0.0,8.274152855979896,,3.0131870050875293,1.0,1.0,0.0023663882330678845,0.002366486650956788,13.784505087330547,0.1304477808698399,0.1279477700331455,0.2185923242073431
hallucination3,qwen25_14b_instruct,10.0,dataset_hallucination3_attack_hallucination_attack_qwen25_14b_instruct_lm_target_qwen25_14b_instruct_judge_llm-judge_qwen25_14b_instruct_10_calibration_upb,0.7,Static,Static,False,,50,0.7068866670131684,0.0023663882330678845,0.002366486650956788,0.006886667013168424,47.60876667022705,0.0,2.111159292870909,,13.784505087330547,1.0,,0.0023663882330678845,0.002366486650956788,13.784505087330547,1.0,1.0,1.0
hallucination3,qwen25_14b_instruct,10.0,dataset_hallucination3_attack_hallucination_attack_qwen25_14b_instruct_lm_target_qwen25_14b_instruct_judge_llm-judge_qwen25_14b_instruct_10_calibration_upb,0.8,Endpoint/block,Endpoint/block,False,,50,0.8010733366012573,0.00040453644031532336,0.00039759776296861555,0.001073336601257302,74.08003997802734,0.0,7.5622496632074645,,2.575956068903467,1.0,,0.001449460573938406,0.0014307113505577854,10.560729176003113,0.27909447665495035,0.27790215183070005,0.24391839104791638
hallucination3,qwen25_14b_instruct,10.0,dataset_hallucination3_attack_hallucination_attack_qwen25_14b_instruct_lm_target_qwen25_14b_instruct_judge_llm-judge_qwen25_14b_instruct_10_calibration_upb,0.8,Endpoint/block,Endpoint/block + CRC,True,50.0,50,0.7979933273792267,0.001530187921656344,0.0015036108982301782,-0.0020066726207733643,74.03639366149902,0.0,2.9075121940907844,,9.992417697002042,1.0,1.0,0.001449460573938406,0.0014307113505577854,10.560729176003113,1.0556947523578302,1.0509533580228967,0.9461863409685355
hallucination3,qwen25_14b_instruct,10.0,dataset_hallucination3_attack_hallucination_attack_qwen25_14b_instruct_lm_target_qwen25_14b_instruct_judge_llm-judge_qwen25_14b_instruct_10_calibration_upb,0.8,Endpoint/block,Endpoint/block + CRC,True,100.0,50,0.8005066704750061,0.0004919602799245997,0.00048237778929635053,0.0005066704750060769,73.92019966125488,0.0,6.891885522963678,,3.3509440990090655,0.96,1.0,0.001449460573938406,0.0014307113505577854,10.560729176003113,0.3394092180016104,0.3371594061291874,0.3173023418329233
hallucination3,qwen25_14b_instruct,10.0,dataset_hallucination3_attack_hallucination_attack_qwen25_14b_instruct_lm_target_qwen25_14b_instruct_judge_llm-judge_qwen25_14b_instruct_10_calibration_upb,0.8,Endpoint/block,Endpoint/block + CRC,True,200.0,50,0.7987533354759216,0.00042792653712671834,0.0004209221788197796,-0.0012466645240784002,73.25712036132812,0.0,8.565456747842525,,2.659439665831783,0.9,1.0,0.001449460573938406,0.0014307113505577854,10.560729176003113,0.2952315811971184,0.29420482241625917,0.2518234888434373
hallucination3,qwen25_14b_instruct,10.0,dataset_hallucination3_attack_hallucination_attack_qwen25_14b_instruct_lm_target_qwen25_14b_instruct_judge_llm-judge_qwen25_14b_instruct_10_calibration_upb,0.8,Information-gain,Information-gain,False,50.0,50,0.7983000004291534,0.00024601921539065176,0.00024398882962371727,-0.0016999995708466553,72.91417289733887,0.0,10.904403417539617,,1.3928440054646216,0.32,,0.001449460573938406,0.0014307113505577854,10.560729176003113,0.16973156760116623,0.17053672603393716,0.13188899954271596
hallucination3,qwen25_14b_instruct,10.0,dataset_hallucination3_attack_hallucination_attack_qwen25_14b_instruct_lm_target_qwen25_14b_instruct_judge_llm-judge_qwen25_14b_instruct_10_calibration_upb,0.8,Information-gain,Information-gain,False,100.0,50,0.799626671075821,0.00028656059280462304,0.0002809687554341594,-0.0003733289241790727,73.35302017211914,0.0,10.533517503573883,,1.4856846311625131,0.32,,0.001449460573938406,0.0014307113505577854,10.560729176003113,0.19770154356526862,0.19638395636172123,0.14068011842765538
hallucination3,qwen25_14b_instruct,10.0,dataset_hallucination3_attack_hallucination_attack_qwen25_14b_instruct_lm_target_qwen25_14b_instruct_judge_llm-judge_qwen25_14b_instruct_10_calibration_upb,0.8,Information-gain,Information-gain,False,200.0,50,0.8006600058078766,0.0002772402845675927,0.0002721310865426715,0.000660005807876507,73.79540664672851,0.0,10.26422626629785,,1.7498814121002395,0.38,,0.001449460573938406,0.0014307113505577854,10.560729176003113,0.1912713526345104,0.19020684111898387,0.16569702554975582
hallucination3,qwen25_14b_instruct,10.0,dataset_hallucination3_attack_hallucination_attack_qwen25_14b_instruct_lm_target_qwen25_14b_instruct_judge_llm-judge_qwen25_14b_instruct_10_calibration_upb,0.8,Information-gain,Information-gain + CRC,True,50.0,50,0.8026400029659271,0.001649396203078819,0.0016233778946773464,0.002640002965927035,76.1352603149414,0.0,2.6574490079490665,,12.187988570633546,1.0,1.0,0.001449460573938406,0.0014307113505577854,10.560729176003113,1.1379379561854224,1.1346648602769853,1.154085893834681
hallucination3,qwen25_14b_instruct,10.0,dataset_hallucination3_attack_hallucination_attack_qwen25_14b_instruct_lm_target_qwen25_14b_instruct_judge_llm-judge_qwen25_14b_instruct_10_calibration_upb,0.8,Information-gain,Information-gain + CRC,True,100.0,50,0.7990333366394043,0.00048143444574905945,0.0004727401948867965,-0.0009666633605956987,73.45499336242676,0.0,6.488502406376463,,3.305114150490245,1.0,1.0,0.001449460573938406,0.0014307113505577854,10.560729176003113,0.3321473204620726,0.3304231805405691,0.31296268424346824
hallucination3,qwen25_14b_instruct,10.0,dataset_hallucination3_attack_hallucination_attack_qwen25_14b_instruct_lm_target_qwen25_14b_instruct_judge_llm-judge_qwen25_14b_instruct_10_calibration_upb,0.8,Information-gain,Information-gain + CRC,True,200.0,50,0.8024533355236053,0.0004829696046125123,0.0004793290677116457,0.002453335523605271,74.61540672302246,0.0,8.28924309374475,,2.624941219484802,0.98,1.0,0.001449460573938406,0.0014307113505577854,10.560729176003113,0.33320644472599215,0.33502849301137627,0.2485568160813547
hallucination3,qwen25_14b_instruct,10.0,dataset_hallucination3_attack_hallucination_attack_qwen25_14b_instruct_lm_target_qwen25_14b_instruct_judge_llm-judge_qwen25_14b_instruct_10_calibration_upb,0.8,Oracle,Oracle,False,,50,0.8012999987602234,0.00010523461917980446,0.00010481992357279057,0.0012999987602233531,73.81539352416992,0.0,42.22212666666666,,,,,0.001449460573938406,0.0014307113505577854,10.560729176003113,0.07260260890978629,0.07326420072918613,
hallucination3,qwen25_14b_instruct,10.0,dataset_hallucination3_attack_hallucination_attack_qwen25_14b_instruct_lm_target_qwen25_14b_instruct_judge_llm-judge_qwen25_14b_instruct_10_calibration_upb,0.8,Residual,Residual,False,50.0,50,0.7993133330345153,0.00021854148773230137,0.00021464216949914323,-0.0006866669654846946,73.22905975341797,0.0,10.783490764098833,,1.297433926046148,0.34,,0.001449460573938406,0.0014307113505577854,10.560729176003113,0.15077435817277232,0.15002478970720515,0.12285457797689533
hallucination3,qwen25_14b_instruct,10.0,dataset_hallucination3_attack_hallucination_attack_qwen25_14b_instruct_lm_target_qwen25_14b_instruct_judge_llm-judge_qwen25_14b_instruct_10_calibration_upb,0.8,Residual,Residual,False,100.0,50,0.8013666677474975,0.000757810544412107,0.0007445221142559148,0.0013666677474974964,75.03131332397462,0.00150666669011116,10.442281371629521,,1.6615858515713264,0.34,,0.001449460573938406,0.0014307113505577854,10.560729176003113,0.5228224610159764,0.5203859702138038,0.15733628084573056
hallucination3,qwen25_14b_instruct,10.0,dataset_hallucination3_attack_hallucination_attack_qwen25_14b_instruct_lm_target_qwen25_14b_instruct_judge_llm-judge_qwen25_14b_instruct_10_calibration_upb,0.8,Residual,Residual,False,200.0,50,0.8013333344459533,0.00029243081662263056,0.0002883599810349436,0.0013333344459532936,74.10839309692383,0.0,10.233860773935376,,1.7132654459774914,0.42,,0.001449460573938406,0.0014307113505577854,10.560729176003113,0.20175148043389088,0.20155007571759456,0.1622298439269234
hallucination3,qwen25_14b_instruct,10.0,dataset_hallucination3_attack_hallucination_attack_qwen25_14b_instruct_lm_target_qwen25_14b_instruct_judge_llm-judge_qwen25_14b_instruct_10_calibration_upb,0.8,Residual,Residual + CRC,True,50.0,50,0.8004000020027161,0.0018081271523870245,0.0017721246109414603,0.00040000200271606,75.66963363647461,0.0,2.66083168441671,,10.548199217962274,1.0,1.0,0.001449460573938406,0.0014307113505577854,10.560729176003113,1.2474483162201968,1.2386318248265589,0.998813532869557
hallucination3,qwen25_14b_instruct,10.0,dataset_hallucination3_attack_hallucination_attack_qwen25_14b_instruct_lm_target_qwen25_14b_instruct_judge_llm-judge_qwen25_14b_instruct_10_calibration_upb,0.8,Residual,Residual + CRC,True,100.0,50,0.802513335943222,0.0007367448909952228,0.0007283268507388098,0.002513335943222006,75.27899330139161,0.0,6.459330362253779,,3.3437049348112824,1.0,1.0,0.001449460573938406,0.0014307113505577854,10.560729176003113,0.5082890174745315,0.5090662420864,0.3166168622531389
hallucination3,qwen25_14b_instruct,10.0,dataset_hallucination3_attack_hallucination_attack_qwen25_14b_instruct_lm_target_qwen25_14b_instruct_judge_llm-judge_qwen25_14b_instruct_10_calibration_upb,0.8,Residual,Residual + CRC,True,200.0,50,0.8022333347797393,0.0007999739984517005,0.0007889623027210596,0.0022333347797393044,75.39710632324218,0.001099999994039534,8.287025337754512,,2.749614561699677,0.98,1.0,0.001449460573938406,0.0014307113505577854,10.560729176003113,0.5519115268365312,0.551447573553862,0.2603621886211758
hallucination3,qwen25_14b_instruct,10.0,dataset_hallucination3_attack_hallucination_attack_qwen25_14b_instruct_lm_target_qwen25_14b_instruct_judge_llm-judge_qwen25_14b_instruct_10_calibration_upb,0.8,Soft-prefix,Soft-prefix,False,50.0,50,0.798886661529541,0.0004360617251523526,0.00042858001319910974,-0.0011133384704590243,73.21174026489258,0.0,10.597140488944854,,2.970818164087129,0.4,,0.001449460573938406,0.0014307113505577854,10.560729176003113,0.30084414367167384,0.29955728877947396,0.2813080531255026
hallucination3,qwen25_14b_instruct,10.0,dataset_hallucination3_attack_hallucination_attack_qwen25_14b_instruct_lm_target_qwen25_14b_instruct_judge_llm-judge_qwen25_14b_instruct_10_calibration_upb,0.8,Soft-prefix,Soft-prefix,False,100.0,50,0.799980000257492,0.0002712397719064071,0.0002658153764579794,-1.9999742507992302e-05,73.53194679260254,0.0,10.379754739140871,,1.7297849702633856,0.36,,0.001449460573938406,0.0014307113505577854,10.560729176003113,0.1871315279514,0.18579245656669116,0.16379408480561491
hallucination3,qwen25_14b_instruct,10.0,dataset_hallucination3_attack_hallucination_attack_qwen25_14b_instruct_lm_target_qwen25_14b_instruct_judge_llm-judge_qwen25_14b_instruct_10_calibration_upb,0.8,Soft-prefix,Soft-prefix,False,200.0,50,0.8012399983406067,0.00030849433317863673,0.0003038620423997712,0.0012399983406066184,73.9944270324707,0.0,10.209853975024869,,1.8787842816756848,0.4,,0.001449460573938406,0.0014307113505577854,10.560729176003113,0.2128338905696555,0.2123852881165064,0.17790289385933694
hallucination3,qwen25_14b_instruct,10.0,dataset_hallucination3_attack_hallucination_attack_qwen25_14b_instruct_lm_target_qwen25_14b_instruct_judge_llm-judge_qwen25_14b_instruct_10_calibration_upb,0.8,Soft-prefix,Soft-prefix + CRC,True,50.0,50,0.7933933305740356,0.0019352409903538204,0.0019401842514507172,-0.00660666942596444,73.05603988647461,0.0,2.6647442981281917,,17.66820127125851,1.0,1.0,0.001449460573938406,0.0014307113505577854,10.560729176003113,1.3351456570463829,1.3560976158428504,1.6730095978036756
hallucination3,qwen25_14b_instruct,10.0,dataset_hallucination3_attack_hallucination_attack_qwen25_14b_instruct_lm_target_qwen25_14b_instruct_judge_llm-judge_qwen25_14b_instruct_10_calibration_upb,0.8,Soft-prefix,Soft-prefix + CRC,True,100.0,50,0.8002199983596802,0.000737517376688735,0.0007228154284332221,0.00021999835968011805,74.09368667602538,0.0,6.440184638767638,,5.590919006709787,1.0,1.0,0.001449460573938406,0.0014307113505577854,10.560729176003113,0.5088219644945482,0.5052140168954563,0.5294065318343638
hallucination3,qwen25_14b_instruct,10.0,dataset_hallucination3_attack_hallucination_attack_qwen25_14b_instruct_lm_target_qwen25_14b_instruct_judge_llm-judge_qwen25_14b_instruct_10_calibration_upb,0.8,Soft-prefix,Soft-prefix + CRC,True,200.0,50,0.8009933364391327,0.0005306189770085941,0.0005209933147497309,0.000993336439132686,74.24956008911133,0.0,8.27954264908206,,2.9325153346603186,1.0,1.0,0.001449460573938406,0.0014307113505577854,10.560729176003113,0.36608031053015894,0.3641498437449409,0.27768114168894714
hallucination3,qwen25_14b_instruct,10.0,dataset_hallucination3_attack_hallucination_attack_qwen25_14b_instruct_lm_target_qwen25_14b_instruct_judge_llm-judge_qwen25_14b_instruct_10_calibration_upb,0.8,Static,Static,False,,50,0.803199998140335,0.001449460573938406,0.0014307113505577854,0.003199998140335003,75.82378646850586,0.0,2.111159292870909,,10.560729176003113,1.0,,0.001449460573938406,0.0014307113505577854,10.560729176003113,1.0,1.0,1.0
hallucination3,qwen25_14b_instruct,10.0,dataset_hallucination3_attack_hallucination_attack_qwen25_14b_instruct_lm_target_qwen25_14b_instruct_judge_llm-judge_qwen25_14b_instruct_10_calibration_upb,0.9,Endpoint/block,Endpoint/block,False,,50,0.9003666651248932,0.00023688540817358753,0.00023228214332392873,0.0003666651248931396,130.18713256835937,6.000000052154e-05,7.561017648847918,,1.4149259294495156,1.0,,0.0006380048413267076,0.0006252534552386351,5.8879299541104215,0.37129092575691597,0.3715007752100716,0.24030957237555822
hallucination3,qwen25_14b_instruct,10.0,dataset_hallucination3_attack_hallucination_attack_qwen25_14b_instruct_lm_target_qwen25_14b_instruct_judge_llm-judge_qwen25_14b_instruct_10_calibration_upb,0.9,Endpoint/block,Endpoint/block + CRC,True,50.0,50,0.8997533309459687,0.0006085071886575557,0.0005963978905066215,-0.00024666905403136763,131.9035331726074,0.0018866667128167958,2.9050685636006803,,5.43891143033861,1.0,1.0,0.0006380048413267076,0.0006252534552386351,5.8879299541104215,0.9537657855263095,0.9538498116399844,0.923739153272646
hallucination3,qwen25_14b_instruct,10.0,dataset_hallucination3_attack_hallucination_attack_qwen25_14b_instruct_lm_target_qwen25_14b_instruct_judge_llm-judge_qwen25_14b_instruct_10_calibration_upb,0.9,Endpoint/block,Endpoint/block + CRC,True,100.0,50,0.8994799983501435,0.0002604497010103129,0.0002555111087059602,-0.0005200016498565496,129.3879864501953,0.000146666662767528,6.8928163028893,,1.855596348753202,0.94,1.0,0.0006380048413267076,0.0006252534552386351,5.8879299541104215,0.4082252737592356,0.4086520539233829,0.315152585580233
hallucination3,qwen25_14b_instruct,10.0,dataset_hallucination3_attack_hallucination_attack_qwen25_14b_instruct_lm_target_qwen25_14b_instruct_judge_llm-judge_qwen25_14b_instruct_10_calibration_upb,0.9,Endpoint/block,Endpoint/block + CRC,True,200.0,50,0.8993400013446808,0.00022450555104442044,0.00022045103824855524,-0.0006599986553191828,129.2084602355957,6.000000052154e-05,8.570257688192465,,1.4628162150933972,0.9,1.0,0.0006380048413267076,0.0006252534552386351,5.8879299541104215,0.3518869082208991,0.3525786805359078,0.2484432094971155
hallucination3,qwen25_14b_instruct,10.0,dataset_hallucination3_attack_hallucination_attack_qwen25_14b_instruct_lm_target_qwen25_14b_instruct_judge_llm-judge_qwen25_14b_instruct_10_calibration_upb,0.9,Information-gain,Information-gain,False,50.0,50,0.8976333332061768,0.0001898333313160067,0.00019163777640267225,-0.0023666667938232466,127.5659326171875,0.0,11.17133465113905,,1.1104048343835287,0.28,,0.0006380048413267076,0.0006252534552386351,5.8879299541104215,0.29754214861638867,0.3064961493567941,0.18859002111741227
hallucination3,qwen25_14b_instruct,10.0,dataset_hallucination3_attack_hallucination_attack_qwen25_14b_instruct_lm_target_qwen25_14b_instruct_judge_llm-judge_qwen25_14b_instruct_10_calibration_upb,0.9,Information-gain,Information-gain,False,100.0,50,0.8999866664409637,0.00019354173690388582,0.00018967107994960475,-1.3333559036321496e-05,129.63140045166017,4.0000001899898e-05,10.595466910681312,,1.0561669182112687,0.32,,0.0006380048413267076,0.0006252534552386351,5.8879299541104215,0.3033546524528292,0.3033507105965766,0.17937830892059922
hallucination3,qwen25_14b_instruct,10.0,dataset_hallucination3_attack_hallucination_attack_qwen25_14b_instruct_lm_target_qwen25_14b_instruct_judge_llm-judge_qwen25_14b_instruct_10_calibration_upb,0.9,Information-gain,Information-gain,False,200.0,50,0.9010399961471558,0.00019759484866277557,0.00019472454367561886,0.001039996147155775,130.7598863220215,0.00017333333846181398,10.304216926881134,,1.1753644570059678,0.4,,0.0006380048413267076,0.0006252534552386351,5.8879299541104215,0.3097074439935038,0.3114329749706062,0.19962269696932017
hallucination3,qwen25_14b_instruct,10.0,dataset_hallucination3_attack_hallucination_attack_qwen25_14b_instruct_lm_target_qwen25_14b_instruct_judge_llm-judge_qwen25_14b_instruct_10_calibration_upb,0.9,Information-gain,Information-gain + CRC,True,50.0,50,0.9038733339309692,0.0005744576603719898,0.0005779712229053475,0.003873333930969225,134.6608866882324,0.006966666772495947,2.728968722054517,,8.001871310338146,1.0,1.0,0.0006380048413267076,0.0006252534552386351,5.8879299541104215,0.9003970239119601,0.9243790946901017,1.3590296373604038
hallucination3,qwen25_14b_instruct,10.0,dataset_hallucination3_attack_hallucination_attack_qwen25_14b_instruct_lm_target_qwen25_14b_instruct_judge_llm-judge_qwen25_14b_instruct_10_calibration_upb,0.9,Information-gain,Information-gain + CRC,True,100.0,50,0.9003533291816711,0.00036587945425766295,0.00035868670668313,0.0003533291816710804,130.47199279785156,0.002299999985843894,6.53270569769411,,2.54346157655368,1.0,1.0,0.0006380048413267076,0.0006252534552386351,5.8879299541104215,0.5734744167408355,0.5736660928106877,0.4319789121774563
hallucination3,qwen25_14b_instruct,10.0,dataset_hallucination3_attack_hallucination_attack_qwen25_14b_instruct_lm_target_qwen25_14b_instruct_judge_llm-judge_qwen25_14b_instruct_10_calibration_upb,0.9,Information-gain,Information-gain + CRC,True,200.0,50,0.8996466660499572,0.00020227847112024898,0.0001983577465780968,-0.0003533339500427779,129.31734619140624,9.3333328841252e-05,8.289837039495197,,1.798204723393412,1.0,1.0,0.0006380048413267076,0.0006252534552386351,5.8879299541104215,0.31704848931807217,0.3172437431831405,0.30540525064128315
hallucination3,qwen25_14b_instruct,10.0,dataset_hallucination3_attack_hallucination_attack_qwen25_14b_instruct_lm_target_qwen25_14b_instruct_judge_llm-judge_qwen25_14b_instruct_10_calibration_upb,0.9,Oracle,Oracle,False,,50,0.9001333332061767,7.129248709940345e-05,6.988441510128476e-05,0.00013333320617670008,128.8877864074707,0.0,42.22212666666666,,,,,0.0006380048413267076,0.0006252534552386351,5.8879299541104215,0.11174286225031356,0.1117697383609221,
hallucination3,qwen25_14b_instruct,10.0,dataset_hallucination3_attack_hallucination_attack_qwen25_14b_instruct_lm_target_qwen25_14b_instruct_judge_llm-judge_qwen25_14b_instruct_10_calibration_upb,0.9,Residual,Residual,False,50.0,50,0.898506669998169,0.00018352029771577066,0.00018207992625582408,-0.0014933300018310502,128.172820892334,0.0,10.879912814064822,,0.9709747689694461,0.4,,0.0006380048413267076,0.0006252534552386351,5.8879299541104215,0.2876471867112277,0.29120978817515086,0.16490936144571475
hallucination3,qwen25_14b_instruct,10.0,dataset_hallucination3_attack_hallucination_attack_qwen25_14b_instruct_lm_target_qwen25_14b_instruct_judge_llm-judge_qwen25_14b_instruct_10_calibration_upb,0.9,Residual,Residual,False,100.0,50,0.8988200044631958,0.00022778326073738626,0.00022461998498951645,-0.001179995536804257,128.53166656494142,0.0,10.476216379805903,,1.033865051688028,0.32,,0.0006380048413267076,0.0006252534552386351,5.8879299541104215,0.3570243452443391,0.35924629141599496,0.17559058272530512
hallucination3,qwen25_14b_instruct,10.0,dataset_hallucination3_attack_hallucination_attack_qwen25_14b_instruct_lm_target_qwen25_14b_instruct_judge_llm-judge_qwen25_14b_instruct_10_calibration_upb,0.9,Residual,Residual,False,200.0,50,0.9004866623878479,0.0002050667393920685,0.00020120224488397295,0.0004866623878478915,130.18225997924804,0.000153333329362792,10.265452915977992,,1.1850688809691658,0.38,,0.0006380048413267076,0.0006252534552386351,5.8879299541104215,0.32141878259989337,0.32179309558102615,0.20127088640751536
hallucination3,qwen25_14b_instruct,10.0,dataset_hallucination3_attack_hallucination_attack_qwen25_14b_instruct_lm_target_qwen25_14b_instruct_judge_llm-judge_qwen25_14b_instruct_10_calibration_upb,0.9,Residual,Residual + CRC,True,50.0,50,0.8990133285522461,0.0008984125946356604,0.0008814178632887601,-0.000986671447753884,130.79345382690428,0.010339999863645057,2.728921011343233,,7.3718292207992535,1.0,1.0,0.0006380048413267076,0.0006252534552386351,5.8879299541104215,1.4081595255099388,1.409696909155595,1.2520239334119299
hallucination3,qwen25_14b_instruct,10.0,dataset_hallucination3_attack_hallucination_attack_qwen25_14b_instruct_lm_target_qwen25_14b_instruct_judge_llm-judge_qwen25_14b_instruct_10_calibration_upb,0.9,Residual,Residual + CRC,True,100.0,50,0.8995399999618531,0.00026271605923903303,0.0002576733380893476,-0.000460000038146946,129.66002639770508,0.000126666668802498,6.551758978141475,,2.1906104868818854,1.0,1.0,0.0006380048413267076,0.0006252534552386351,5.8879299541104215,0.41177753242863274,0.41211021855289653,0.3720510440774858
hallucination3,qwen25_14b_instruct,10.0,dataset_hallucination3_attack_hallucination_attack_qwen25_14b_instruct_lm_target_qwen25_14b_instruct_judge_llm-judge_qwen25_14b_instruct_10_calibration_upb,0.9,Residual,Residual + CRC,True,200.0,50,0.9014666676521301,0.00027246720854040015,0.00026916897837139694,0.0014666676521301047,131.37888656616212,0.0017533333180472222,8.303387456778712,,1.8007631068090335,0.98,1.0,0.0006380048413267076,0.0006252534552386351,5.8879299541104215,0.42706134952489483,0.43049578713429987,0.3058397638633427
hallucination3,qwen25_14b_instruct,10.0,dataset_hallucination3_attack_hallucination_attack_qwen25_14b_instruct_lm_target_qwen25_14b_instruct_judge_llm-judge_qwen25_14b_instruct_10_calibration_upb,0.9,Soft-prefix,Soft-prefix,False,50.0,50,0.8938600027561188,0.00039163316290708453,0.00042150006580381227,-0.006139997243881257,125.3023664855957,3.3333334140477996e-05,10.297334455513539,,3.9929104515463756,0.5,,0.0006380048413267076,0.0006252534552386351,5.8879299541104215,0.6138404249295315,0.6741267277650501,0.6781518263067796
hallucination3,qwen25_14b_instruct,10.0,dataset_hallucination3_attack_hallucination_attack_qwen25_14b_instruct_lm_target_qwen25_14b_instruct_judge_llm-judge_qwen25_14b_instruct_10_calibration_upb,0.9,Soft-prefix,Soft-prefix,False,100.0,50,0.8988200008869172,0.000411030275906415,0.0004042020682951631,-0.0011799991130828635,129.5926463317871,0.0016600000252947201,10.298731614104277,,2.367016883284307,0.42,,0.0006380048413267076,0.0006252534552386351,5.8879299541104215,0.6442431926561759,0.6464611509278182,0.40201172597711854
hallucination3,qwen25_14b_instruct,10.0,dataset_hallucination3_attack_hallucination_attack_qwen25_14b_instruct_lm_target_qwen25_14b_instruct_judge_llm-judge_qwen25_14b_instruct_10_calibration_upb,0.9,Soft-prefix,Soft-prefix,False,200.0,50,0.8993799960613251,0.0002513968766251375,0.00024675334397660724,-0.0006200039386748957,129.31093307495118,0.00010666666319593599,10.250731043029322,,1.3203654287623423,0.38,,0.0006380048413267076,0.0006252534552386351,5.8879299541104215,0.3940360015174288,0.3946453104884179,0.22424951367510448
hallucination3,qwen25_14b_instruct,10.0,dataset_hallucination3_attack_hallucination_attack_qwen25_14b_instruct_lm_target_qwen25_14b_instruct_judge_llm-judge_qwen25_14b_instruct_10_calibration_upb,0.9,Soft-prefix,Soft-prefix + CRC,True,50.0,50,0.9023533308506012,0.0011874029536719341,0.0011691930606908868,0.0023533308506011874,135.67284637451172,0.01168666666839271,2.808836932086362,,11.808677377443042,1.0,1.0,0.0006380048413267076,0.0006252534552386351,5.8879299541104215,1.8611190335213967,1.8699505790730113,2.0055736854001274
hallucination3,qwen25_14b_instruct,10.0,dataset_hallucination3_attack_hallucination_attack_qwen25_14b_instruct_lm_target_qwen25_14b_instruct_judge_llm-judge_qwen25_14b_instruct_10_calibration_upb,0.9,Soft-prefix,Soft-prefix + CRC,True,100.0,50,0.8951799964904785,0.0005955384276540304,0.0006068600929327494,-0.004820003509521498,127.28726684570313,0.000286666671745476,6.665044971321339,,6.2553709132124,0.98,1.0,0.0006380048413267076,0.0006252534552386351,5.8879299541104215,0.9334387281695703,0.9705825499215104,1.0624057965984233
hallucination3,qwen25_14b_instruct,10.0,dataset_hallucination3_attack_hallucination_attack_qwen25_14b_instruct_lm_target_qwen25_14b_instruct_judge_llm-judge_qwen25_14b_instruct_10_calibration_upb,0.9,Soft-prefix,Soft-prefix + CRC,True,200.0,50,0.9000600016117096,0.0004120848864053948,0.00040384678887069465,6.000161170960361e-05,130.88283966064452,0.00160000001545995,8.379948784222139,,3.3166296866155345,0.96,1.0,0.0006380048413267076,0.0006252534552386351,5.8879299541104215,0.6458961746253828,0.6458929342766477,0.5632929930323242
hallucination3,qwen25_14b_instruct,10.0,dataset_hallucination3_attack_hallucination_attack_qwen25_14b_instruct_lm_target_qwen25_14b_instruct_judge_llm-judge_qwen25_14b_instruct_10_calibration_upb,0.9,Static,Static,False,,50,0.8999066686630249,0.0006380048413267076,0.0006252534552386351,-9.333133697508877e-05,131.83783294677735,0.000453333335462952,2.111159292870909,,5.8879299541104215,1.0,,0.0006380048413267076,0.0006252534552386351,5.8879299541104215,1.0,1.0,1.0
hallucination3,qwen25_14b_instruct,20.0,dataset_hallucination3_attack_hallucination_attack_qwen25_14b_instruct_lm_target_qwen25_14b_instruct_judge_llm-judge_qwen25_14b_instruct_20_calibration_upb,0.7,Endpoint/block,Endpoint/block,False,,50,0.7009666669368744,0.0002140918525938804,0.00021074446050884895,0.0009666669368744163,45.2256600189209,0.0,15.121862500344916,,1.3176718506101477,1.0,,0.0010711646380448722,0.0010735557487278845,6.589614741800183,0.19986829754261534,0.19630509245427794,0.19996189492713495
hallucination3,qwen25_14b_instruct,20.0,dataset_hallucination3_attack_hallucination_attack_qwen25_14b_instruct_lm_target_qwen25_14b_instruct_judge_llm-judge_qwen25_14b_instruct_20_calibration_upb,0.7,Endpoint/block,Endpoint/block + CRC,True,50.0,50,0.6998533320426941,0.00021009146160718252,0.00020591114386473916,-0.00014666795730589044,44.96594650268555,0.0,15.911692150331566,,1.4567225983268879,0.8,1.0,0.0010711646380448722,0.0010735557487278845,6.589614741800183,0.19613367931063233,0.19180293534707876,0.22106339374992556
hallucination3,qwen25_14b_instruct,20.0,dataset_hallucination3_attack_hallucination_attack_qwen25_14b_instruct_lm_target_qwen25_14b_instruct_judge_llm-judge_qwen25_14b_instruct_20_calibration_upb,0.7,Endpoint/block,Endpoint/block + CRC,True,100.0,50,0.6999266624450684,0.00019128030519003196,0.00018746007748319472,-7.333755493155181e-05,44.982413330078124,0.0,18.396025822893083,,1.0491256858190305,0.76,1.0,0.0010711646380448722,0.0010735557487278845,6.589614741800183,0.17857227394956163,0.17461606228211857,0.1592089563543172
hallucination3,qwen25_14b_instruct,20.0,dataset_hallucination3_attack_hallucination_attack_qwen25_14b_instruct_lm_target_qwen25_14b_instruct_judge_llm-judge_qwen25_14b_instruct_20_calibration_upb,0.7,Endpoint/block,Endpoint/block + CRC,True,200.0,50,0.7007266640663147,0.00018942718836566935,0.00018616668526362908,0.0007266640663147195,45.180493392944335,0.0,19.380294771687808,,0.941972803075232,0.6,1.0,0.0010711646380448722,0.0010735557487278845,6.589614741800183,0.17684227208192624,0.1734112881275409,0.14294808421803112
hallucination3,qwen25_14b_instruct,20.0,dataset_hallucination3_attack_hallucination_attack_qwen25_14b_instruct_lm_target_qwen25_14b_instruct_judge_llm-judge_qwen25_14b_instruct_20_calibration_upb,0.7,Information-gain,Information-gain,False,50.0,50,0.7011666631698609,0.00013957025953345692,0.00013813995729469763,0.0011666631698609153,45.30240661621094,0.0,21.86681424693774,,0.24484368772024254,0.28,,0.0010711646380448722,0.0010735557487278845,6.589614741800183,0.13029767280985444,0.12867515958848647,0.03715599429009334
hallucination3,qwen25_14b_instruct,20.0,dataset_hallucination3_attack_hallucination_attack_qwen25_14b_instruct_lm_target_qwen25_14b_instruct_judge_llm-judge_qwen25_14b_instruct_20_calibration_upb,0.7,Information-gain,Information-gain,False,100.0,50,0.7016066682338714,0.00015226168013322225,0.00015179782934428957,0.0016066682338714555,45.43520660400391,0.0,21.041842599463493,,0.2912151423852622,0.36,,0.0010711646380448722,0.0010735557487278845,6.589614741800183,0.14214591737376214,0.14139724883795107,0.04419304523798407
hallucination3,qwen25_14b_instruct,20.0,dataset_hallucination3_attack_hallucination_attack_qwen25_14b_instruct_lm_target_qwen25_14b_instruct_judge_llm-judge_qwen25_14b_instruct_20_calibration_upb,0.7,Information-gain,Information-gain,False,200.0,50,0.7033866631984711,0.00015416497551539807,0.00016255116362496865,0.0033866631984711404,45.7782332611084,0.0,20.523700769124524,,0.3528785231235016,0.42,,0.0010711646380448722,0.0010735557487278845,6.589614741800183,0.1439227641016842,0.15141380763652423,0.05355070621732592
hallucination3,qwen25_14b_instruct,20.0,dataset_hallucination3_attack_hallucination_attack_qwen25_14b_instruct_lm_target_qwen25_14b_instruct_judge_llm-judge_qwen25_14b_instruct_20_calibration_upb,0.7,Information-gain,Information-gain + CRC,True,50.0,50,0.7037066662311554,0.00020794837578381396,0.0002175287828173257,0.0037066662311554532,45.94158676147461,0.0,13.650040502028729,,1.0716896879492417,0.94,1.0,0.0010711646380448722,0.0010735557487278845,6.589614741800183,0.1941329730258541,0.20262458011620502,0.16263313257923062
hallucination3,qwen25_14b_instruct,20.0,dataset_hallucination3_attack_hallucination_attack_qwen25_14b_instruct_lm_target_qwen25_14b_instruct_judge_llm-judge_qwen25_14b_instruct_20_calibration_upb,0.7,Information-gain,Information-gain + CRC,True,100.0,50,0.7004666650295257,0.00017121995812836133,0.0001680133352155764,0.00046666502952574795,45.15881317138672,0.0,16.804211333833802,,0.5764804827514438,0.88,1.0,0.0010711646380448722,0.0010735557487278845,6.589614741800183,0.1598446700414589,0.1565017330629217,0.08748318457748837
hallucination3,qwen25_14b_instruct,20.0,dataset_hallucination3_attack_hallucination_attack_qwen25_14b_instruct_lm_target_qwen25_14b_instruct_judge_llm-judge_qwen25_14b_instruct_20_calibration_upb,0.7,Information-gain,Information-gain + CRC,True,200.0,50,0.7005466663837433,0.0002242665220758438,0.00022008003576944195,0.0005466663837433439,45.21285987854004,0.0,18.37509834711233,,0.4870241079890533,0.82,1.0,0.0010711646380448722,0.0010735557487278845,6.589614741800183,0.2093669956144025,0.20500103141381054,0.07390782725121889
hallucination3,qwen25_14b_instruct,20.0,dataset_hallucination3_attack_hallucination_attack_qwen25_14b_instruct_lm_target_qwen25_14b_instruct_judge_llm-judge_qwen25_14b_instruct_20_calibration_upb,0.7,Oracle,Oracle,False,,50,0.7026666688919068,0.00012123351083294658,0.00012591996359535097,0.0026666688919068093,45.629366607666014,0.0,42.22212666666666,,,,,0.0010711646380448722,0.0010735557487278845,6.589614741800183,0.11317915708478417,0.11729243101213932,
hallucination3,qwen25_14b_instruct,20.0,dataset_hallucination3_attack_hallucination_attack_qwen25_14b_instruct_lm_target_qwen25_14b_instruct_judge_llm-judge_qwen25_14b_instruct_20_calibration_upb,0.7,Residual,Residual,False,50.0,50,0.7021533334255219,0.00016054979162958156,0.00016197564063845978,0.0021533334255219305,45.51241996765137,0.0,21.67344979718002,,0.23425831243755035,0.3,,0.0010711646380448722,0.0010735557487278845,6.589614741800183,0.14988339413689267,0.15087771718459303,0.035549621884807564
hallucination3,qwen25_14b_instruct,20.0,dataset_hallucination3_attack_hallucination_attack_qwen25_14b_instruct_lm_target_qwen25_14b_instruct_judge_llm-judge_qwen25_14b_instruct_20_calibration_upb,0.7,Residual,Residual,False,100.0,50,0.7017533314228058,0.00016514205274887814,0.0001649133827720989,0.0017533314228058705,45.42732650756836,0.0,20.873716545627932,,0.2746834730636506,0.38,,0.0010711646380448722,0.0010735557487278845,6.589614741800183,0.15417056060616535,0.1536141769698629,0.04168429928402934
hallucination3,qwen25_14b_instruct,20.0,dataset_hallucination3_attack_hallucination_attack_qwen25_14b_instruct_lm_target_qwen25_14b_instruct_judge_llm-judge_qwen25_14b_instruct_20_calibration_upb,0.7,Residual,Residual,False,200.0,50,0.7014733350276947,0.00015317503991627078,0.00015228225522177763,0.0014733350276947554,45.35112663269043,0.0,20.490875474073565,,0.3240405312242926,0.42,,0.0010711646380448722,0.0010735557487278845,6.589614741800183,0.14299859655174138,0.1418484837906418,0.04917442732559045
hallucination3,qwen25_14b_instruct,20.0,dataset_hallucination3_attack_hallucination_attack_qwen25_14b_instruct_lm_target_qwen25_14b_instruct_judge_llm-judge_qwen25_14b_instruct_20_calibration_upb,0.7,Residual,Residual + CRC,True,50.0,50,0.7018799960613251,0.0001385612402062401,0.00013932440059271319,0.001879996061325162,45.47190643310547,0.0,13.59442117674556,,0.9156217374552817,0.94,1.0,0.0010711646380448722,0.0010735557487278845,6.589614741800183,0.12935568939163916,0.12977844956613233,0.138949206187606
hallucination3,qwen25_14b_instruct,20.0,dataset_hallucination3_attack_hallucination_attack_qwen25_14b_instruct_lm_target_qwen25_14b_instruct_judge_llm-judge_qwen25_14b_instruct_20_calibration_upb,0.7,Residual,Residual + CRC,True,100.0,50,0.7006799983978271,0.00017451685926909486,0.00017148891990476052,0.0006799983978271751,45.16605323791504,0.0,16.744805713838865,,0.554048355723006,0.86,1.0,0.0010711646380448722,0.0010735557487278845,6.589614741800183,0.1629225359676074,0.15973918458167377,0.08407902091885396
hallucination3,qwen25_14b_instruct,20.0,dataset_hallucination3_attack_hallucination_attack_qwen25_14b_instruct_lm_target_qwen25_14b_instruct_judge_llm-judge_qwen25_14b_instruct_20_calibration_upb,0.7,Residual,Residual + CRC,True,200.0,50,0.7010199987888336,0.00016658700209096886,0.00016429565957837164,0.0010199987888336315,45.25781318664551,0.0,18.372897036979552,,0.45726812678970924,0.86,1.0,0.0010711646380448722,0.0010735557487278845,6.589614741800183,0.1555195122899402,0.1530387777002309,0.06939223986633102
hallucination3,qwen25_14b_instruct,20.0,dataset_hallucination3_attack_hallucination_attack_qwen25_14b_instruct_lm_target_qwen25_14b_instruct_judge_llm-judge_qwen25_14b_instruct_20_calibration_upb,0.7,Soft-prefix,Soft-prefix,False,50.0,50,0.7026466703414918,0.00015779785463292586,0.0001616467614367994,0.002646670341491797,45.6272664642334,0.0,21.479114689071558,,0.37783229113630895,0.38,,0.0010711646380448722,0.0010735557487278845,6.589614741800183,0.14731428673835248,0.15057137147124738,0.057337538830546396
hallucination3,qwen25_14b_instruct,20.0,dataset_hallucination3_attack_hallucination_attack_qwen25_14b_instruct_lm_target_qwen25_14b_instruct_judge_llm-judge_qwen25_14b_instruct_20_calibration_upb,0.7,Soft-prefix,Soft-prefix,False,100.0,50,0.7020933353900909,0.00015982341960346408,0.00016100900426680218,0.0020933353900909335,45.53279998779297,0.0,20.812728487458525,,0.40150564279173756,0.34,,0.0010711646380448722,0.0010735557487278845,6.589614741800183,0.14920527986732224,0.1499773108733204,0.060930063216723396
hallucination3,qwen25_14b_instruct,20.0,dataset_hallucination3_attack_hallucination_attack_qwen25_14b_instruct_lm_target_qwen25_14b_instruct_judge_llm-judge_qwen25_14b_instruct_20_calibration_upb,0.7,Soft-prefix,Soft-prefix,False,200.0,50,0.7012999987602234,0.0001579376296653921,0.00015646887384866668,0.0012999987602234642,45.339106521606446,0.0,20.47009669035062,,0.45180905316734543,0.42,,0.0010711646380448722,0.0010735557487278845,6.589614741800183,0.1474447755796583,0.14574825204380423,0.06856380393551172
hallucination3,qwen25_14b_instruct,20.0,dataset_hallucination3_attack_hallucination_attack_qwen25_14b_instruct_lm_target_qwen25_14b_instruct_judge_llm-judge_qwen25_14b_instruct_20_calibration_upb,0.7,Soft-prefix,Soft-prefix + CRC,True,50.0,50,0.7003933370113373,0.0002202707325569265,0.00021602003191027565,0.0003933370113373691,45.143813095092774,0.0,13.567989803685329,,1.2697970556617926,0.96,1.0,0.0010711646380448722,0.0010735557487278845,6.589614741800183,0.20563667314388986,0.20121920279058605,0.19269670616812162
hallucination3,qwen25_14b_instruct,20.0,dataset_hallucination3_attack_hallucination_attack_qwen25_14b_instruct_lm_target_qwen25_14b_instruct_judge_llm-judge_qwen25_14b_instruct_20_calibration_upb,0.7,Soft-prefix,Soft-prefix + CRC,True,100.0,50,0.7002799975872039,0.0001648043836593813,0.00016158669463503376,0.00027999758720398393,45.11597984313965,0.0,16.779534369708653,,0.7370455081968741,0.88,1.0,0.0010711646380448722,0.0010735557487278845,6.589614741800183,0.15385532513488134,0.15051542020664205,0.11184955981137137
hallucination3,qwen25_14b_instruct,20.0,dataset_hallucination3_attack_hallucination_attack_qwen25_14b_instruct_lm_target_qwen25_14b_instruct_judge_llm-judge_qwen25_14b_instruct_20_calibration_upb,0.7,Soft-prefix,Soft-prefix + CRC,True,200.0,50,0.7020399975776672,0.00017250626761656162,0.00017321773238111876,0.002039997577667263,45.51895309448242,0.0,18.319844249172405,,0.6040807449015272,0.84,1.0,0.0010711646380448722,0.0010735557487278845,6.589614741800183,0.1610455213788855,0.16134954573749338,0.09167163310316703
hallucination3,qwen25_14b_instruct,20.0,dataset_hallucination3_attack_hallucination_attack_qwen25_14b_instruct_lm_target_qwen25_14b_instruct_judge_llm-judge_qwen25_14b_instruct_20_calibration_upb,0.7,Static,Static,False,,50,0.7048800003528595,0.0010711646380448722,0.0010735557487278845,0.004880000352859515,46.569220008850095,0.0,4.222318585741818,,6.589614741800183,1.0,,0.0010711646380448722,0.0010735557487278845,6.589614741800183,1.0,1.0,1.0
hallucination3,qwen25_14b_instruct,20.0,dataset_hallucination3_attack_hallucination_attack_qwen25_14b_instruct_lm_target_qwen25_14b_instruct_judge_llm-judge_qwen25_14b_instruct_20_calibration_upb,0.8,Endpoint/block,Endpoint/block,False,,50,0.7988466680049896,0.0001782095913351017,0.00017597557419911432,-0.0011533319950104426,73.04236022949219,0.0,15.124499326414929,,1.0165859493129183,1.0,,0.0008415206359812859,0.0008297978156749934,5.040651984878938,0.21177091055799707,0.21207042351150102,0.20167747195452015
hallucination3,qwen25_14b_instruct,20.0,dataset_hallucination3_attack_hallucination_attack_qwen25_14b_instruct_lm_target_qwen25_14b_instruct_judge_llm-judge_qwen25_14b_instruct_20_calibration_upb,0.8,Endpoint/block,Endpoint/block + CRC,True,50.0,50,0.7983666706085205,0.00019099444133983032,0.00018984231741410454,-0.0016333293914795322,72.78885963439942,0.0,15.902746813075264,,1.1267277348980773,0.8,1.0,0.0008415206359812859,0.0008297978156749934,5.040651984878938,0.2269634672917014,0.2287814137708697,0.22352817418819246
hallucination3,qwen25_14b_instruct,20.0,dataset_hallucination3_attack_hallucination_attack_qwen25_14b_instruct_lm_target_qwen25_14b_instruct_judge_llm-judge_qwen25_14b_instruct_20_calibration_upb,0.8,Endpoint/block,Endpoint/block + CRC,True,100.0,50,0.7988600003719329,0.00014503886756316294,0.00014343768936389277,-0.001139999628067101,72.99501358032227,0.0,18.39320431087018,,0.8094894945828951,0.76,1.0,0.0008415206359812859,0.0008297978156749934,5.040651984878938,0.17235331061612658,0.17285860079929755,0.16059222041339494
hallucination3,qwen25_14b_instruct,20.0,dataset_hallucination3_attack_hallucination_attack_qwen25_14b_instruct_lm_target_qwen25_14b_instruct_judge_llm-judge_qwen25_14b_instruct_20_calibration_upb,0.8,Endpoint/block,Endpoint/block + CRC,True,200.0,50,0.7998000049591064,0.0001617186794629672,0.00015852430389008985,-0.00019999504089363018,73.37801986694336,0.0,19.38356628924052,,0.7243544302381685,0.6,1.0,0.0008415206359812859,0.0008297978156749934,5.040651984878938,0.1921743478986576,0.19103967363560645,0.14370252745301665
hallucination3,qwen25_14b_instruct,20.0,dataset_hallucination3_attack_hallucination_attack_qwen25_14b_instruct_lm_target_qwen25_14b_instruct_judge_llm-judge_qwen25_14b_instruct_20_calibration_upb,0.8,Information-gain,Information-gain,False,50.0,50,0.8002400052547455,0.00016725189336801492,0.00016396445802295995,0.00024000525474543455,73.53784698486328,0.0,21.9167075702905,,0.3709643720327875,0.32,,0.0008415206359812859,0.0008297978156749934,5.040651984878938,0.19874960424824845,0.19759567321779964,0.0735945217296522
hallucination3,qwen25_14b_instruct,20.0,dataset_hallucination3_attack_hallucination_attack_qwen25_14b_instruct_lm_target_qwen25_14b_instruct_judge_llm-judge_qwen25_14b_instruct_20_calibration_upb,0.8,Information-gain,Information-gain,False,100.0,50,0.801026668548584,0.00016736884522487695,0.00016507551662903088,0.0010266685485839089,73.82073333740234,0.0,21.125897325826287,,0.38617812829938736,0.32,,0.0008415206359812859,0.0008297978156749934,5.040651984878938,0.19888858106219867,0.19893462420692362,0.07661273372132281
hallucination3,qwen25_14b_instruct,20.0,dataset_hallucination3_attack_hallucination_attack_qwen25_14b_instruct_lm_target_qwen25_14b_instruct_judge_llm-judge_qwen25_14b_instruct_20_calibration_upb,0.8,Information-gain,Information-gain,False,200.0,50,0.7992333376407623,0.00019249106753525173,0.00018922901735761856,-0.0007666623592377242,73.25256683349609,0.0,20.59354876179978,,0.42689235905762146,0.38,,0.0008415206359812859,0.0008297978156749934,5.040651984878938,0.228741945598031,0.22804231799970634,0.08468990922964387
hallucination3,qwen25_14b_instruct,20.0,dataset_hallucination3_attack_hallucination_attack_qwen25_14b_instruct_lm_target_qwen25_14b_instruct_judge_llm-judge_qwen25_14b_instruct_20_calibration_upb,0.8,Information-gain,Information-gain + CRC,True,50.0,50,0.8013600015640259,0.00015697427316800782,0.00015568439195880033,0.0013600015640258256,74.00432662963867,0.0,13.617202285800488,,1.247648927773539,0.94,1.0,0.0008415206359812859,0.0008297978156749934,5.040651984878938,0.18653645134318333,0.18761725931052242,0.24751737106950936
hallucination3,qwen25_14b_instruct,20.0,dataset_hallucination3_attack_hallucination_attack_qwen25_14b_instruct_lm_target_qwen25_14b_instruct_judge_llm-judge_qwen25_14b_instruct_20_calibration_upb,0.8,Information-gain,Information-gain + CRC,True,100.0,50,0.7985933375358581,0.0001968447515224683,0.00019488655578004464,-0.0014066624641418946,72.96100692749023,0.0,16.838713461069684,,0.6806018510391744,0.86,1.0,0.0008415206359812859,0.0008297978156749934,5.040651984878938,0.2339155370716849,0.23486029017986204,0.13502258300728937
hallucination3,qwen25_14b_instruct,20.0,dataset_hallucination3_attack_hallucination_attack_qwen25_14b_instruct_lm_target_qwen25_14b_instruct_judge_llm-judge_qwen25_14b_instruct_20_calibration_upb,0.8,Information-gain,Information-gain + CRC,True,200.0,50,0.8016866683959961,0.0001756436311951888,0.0001749756088493369,0.0016866683959960715,73.98976730346679,0.0,18.35588753945409,,0.5686430221995737,0.84,1.0,0.0008415206359812859,0.0008297978156749934,5.040651984878938,0.20872171600447223,0.21086535243166935,0.1128114029505314
hallucination3,qwen25_14b_instruct,20.0,dataset_hallucination3_attack_hallucination_attack_qwen25_14b_instruct_lm_target_qwen25_14b_instruct_judge_llm-judge_qwen25_14b_instruct_20_calibration_upb,0.8,Oracle,Oracle,False,,50,0.8012999987602234,0.00010523461917980446,0.00010481992357279057,0.0012999987602233531,73.81539352416992,0.0,42.22212666666666,,,,,0.0008415206359812859,0.0008297978156749934,5.040651984878938,0.12505292761726727,0.12631983549815146,
hallucination3,qwen25_14b_instruct,20.0,dataset_hallucination3_attack_hallucination_attack_qwen25_14b_instruct_lm_target_qwen25_14b_instruct_judge_llm-judge_qwen25_14b_instruct_20_calibration_upb,0.8,Residual,Residual,False,50.0,50,0.8004333329200745,0.00014662693006404565,0.00014388216888238498,0.00043333292007441404,73.57800048828125,0.0,21.67210305091513,,0.33102399003122984,0.34,,0.0008415206359812859,0.0008297978156749934,5.040651984878938,0.1742404449690838,0.17339424877293153,0.06567086778143842
hallucination3,qwen25_14b_instruct,20.0,dataset_hallucination3_attack_hallucination_attack_qwen25_14b_instruct_lm_target_qwen25_14b_instruct_judge_llm-judge_qwen25_14b_instruct_20_calibration_upb,0.8,Residual,Residual,False,100.0,50,0.7997666668891906,0.00012723470988917443,0.00012474446003199095,-0.00023333311080941943,73.35774673461914,0.0,20.919069566393194,,0.3717570570715204,0.34,,0.0008415206359812859,0.0008297978156749934,5.040651984878938,0.15119618515451821,0.1503311501615829,0.07375178016390055
hallucination3,qwen25_14b_instruct,20.0,dataset_hallucination3_attack_hallucination_attack_qwen25_14b_instruct_lm_target_qwen25_14b_instruct_judge_llm-judge_qwen25_14b_instruct_20_calibration_upb,0.8,Residual,Residual,False,200.0,50,0.8004866647720337,0.00014610063392440245,0.00014341546384625297,0.00048666477203362923,73.6262467956543,0.0,20.52111772224714,,0.410508357585076,0.42,,0.0008415206359812859,0.0008297978156749934,5.040651984878938,0.1736150341150416,0.17283181654267507,0.08143953576174834
hallucination3,qwen25_14b_instruct,20.0,dataset_hallucination3_attack_hallucination_attack_qwen25_14b_instruct_lm_target_qwen25_14b_instruct_judge_llm-judge_qwen25_14b_instruct_20_calibration_upb,0.8,Residual,Residual + CRC,True,50.0,50,0.7996533346176148,0.00019200433722900523,0.00018828442737176945,-0.00034666538238525835,73.31625289916992,0.0,13.623677025266149,,0.9424723999310243,0.94,1.0,0.0008415206359812859,0.0008297978156749934,5.040651984878938,0.2281635518125014,0.2269039804818126,0.1869743046650065
hallucination3,qwen25_14b_instruct,20.0,dataset_hallucination3_attack_hallucination_attack_qwen25_14b_instruct_lm_target_qwen25_14b_instruct_judge_llm-judge_qwen25_14b_instruct_20_calibration_upb,0.8,Residual,Residual + CRC,True,100.0,50,0.8003933370113373,0.00016409378665642146,0.00016096662492778076,0.00039333701133725807,73.6085334777832,0.0,16.75760718388177,,0.6215294135146846,0.82,1.0,0.0008415206359812859,0.0008297978156749934,5.040651984878938,0.19499674712679374,0.19398294607083721,0.12330337729705654
hallucination3,qwen25_14b_instruct,20.0,dataset_hallucination3_attack_hallucination_attack_qwen25_14b_instruct_lm_target_qwen25_14b_instruct_judge_llm-judge_qwen25_14b_instruct_20_calibration_upb,0.8,Residual,Residual + CRC,True,200.0,50,0.8008466649055481,0.00014312559708490745,0.000140979926605496,0.0008466649055480779,73.70074661254883,0.0,18.335324081333184,,0.5416866296976071,0.84,1.0,0.0008415206359812859,0.0008297978156749934,5.040651984878938,0.1700797234972267,0.16989671934821476,0.10746360417711258
hallucination3,qwen25_14b_instruct,20.0,dataset_hallucination3_attack_hallucination_attack_qwen25_14b_instruct_lm_target_qwen25_14b_instruct_judge_llm-judge_qwen25_14b_instruct_20_calibration_upb,0.8,Soft-prefix,Soft-prefix,False,50.0,50,0.8016400027275086,0.00018261146995739605,0.00018164884950448354,0.0016400027275085272,74.09927352905274,0.0,21.420407507463306,,0.8495267918735391,0.4,,0.0008415206359812859,0.0008297978156749934,5.040651984878938,0.21700177292082123,0.21890736041130995,0.16853510109842315
hallucination3,qwen25_14b_instruct,20.0,dataset_hallucination3_attack_hallucination_attack_qwen25_14b_instruct_lm_target_qwen25_14b_instruct_judge_llm-judge_qwen25_14b_instruct_20_calibration_upb,0.8,Soft-prefix,Soft-prefix,False,100.0,50,0.8003200030326844,0.00012210413519371207,0.00011976445443076498,0.00032000303268431285,73.47863372802735,0.0,20.80312517599204,,0.46590043936790687,0.36,,0.0008415206359812859,0.0008297978156749934,5.040651984878938,0.14509939503899164,0.14432968148192027,0.09242860660992379
hallucination3,qwen25_14b_instruct,20.0,dataset_hallucination3_attack_hallucination_attack_qwen25_14b_instruct_lm_target_qwen25_14b_instruct_judge_llm-judge_qwen25_14b_instruct_20_calibration_upb,0.8,Soft-prefix,Soft-prefix,False,200.0,50,0.7997399961948395,0.00015051359687549764,0.00014757092691668563,-0.000260003805160558,73.37128036499024,0.0,20.46182226348307,,0.48337486951719205,0.4,,0.0008415206359812859,0.0008297978156749934,5.040651984878938,0.17885906826275955,0.17783961843361212,0.09589530698949876
hallucination3,qwen25_14b_instruct,20.0,dataset_hallucination3_attack_hallucination_attack_qwen25_14b_instruct_lm_target_qwen25_14b_instruct_judge_llm-judge_qwen25_14b_instruct_20_calibration_upb,0.8,Soft-prefix,Soft-prefix + CRC,True,50.0,50,0.7989866709709168,0.00021184111459830295,0.0002086311280275198,-0.001013329029083243,73.20244010925293,0.0,13.465133839006429,,2.009261265014378,0.96,1.0,0.0008415206359812859,0.0008297978156749934,5.040651984878938,0.2517360900499818,0.2514240506379379,0.39861138421017867
hallucination3,qwen25_14b_instruct,20.0,dataset_hallucination3_attack_hallucination_attack_qwen25_14b_instruct_lm_target_qwen25_14b_instruct_judge_llm-judge_qwen25_14b_instruct_20_calibration_upb,0.8,Soft-prefix,Soft-prefix + CRC,True,100.0,50,0.8006933343410492,0.00023528717700042206,0.00023106214596889166,0.0006933343410491233,73.71366012573242,0.0,16.659310809307687,,1.2176729380423164,0.88,1.0,0.0008415206359812859,0.0008297978156749934,5.040651984878938,0.2795976318822614,0.27845595831188796,0.2415705233559308
hallucination3,qwen25_14b_instruct,20.0,dataset_hallucination3_attack_hallucination_attack_qwen25_14b_instruct_lm_target_qwen25_14b_instruct_judge_llm-judge_qwen25_14b_instruct_20_calibration_upb,0.8,Soft-prefix,Soft-prefix + CRC,True,200.0,50,0.800293333530426,0.00015511848080313476,0.0001521021557471442,0.00029333353042593213,73.46866729736328,0.0,18.30780852558823,,0.653549458853412,0.8,1.0,0.0008415206359812859,0.0008297978156749934,5.040651984878938,0.1843311669027025,0.18330026046575904,0.12965573914127468
hallucination3,qwen25_14b_instruct,20.0,dataset_hallucination3_attack_hallucination_attack_qwen25_14b_instruct_lm_target_qwen25_14b_instruct_judge_llm-judge_qwen25_14b_instruct_20_calibration_upb,0.8,Static,Static,False,,50,0.8022599983215332,0.0008415206359812859,0.0008297978156749934,0.0022599983215331187,74.85824699401856,0.0,4.222318585741818,,5.040651984878938,1.0,,0.0008415206359812859,0.0008297978156749934,5.040651984878938,1.0,1.0,1.0
hallucination3,qwen25_14b_instruct,20.0,dataset_hallucination3_attack_hallucination_attack_qwen25_14b_instruct_lm_target_qwen25_14b_instruct_judge_llm-judge_qwen25_14b_instruct_20_calibration_upb,0.9,Endpoint/block,Endpoint/block,False,,50,0.898800003528595,0.00013925622339564116,0.0001379110904591129,-0.001199996471405007,128.19711944580078,0.0,15.122035297695836,,0.5613530005658337,1.0,,0.0004528611385414175,0.0004438466261104141,2.780868589554158,0.30750314289311703,0.3107178974585813,0.20186246940055247
hallucination3,qwen25_14b_instruct,20.0,dataset_hallucination3_attack_hallucination_attack_qwen25_14b_instruct_lm_target_qwen25_14b_instruct_judge_llm-judge_qwen25_14b_instruct_20_calibration_upb,0.9,Endpoint/block,Endpoint/block + CRC,True,50.0,50,0.8986266684532166,0.0001299531328107738,0.00012924010969194905,-0.0013733315467834295,128.03879943847656,0.0,15.906314472832912,,0.6188989463464104,0.8,1.0,0.0004528611385414175,0.0004438466261104141,2.780868589554158,0.2869602219111337,0.29118191305074487,0.22255598436804785
hallucination3,qwen25_14b_instruct,20.0,dataset_hallucination3_attack_hallucination_attack_qwen25_14b_instruct_lm_target_qwen25_14b_instruct_judge_llm-judge_qwen25_14b_instruct_20_calibration_upb,0.9,Endpoint/block,Endpoint/block + CRC,True,100.0,50,0.8994399988651276,0.0001313125528289564,0.00012899990304343574,-0.0005600011348724232,128.73114028930664,0.0,18.404761716647243,,0.44304047779134104,0.76,1.0,0.0004528611385414175,0.0004438466261104141,2.780868589554158,0.2899620692821866,0.29064072013773723,0.15931730088057539
hallucination3,qwen25_14b_instruct,20.0,dataset_hallucination3_attack_hallucination_attack_qwen25_14b_instruct_lm_target_qwen25_14b_instruct_judge_llm-judge_qwen25_14b_instruct_20_calibration_upb,0.9,Endpoint/block,Endpoint/block + CRC,True,200.0,50,0.8998000001907349,0.00011752840255148102,0.00011521783442415756,-0.00019999980926510563,128.84533294677735,0.0,19.397766682624543,,0.3987423825393398,0.6,1.0,0.0004528611385414175,0.0004438466261104141,2.780868589554158,0.25952415111179206,0.2595892987491027,0.14338771132053676
hallucination3,qwen25_14b_instruct,20.0,dataset_hallucination3_attack_hallucination_attack_qwen25_14b_instruct_lm_target_qwen25_14b_instruct_judge_llm-judge_qwen25_14b_instruct_20_calibration_upb,0.9,Information-gain,Information-gain,False,50.0,50,0.9008933353424072,0.0001166142811467516,0.00011508004355781036,0.0008933353424072088,129.79170761108398,0.0,22.396159758848768,,0.38186834953153437,0.28,,0.0004528611385414175,0.0004438466261104141,2.780868589554158,0.25750560430586905,0.2592788517202389,0.13731981114316422
hallucination3,qwen25_14b_instruct,20.0,dataset_hallucination3_attack_hallucination_attack_qwen25_14b_instruct_lm_target_qwen25_14b_instruct_judge_llm-judge_qwen25_14b_instruct_20_calibration_upb,0.9,Information-gain,Information-gain,False,100.0,50,0.8998800039291381,9.79761833693316e-05,9.603105875896729e-05,-0.00011999607086188302,128.78737350463868,0.0,21.25208230615621,,0.32303540349146365,0.32,,0.0004528611385414175,0.0004438466261104141,2.780868589554158,0.21634928465024594,0.216360907371363,0.1161634910419317
hallucination3,qwen25_14b_instruct,20.0,dataset_hallucination3_attack_hallucination_attack_qwen25_14b_instruct_lm_target_qwen25_14b_instruct_judge_llm-judge_qwen25_14b_instruct_20_calibration_upb,0.9,Information-gain,Information-gain,False,200.0,50,0.89942666888237,9.755573968405848e-05,9.593333346082023e-05,-0.0005733311176300271,128.6090530395508,0.0,20.68652775175203,,0.3276822136254232,0.4,,0.0004528611385414175,0.0004438466261104141,2.780868589554158,0.21542086830030854,0.21614072929092232,0.11783448338993925
hallucination3,qwen25_14b_instruct,20.0,dataset_hallucination3_attack_hallucination_attack_qwen25_14b_instruct_lm_target_qwen25_14b_instruct_judge_llm-judge_qwen25_14b_instruct_20_calibration_upb,0.9,Information-gain,Information-gain + CRC,True,50.0,50,0.9008466708660126,0.00015003280047486676,0.00014774899602072386,0.0008466708660125333,130.42817947387695,0.0,13.804444636616024,,1.0436041501506723,0.92,1.0,0.0004528611385414175,0.0004438466261104141,2.780868589554158,0.33129979083233957,0.33288299905645535,0.3752799229962851
hallucination3,qwen25_14b_instruct,20.0,dataset_hallucination3_attack_hallucination_attack_qwen25_14b_instruct_lm_target_qwen25_14b_instruct_judge_llm-judge_qwen25_14b_instruct_20_calibration_upb,0.9,Information-gain,Information-gain + CRC,True,100.0,50,0.9004066693782806,0.0001270172953218165,0.00012464232939861126,0.0004066693782805997,129.69953323364257,0.0,16.844063600050035,,0.6323270846117693,0.84,1.0,0.0004528611385414175,0.0004438466261104141,2.780868589554158,0.2804773572113427,0.28082297367200093,0.2273847412232978
hallucination3,qwen25_14b_instruct,20.0,dataset_hallucination3_attack_hallucination_attack_qwen25_14b_instruct_lm_target_qwen25_14b_instruct_judge_llm-judge_qwen25_14b_instruct_20_calibration_upb,0.9,Information-gain,Information-gain + CRC,True,200.0,50,0.8997333347797394,0.00011158735393164075,0.00010942671719270459,-0.0002666652202606423,128.7332469177246,0.0,18.35699291698654,,0.4501819299041635,0.84,1.0,0.0004528611385414175,0.0004438466261104141,2.780868589554158,0.24640523205643813,0.24654173481423042,0.16188536617486798
hallucination3,qwen25_14b_instruct,20.0,dataset_hallucination3_attack_hallucination_attack_qwen25_14b_instruct_lm_target_qwen25_14b_instruct_judge_llm-judge_qwen25_14b_instruct_20_calibration_upb,0.9,Oracle,Oracle,False,,50,0.9001333332061767,7.129248709940345e-05,6.988441510128476e-05,0.00013333320617670008,128.8877864074707,0.0,42.22212666666666,,,,,0.0004528611385414175,0.0004438466261104141,2.780868589554158,0.1574268159308689,0.15745172091023144,
hallucination3,qwen25_14b_instruct,20.0,dataset_hallucination3_attack_hallucination_attack_qwen25_14b_instruct_lm_target_qwen25_14b_instruct_judge_llm-judge_qwen25_14b_instruct_20_calibration_upb,0.9,Residual,Residual,False,50.0,50,0.8990066671371459,0.0001133491256494984,0.0001120688533129342,-0.0009933328628540794,128.24260711669922,0.0,21.844287538866606,,0.3003462281735006,0.4,,0.0004528611385414175,0.0004438466261104141,2.780868589554158,0.25029554537308085,0.2524945481619032,0.10800446641085386
hallucination3,qwen25_14b_instruct,20.0,dataset_hallucination3_attack_hallucination_attack_qwen25_14b_instruct_lm_target_qwen25_14b_instruct_judge_llm-judge_qwen25_14b_instruct_20_calibration_upb,0.9,Residual,Residual,False,100.0,50,0.8986400008201599,0.00010426685628970033,0.00010403111693307215,-0.0013599991798400879,127.81395965576172,0.0,20.990724688079336,,0.3090582547303819,0.32,,0.0004528611385414175,0.0004438466261104141,2.780868589554158,0.23024023793590395,0.2343852826926586,0.11113731008049237
hallucination3,qwen25_14b_instruct,20.0,dataset_hallucination3_attack_hallucination_attack_qwen25_14b_instruct_lm_target_qwen25_14b_instruct_judge_llm-judge_qwen25_14b_instruct_20_calibration_upb,0.9,Residual,Residual,False,200.0,50,0.8999599993228913,0.00010520476641582686,0.00010310227114167947,-4.0000677108742444e-05,128.86724609375,0.0,20.592811613454387,,0.32246739154739784,0.38,,0.0004528611385414175,0.0004438466261104141,2.780868589554158,0.23231131457795667,0.23229256476544918,0.1159592340172742
hallucination3,qwen25_14b_instruct,20.0,dataset_hallucination3_attack_hallucination_attack_qwen25_14b_instruct_lm_target_qwen25_14b_instruct_judge_llm-judge_qwen25_14b_instruct_20_calibration_upb,0.9,Residual,Residual + CRC,True,50.0,50,0.9005733299255371,0.00021223609012387034,0.00020832007552490942,0.0005733299255370472,130.2430126953125,1.333333319053e-05,13.734763562280369,,0.8903697631394009,0.96,1.0,0.0004528611385414175,0.0004438466261104141,2.780868589554158,0.46865600083823444,0.46935149051484826,0.32017685642677174
hallucination3,qwen25_14b_instruct,20.0,dataset_hallucination3_attack_hallucination_attack_qwen25_14b_instruct_lm_target_qwen25_14b_instruct_judge_llm-judge_qwen25_14b_instruct_20_calibration_upb,0.9,Residual,Residual + CRC,True,100.0,50,0.8995800006389618,0.00015459787998837446,0.00015168232185187947,-0.00041999936103820357,129.01425979614257,0.0,16.880511372040363,,0.4999227770661432,0.86,1.0,0.0004528611385414175,0.0004438466261104141,2.780868589554158,0.3413803191112972,0.34174490224500664,0.17977216864688064
hallucination3,qwen25_14b_instruct,20.0,dataset_hallucination3_attack_hallucination_attack_qwen25_14b_instruct_lm_target_qwen25_14b_instruct_judge_llm-judge_qwen25_14b_instruct_20_calibration_upb,0.9,Residual,Residual + CRC,True,200.0,50,0.8993733334541321,9.900071650110707e-05,9.7413413130795e-05,-0.0006266665458679599,128.4394401550293,0.0,18.35217205482645,,0.4226144914347884,0.82,1.0,0.0004528611385414175,0.0004438466261104141,2.780868589554158,0.21861164068961667,0.21947539397666127,0.15197211871940486
hallucination3,qwen25_14b_instruct,20.0,dataset_hallucination3_attack_hallucination_attack_qwen25_14b_instruct_lm_target_qwen25_14b_instruct_judge_llm-judge_qwen25_14b_instruct_20_calibration_upb,0.9,Soft-prefix,Soft-prefix,False,50.0,50,0.8984133350849152,0.00018639712357478727,0.00018518668665605282,-0.0015866649150848566,128.35733993530275,4.0000001899898e-05,20.91346914710823,,1.3661796192080973,0.48,,0.0004528611385414175,0.0004438466261104141,2.780868589554158,0.4115988494290726,0.41723125909260517,0.4912780216727644
hallucination3,qwen25_14b_instruct,20.0,dataset_hallucination3_attack_hallucination_attack_qwen25_14b_instruct_lm_target_qwen25_14b_instruct_judge_llm-judge_qwen25_14b_instruct_20_calibration_upb,0.9,Soft-prefix,Soft-prefix,False,100.0,50,0.8996933341026306,0.0001821763433933567,0.00017862686049809894,-0.00030666589736938477,129.19692687988282,0.000240000002086162,20.6171110742417,,0.8530967361147717,0.42,,0.0004528611385414175,0.0004438466261104141,2.780868589554158,0.40227859687875456,0.4024517704763686,0.3067734805302484
hallucination3,qwen25_14b_instruct,20.0,dataset_hallucination3_attack_hallucination_attack_qwen25_14b_instruct_lm_target_qwen25_14b_instruct_judge_llm-judge_qwen25_14b_instruct_20_calibration_upb,0.9,Soft-prefix,Soft-prefix,False,200.0,50,0.8996266674995422,0.00012193946464019137,0.0001196400525032856,-0.0003733325004577903,128.65134674072266,0.0,20.554867705919307,,0.38206804068228517,0.38,,0.0004528611385414175,0.0004438466261104141,2.780868589554158,0.2692645808225806,0.2695526910990266,0.13739162005621422
hallucination3,qwen25_14b_instruct,20.0,dataset_hallucination3_attack_hallucination_attack_qwen25_14b_instruct_lm_target_qwen25_14b_instruct_judge_llm-judge_qwen25_14b_instruct_20_calibration_upb,0.9,Soft-prefix,Soft-prefix + CRC,True,50.0,50,0.8994400000572205,0.00028665953629087557,0.0002812399455009711,-0.0005599999427795543,129.91786682128907,0.000106666665524244,13.28021687127021,,2.339584542830333,0.98,1.0,0.0004528611385414175,0.0004438466261104141,2.780868589554158,0.6329965455065393,0.6336421839354212,0.8413143115135212
hallucination3,qwen25_14b_instruct,20.0,dataset_hallucination3_attack_hallucination_attack_qwen25_14b_instruct_lm_target_qwen25_14b_instruct_judge_llm-judge_qwen25_14b_instruct_20_calibration_upb,0.9,Soft-prefix,Soft-prefix + CRC,True,100.0,50,0.8973533344268799,0.00025248256365201455,0.0002544377510349136,-0.0026466655731200994,127.62606735229492,0.000133333336561918,16.683721718324207,,1.7357191829800274,0.88,1.0,0.0004528611385414175,0.0004438466261104141,2.780868589554158,0.5575275557209756,0.573256021487968,0.6241644029854377
hallucination3,qwen25_14b_instruct,20.0,dataset_hallucination3_attack_hallucination_attack_qwen25_14b_instruct_lm_target_qwen25_14b_instruct_judge_llm-judge_qwen25_14b_instruct_20_calibration_upb,0.9,Soft-prefix,Soft-prefix + CRC,True,200.0,50,0.8990466642379761,0.00019381861280065777,0.0001908510896197984,-0.0009533357620239435,128.80921936035156,0.0,18.367368554578306,,1.0131278287813221,0.78,1.0,0.0004528611385414175,0.0004438466261104141,2.780868589554158,0.4279868513887323,0.429993331913536,0.3643206416106673
hallucination3,qwen25_14b_instruct,20.0,dataset_hallucination3_attack_hallucination_attack_qwen25_14b_instruct_lm_target_qwen25_14b_instruct_judge_llm-judge_qwen25_14b_instruct_20_calibration_upb,0.9,Static,Static,False,,50,0.9002066648006439,0.0004528611385414175,0.0004438466261104141,0.00020666480064390758,131.71567993164064,0.000300000003771852,4.222318585741818,,2.780868589554158,1.0,,0.0004528611385414175,0.0004438466261104141,2.780868589554158,1.0,1.0,1.0
red_team,gemma3_4b_it,20.0,dataset_red_team_attack_default_attack_qwen25_14b_instruct_lm_target_gemma3_4b_it_judge_llm-judge_qwen25_14b_instruct_20_calibration_upb_unified_aht_v2,0.7,Endpoint/block,Endpoint/block,False,,50,0.7003933310508728,0.00042083304621299633,0.0004125710946043171,0.00039333105087280273,140.1482339477539,0.023733333162963336,18.03507012056599,,2.8821423597150106,1.0,,0.0009423082598389924,0.0009370044968883068,6.25961078367984,0.4465980657804082,0.44030855345350234,0.4604347553412394
red_team,gemma3_4b_it,20.0,dataset_red_team_attack_default_attack_qwen25_14b_instruct_lm_target_gemma3_4b_it_judge_llm-judge_qwen25_14b_instruct_20_calibration_upb_unified_aht_v2,0.7,Endpoint/block,Endpoint/block + CRC,True,50.0,50,0.7068333339691162,0.000480740244169334,0.0005178198924194255,0.006833333969116229,142.6545864868164,0.028466666415333703,12.589510411193721,,4.744872462398611,1.0,1.0,0.0009423082598389924,0.0009370044968883068,6.25961078367984,0.5101730130769263,0.5526333055380745,0.7580139766468421
red_team,gemma3_4b_it,20.0,dataset_red_team_attack_default_attack_qwen25_14b_instruct_lm_target_gemma3_4b_it_judge_llm-judge_qwen25_14b_instruct_20_calibration_upb_unified_aht_v2,0.7,Endpoint/block,Endpoint/block + CRC,True,100.0,50,0.703526667356491,0.0003889980889360186,0.00039365550980063836,0.0035266673564910977,141.35169982910156,0.025539999864995434,16.446801217152952,,3.538363738087717,1.0,1.0,0.0009423082598389924,0.0009370044968883068,6.25961078367984,0.41281404983384606,0.4201212599383747,0.5652689696479208
red_team,gemma3_4b_it,20.0,dataset_red_team_attack_default_attack_qwen25_14b_instruct_lm_target_gemma3_4b_it_judge_llm-judge_qwen25_14b_instruct_20_calibration_upb_unified_aht_v2,0.7,Endpoint/block,Endpoint/block + CRC,True,200.0,50,0.7015666699409485,0.0004016383201684334,0.0003960600084689362,0.0015666699409485618,140.564267578125,0.024519999958574727,18.14975853786867,,3.3600557684244063,0.9,1.0,0.0009423082598389924,0.0009370044968883068,6.25961078367984,0.4262281646953401,0.4226874148248058,0.5367834973357767
red_team,gemma3_4b_it,20.0,dataset_red_team_attack_default_attack_qwen25_14b_instruct_lm_target_gemma3_4b_it_judge_llm-judge_qwen25_14b_instruct_20_calibration_upb_unified_aht_v2,0.7,Information-gain,Information-gain,False,50.0,50,0.703326667547226,0.0005461791973031123,0.0005463223303268168,0.003326667547225992,141.25332778930664,0.026079999990761226,20.308071308580296,,3.641563955600046,0.38,,0.0009423082598389924,0.0009370044968883068,6.25961078367984,0.579618390903668,0.5830519833587733,0.581755652459158
red_team,gemma3_4b_it,20.0,dataset_red_team_attack_default_attack_qwen25_14b_instruct_lm_target_gemma3_4b_it_judge_llm-judge_qwen25_14b_instruct_20_calibration_upb_unified_aht_v2,0.7,Information-gain,Information-gain,False,100.0,50,0.7063866686820984,0.0003852306537442713,0.0004183155775242829,0.006386668682098473,142.56631942749024,0.02749999999999995,20.153085128258798,,3.46254958034876,0.5,,0.0009423082598389924,0.0009370044968883068,6.25961078367984,0.4088159577526082,0.4464392421951707,0.5531573287873387
red_team,gemma3_4b_it,20.0,dataset_red_team_attack_default_attack_qwen25_14b_instruct_lm_target_gemma3_4b_it_judge_llm-judge_qwen25_14b_instruct_20_calibration_upb_unified_aht_v2,0.7,Information-gain,Information-gain,False,200.0,50,0.7048599994182587,0.00032887578560913147,0.00034591786424242383,0.004859999418258765,141.9436798095703,0.026239999886602115,20.104907365168437,,3.6345525914391446,0.46,,0.0009423082598389924,0.0009370044968883068,6.25961078367984,0.34901082758769925,0.36917417727575547,0.5806355565932646
red_team,gemma3_4b_it,20.0,dataset_red_team_attack_default_attack_qwen25_14b_instruct_lm_target_gemma3_4b_it_judge_llm-judge_qwen25_14b_instruct_20_calibration_upb_unified_aht_v2,0.7,Information-gain,Information-gain + CRC,True,50.0,50,0.7047199976444244,0.0007722644716648192,0.0007790975599948955,0.004719997644424434,141.78678634643555,0.02903999988920982,13.210563395359184,,6.885525936108288,1.0,1.0,0.0009423082598389924,0.0009370044968883068,6.25961078367984,0.8195454763357081,0.8314768633258393,1.099992663131763
red_team,gemma3_4b_it,20.0,dataset_red_team_attack_default_attack_qwen25_14b_instruct_lm_target_gemma3_4b_it_judge_llm-judge_qwen25_14b_instruct_20_calibration_upb_unified_aht_v2,0.7,Information-gain,Information-gain + CRC,True,100.0,50,0.7023199963569641,0.0006161765921137131,0.0006092354433677659,0.0023199963569641158,140.90584060668945,0.026213333243504115,16.536172454482184,,4.998926648288259,0.98,1.0,0.0009423082598389924,0.0009370044968883068,6.25961078367984,0.6539012957596234,0.6501947913707699,0.798600235867946
red_team,gemma3_4b_it,20.0,dataset_red_team_attack_default_attack_qwen25_14b_instruct_lm_target_gemma3_4b_it_judge_llm-judge_qwen25_14b_instruct_20_calibration_upb_unified_aht_v2,0.7,Information-gain,Information-gain + CRC,True,200.0,50,0.7025266647338867,0.0004938097888627364,0.0004903176277629486,0.002526664733886741,140.99099319458008,0.025813333136029497,18.325008919004016,,4.607614994831779,0.96,1.0,0.0009423082598389924,0.0009370044968883068,6.25961078367984,0.524042725622623,0.5232820433533049,0.7360865002732803
red_team,gemma3_4b_it,20.0,dataset_red_team_attack_default_attack_qwen25_14b_instruct_lm_target_gemma3_4b_it_judge_llm-judge_qwen25_14b_instruct_20_calibration_upb_unified_aht_v2,0.7,Oracle,Oracle,False,,50,0.7044866585731506,0.00015825498523237133,0.00017521999067975042,0.00448665857315067,141.74649963378906,0.023846666626632165,92.66294666666667,,,,,0.0009423082598389924,0.0009370044968883068,6.25961078367984,0.1679439648119094,0.1870001598302223,
red_team,gemma3_4b_it,20.0,dataset_red_team_attack_default_attack_qwen25_14b_instruct_lm_target_gemma3_4b_it_judge_llm-judge_qwen25_14b_instruct_20_calibration_upb_unified_aht_v2,0.7,Residual,Residual,False,50.0,50,0.702053337097168,0.0006062055694800787,0.0005982976513250834,0.00205333709716804,140.78031997680665,0.026079999990761226,20.188379544841396,,3.9494256105389205,0.46,,0.0009423082598389924,0.0009370044968883068,6.25961078367984,0.6433198087254993,0.6385216435054121,0.6309378884763774
red_team,gemma3_4b_it,20.0,dataset_red_team_attack_default_attack_qwen25_14b_instruct_lm_target_gemma3_4b_it_judge_llm-judge_qwen25_14b_instruct_20_calibration_upb_unified_aht_v2,0.7,Residual,Residual,False,100.0,50,0.7035599994659424,0.0003625598713281874,0.000367982270099134,0.0035599994659424317,141.4528402709961,0.025493333358317563,20.055437662911768,,3.775614693426202,0.54,,0.0009423082598389924,0.0009370044968883068,6.25961078367984,0.384757182739899,0.3927219894047087,0.6031708398340112
red_team,gemma3_4b_it,20.0,dataset_red_team_attack_default_attack_qwen25_14b_instruct_lm_target_gemma3_4b_it_judge_llm-judge_qwen25_14b_instruct_20_calibration_upb_unified_aht_v2,0.7,Residual,Residual,False,200.0,50,0.702480000257492,0.00040976952397703834,0.00040772453477465846,0.0024800002574920654,141.07124618530273,0.025053333453834013,20.043773605302217,,4.095841803559093,0.46,,0.0009423082598389924,0.0009370044968883068,6.25961078367984,0.43485719211147916,0.4351361558334764,0.6543285110054828
red_team,gemma3_4b_it,20.0,dataset_red_team_attack_default_attack_qwen25_14b_instruct_lm_target_gemma3_4b_it_judge_llm-judge_qwen25_14b_instruct_20_calibration_upb_unified_aht_v2,0.7,Residual,Residual + CRC,True,50.0,50,0.7043599998950958,0.0005839038708366957,0.0005912353925051978,0.004359999895095834,141.71044555664062,0.027800000002607655,13.26311980752828,,7.192493153263565,1.0,1.0,0.0009423082598389924,0.0009370044968883068,6.25961078367984,0.6196527142152659,0.630984583818571,1.1490320088296786
red_team,gemma3_4b_it,20.0,dataset_red_team_attack_default_attack_qwen25_14b_instruct_lm_target_gemma3_4b_it_judge_llm-judge_qwen25_14b_instruct_20_calibration_upb_unified_aht_v2,0.7,Residual,Residual + CRC,True,100.0,50,0.7019000017642975,0.0005587585819824315,0.0005511934170471166,0.0019000017642974987,140.75485382080078,0.02585999996401365,16.5061895229637,,5.294474327848021,0.98,1.0,0.0009423082598389924,0.0009370044968883068,6.25961078367984,0.5929679339517875,0.5882505568303801,0.845815260854854
red_team,gemma3_4b_it,20.0,dataset_red_team_attack_default_attack_qwen25_14b_instruct_lm_target_gemma3_4b_it_judge_llm-judge_qwen25_14b_instruct_20_calibration_upb_unified_aht_v2,0.7,Residual,Residual + CRC,True,200.0,50,0.7017466688156128,0.0004455399364203969,0.0004396799896434233,0.0017466688156128063,140.64769393920898,0.024673333391547158,18.30433381558043,,4.9615960537813235,0.96,1.0,0.0009423082598389924,0.0009370044968883068,6.25961078367984,0.47281760694374486,0.4692399994915224,0.7926365113174894
red_team,gemma3_4b_it,20.0,dataset_red_team_attack_default_attack_qwen25_14b_instruct_lm_target_gemma3_4b_it_judge_llm-judge_qwen25_14b_instruct_20_calibration_upb_unified_aht_v2,0.7,Soft-prefix,Soft-prefix,False,50.0,50,0.7030199992656708,0.00030852335776830175,0.00031147328617758797,0.0030199992656708696,141.17004028320312,0.024339999947696884,20.139468043449927,,2.716936580258464,0.46,,0.0009423082598389924,0.0009370044968883068,6.25961078367984,0.3274123457444994,0.33241386483411545,0.43404241480031086
red_team,gemma3_4b_it,20.0,dataset_red_team_attack_default_attack_qwen25_14b_instruct_lm_target_gemma3_4b_it_judge_llm-judge_qwen25_14b_instruct_20_calibration_upb_unified_aht_v2,0.7,Soft-prefix,Soft-prefix,False,100.0,50,0.7024599969387054,0.0003845029744071068,0.0003828644998574051,0.0024599969387054665,140.98956024169922,0.02473333345726128,20.00725369874782,,2.882431680385794,0.56,,0.0009423082598389924,0.0009370044968883068,6.25961078367984,0.4080437270843884,0.40860476244122385,0.4604809755745385
red_team,gemma3_4b_it,20.0,dataset_red_team_attack_default_attack_qwen25_14b_instruct_lm_target_gemma3_4b_it_judge_llm-judge_qwen25_14b_instruct_20_calibration_upb_unified_aht_v2,0.7,Soft-prefix,Soft-prefix,False,200.0,50,0.7012666654586792,0.0003871065695779939,0.0003809688795706451,0.0012666654586792614,140.44749938964844,0.024006666699424334,20.02918939563343,,3.3725781367768843,0.5,,0.0009423082598389924,0.0009370044968883068,6.25961078367984,0.4108067243771554,0.4065816982050807,0.5387840000483617
red_team,gemma3_4b_it,20.0,dataset_red_team_attack_default_attack_qwen25_14b_instruct_lm_target_gemma3_4b_it_judge_llm-judge_qwen25_14b_instruct_20_calibration_upb_unified_aht_v2,0.7,Soft-prefix,Soft-prefix + CRC,True,50.0,50,0.7047133362293243,0.0005515601179402395,0.0005627444539920962,0.00471333622932435,141.8733137512207,0.027773333643563047,13.323991702439637,,6.062271066446346,1.0,1.0,0.0009423082598389924,0.0009370044968883068,6.25961078367984,0.58532875222221,0.6005781785049178,0.9684741233835176
red_team,gemma3_4b_it,20.0,dataset_red_team_attack_default_attack_qwen25_14b_instruct_lm_target_gemma3_4b_it_judge_llm-judge_qwen25_14b_instruct_20_calibration_upb_unified_aht_v2,0.7,Soft-prefix,Soft-prefix + CRC,True,100.0,50,0.7064733350276947,0.0004023769091175486,0.00043623343731597744,0.00647333502769476,142.4597673034668,0.027759999912232117,16.47573746775903,,3.856904216025088,0.94,1.0,0.0009423082598389924,0.0009370044968883068,6.25961078367984,0.4270119729039632,0.4655617329102077,0.6161571940033193
red_team,gemma3_4b_it,20.0,dataset_red_team_attack_default_attack_qwen25_14b_instruct_lm_target_gemma3_4b_it_judge_llm-judge_qwen25_14b_instruct_20_calibration_upb_unified_aht_v2,0.7,Soft-prefix,Soft-prefix + CRC,True,200.0,50,0.703013333082199,0.00045072094272476316,0.00045078670013454344,0.003013333082199088,141.26951950073243,0.025619999971240714,18.343545441371315,,3.9210685782871404,0.96,1.0,0.0009423082598389924,0.0009370044968883068,6.25961078367984,0.47831581440427534,0.4810934223171378,0.6264077294566325
red_team,gemma3_4b_it,20.0,dataset_red_team_attack_default_attack_qwen25_14b_instruct_lm_target_gemma3_4b_it_judge_llm-judge_qwen25_14b_instruct_20_calibration_upb_unified_aht_v2,0.7,Static,Static,False,,50,0.7036800003051757,0.0009423082598389924,0.0009370044968883068,0.00368000030517579,141.4130143737793,0.02895333326188843,9.266294804745218,,6.25961078367984,1.0,,0.0009423082598389924,0.0009370044968883068,6.25961078367984,1.0,1.0,1.0
red_team,gemma3_4b_it,20.0,dataset_red_team_attack_default_attack_qwen25_14b_instruct_lm_target_gemma3_4b_it_judge_llm-judge_qwen25_14b_instruct_20_calibration_upb_unified_aht_v2,0.8,Endpoint/block,Endpoint/block,False,,50,0.8008733296394348,0.00019327387601687088,0.00019017110315564873,0.0008733296394347612,172.25377258300782,0.16564666658639907,17.678195129303187,,2.1064069656793203,1.0,,0.0005813352009440993,0.0005706688955607006,4.581634027297169,0.332465461755955,0.3332424539606272,0.45975015750482084
red_team,gemma3_4b_it,20.0,dataset_red_team_attack_default_attack_qwen25_14b_instruct_lm_target_gemma3_4b_it_judge_llm-judge_qwen25_14b_instruct_20_calibration_upb_unified_aht_v2,0.8,Endpoint/block,Endpoint/block + CRC,True,50.0,50,0.8059133338928223,0.00029378592814236057,0.0003228777273075133,0.005913333892822226,173.2679071044922,0.17650666654109956,12.64492015304259,,3.3426033594632814,1.0,1.0,0.0005813352009440993,0.0005706688955607006,4.581634027297169,0.5053640785303327,0.5657882001616289,0.7295657705412962
red_team,gemma3_4b_it,20.0,dataset_red_team_attack_default_attack_qwen25_14b_instruct_lm_target_gemma3_4b_it_judge_llm-judge_qwen25_14b_instruct_20_calibration_upb_unified_aht_v2,0.8,Endpoint/block,Endpoint/block + CRC,True,100.0,50,0.8022133374214172,0.0002551009947732282,0.0002548978374188094,0.002213337421417161,172.4208139038086,0.16817333325743675,16.42749446104423,,2.533112907462716,1.0,1.0,0.0005813352009440993,0.0005706688955607006,4.581634027297169,0.43881910876709235,0.4466650266059517,0.552884165861032
red_team,gemma3_4b_it,20.0,dataset_red_team_attack_default_attack_qwen25_14b_instruct_lm_target_gemma3_4b_it_judge_llm-judge_qwen25_14b_instruct_20_calibration_upb_unified_aht_v2,0.8,Endpoint/block,Endpoint/block + CRC,True,200.0,50,0.8028866708278656,0.00021756286011455098,0.00022154447138070992,0.002886670827865534,172.61826507568358,0.1697266668081283,18.165084506599868,,2.372526400878861,0.9,1.0,0.0005813352009440993,0.0005706688955607006,4.581634027297169,0.3742468368700619,0.38821893589107453,0.5178341148034643
red_team,gemma3_4b_it,20.0,dataset_red_team_attack_default_attack_qwen25_14b_instruct_lm_target_gemma3_4b_it_judge_llm-judge_qwen25_14b_instruct_20_calibration_upb_unified_aht_v2,0.8,Information-gain,Information-gain,False,50.0,50,0.8030133318901062,0.00038861663604532106,0.00038992447240434534,0.003013331890106108,172.5779135131836,0.17084666699171064,20.336552315750687,,3.338548112008416,0.46,,0.0005813352009440993,0.0005706688955607006,4.581634027297169,0.6684897721902963,0.6832761964733193,0.7286806611172993
red_team,gemma3_4b_it,20.0,dataset_red_team_attack_default_attack_qwen25_14b_instruct_lm_target_gemma3_4b_it_judge_llm-judge_qwen25_14b_instruct_20_calibration_upb_unified_aht_v2,0.8,Information-gain,Information-gain,False,100.0,50,0.8034200036525726,0.0004029015063623004,0.0004065399012186642,0.0034200036525725563,172.72392028808594,0.1719733341038227,20.19683502025576,,2.9844439163606165,0.52,,0.0005813352009440993,0.0005706688955607006,4.581634027297169,0.6930622912701325,0.712391904274414,0.6513929088572841
red_team,gemma3_4b_it,20.0,dataset_red_team_attack_default_attack_qwen25_14b_instruct_lm_target_gemma3_4b_it_judge_llm-judge_qwen25_14b_instruct_20_calibration_upb_unified_aht_v2,0.8,Information-gain,Information-gain,False,200.0,50,0.8027866685390472,0.00033592621015610347,0.0003369732074994969,0.002786668539047188,172.62949340820313,0.17027333289384836,20.124162138700907,,3.074162405455787,0.44,,0.0005813352009440993,0.0005706688955607006,4.581634027297169,0.5778528628759327,0.5904881273902441,0.6709751121848812
red_team,gemma3_4b_it,20.0,dataset_red_team_attack_default_attack_qwen25_14b_instruct_lm_target_gemma3_4b_it_judge_llm-judge_qwen25_14b_instruct_20_calibration_upb_unified_aht_v2,0.8,Information-gain,Information-gain + CRC,True,50.0,50,0.8049333345890045,0.0004571426860332535,0.0004723376224796563,0.004933334589004468,172.76036682128907,0.1744999998807907,13.217275692899088,,6.022175280224743,1.0,1.0,0.0005813352009440993,0.0005706688955607006,4.581634027297169,0.7863667730611275,0.8276911991419637,1.3144164820552873
red_team,gemma3_4b_it,20.0,dataset_red_team_attack_default_attack_qwen25_14b_instruct_lm_target_gemma3_4b_it_judge_llm-judge_qwen25_14b_instruct_20_calibration_upb_unified_aht_v2,0.8,Information-gain,Information-gain + CRC,True,100.0,50,0.8031333327293396,0.00044723350827684163,0.0004481066121040553,0.0031333327293395774,172.5576007080078,0.1714266662299633,16.599064670035478,,4.482222032213532,0.94,1.0,0.0005813352009440993,0.0005706688955607006,4.581634027297169,0.7693212238834427,0.7852304823163283,0.9783020654876962
red_team,gemma3_4b_it,20.0,dataset_red_team_attack_default_attack_qwen25_14b_instruct_lm_target_gemma3_4b_it_judge_llm-judge_qwen25_14b_instruct_20_calibration_upb_unified_aht_v2,0.8,Information-gain,Information-gain + CRC,True,200.0,50,0.8004399979114533,0.00034147133497476986,0.0003348355064373577,0.000439997911453216,172.1448602294922,0.16568666756153103,18.365322671983428,,3.997385227959113,0.94,1.0,0.0005813352009440993,0.0005706688955607006,4.581634027297169,0.5873914643741063,0.5867421705337051,0.8724802557652732
red_team,gemma3_4b_it,20.0,dataset_red_team_attack_default_attack_qwen25_14b_instruct_lm_target_gemma3_4b_it_judge_llm-judge_qwen25_14b_instruct_20_calibration_upb_unified_aht_v2,0.8,Oracle,Oracle,False,,50,0.8030800020694733,0.0001264515497484591,0.0001334089315014492,0.003080002069473231,172.59562713623046,0.16890666663646695,92.66294666666667,,,,,0.0005813352009440993,0.0005706688955607006,4.581634027297169,0.21751916887726633,0.2337764201610649,
red_team,gemma3_4b_it,20.0,dataset_red_team_attack_default_attack_qwen25_14b_instruct_lm_target_gemma3_4b_it_judge_llm-judge_qwen25_14b_instruct_20_calibration_upb_unified_aht_v2,0.8,Residual,Residual,False,50.0,50,0.8080066668987275,0.0004415579416901075,0.0004968334976834819,0.008006666898727421,173.5758056640625,0.18208000034093857,20.038473730726416,,3.9097231568490396,0.48,,0.0005813352009440993,0.0005706688955607006,4.581634027297169,0.7595582393307838,0.8706160464472608,0.8533468918632708
red_team,gemma3_4b_it,20.0,dataset_red_team_attack_default_attack_qwen25_14b_instruct_lm_target_gemma3_4b_it_judge_llm-judge_qwen25_14b_instruct_20_calibration_upb_unified_aht_v2,0.8,Residual,Residual,False,100.0,50,0.8063666677474975,0.00030340706806908564,0.0003378733849147289,0.006366667747497501,173.27586700439454,0.17765333458781243,20.04133972029248,,3.465024408290711,0.56,,0.0005813352009440993,0.0005706688955607006,4.581634027297169,0.5219141513817619,0.5920655349241656,0.7562857241862295
red_team,gemma3_4b_it,20.0,dataset_red_team_attack_default_attack_qwen25_14b_instruct_lm_target_gemma3_4b_it_judge_llm-judge_qwen25_14b_instruct_20_calibration_upb_unified_aht_v2,0.8,Residual,Residual,False,200.0,50,0.8057599997520447,0.00021608615128113754,0.000244942025399069,0.005759999752044664,173.18823333740235,0.17581999987363808,20.052665464410715,,3.413125781468911,0.46,,0.0005813352009440993,0.0005706688955607006,4.581634027297169,0.37170663488157873,0.4292191624679414,0.7449581876539377
red_team,gemma3_4b_it,20.0,dataset_red_team_attack_default_attack_qwen25_14b_instruct_lm_target_gemma3_4b_it_judge_llm-judge_qwen25_14b_instruct_20_calibration_upb_unified_aht_v2,0.8,Residual,Residual + CRC,True,50.0,50,0.8061866629123687,0.0008944769486858303,0.0009148622077033929,0.00618666291236869,172.741826171875,0.18073333341628314,13.180775413001102,,7.242808559445473,1.0,1.0,0.0005813352009440993,0.0005706688955607006,4.581634027297169,1.5386595328016999,1.6031401305033655,1.5808352470522844
red_team,gemma3_4b_it,20.0,dataset_red_team_attack_default_attack_qwen25_14b_instruct_lm_target_gemma3_4b_it_judge_llm-judge_qwen25_14b_instruct_20_calibration_upb_unified_aht_v2,0.8,Residual,Residual + CRC,True,100.0,50,0.8070866644382477,0.0005056407487494648,0.0005457487466347992,0.007086664438247681,173.2904266357422,0.18023999974131585,16.553636422110365,,5.007122664205107,0.96,1.0,0.0005813352009440993,0.0005706688955607006,4.581634027297169,0.869792071645231,0.9563316852911415,1.0928683160577417
red_team,gemma3_4b_it,20.0,dataset_red_team_attack_default_attack_qwen25_14b_instruct_lm_target_gemma3_4b_it_judge_llm-judge_qwen25_14b_instruct_20_calibration_upb_unified_aht_v2,0.8,Residual,Residual + CRC,True,200.0,50,0.8027133393287659,0.00047269864116637034,0.0004706068786560704,0.002713339328765829,172.40447387695312,0.17107333362102506,18.357296752649628,,4.45420856167514,0.96,1.0,0.0005813352009440993,0.0005706688955607006,4.581634027297169,0.813125784226895,0.8246583655022656,0.9721877686295252
red_team,gemma3_4b_it,20.0,dataset_red_team_attack_default_attack_qwen25_14b_instruct_lm_target_gemma3_4b_it_judge_llm-judge_qwen25_14b_instruct_20_calibration_upb_unified_aht_v2,0.8,Soft-prefix,Soft-prefix,False,50.0,50,0.8046466660499573,0.0002631944318689511,0.00027952204861139717,0.0046466660499572265,173.02925384521484,0.17379999995231624,19.587975468859362,,2.8163419898609505,0.62,,0.0005813352009440993,0.0005706688955607006,4.581634027297169,0.4527412608792971,0.48981476086366643,0.614702521650859
red_team,gemma3_4b_it,20.0,dataset_red_team_attack_default_attack_qwen25_14b_instruct_lm_target_gemma3_4b_it_judge_llm-judge_qwen25_14b_instruct_20_calibration_upb_unified_aht_v2,0.8,Soft-prefix,Soft-prefix,False,100.0,50,0.8034400010108947,0.00024652808035909273,0.0002534311257068677,0.0034400010108947,172.7294140625,0.17084666714072227,19.891803430739714,,2.3416432302181702,0.56,,0.0005813352009440993,0.0005706688955607006,4.581634027297169,0.42407217033946415,0.44409486425199934,0.5110934693314144
red_team,gemma3_4b_it,20.0,dataset_red_team_attack_default_attack_qwen25_14b_instruct_lm_target_gemma3_4b_it_judge_llm-judge_qwen25_14b_instruct_20_calibration_upb_unified_aht_v2,0.8,Soft-prefix,Soft-prefix,False,200.0,50,0.8014333307743072,0.00030888089351615574,0.00030475771275440867,0.0014333307743071844,172.24791320800782,0.16676666706800458,19.9888557561325,,2.4905856666478585,0.54,,0.0005813352009440993,0.0005706688955607006,4.581634027297169,0.531330105272358,0.534035962228105,0.543602053723423
red_team,gemma3_4b_it,20.0,dataset_red_team_attack_default_attack_qwen25_14b_instruct_lm_target_gemma3_4b_it_judge_llm-judge_qwen25_14b_instruct_20_calibration_upb_unified_aht_v2,0.8,Soft-prefix,Soft-prefix + CRC,True,50.0,50,0.8048066687583924,0.0006322408710606599,0.0006427001181923512,0.004806668758392307,172.71779418945312,0.1757599995285272,13.135250889945812,,5.956162647251575,1.0,1.0,0.0005813352009440993,0.0005706688955607006,4.581634027297169,1.0875668117703672,1.1262224438584088,1.3000083838571623
red_team,gemma3_4b_it,20.0,dataset_red_team_attack_default_attack_qwen25_14b_instruct_lm_target_gemma3_4b_it_judge_llm-judge_qwen25_14b_instruct_20_calibration_upb_unified_aht_v2,0.8,Soft-prefix,Soft-prefix + CRC,True,100.0,50,0.8047666656970978,0.00030095799591568333,0.0003176599378652578,0.004766665697097716,172.96499237060547,0.17376000121235846,16.456584316230092,,3.7951729967623966,0.98,1.0,0.0005813352009440993,0.0005706688955607006,4.581634027297169,0.517701311441182,0.5566449132524504,0.8283448599671922
red_team,gemma3_4b_it,20.0,dataset_red_team_attack_default_attack_qwen25_14b_instruct_lm_target_gemma3_4b_it_judge_llm-judge_qwen25_14b_instruct_20_calibration_upb_unified_aht_v2,0.8,Soft-prefix,Soft-prefix + CRC,True,200.0,50,0.8045000004768371,0.0002973979490633731,0.0003116999943736399,0.004500000476837074,172.91617919921876,0.17306000038981437,18.338999077372222,,3.0541923944638985,0.94,1.0,0.0005813352009440993,0.0005706688955607006,4.581634027297169,0.5115773973094924,0.5462011278315504,0.6666164028525975
red_team,gemma3_4b_it,20.0,dataset_red_team_attack_default_attack_qwen25_14b_instruct_lm_target_gemma3_4b_it_judge_llm-judge_qwen25_14b_instruct_20_calibration_upb_unified_aht_v2,0.8,Static,Static,False,,50,0.8009799993038178,0.0005813352009440993,0.0005706688955607006,0.000979999303817758,172.03337341308594,0.1675266669690609,9.266294804745218,,4.581634027297169,1.0,,0.0005813352009440993,0.0005706688955607006,4.581634027297169,1.0,1.0,1.0
red_team,gemma3_4b_it,20.0,dataset_red_team_attack_default_attack_qwen25_14b_instruct_lm_target_gemma3_4b_it_judge_llm-judge_qwen25_14b_instruct_20_calibration_upb_unified_aht_v2,0.9,Endpoint/block,Endpoint/block,False,,50,0.9019200050830841,0.00014493681824182794,0.00014572450139606013,0.0019200050830840976,189.3067721557617,0.42796000123023986,16.060536991879136,,0.960007972401953,1.0,,0.00038488017734658847,0.0003802801569814422,2.5460037089725613,0.3765764691781226,0.3832030115712073,0.37706464017264285
red_team,gemma3_4b_it,20.0,dataset_red_team_attack_default_attack_qwen25_14b_instruct_lm_target_gemma3_4b_it_judge_llm-judge_qwen25_14b_instruct_20_calibration_upb_unified_aht_v2,0.9,Endpoint/block,Endpoint/block + CRC,True,50.0,50,0.901340001821518,0.00017895909666887128,0.0001771755196171652,0.0013400018215179443,189.27215911865235,0.42748000025749205,13.049221863844917,,1.4006134128760008,0.98,1.0,0.00038488017734658847,0.0003802801569814422,2.5460037089725613,0.4649735351470617,0.46590787440379494,0.5501222986989354
red_team,gemma3_4b_it,20.0,dataset_red_team_attack_default_attack_qwen25_14b_instruct_lm_target_gemma3_4b_it_judge_llm-judge_qwen25_14b_instruct_20_calibration_upb_unified_aht_v2,0.9,Endpoint/block,Endpoint/block + CRC,True,100.0,50,0.9015066719055176,0.00015059513556252006,0.00014985329308214558,0.0015066719055175648,189.2855532836914,0.4272400009632111,16.285624691343063,,1.05892294467751,0.94,1.0,0.00038488017734658847,0.0003802801569814422,2.5460037089725613,0.39127797279855137,0.39406024829599107,0.41591571172723774
red_team,gemma3_4b_it,20.0,dataset_red_team_attack_default_attack_qwen25_14b_instruct_lm_target_gemma3_4b_it_judge_llm-judge_qwen25_14b_instruct_20_calibration_upb_unified_aht_v2,0.9,Endpoint/block,Endpoint/block + CRC,True,200.0,50,0.9023733353614807,0.00012850633817539938,0.00013156893214994608,0.002373335361480655,189.38816650390626,0.42980666637420656,18.24735588080368,,0.9618441566165103,0.9,1.0,0.00038488017734658847,0.0003802801569814422,2.5460037089725613,0.33388661131196196,0.3459789571833134,0.377785842662681
red_team,gemma3_4b_it,20.0,dataset_red_team_attack_default_attack_qwen25_14b_instruct_lm_target_gemma3_4b_it_judge_llm-judge_qwen25_14b_instruct_20_calibration_upb_unified_aht_v2,0.9,Information-gain,Information-gain,False,50.0,50,0.9041199958324433,0.0002602846619236866,0.0002720533343445621,0.004119995832443268,189.62239959716797,0.4367066678404808,19.206135953636185,,1.3811479137846496,0.7,,0.00038488017734658847,0.0003802801569814422,2.5460037089725613,0.676274532292417,0.715402393077897,0.5424767878056278
red_team,gemma3_4b_it,20.0,dataset_red_team_attack_default_attack_qwen25_14b_instruct_lm_target_gemma3_4b_it_judge_llm-judge_qwen25_14b_instruct_20_calibration_upb_unified_aht_v2,0.9,Information-gain,Information-gain,False,100.0,50,0.9018400001525879,0.0002441643865798406,0.00024266669940976724,0.001840000152587895,189.3248193359375,0.42986000001430513,19.93151970064602,,1.272754157705753,0.56,,0.00038488017734658847,0.0003802801569814422,2.5460037089725613,0.6343906518208864,0.6381261155880122,0.4999027115397929
red_team,gemma3_4b_it,20.0,dataset_red_team_attack_default_attack_qwen25_14b_instruct_lm_target_gemma3_4b_it_judge_llm-judge_qwen25_14b_instruct_20_calibration_upb_unified_aht_v2,0.9,Information-gain,Information-gain,False,200.0,50,0.900786669254303,0.00017258855879096955,0.0001697556361308157,0.0007866692543029297,189.15310028076172,0.42509333312511444,20.01754819494187,,1.3951178122060182,0.54,,0.00038488017734658847,0.0003802801569814422,2.5460037089725613,0.4484215320747782,0.4463962502758192,0.5479637784066769
red_team,gemma3_4b_it,20.0,dataset_red_team_attack_default_attack_qwen25_14b_instruct_lm_target_gemma3_4b_it_judge_llm-judge_qwen25_14b_instruct_20_calibration_upb_unified_aht_v2,0.9,Information-gain,Information-gain + CRC,True,50.0,50,0.9034733366966248,0.00035582339189152304,0.0003607709918618127,0.0034733366966247514,189.45800659179687,0.43504666686058047,12.767355535931149,,3.024190436928996,0.98,1.0,0.00038488017734658847,0.0003802801569814422,2.5460037089725613,0.9245043336464183,0.948697914520474,1.1878185511950439
red_team,gemma3_4b_it,20.0,dataset_red_team_attack_default_attack_qwen25_14b_instruct_lm_target_gemma3_4b_it_judge_llm-judge_qwen25_14b_instruct_20_calibration_upb_unified_aht_v2,0.9,Information-gain,Information-gain + CRC,True,100.0,50,0.9027400004863739,0.00030091268606809824,0.0003024020350120654,0.002740000486373906,189.43153228759766,0.43241333425045014,16.676444223969167,,1.8810481508996733,0.92,1.0,0.00038488017734658847,0.0003802801569814422,2.5460037089725613,0.781834720984145,0.7952085573237594,0.7388238062146302
red_team,gemma3_4b_it,20.0,dataset_red_team_attack_default_attack_qwen25_14b_instruct_lm_target_gemma3_4b_it_judge_llm-judge_qwen25_14b_instruct_20_calibration_upb_unified_aht_v2,0.9,Information-gain,Information-gain + CRC,True,200.0,50,0.9039066660404206,0.00019952853162174647,0.00021080000054068645,0.003906666040420559,189.5866796875,0.4359400004148483,18.553792970231118,,1.4774742735789423,0.84,1.0,0.00038488017734658847,0.0003802801569814422,2.5460037089725613,0.5184172720905525,0.554328162200095,0.5803111238102542
red_team,gemma3_4b_it,20.0,dataset_red_team_attack_default_attack_qwen25_14b_instruct_lm_target_gemma3_4b_it_judge_llm-judge_qwen25_14b_instruct_20_calibration_upb_unified_aht_v2,0.9,Oracle,Oracle,False,,50,0.9019533336162567,7.436737213033382e-05,7.66955369041256e-05,0.001953333616256714,189.3835125732422,0.42782666683197024,92.66294666666667,,,,,0.00038488017734658847,0.0003802801569814422,2.5460037089725613,0.19322214161049206,0.20168166941160792,
red_team,gemma3_4b_it,20.0,dataset_red_team_attack_default_attack_qwen25_14b_instruct_lm_target_gemma3_4b_it_judge_llm-judge_qwen25_14b_instruct_20_calibration_upb_unified_aht_v2,0.9,Residual,Residual,False,50.0,50,0.9047133302688599,0.00029207719724483094,0.0003084511355232847,0.004713330268859894,189.70315246582032,0.4397000026702881,18.565654974993052,,2.88304803929186,0.76,,0.00038488017734658847,0.0003802801569814422,2.5460037089725613,0.7588782546777214,0.81111551539182,1.1323817122227653
red_team,gemma3_4b_it,20.0,dataset_red_team_attack_default_attack_qwen25_14b_instruct_lm_target_gemma3_4b_it_judge_llm-judge_qwen25_14b_instruct_20_calibration_upb_unified_aht_v2,0.9,Residual,Residual,False,100.0,50,0.9007199990749359,0.00020228733773658173,0.00019875998964975867,0.0007199990749359175,189.2179397583008,0.4262733328342438,19.61923692996421,,2.7610199905081343,0.62,,0.00038488017734658847,0.0003802801569814422,2.5460037089725613,0.5255852331267764,0.5226672651748648,1.0844524620203098
red_team,gemma3_4b_it,20.0,dataset_red_team_attack_default_attack_qwen25_14b_instruct_lm_target_gemma3_4b_it_judge_llm-judge_qwen25_14b_instruct_20_calibration_upb_unified_aht_v2,0.9,Residual,Residual,False,200.0,50,0.8974866640567779,0.0004506493978537183,0.00044795326746013603,-0.002513335943222117,188.65521881103516,0.4169066670536995,19.8586454045759,,3.7134327191871823,0.58,,0.00038488017734658847,0.0003802801569814422,2.5460037089725613,1.1708823274831948,1.1779559338984817,1.4585339000490838
red_team,gemma3_4b_it,20.0,dataset_red_team_attack_default_attack_qwen25_14b_instruct_lm_target_gemma3_4b_it_judge_llm-judge_qwen25_14b_instruct_20_calibration_upb_unified_aht_v2,0.9,Residual,Residual + CRC,True,50.0,50,0.9018666708469391,0.0002887846291386623,0.0002864933966067013,0.0018666708469390336,189.308798828125,0.43000666677951815,12.688178599164619,,5.45876558174531,0.98,1.0,0.00038488017734658847,0.0003802801569814422,2.5460037089725613,0.7503234672400622,0.7533745617462818,2.1440524860618497
red_team,gemma3_4b_it,20.0,dataset_red_team_attack_default_attack_qwen25_14b_instruct_lm_target_gemma3_4b_it_judge_llm-judge_qwen25_14b_instruct_20_calibration_upb_unified_aht_v2,0.9,Residual,Residual + CRC,True,100.0,50,0.9068400025367737,0.00019025507434247636,0.00023323560755869694,0.006840002536773637,190.0091259765625,0.4454266691207886,16.31356375889143,,2.822581869921669,0.96,1.0,0.00038488017734658847,0.0003802801569814422,2.5460037089725613,0.49432287122220314,0.6133257370304465,1.1086322694560098
red_team,gemma3_4b_it,20.0,dataset_red_team_attack_default_attack_qwen25_14b_instruct_lm_target_gemma3_4b_it_judge_llm-judge_qwen25_14b_instruct_20_calibration_upb_unified_aht_v2,0.9,Residual,Residual + CRC,True,200.0,50,0.8999733340740204,0.00021520564635804445,0.00021090224450249186,-2.6665925979663108e-05,189.05125885009767,0.4230466663837433,18.528106598576525,,3.350385598086061,0.86,1.0,0.00038488017734658847,0.0003802801569814422,2.5460037089725613,0.559149727693691,0.5545970270354758,1.315939009153332
red_team,gemma3_4b_it,20.0,dataset_red_team_attack_default_attack_qwen25_14b_instruct_lm_target_gemma3_4b_it_judge_llm-judge_qwen25_14b_instruct_20_calibration_upb_unified_aht_v2,0.9,Soft-prefix,Soft-prefix,False,50.0,50,0.901360000371933,0.00026595388232650947,0.0002624844056916371,0.0013600003719329568,189.24007904052735,0.42884000182151794,18.406151870041704,,1.9833067115258811,0.8,,0.00038488017734658847,0.0003802801569814422,2.5460037089725613,0.6910043644233081,0.6902395533208071,0.7789881470071557
red_team,gemma3_4b_it,20.0,dataset_red_team_attack_default_attack_qwen25_14b_instruct_lm_target_gemma3_4b_it_judge_llm-judge_qwen25_14b_instruct_20_calibration_upb_unified_aht_v2,0.9,Soft-prefix,Soft-prefix,False,100.0,50,0.9007200002670288,0.00029815582102262476,0.00029271110498669373,0.0007200002670287864,189.14083282470702,0.42567333340644836,19.57275369502114,,1.4772639690149032,0.6,,0.00038488017734658847,0.0003802801569814422,2.5460037089725613,0.7746718032561403,0.7697248978493982,0.5802285219808467
red_team,gemma3_4b_it,20.0,dataset_red_team_attack_default_attack_qwen25_14b_instruct_lm_target_gemma3_4b_it_judge_llm-judge_qwen25_14b_instruct_20_calibration_upb_unified_aht_v2,0.9,Soft-prefix,Soft-prefix,False,200.0,50,0.901726667881012,0.00022725932960392637,0.00022569552498316625,0.0017266678810119451,189.3254528808594,0.4293066644668579,19.81658965429882,,1.4984468653492247,0.62,,0.00038488017734658847,0.0003802801569814422,2.5460037089725613,0.5904677428977514,0.5934980325417828,0.5885485791196754
red_team,gemma3_4b_it,20.0,dataset_red_team_attack_default_attack_qwen25_14b_instruct_lm_target_gemma3_4b_it_judge_llm-judge_qwen25_14b_instruct_20_calibration_upb_unified_aht_v2,0.9,Soft-prefix,Soft-prefix + CRC,True,50.0,50,0.8983399999141694,0.00034779352419965866,0.0003435932540006234,-0.0016600000858306707,188.79860778808595,0.41929333746433256,12.472554133254716,,3.1037852075855104,0.98,1.0,0.00038488017734658847,0.0003802801569814422,2.5460037089725613,0.9036410412128528,0.9035266439563157,1.2190811806939752
red_team,gemma3_4b_it,20.0,dataset_red_team_attack_default_attack_qwen25_14b_instruct_lm_target_gemma3_4b_it_judge_llm-judge_qwen25_14b_instruct_20_calibration_upb_unified_aht_v2,0.9,Soft-prefix,Soft-prefix + CRC,True,100.0,50,0.9035133361816406,0.00021513460201299936,0.00022317544109796435,0.003513336181640625,189.5661328125,0.4351000010967255,16.18603292459128,,2.1677821487751516,0.98,1.0,0.00038488017734658847,0.0003802801569814422,2.5460037089725613,0.5589651394783798,0.586871118570763,0.8514450081653491
red_team,gemma3_4b_it,20.0,dataset_red_team_attack_default_attack_qwen25_14b_instruct_lm_target_gemma3_4b_it_judge_llm-judge_qwen25_14b_instruct_20_calibration_upb_unified_aht_v2,0.9,Soft-prefix,Soft-prefix + CRC,True,200.0,50,0.8990066719055175,0.0003036619446697208,0.0002985754064796144,-0.000993328094482493,188.89265228271483,0.4195333343744278,18.47486036635672,,1.9544742434586668,0.82,1.0,0.00038488017734658847,0.0003802801569814422,2.5460037089725613,0.7889778755642959,0.7851459009842182,0.7676635491813144
red_team,gemma3_4b_it,20.0,dataset_red_team_attack_default_attack_qwen25_14b_instruct_lm_target_gemma3_4b_it_judge_llm-judge_qwen25_14b_instruct_20_calibration_upb_unified_aht_v2,0.9,Static,Static,False,,50,0.8982400047779083,0.00038488017734658847,0.0003802801569814422,-0.0017599952220916926,188.780419921875,0.41872000098228457,9.266294804745218,,2.5460037089725613,1.0,,0.00038488017734658847,0.0003802801569814422,2.5460037089725613,1.0,1.0,1.0
red_team,llama_31_8B_instruct,10.0,dataset_red_team_attack_default_attack_qwen25_14b_instruct_lm_target_llama_31_8B_instruct_judge_llama_guard_10_calibration_upb_unified_aht_v2,0.7,Endpoint/block,Endpoint/block,False,,50,0.6997533357143402,0.0005440580006067863,0.0005332376838644706,-0.00024666428565978116,71.88928688049316,0.18468666672706605,10.315331686637665,,2.889062630813803,0.02,,0.0015252206659615926,0.00151514665462524,10.416480804474574,0.3567077294115857,0.3519380003491232,0.2773549613390309
red_team,llama_31_8B_instruct,10.0,dataset_red_team_attack_default_attack_qwen25_14b_instruct_lm_target_llama_31_8B_instruct_judge_llama_guard_10_calibration_upb_unified_aht_v2,0.7,Endpoint/block,Endpoint/block + CRC,True,50.0,50,0.697926664352417,0.001984713237286872,0.001949317693248673,-0.002073335647582941,71.93789985656738,0.18543333411216736,2.489540140098283,,19.595994623905085,1.0,1.0,0.0015252206659615926,0.00151514665462524,10.416480804474574,1.3012630116938437,1.286553804740982,1.88124905058984
red_team,llama_31_8B_instruct,10.0,dataset_red_team_attack_default_attack_qwen25_14b_instruct_lm_target_llama_31_8B_instruct_judge_llama_guard_10_calibration_upb_unified_aht_v2,0.7,Endpoint/block,Endpoint/block + CRC,True,100.0,50,0.7009066641330719,0.0008691381939394162,0.0008525774699108268,0.0009066641330719438,72.17812652587891,0.18587999880313866,6.354862626890415,,6.35029206036338,1.0,1.0,0.0015252206659615926,0.00151514665462524,10.416480804474574,0.5698442286654031,0.5627029352625309,0.6096389154421045
red_team,llama_31_8B_instruct,10.0,dataset_red_team_attack_default_attack_qwen25_14b_instruct_lm_target_llama_31_8B_instruct_judge_llama_guard_10_calibration_upb_unified_aht_v2,0.7,Endpoint/block,Endpoint/block + CRC,True,200.0,50,0.7002199947834015,0.000866714580594136,0.0008494286866869771,0.00021999478340151146,72.1105729675293,0.18585333377122878,8.140124603757156,,5.309899772961932,0.98,1.0,0.0015252206659615926,0.00151514665462524,10.416480804474574,0.5682552039430347,0.5606247316680224,0.5097594737256153
red_team,llama_31_8B_instruct,10.0,dataset_red_team_attack_default_attack_qwen25_14b_instruct_lm_target_llama_31_8B_instruct_judge_llama_guard_10_calibration_upb_unified_aht_v2,0.7,Information-gain,Information-gain,False,50.0,50,0.7011000001430512,0.0006259602990044828,0.0006146510933391058,0.0011000001430512274,72.19508636474609,0.18619333356618875,10.2239350873973,,3.7537233693077274,0.48,,0.0015252206659615926,0.00151514665462524,10.416480804474574,0.41040638444918986,0.4056710229750895,0.3603638733434091
red_team,llama_31_8B_instruct,10.0,dataset_red_team_attack_default_attack_qwen25_14b_instruct_lm_target_llama_31_8B_instruct_judge_llama_guard_10_calibration_upb_unified_aht_v2,0.7,Information-gain,Information-gain,False,100.0,50,0.7023600006103515,0.0006122033642046176,0.0006055288998013852,0.002360000610351576,72.39240020751953,0.18704666644334794,10.133452918483156,,3.3738172161092495,0.48,,0.0015252206659615926,0.00151514665462524,10.416480804474574,0.40138674872900904,0.3996503559262111,0.323892231881229
red_team,llama_31_8B_instruct,10.0,dataset_red_team_attack_default_attack_qwen25_14b_instruct_lm_target_llama_31_8B_instruct_judge_llama_guard_10_calibration_upb_unified_aht_v2,0.7,Information-gain,Information-gain,False,200.0,50,0.6984133338928222,0.0006450138962998559,0.0006346311277095251,-0.0015866661071777255,71.69266021728515,0.1836533334851265,10.043254833730744,,4.253192165214482,0.5,,0.0015252206659615926,0.00151514665462524,10.416480804474574,0.422898738978992,0.41885788796233475,0.4083137333088016
red_team,llama_31_8B_instruct,10.0,dataset_red_team_attack_default_attack_qwen25_14b_instruct_lm_target_llama_31_8B_instruct_judge_llama_guard_10_calibration_upb_unified_aht_v2,0.7,Information-gain,Information-gain + CRC,True,50.0,50,0.7018333303928376,0.0023905813644340976,0.0023461308374747177,0.0018333303928376177,72.74912696838379,0.18812000021338462,2.459505781800415,,21.70732675404815,1.0,1.0,0.0015252206659615926,0.00151514665462524,10.416480804474574,1.5673675408318235,1.5484513200836094,2.0839405516614984
red_team,llama_31_8B_instruct,10.0,dataset_red_team_attack_default_attack_qwen25_14b_instruct_lm_target_llama_31_8B_instruct_judge_llama_guard_10_calibration_upb_unified_aht_v2,0.7,Information-gain,Information-gain + CRC,True,100.0,50,0.7002599990367889,0.0011203687289222124,0.001098028953842899,0.0002599990367889715,72.15512641906739,0.18558000057935714,6.270520496734856,,7.3821347614570065,1.0,1.0,0.0015252206659615926,0.00151514665462524,10.416480804474574,0.734561728624273,0.7247014343403531,0.7086975822281444
red_team,llama_31_8B_instruct,10.0,dataset_red_team_attack_default_attack_qwen25_14b_instruct_lm_target_llama_31_8B_instruct_judge_llama_guard_10_calibration_upb_unified_aht_v2,0.7,Information-gain,Information-gain + CRC,True,200.0,50,0.7017999982833862,0.0014341268768659663,0.0014086843331488413,0.0017999982833862838,72.46919296264649,0.18757333293557163,8.173822614310957,,6.473609838369645,1.0,1.0,0.0015252206659615926,0.00151514665462524,10.416480804474574,0.9402750099519566,0.9297346424180097,0.6214776333662323
red_team,llama_31_8B_instruct,10.0,dataset_red_team_attack_default_attack_qwen25_14b_instruct_lm_target_llama_31_8B_instruct_judge_llama_guard_10_calibration_upb_unified_aht_v2,0.7,Oracle,Oracle,False,,50,0.7006066632270813,0.00018925037997598096,0.00018583341264755411,0.000606663227081361,71.97792678833008,0.18562666565179817,67.82929333333334,,,,,0.0015252206659615926,0.00151514665462524,10.416480804474574,0.12408065547463974,0.12265044580355727,
red_team,llama_31_8B_instruct,10.0,dataset_red_team_attack_default_attack_qwen25_14b_instruct_lm_target_llama_31_8B_instruct_judge_llama_guard_10_calibration_upb_unified_aht_v2,0.7,Residual,Residual,False,50.0,50,0.7024733316898346,0.00048209121691549807,0.0004785667622251285,0.002473331689834657,72.4087134552002,0.18714666664600366,9.95087064807643,,4.950082218588852,0.64,,0.0015252206659615926,0.00151514665462524,10.416480804474574,0.31607965173456276,0.3158550763150372,0.475216372161168
red_team,llama_31_8B_instruct,10.0,dataset_red_team_attack_default_attack_qwen25_14b_instruct_lm_target_llama_31_8B_instruct_judge_llama_guard_10_calibration_upb_unified_aht_v2,0.7,Residual,Residual,False,100.0,50,0.6967666685581207,0.0005841416868625415,0.0005829132853383353,-0.003233331441879206,71.40129348754883,0.18241333395242687,9.992993786368633,,4.515139222060119,0.64,,0.0015252206659615926,0.00151514665462524,10.416480804474574,0.38298831106793507,0.3847240024976424,0.43346109946466427
red_team,llama_31_8B_instruct,10.0,dataset_red_team_attack_default_attack_qwen25_14b_instruct_lm_target_llama_31_8B_instruct_judge_llama_guard_10_calibration_upb_unified_aht_v2,0.7,Residual,Residual,False,200.0,50,0.699326663017273,0.0005722926467359574,0.000561300176493546,-0.0006733369827269797,71.85354667663574,0.1848600000143051,10.025285043013964,,5.022861290487889,0.48,,0.0015252206659615926,0.00151514665462524,10.416480804474574,0.37521957281843477,0.3704593048996827,0.4822032877294061
red_team,llama_31_8B_instruct,10.0,dataset_red_team_attack_default_attack_qwen25_14b_instruct_lm_target_llama_31_8B_instruct_judge_llama_guard_10_calibration_upb_unified_aht_v2,0.7,Residual,Residual + CRC,True,50.0,50,0.6987933313846588,0.002379174285612651,0.0023330468490476474,-0.0012066686153411332,72.11332641601562,0.18562666609883308,2.497102258013235,,21.928204040205614,1.0,1.0,0.0015252206659615926,0.00151514665462524,10.416480804474574,1.559888571344969,1.5398158600196419,2.1051451494813858
red_team,llama_31_8B_instruct,10.0,dataset_red_team_attack_default_attack_qwen25_14b_instruct_lm_target_llama_31_8B_instruct_judge_llama_guard_10_calibration_upb_unified_aht_v2,0.7,Residual,Residual + CRC,True,100.0,50,0.6982200002670288,0.001046633009128627,0.0010288687479954317,-0.0017799997329711603,71.74436637878418,0.18410000070929525,6.25969063816043,,8.363686258799728,1.0,1.0,0.0015252206659615926,0.00151514665462524,10.416480804474574,0.6862174323272531,0.6790555520514379,0.8029282073084574
red_team,llama_31_8B_instruct,10.0,dataset_red_team_attack_default_attack_qwen25_14b_instruct_lm_target_llama_31_8B_instruct_judge_llama_guard_10_calibration_upb_unified_aht_v2,0.7,Residual,Residual + CRC,True,200.0,50,0.6988333296775818,0.0007801869807603304,0.0007659443607863352,-0.0011666703224181285,71.78582710266113,0.18428666740655897,8.195122806890524,,7.355773536442671,1.0,1.0,0.0015252206659615926,0.00151514665462524,10.416480804474574,0.5115240031634719,0.5055248998162397,0.7061668594716629
red_team,llama_31_8B_instruct,10.0,dataset_red_team_attack_default_attack_qwen25_14b_instruct_lm_target_llama_31_8B_instruct_judge_llama_guard_10_calibration_upb_unified_aht_v2,0.7,Soft-prefix,Soft-prefix,False,50.0,50,0.7011933326721191,0.0006354742395363441,0.0006241887976119643,0.001193332672119185,72.22890007019043,0.1863199996948242,10.020587197086963,,3.939194617463652,0.58,,0.0015252206659615926,0.00151514665462524,10.416480804474574,0.4166441313825906,0.41196592798889997,0.3781694308668533
red_team,llama_31_8B_instruct,10.0,dataset_red_team_attack_default_attack_qwen25_14b_instruct_lm_target_llama_31_8B_instruct_judge_llama_guard_10_calibration_upb_unified_aht_v2,0.7,Soft-prefix,Soft-prefix,False,100.0,50,0.7042199993133544,0.0005239120870996839,0.0005312422395624029,0.004219999313354483,72.84440689086914,0.18938666641712185,10.015843701555315,,3.651671667139896,0.58,,0.0015252206659615926,0.00151514665462524,10.416480804474574,0.3434992055850342,0.3506210028849,0.3505667351272091
red_team,llama_31_8B_instruct,10.0,dataset_red_team_attack_default_attack_qwen25_14b_instruct_lm_target_llama_31_8B_instruct_judge_llama_guard_10_calibration_upb_unified_aht_v2,0.7,Soft-prefix,Soft-prefix,False,200.0,50,0.7033999991416932,0.0005422312867368448,0.0005429466551656222,0.0033999991416931996,72.64952003479004,0.18828666687011716,10.016028165106032,,4.463972689519155,0.52,,0.0015252206659615926,0.00151514665462524,10.416480804474574,0.35551005755287807,0.3583459419642225,0.42854902469570916
red_team,llama_31_8B_instruct,10.0,dataset_red_team_attack_default_attack_qwen25_14b_instruct_lm_target_llama_31_8B_instruct_judge_llama_guard_10_calibration_upb_unified_aht_v2,0.7,Soft-prefix,Soft-prefix + CRC,True,50.0,50,0.6982866668701172,0.0024000268987444547,0.002354961871183519,-0.0017133331298827548,72.1256468963623,0.1858200004696846,2.5047347342664357,,22.05676022082753,1.0,1.0,0.0015252206659615926,0.00151514665462524,10.416480804474574,1.5735604377162897,1.5542798210289424,2.1174867630296674
red_team,llama_31_8B_instruct,10.0,dataset_red_team_attack_default_attack_qwen25_14b_instruct_lm_target_llama_31_8B_instruct_judge_llama_guard_10_calibration_upb_unified_aht_v2,0.7,Soft-prefix,Soft-prefix + CRC,True,100.0,50,0.7024533343315125,0.0007271551981115727,0.000718630943491519,0.0024533343315125133,72.51672668457032,0.18744666725397108,6.357650981479756,,7.402164072138504,1.0,1.0,0.0015252206659615926,0.00151514665462524,10.416480804474574,0.4767540948923148,0.4742979442272318,0.710620430362506
red_team,llama_31_8B_instruct,10.0,dataset_red_team_attack_default_attack_qwen25_14b_instruct_lm_target_llama_31_8B_instruct_judge_llama_guard_10_calibration_upb_unified_aht_v2,0.7,Soft-prefix,Soft-prefix + CRC,True,200.0,50,0.697700001001358,0.0009804501178240534,0.0009661311108613259,-0.002299998998641972,71.67096717834472,0.18365333363413808,8.215542577565065,,7.197406830483256,1.0,1.0,0.0015252206659615926,0.00151514665462524,10.416480804474574,0.642825093905948,0.637648578711538,0.690963384427444
red_team,llama_31_8B_instruct,10.0,dataset_red_team_attack_default_attack_qwen25_14b_instruct_lm_target_llama_31_8B_instruct_judge_llama_guard_10_calibration_upb_unified_aht_v2,0.7,Static,Static,False,,50,0.6954799997806549,0.0015252206659615926,0.00151514665462524,-0.004520000219345066,71.46563980102539,0.18282666698098182,3.6695102673602356,,10.416480804474574,1.0,,0.0015252206659615926,0.00151514665462524,10.416480804474574,1.0,1.0,1.0
red_team,llama_31_8B_instruct,10.0,dataset_red_team_attack_default_attack_qwen25_14b_instruct_lm_target_llama_31_8B_instruct_judge_llama_guard_10_calibration_upb_unified_aht_v2,0.8,Endpoint/block,Endpoint/block,False,,50,0.798653335571289,0.0005769658825224386,0.0005672400699555454,-0.0013466644287110086,92.23213333129883,0.2741999986767769,10.284044840452907,,2.070618682843067,0.02,,0.0013102424667152132,0.001317369008666447,7.972633917250822,0.4403504673214386,0.430585558202674,0.2597157607303098
red_team,llama_31_8B_instruct,10.0,dataset_red_team_attack_default_attack_qwen25_14b_instruct_lm_target_llama_31_8B_instruct_judge_llama_guard_10_calibration_upb_unified_aht_v2,0.8,Endpoint/block,Endpoint/block + CRC,True,50.0,50,0.8005133342742919,0.0021027853674471667,0.0020609931721753865,0.0005133342742918989,93.86824661254883,0.2797666651010513,2.4921355337597784,,13.945788216072987,1.0,1.0,0.0013102424667152132,0.001317369008666447,7.972633917250822,1.6048826235336913,1.5644767400909934,1.7492071454450864
red_team,llama_31_8B_instruct,10.0,dataset_red_team_attack_default_attack_qwen25_14b_instruct_lm_target_llama_31_8B_instruct_judge_llama_guard_10_calibration_upb_unified_aht_v2,0.8,Endpoint/block,Endpoint/block + CRC,True,100.0,50,0.799893330335617,0.0005970993958650031,0.0005851687863650028,-0.00010666966438299674,92.71827331542968,0.27575999915599825,6.380109719070919,,4.5312124847078925,1.0,1.0,0.0013102424667152132,0.001317369008666447,7.972633917250822,0.4557167173507476,0.4441950452116377,0.568345735140737
red_team,llama_31_8B_instruct,10.0,dataset_red_team_attack_default_attack_qwen25_14b_instruct_lm_target_llama_31_8B_instruct_judge_llama_guard_10_calibration_upb_unified_aht_v2,0.8,Endpoint/block,Endpoint/block + CRC,True,200.0,50,0.8001599943637848,0.0005731755173366273,0.0005617376051863373,0.00015999436378477672,92.75037322998047,0.2760933303833008,8.140301839706153,,3.7869484773219506,0.98,1.0,0.0013102424667152132,0.001317369008666447,7.972633917250822,0.437457594221917,0.4264086990743588,0.4749933982454561
red_team,llama_31_8B_instruct,10.0,dataset_red_team_attack_default_attack_qwen25_14b_instruct_lm_target_llama_31_8B_instruct_judge_llama_guard_10_calibration_upb_unified_aht_v2,0.8,Information-gain,Information-gain,False,50.0,50,0.800133329629898,0.0004385124173373255,0.0004297599457807876,0.00013332962989798247,92.53375305175781,0.27512666761875154,10.329588234896722,,2.4779138278694934,0.5,,0.0013102424667152132,0.001317369008666447,7.972633917250822,0.3346803576262332,0.3262259419749271,0.3108024090392381
red_team,llama_31_8B_instruct,10.0,dataset_red_team_attack_default_attack_qwen25_14b_instruct_lm_target_llama_31_8B_instruct_judge_llama_guard_10_calibration_upb_unified_aht_v2,0.8,Information-gain,Information-gain,False,100.0,50,0.7981200039386749,0.0003769241291760764,0.0003729200317831529,-0.001879996061325162,92.0147933959961,0.27376666605472566,10.123322489863979,,2.503361933778438,0.48,,0.0013102424667152132,0.001317369008666447,7.972633917250822,0.2876750973589093,0.2830794024528133,0.31399434111251207
red_team,llama_31_8B_instruct,10.0,dataset_red_team_attack_default_attack_qwen25_14b_instruct_lm_target_llama_31_8B_instruct_judge_llama_guard_10_calibration_upb_unified_aht_v2,0.8,Information-gain,Information-gain,False,200.0,50,0.8004866683483124,0.0004971983709070034,0.00048749124957011246,0.00048666834831234684,92.70450653076172,0.27641333371400834,10.045995713696058,,3.0099325207543273,0.5,,0.0013102424667152132,0.001317369008666447,7.972633917250822,0.3794705052977584,0.37004912546378527,0.37753301506062786
red_team,llama_31_8B_instruct,10.0,dataset_red_team_attack_default_attack_qwen25_14b_instruct_lm_target_llama_31_8B_instruct_judge_llama_guard_10_calibration_upb_unified_aht_v2,0.8,Information-gain,Information-gain + CRC,True,50.0,50,0.804233330488205,0.0017141598525893494,0.0016977977425599272,0.004233330488204956,94.30799987792969,0.2819466668367386,2.498311998120267,,15.948599116177386,1.0,1.0,0.0013102424667152132,0.001317369008666447,7.972633917250822,1.308276823668187,1.2887791737856218,2.0004178395383905
red_team,llama_31_8B_instruct,10.0,dataset_red_team_attack_default_attack_qwen25_14b_instruct_lm_target_llama_31_8B_instruct_judge_llama_guard_10_calibration_upb_unified_aht_v2,0.8,Information-gain,Information-gain + CRC,True,100.0,50,0.8060333323478699,0.0006247132270821008,0.0006486200617603111,0.006033332347869846,94.0983204650879,0.2813666671514511,6.283557628611296,,4.95824301909059,1.0,1.0,0.0013102424667152132,0.001317369008666447,7.972633917250822,0.4767920770025575,0.49236019482263327,0.621907774839902
red_team,llama_31_8B_instruct,10.0,dataset_red_team_attack_default_attack_qwen25_14b_instruct_lm_target_llama_31_8B_instruct_judge_llama_guard_10_calibration_upb_unified_aht_v2,0.8,Information-gain,Information-gain + CRC,True,200.0,50,0.7983733332157135,0.0006809322800990308,0.0006699596793241513,-0.001626666784286579,92.41241302490235,0.2749933311343193,8.17196830800437,,4.971624420552059,1.0,1.0,0.0013102424667152132,0.001317369008666447,7.972633917250822,0.5196994429635093,0.5085588585405858,0.6235861914836808
red_team,llama_31_8B_instruct,10.0,dataset_red_team_attack_default_attack_qwen25_14b_instruct_lm_target_llama_31_8B_instruct_judge_llama_guard_10_calibration_upb_unified_aht_v2,0.8,Oracle,Oracle,False,,50,0.7999000012874603,0.0001225182201740887,0.00012007785551311658,-9.999871253973946e-05,91.9530532836914,0.2733133327960968,67.82929333333334,,,,,0.0013102424667152132,0.001317369008666447,7.972633917250822,0.09350805159081946,0.09114974978398012,
red_team,llama_31_8B_instruct,10.0,dataset_red_team_attack_default_attack_qwen25_14b_instruct_lm_target_llama_31_8B_instruct_judge_llama_guard_10_calibration_upb_unified_aht_v2,0.8,Residual,Residual,False,50.0,50,0.798693333864212,0.00045041207746571675,0.00044311121230681763,-0.0013066661357880038,92.14198669433594,0.2740866667032242,10.183789469568358,,3.7146130683164587,0.58,,0.0013102424667152132,0.001317369008666447,7.972633917250822,0.34376238666336534,0.3363607382531129,0.465920435689258
red_team,llama_31_8B_instruct,10.0,dataset_red_team_attack_default_attack_qwen25_14b_instruct_lm_target_llama_31_8B_instruct_judge_llama_guard_10_calibration_upb_unified_aht_v2,0.8,Residual,Residual,False,100.0,50,0.7953533351421356,0.0006131128564137036,0.0006224420935867417,-0.004646664857864469,91.48858703613281,0.2711733332276344,9.987481763816838,,3.5416672196750953,0.64,,0.0013102424667152132,0.001317369008666447,7.972633917250822,0.46793847092346325,0.4724887935665274,0.4442279999852743
red_team,llama_31_8B_instruct,10.0,dataset_red_team_attack_default_attack_qwen25_14b_instruct_lm_target_llama_31_8B_instruct_judge_llama_guard_10_calibration_upb_unified_aht_v2,0.8,Residual,Residual,False,200.0,50,0.7977333331108093,0.0006465940610127876,0.0006387999585790853,-0.0022666668891907493,91.99666061401368,0.2731399980187416,10.040705645298438,,3.770286078607947,0.52,,0.0013102424667152132,0.001317369008666447,7.972633917250822,0.4934919127097165,0.48490586492977616,0.4729034491913612
red_team,llama_31_8B_instruct,10.0,dataset_red_team_attack_default_attack_qwen25_14b_instruct_lm_target_llama_31_8B_instruct_judge_llama_guard_10_calibration_upb_unified_aht_v2,0.8,Residual,Residual + CRC,True,50.0,50,0.8048133337497712,0.0018965087479005324,0.0018817467547292063,0.004813333749771109,94.96855316162109,0.2847666671872139,2.5416489084923235,,16.429291604332608,1.0,1.0,0.0013102424667152132,0.001317369008666447,7.972633917250822,1.4474486944810243,1.4284128003239354,2.06071064780532
red_team,llama_31_8B_instruct,10.0,dataset_red_team_attack_default_attack_qwen25_14b_instruct_lm_target_llama_31_8B_instruct_judge_llama_guard_10_calibration_upb_unified_aht_v2,0.8,Residual,Residual + CRC,True,100.0,50,0.7991666626930237,0.0008891482259640519,0.0008720597125119697,-0.0008333373069763228,92.69137313842774,0.27546666413545606,6.309171133800765,,6.04563513535983,1.0,1.0,0.0013102424667152132,0.001317369008666447,7.972633917250822,0.6786134998304189,0.6619707210166897,0.758298348840345
red_team,llama_31_8B_instruct,10.0,dataset_red_team_attack_default_attack_qwen25_14b_instruct_lm_target_llama_31_8B_instruct_judge_llama_guard_10_calibration_upb_unified_aht_v2,0.8,Residual,Residual + CRC,True,200.0,50,0.794913330078125,0.0008768062359233252,0.0008851443220989671,-0.005086669921875009,91.59982025146485,0.2714066669344902,8.216679920207074,,5.877459247240873,1.0,1.0,0.0013102424667152132,0.001317369008666447,7.972633917250822,0.6691938768566129,0.6719031010111476,0.7372042048141072
red_team,llama_31_8B_instruct,10.0,dataset_red_team_attack_default_attack_qwen25_14b_instruct_lm_target_llama_31_8B_instruct_judge_llama_guard_10_calibration_upb_unified_aht_v2,0.8,Soft-prefix,Soft-prefix,False,50.0,50,0.7970533359050751,0.0005380104056797405,0.0005359330268544656,-0.0029466640949249445,91.88842636108399,0.2727200022339821,9.972553922191395,,3.1206829261707636,0.6,,0.0013102424667152132,0.001317369008666447,7.972633917250822,0.410618965074866,0.4068207338481286,0.3914243346127272
red_team,llama_31_8B_instruct,10.0,dataset_red_team_attack_default_attack_qwen25_14b_instruct_lm_target_llama_31_8B_instruct_judge_llama_guard_10_calibration_upb_unified_aht_v2,0.8,Soft-prefix,Soft-prefix,False,100.0,50,0.7945333361625672,0.000674485244074355,0.0006908799527043645,-0.0054666638374328835,91.21960006713867,0.26997333228588105,9.956996144853576,,3.1373304118644416,0.58,,0.0013102424667152132,0.001317369008666447,7.972633917250822,0.5147789521471503,0.5244392028044838,0.3935124131406597
red_team,llama_31_8B_instruct,10.0,dataset_red_team_attack_default_attack_qwen25_14b_instruct_lm_target_llama_31_8B_instruct_judge_llama_guard_10_calibration_upb_unified_aht_v2,0.8,Soft-prefix,Soft-prefix,False,200.0,50,0.7990466690063477,0.0005201360064106908,0.0005106421262659354,-0.0009533309936523571,92.21587326049804,0.2741866663098335,9.998867678012493,,3.484935260278633,0.52,,0.0013102424667152132,0.001317369008666447,7.972633917250822,0.3969769104757193,0.38762269562030366,0.43711216348941956
red_team,llama_31_8B_instruct,10.0,dataset_red_team_attack_default_attack_qwen25_14b_instruct_lm_target_llama_31_8B_instruct_judge_llama_guard_10_calibration_upb_unified_aht_v2,0.8,Soft-prefix,Soft-prefix + CRC,True,50.0,50,0.8075866639614105,0.0022381702228208753,0.002250964288427823,0.0075866639614105,95.73597381591797,0.28756666511297224,2.5807807122522854,,16.67661332023266,1.0,1.0,0.0013102424667152132,0.001317369008666447,7.972633917250822,1.7082107164729465,1.7086816781172351,2.091731978831809
red_team,llama_31_8B_instruct,10.0,dataset_red_team_attack_default_attack_qwen25_14b_instruct_lm_target_llama_31_8B_instruct_judge_llama_guard_10_calibration_upb_unified_aht_v2,0.8,Soft-prefix,Soft-prefix + CRC,True,100.0,50,0.8033866631984711,0.0008539380051368842,0.0008483287326540248,0.0033866631984710294,93.77021362304687,0.2796400001645088,6.398598228409866,,5.658960863925212,1.0,1.0,0.0013102424667152132,0.001317369008666447,7.972633917250822,0.651740442574505,0.6439568010733571,0.7097981573794089
red_team,llama_31_8B_instruct,10.0,dataset_red_team_attack_default_attack_qwen25_14b_instruct_lm_target_llama_31_8B_instruct_judge_llama_guard_10_calibration_upb_unified_aht_v2,0.8,Soft-prefix,Soft-prefix + CRC,True,200.0,50,0.7932400000095368,0.0008515557919674594,0.0008802222759991742,-0.0067599999904632835,91.14832641601562,0.2695933338999748,8.227199002261438,,5.895992042518413,1.0,1.0,0.0013102424667152132,0.001317369008666447,7.972633917250822,0.6499222957582161,0.6681668311676848,0.7395287559561633
red_team,llama_31_8B_instruct,10.0,dataset_red_team_attack_default_attack_qwen25_14b_instruct_lm_target_llama_31_8B_instruct_judge_llama_guard_10_calibration_upb_unified_aht_v2,0.8,Static,Static,False,,50,0.7942266654968262,0.0013102424667152132,0.001317369008666447,-0.005773334503173855,91.99428665161133,0.2728666669130325,3.6695102673602356,,7.972633917250822,1.0,,0.0013102424667152132,0.001317369008666447,7.972633917250822,1.0,1.0,1.0
red_team,llama_31_8B_instruct,10.0,dataset_red_team_attack_default_attack_qwen25_14b_instruct_lm_target_llama_31_8B_instruct_judge_llama_guard_10_calibration_upb_unified_aht_v2,0.9,Endpoint/block,Endpoint/block,False,,50,0.9002066695690155,0.00021320142559428144,0.0002089801093931528,0.00020666956901549405,124.03747955322265,0.40145999908447266,10.211383481779933,,1.0110205366000697,0.08,,0.0006069469608147134,0.0006006644150440082,4.528790448471635,0.35126862701165545,0.34791491581508405,0.22324294932684874
red_team,llama_31_8B_instruct,10.0,dataset_red_team_attack_default_attack_qwen25_14b_instruct_lm_target_llama_31_8B_instruct_judge_llama_guard_10_calibration_upb_unified_aht_v2,0.9,Endpoint/block,Endpoint/block + CRC,True,50.0,50,0.9038999950885773,0.0008141462671224369,0.0008130733034709146,0.0038999950885773016,127.26505950927735,0.41127333223819734,2.511026038415339,,6.552997872504701,1.0,1.0,0.0006069469608147134,0.0006006644150440082,4.528790448471635,1.341379592756502,1.3536232263923011,1.4469642495196904
red_team,llama_31_8B_instruct,10.0,dataset_red_team_attack_default_attack_qwen25_14b_instruct_lm_target_llama_31_8B_instruct_judge_llama_guard_10_calibration_upb_unified_aht_v2,0.9,Endpoint/block,Endpoint/block + CRC,True,100.0,50,0.9022533309459686,0.0003373676653233413,0.0003356978123689344,0.002253330945968579,125.27203338623048,0.40522000133991243,6.4307180451438,,2.1558935046784824,1.0,1.0,0.0006069469608147134,0.0006006644150440082,4.528790448471635,0.5558437344681453,0.5588774762765649,0.4760417884660678
red_team,llama_31_8B_instruct,10.0,dataset_red_team_attack_default_attack_qwen25_14b_instruct_lm_target_llama_31_8B_instruct_judge_llama_guard_10_calibration_upb_unified_aht_v2,0.9,Endpoint/block,Endpoint/block + CRC,True,200.0,50,0.9023533296585083,0.0002694666436444636,0.00026961547125318905,0.0023533296585083185,125.1957861328125,0.40505333423614504,8.17517982123601,,1.8002689793779085,0.98,1.0,0.0006069469608147134,0.0006006644150440082,4.528790448471635,0.4439706614277379,0.44886206757135005,0.39751651127630755
red_team,llama_31_8B_instruct,10.0,dataset_red_team_attack_default_attack_qwen25_14b_instruct_lm_target_llama_31_8B_instruct_judge_llama_guard_10_calibration_upb_unified_aht_v2,0.9,Information-gain,Information-gain,False,50.0,50,0.9001533341407776,0.00022716643557955338,0.00022264661822669028,0.00015333414077756125,124.1885400390625,0.4016000014543533,10.147957534877843,,1.3066015171687166,0.44,,0.0006069469608147134,0.0006006644150440082,4.528790448471635,0.37427724372262233,0.37066723556509984,0.28851004082329873
red_team,llama_31_8B_instruct,10.0,dataset_red_team_attack_default_attack_qwen25_14b_instruct_lm_target_llama_31_8B_instruct_judge_llama_guard_10_calibration_upb_unified_aht_v2,0.9,Information-gain,Information-gain,False,100.0,50,0.9006199991703033,0.00022104325176878294,0.00021700678570458402,0.0006199991703033092,124.24337326049805,0.4023400008678436,10.0919846911181,,1.1869160856990595,0.48,,0.0006069469608147134,0.0006006644150440082,4.528790448471635,0.36418874471679286,0.3612779120412599,0.26208235934158025
red_team,llama_31_8B_instruct,10.0,dataset_red_team_attack_default_attack_qwen25_14b_instruct_lm_target_llama_31_8B_instruct_judge_llama_guard_10_calibration_upb_unified_aht_v2,0.9,Information-gain,Information-gain,False,200.0,50,0.9009133315086365,0.0002635410014562116,0.0002591043558717555,0.0009133315086364835,124.43377944946289,0.4025599980354309,10.03392488781495,,1.3859187346774204,0.48,,0.0006069469608147134,0.0006006644150440082,4.528790448471635,0.43420763010734387,0.4313629197640616,0.30602403675911677
red_team,llama_31_8B_instruct,10.0,dataset_red_team_attack_default_attack_qwen25_14b_instruct_lm_target_llama_31_8B_instruct_judge_llama_guard_10_calibration_upb_unified_aht_v2,0.9,Information-gain,Information-gain + CRC,True,50.0,50,0.9033199989795685,0.0013082132609668552,0.0012930713889718539,0.0033199989795684726,128.18511322021484,0.4136733317375183,2.5375753328670076,,9.593145625278249,1.0,1.0,0.0006069469608147134,0.0006006644150440082,4.528790448471635,2.1553996402104434,2.152735132273677,2.1182577852582516
red_team,llama_31_8B_instruct,10.0,dataset_red_team_attack_default_attack_qwen25_14b_instruct_lm_target_llama_31_8B_instruct_judge_llama_guard_10_calibration_upb_unified_aht_v2,0.9,Information-gain,Information-gain + CRC,True,100.0,50,0.9012199997901916,0.0002590549241829752,0.00025536222518738336,0.001219999790191606,124.57663330078125,0.40273999989032744,6.398229017350438,,2.7959483498913023,1.0,1.0,0.0006069469608147134,0.0006006644150440082,4.528790448471635,0.4268164121544363,0.42513293411708775,0.617371985236118
red_team,llama_31_8B_instruct,10.0,dataset_red_team_attack_default_attack_qwen25_14b_instruct_lm_target_llama_31_8B_instruct_judge_llama_guard_10_calibration_upb_unified_aht_v2,0.9,Information-gain,Information-gain + CRC,True,200.0,50,0.8998866653442383,0.00041398912263170126,0.0004057221849232639,-0.00011333465576168766,124.3657601928711,0.40192666709423064,8.169431653175154,,2.633716704482344,1.0,1.0,0.0006069469608147134,0.0006006644150440082,4.528790448471635,0.6820845137374077,0.675455670024232,0.5815496951004135
red_team,llama_31_8B_instruct,10.0,dataset_red_team_attack_default_attack_qwen25_14b_instruct_lm_target_llama_31_8B_instruct_judge_llama_guard_10_calibration_upb_unified_aht_v2,0.9,Oracle,Oracle,False,,50,0.8990799975395203,9.336312062185588e-05,9.234226273670758e-05,-0.0009200024604797408,123.43962646484376,0.39966000020504,67.82929333333334,,,,,0.0006069469608147134,0.0006006644150440082,4.528790448471635,0.15382418341222642,0.15373353310757065,
red_team,llama_31_8B_instruct,10.0,dataset_red_team_attack_default_attack_qwen25_14b_instruct_lm_target_llama_31_8B_instruct_judge_llama_guard_10_calibration_upb_unified_aht_v2,0.9,Residual,Residual,False,50.0,50,0.9010666644573212,0.0002542358108272274,0.00025028886767519513,0.0010666644573211759,124.62839324951172,0.40317333340644834,9.957296920719882,,2.034785787358498,0.6,,0.0006069469608147134,0.0006006644150440082,4.528790448471635,0.4188764871414186,0.4166866912814496,0.44930005274260204
red_team,llama_31_8B_instruct,10.0,dataset_red_team_attack_default_attack_qwen25_14b_instruct_lm_target_llama_31_8B_instruct_judge_llama_guard_10_calibration_upb_unified_aht_v2,0.9,Residual,Residual,False,100.0,50,0.8997466695308686,0.00027341306313581436,0.0002680089781996885,-0.00025333046913145196,124.01114013671875,0.401473331451416,9.963630073382058,,1.7306863512136186,0.58,,0.0006069469608147134,0.0006006644150440082,4.528790448471635,0.4504727443874308,0.4461875408085438,0.3821520052440683
red_team,llama_31_8B_instruct,10.0,dataset_red_team_attack_default_attack_qwen25_14b_instruct_lm_target_llama_31_8B_instruct_judge_llama_guard_10_calibration_upb_unified_aht_v2,0.9,Residual,Residual,False,200.0,50,0.8992399978637695,0.0002736783429707238,0.0002687823793583843,-0.0007600021362305087,123.85483978271485,0.39999333322048186,10.011689938720226,,1.7926280110998747,0.46,,0.0006069469608147134,0.0006006644150440082,4.528790448471635,0.45090981690288306,0.4474751169314595,0.39582931281460515
red_team,llama_31_8B_instruct,10.0,dataset_red_team_attack_default_attack_qwen25_14b_instruct_lm_target_llama_31_8B_instruct_judge_llama_guard_10_calibration_upb_unified_aht_v2,0.9,Residual,Residual + CRC,True,50.0,50,0.9039200019836425,0.0012906507964772587,0.0012802041960994753,0.003920001983642507,128.44814651489258,0.415,2.6024916517322247,,9.990341780724556,1.0,1.0,0.0006069469608147134,0.0006006644150440082,4.528790448471635,2.1264638919104235,2.1313135322086296,2.2059624737320473
red_team,llama_31_8B_instruct,10.0,dataset_red_team_attack_default_attack_qwen25_14b_instruct_lm_target_llama_31_8B_instruct_judge_llama_guard_10_calibration_upb_unified_aht_v2,0.9,Residual,Residual + CRC,True,100.0,50,0.9005599999427796,0.00035391117568299093,0.00034714655210524406,0.0005599999427795543,124.57949356079102,0.40247999906539916,6.400531525050585,,3.413540144632969,1.0,1.0,0.0006069469608147134,0.0006006644150440082,4.528790448471635,0.5831006637020325,0.5779376027790993,0.7537421268376333
red_team,llama_31_8B_instruct,10.0,dataset_red_team_attack_default_attack_qwen25_14b_instruct_lm_target_llama_31_8B_instruct_judge_llama_guard_10_calibration_upb_unified_aht_v2,0.9,Residual,Residual + CRC,True,200.0,50,0.8970600032806396,0.000508329783239024,0.0005068067682840932,-0.002939996719360405,123.47864730834961,0.39858666598796844,8.157038357903287,,3.2827684678444258,1.0,1.0,0.0006069469608147134,0.0006006644150440082,4.528790448471635,0.8375192826679382,0.8437436205488577,0.7248664969588704
red_team,llama_31_8B_instruct,10.0,dataset_red_team_attack_default_attack_qwen25_14b_instruct_lm_target_llama_31_8B_instruct_judge_llama_guard_10_calibration_upb_unified_aht_v2,0.9,Soft-prefix,Soft-prefix,False,50.0,50,0.9005199980735779,0.0002445946760022196,0.0002399731804786999,0.000519998073577832,124.31885955810547,0.4019399982690811,9.78019998143162,,1.5438689272765875,0.56,,0.0006069469608147134,0.0006006644150440082,4.528790448471635,0.4029918457354111,0.399512896832948,0.3409009413976327
red_team,llama_31_8B_instruct,10.0,dataset_red_team_attack_default_attack_qwen25_14b_instruct_lm_target_llama_31_8B_instruct_judge_llama_guard_10_calibration_upb_unified_aht_v2,0.9,Soft-prefix,Soft-prefix,False,100.0,50,0.9037999999523163,0.00020363725879811044,0.00021400451325975182,0.0037999999523162797,125.59724609375,0.40670666337013245,9.903298798524482,,1.425361455751394,0.62,,0.0006069469608147134,0.0006006644150440082,4.528790448471635,0.33551079739284845,0.35627965949018736,0.31473336467409785
red_team,llama_31_8B_instruct,10.0,dataset_red_team_attack_default_attack_qwen25_14b_instruct_lm_target_llama_31_8B_instruct_judge_llama_guard_10_calibration_upb_unified_aht_v2,0.9,Soft-prefix,Soft-prefix,False,200.0,50,0.9003799986839295,0.000250630431998345,0.0002457622223581662,0.0003799986839294611,124.29396713256835,0.4017266660928726,9.977152917792447,,1.4706582065804548,0.46,,0.0006069469608147134,0.0006006644150440082,4.528790448471635,0.41293629951111416,0.4091506275432684,0.32473531803105815
red_team,llama_31_8B_instruct,10.0,dataset_red_team_attack_default_attack_qwen25_14b_instruct_lm_target_llama_31_8B_instruct_judge_llama_guard_10_calibration_upb_unified_aht_v2,0.9,Soft-prefix,Soft-prefix + CRC,True,50.0,50,0.9075933349132538,0.0015282914787356384,0.0015553843842657632,0.0075933349132537575,130.79996643066406,0.4298733329772949,2.602374248466315,,9.141707306788211,1.0,1.0,0.0006069469608147134,0.0006006644150440082,4.528790448471635,2.5179984041508194,2.5894398691019624,2.01857591133927
red_team,llama_31_8B_instruct,10.0,dataset_red_team_attack_default_attack_qwen25_14b_instruct_lm_target_llama_31_8B_instruct_judge_llama_guard_10_calibration_upb_unified_aht_v2,0.9,Soft-prefix,Soft-prefix + CRC,True,100.0,50,0.90317999958992,0.00047179210947371147,0.00047246866467612873,0.0031799995899199907,126.2145928955078,0.408500000834465,6.401230301793387,,2.9999098485124547,1.0,1.0,0.0006069469608147134,0.0006006644150440082,4.528790448471635,0.7773201612879292,0.7865767520812981,0.6624086238136403
red_team,llama_31_8B_instruct,10.0,dataset_red_team_attack_default_attack_qwen25_14b_instruct_lm_target_llama_31_8B_instruct_judge_llama_guard_10_calibration_upb_unified_aht_v2,0.9,Soft-prefix,Soft-prefix + CRC,True,200.0,50,0.9040933322906494,0.000396068219139595,0.00040490222399847613,0.004093332290649343,126.36364028930664,0.4090266662836075,8.167723538425946,,2.7959513916027636,1.0,1.0,0.0006069469608147134,0.0006006644150440082,4.528790448471635,0.6525582047695685,0.674090580126693,0.6173726568749355
red_team,llama_31_8B_instruct,10.0,dataset_red_team_attack_default_attack_qwen25_14b_instruct_lm_target_llama_31_8B_instruct_judge_llama_guard_10_calibration_upb_unified_aht_v2,0.9,Static,Static,False,,50,0.8975800013542176,0.0006069469608147134,0.0006006644150440082,-0.002419998645782462,123.95491348266602,0.4002066671848297,3.6695102673602356,,4.528790448471635,1.0,,0.0006069469608147134,0.0006006644150440082,4.528790448471635,1.0,1.0,1.0
red_team,llama_31_8B_instruct,20.0,dataset_red_team_attack_default_attack_qwen25_14b_instruct_lm_target_llama_31_8B_instruct_judge_llama_guard_20_calibration_upb_unified_aht_v2,0.7,Endpoint/block,Endpoint/block,False,,50,0.7013000011444092,0.0003478378322197629,0.00034257107855083306,0.001300001144409202,72.1821534729004,0.18615333318710323,20.63066337327533,,1.1204091731652377,0.02,,0.0008271846779410513,0.000812049164566744,4.879260638121829,0.42050806971614546,0.42186002214977514,0.22962683411733387
red_team,llama_31_8B_instruct,20.0,dataset_red_team_attack_default_attack_qwen25_14b_instruct_lm_target_llama_31_8B_instruct_judge_llm-judge_qwen25_14b_instruct_20_calibration_upb_unified_aht_v2,0.7,Endpoint/block,Endpoint/block,False,,50,0.698860000371933,0.00036605930861849536,0.0003600377215981182,-0.00113999962806699,160.3953598022461,0.3215599989891052,18.216301871469035,,3.0777720323509845,1.0,,0.0007691504511730548,0.0007946421880958064,5.221808440422717,0.4759267943745039,0.4530815592120438,0.5894073035168315
red_team,llama_31_8B_instruct,20.0,dataset_red_team_attack_default_attack_qwen25_14b_instruct_lm_target_llama_31_8B_instruct_judge_llama_guard_20_calibration_upb_unified_aht_v2,0.7,Endpoint/block,Endpoint/block + CRC,True,50.0,50,0.6999333333969117,0.0005437187854830274,0.0005328488542093338,-6.666660308829453e-05,71.90876663208007,0.1849333336949348,13.448617605390059,,2.329441112228936,0.96,1.0,0.0008271846779410513,0.000812049164566744,4.879260638121829,0.6573124478519113,0.6561780708112999,0.4774168229565221
red_team,llama_31_8B_instruct,20.0,dataset_red_team_attack_default_attack_qwen25_14b_instruct_lm_target_llama_31_8B_instruct_judge_llm-judge_qwen25_14b_instruct_20_calibration_upb_unified_aht_v2,0.7,Endpoint/block,Endpoint/block + CRC,True,50.0,50,0.6986933314800262,0.0005479266671603197,0.0005386755164382037,-0.0013066685199737416,160.3828259277344,0.32130666702985766,12.977979633332229,,5.032568046088433,1.0,1.0,0.0007691504511730548,0.0007946421880958064,5.221808440422717,0.7123790492804888,0.6778843667097851,0.9637596061798536
red_team,llama_31_8B_instruct,20.0,dataset_red_team_attack_default_attack_qwen25_14b_instruct_lm_target_llama_31_8B_instruct_judge_llama_guard_20_calibration_upb_unified_aht_v2,0.7,Endpoint/block,Endpoint/block + CRC,True,100.0,50,0.6999200010299682,0.00042032463537169067,0.00041192454249946303,-7.999897003174716e-05,71.9216731262207,0.18489333331584926,16.910525248655716,,1.678304170780635,0.84,1.0,0.0008271846779410513,0.000812049164566744,4.879260638121829,0.5081388069444449,0.5072655209481545,0.34396690303198557
red_team,llama_31_8B_instruct,20.0,dataset_red_team_attack_default_attack_qwen25_14b_instruct_lm_target_llama_31_8B_instruct_judge_llm-judge_qwen25_14b_instruct_20_calibration_upb_unified_aht_v2,0.7,Endpoint/block,Endpoint/block + CRC,True,100.0,50,0.6990000009536743,0.0004097823012412737,0.00040258665330910036,-0.0009999990463256392,160.41359313964844,0.32138666570186614,15.957153453429424,,4.14031221870323,1.0,1.0,0.0007691504511730548,0.0007946421880958064,5.221808440422717,0.5327726202543368,0.5066263273459152,0.7928885683841866
red_team,llama_31_8B_instruct,20.0,dataset_red_team_attack_default_attack_qwen25_14b_instruct_lm_target_llama_31_8B_instruct_judge_llama_guard_20_calibration_upb_unified_aht_v2,0.7,Endpoint/block,Endpoint/block + CRC,True,200.0,50,0.7004599952697754,0.0003824256709413949,0.00037498875317078283,0.00045999526977547056,71.99948684692383,0.18527333348989486,18.315318024396117,,1.541445037181174,0.84,1.0,0.0008271846779410513,0.000812049164566744,4.879260638121829,0.4623219954862947,0.4617808496494817,0.31591774891831187
red_team,llama_31_8B_instruct,20.0,dataset_red_team_attack_default_attack_qwen25_14b_instruct_lm_target_llama_31_8B_instruct_judge_llm-judge_qwen25_14b_instruct_20_calibration_upb_unified_aht_v2,0.7,Endpoint/block,Endpoint/block + CRC,True,200.0,50,0.6979599988460541,0.00042676020719094706,0.00042238660775522854,-0.0020400011539458696,160.22303955078124,0.319866663813591,17.905205776619237,,4.058715375195224,0.94,1.0,0.0007691504511730548,0.0007946421880958064,5.221808440422717,0.5548462027683687,0.5315431449309148,0.7772624027676246
red_team,llama_31_8B_instruct,20.0,dataset_red_team_attack_default_attack_qwen25_14b_instruct_lm_target_llama_31_8B_instruct_judge_llama_guard_20_calibration_upb_unified_aht_v2,0.7,Information-gain,Information-gain,False,50.0,50,0.7002999973297119,0.000359397918227981,0.00035229995826125565,0.00029999732971197623,71.9712599182129,0.18558666706085197,20.548531159806284,,1.4847723097554957,0.52,,0.0008271846779410513,0.000812049164566744,4.879260638121829,0.434483287483709,0.43384067570492446,0.30430272532582486
red_team,llama_31_8B_instruct,20.0,dataset_red_team_attack_default_attack_qwen25_14b_instruct_lm_target_llama_31_8B_instruct_judge_llm-judge_qwen25_14b_instruct_20_calibration_upb_unified_aht_v2,0.7,Information-gain,Information-gain,False,50.0,50,0.7007266652584075,0.0006946564104676197,0.0006812913246560442,0.0007266652584075883,160.6313998413086,0.32484000027179716,19.688486177531033,,6.187547753527423,0.62,,0.0007691504511730548,0.0007946421880958064,5.221808440422717,0.9031476343908764,0.8573560966963208,1.1849434585973682
red_team,llama_31_8B_instruct,20.0,dataset_red_team_attack_default_attack_qwen25_14b_instruct_lm_target_llama_31_8B_instruct_judge_llama_guard_20_calibration_upb_unified_aht_v2,0.7,Information-gain,Information-gain,False,100.0,50,0.7024133312702179,0.000400211198028283,0.0003980311418875291,0.002413331270217922,72.33593338012696,0.1871200007200241,20.345946111671186,,1.3158069254710505,0.46,,0.0008271846779410513,0.000812049164566744,4.879260638121829,0.483823272723632,0.4901564575833192,0.2696734245329316
red_team,llama_31_8B_instruct,20.0,dataset_red_team_attack_default_attack_qwen25_14b_instruct_lm_target_llama_31_8B_instruct_judge_llm-judge_qwen25_14b_instruct_20_calibration_upb_unified_aht_v2,0.7,Information-gain,Information-gain,False,100.0,50,0.7068733358383179,0.0005084439245164753,0.0005455177915724512,0.006873335838317951,161.6507598876953,0.3341599977016449,19.869374208515968,,5.670873178443796,0.62,,0.0007691504511730548,0.0007946421880958064,5.221808440422717,0.6610461239943785,0.6864948774991048,1.0859979340767862
red_team,llama_31_8B_instruct,20.0,dataset_red_team_attack_default_attack_qwen25_14b_instruct_lm_target_llama_31_8B_instruct_judge_llama_guard_20_calibration_upb_unified_aht_v2,0.7,Information-gain,Information-gain,False,200.0,50,0.7026800012588501,0.00033193646906121496,0.00033248014642742895,0.002680001258850151,72.40950622558594,0.18762000054121014,20.131083629266485,,1.379442943536844,0.5,,0.0008271846779410513,0.000812049164566744,4.879260638121829,0.4012845957053259,0.4094335182338602,0.2827155681660475
red_team,llama_31_8B_instruct,20.0,dataset_red_team_attack_default_attack_qwen25_14b_instruct_lm_target_llama_31_8B_instruct_judge_llm-judge_qwen25_14b_instruct_20_calibration_upb_unified_aht_v2,0.7,Information-gain,Information-gain,False,200.0,50,0.7016133320331573,0.0005651487910675698,0.0005564486554954303,0.0016133320331573886,160.81919372558593,0.32554666697978973,20.06523345011209,,6.9741722659905925,0.48,,0.0007691504511730548,0.0007946421880958064,5.221808440422717,0.7347701482923713,0.7002505830062243,1.3355856204916658
red_team,llama_31_8B_instruct,20.0,dataset_red_team_attack_default_attack_qwen25_14b_instruct_lm_target_llama_31_8B_instruct_judge_llama_guard_20_calibration_upb_unified_aht_v2,0.7,Information-gain,Information-gain + CRC,True,50.0,50,0.6984666633605957,0.0005280183142147678,0.0005198090691802121,-0.001533336639404248,71.67926002502442,0.18405333340167998,13.11844585717256,,2.7000132714730887,1.0,1.0,0.0008271846779410513,0.000812049164566744,4.879260638121829,0.6383318360406051,0.6401201945174686,0.5533652476725252
red_team,llama_31_8B_instruct,20.0,dataset_red_team_attack_default_attack_qwen25_14b_instruct_lm_target_llama_31_8B_instruct_judge_llm-judge_qwen25_14b_instruct_20_calibration_upb_unified_aht_v2,0.7,Information-gain,Information-gain + CRC,True,50.0,50,0.7013466691970826,0.0013838455660601483,0.0013579821726653165,0.001346669197082595,160.77100616455078,0.32667999997735025,12.285001807212014,,10.135344556011162,1.0,1.0,0.0007691504511730548,0.0007946421880958064,5.221808440422717,1.7991870952550353,1.708922824648206,1.9409644516164373
red_team,llama_31_8B_instruct,20.0,dataset_red_team_attack_default_attack_qwen25_14b_instruct_lm_target_llama_31_8B_instruct_judge_llama_guard_20_calibration_upb_unified_aht_v2,0.7,Information-gain,Information-gain + CRC,True,100.0,50,0.7003866672515869,0.0004554574179150228,0.0004464977811201719,0.0003866672515869807,71.97429306030273,0.1853133335709571,16.422121903014904,,2.019896989539536,0.94,1.0,0.0008271846779410513,0.000812049164566744,4.879260638121829,0.5506115261330803,0.5498408231949771,0.4139760384509924
red_team,llama_31_8B_instruct,20.0,dataset_red_team_attack_default_attack_qwen25_14b_instruct_lm_target_llama_31_8B_instruct_judge_llm-judge_qwen25_14b_instruct_20_calibration_upb_unified_aht_v2,0.7,Information-gain,Information-gain + CRC,True,100.0,50,0.6976133275032044,0.0008176795501977938,0.0008070221648007985,-0.0023866724967955832,160.15091979980468,0.3201200008392334,16.50917137526376,,8.073367972107388,0.98,1.0,0.0007691504511730548,0.0007946421880958064,5.221808440422717,1.063094416639457,1.015579309644581,1.546086583646073
red_team,llama_31_8B_instruct,20.0,dataset_red_team_attack_default_attack_qwen25_14b_instruct_lm_target_llama_31_8B_instruct_judge_llama_guard_20_calibration_upb_unified_aht_v2,0.7,Information-gain,Information-gain + CRC,True,200.0,50,0.7026666605472565,0.0004253787259301314,0.0004239822298858231,0.0026666605472565053,72.39106018066406,0.18733333349227904,18.3205228323433,,1.6943264071400796,0.88,1.0,0.0008271846779410513,0.000812049164566744,4.879260638121829,0.5142487974861228,0.5221139906129109,0.34725064570280384
red_team,llama_31_8B_instruct,20.0,dataset_red_team_attack_default_attack_qwen25_14b_instruct_lm_target_llama_31_8B_instruct_judge_llm-judge_qwen25_14b_instruct_20_calibration_upb_unified_aht_v2,0.7,Information-gain,Information-gain + CRC,True,200.0,50,0.7035333287715911,0.0008051382014196834,0.0008015198495994443,0.003533328771591182,161.10659942626953,0.3289733320474625,18.369697007446387,,7.944354301564736,0.98,1.0,0.0007691504511730548,0.0007946421880958064,5.221808440422717,1.0467889607185987,1.0086550419882925,1.521379880592024
red_team,llama_31_8B_instruct,20.0,dataset_red_team_attack_default_attack_qwen25_14b_instruct_lm_target_llama_31_8B_instruct_judge_llama_guard_20_calibration_upb_unified_aht_v2,0.7,Oracle,Oracle,False,,50,0.7006066632270813,0.00018925037997598096,0.00018583341264755411,0.000606663227081361,71.97792678833008,0.18562666565179817,67.82929333333334,,,,,0.0008271846779410513,0.000812049164566744,4.879260638121829,0.22878854628575185,0.22884502657755038,
red_team,llama_31_8B_instruct,20.0,dataset_red_team_attack_default_attack_qwen25_14b_instruct_lm_target_llama_31_8B_instruct_judge_llm-judge_qwen25_14b_instruct_20_calibration_upb_unified_aht_v2,0.7,Oracle,Oracle,False,,50,0.7008066594600677,0.00012119761442318499,0.00011942436161923815,0.000806659460067749,160.6675064086914,0.32283999979496003,127.67386666666667,,,,,0.0007691504511730548,0.0007946421880958064,5.221808440422717,0.1575733515313458,0.1502869636275084,
red_team,llama_31_8B_instruct,20.0,dataset_red_team_attack_default_attack_qwen25_14b_instruct_lm_target_llama_31_8B_instruct_judge_llama_guard_20_calibration_upb_unified_aht_v2,0.7,Residual,Residual,False,50.0,50,0.7043066692352294,0.0003103757221378765,0.00032271560759679157,0.004306669235229488,72.72127304077148,0.18879333257675168,20.00197293285545,,2.876631394355698,0.64,,0.0008271846779410513,0.000812049164566744,4.879260638121829,0.37521938016360984,0.39740895216482536,0.5895629702337439
red_team,llama_31_8B_instruct,20.0,dataset_red_team_attack_default_attack_qwen25_14b_instruct_lm_target_llama_31_8B_instruct_judge_llm-judge_qwen25_14b_instruct_20_calibration_upb_unified_aht_v2,0.7,Residual,Residual,False,50.0,50,0.702260000705719,0.0006593753260810565,0.0006512954227492856,0.0022600007057190785,160.98720642089845,0.32719333231449127,19.63633068848338,,9.343278036869332,0.62,,0.0007691504511730548,0.0007946421880958064,5.221808440422717,0.8572774352214487,0.8196084130770589,1.7892801207608016
red_team,llama_31_8B_instruct,20.0,dataset_red_team_attack_default_attack_qwen25_14b_instruct_lm_target_llama_31_8B_instruct_judge_llama_guard_20_calibration_upb_unified_aht_v2,0.7,Residual,Residual,False,100.0,50,0.69799999833107,0.0004014556825472197,0.00039742657557199814,-0.002000001668929996,71.553099899292,0.18335999935865402,19.957193484166506,,2.4387565991627365,0.62,,0.0008271846779410513,0.000812049164566744,4.879260638121829,0.48532775479652823,0.4894119628631584,0.49982093190690585
red_team,llama_31_8B_instruct,20.0,dataset_red_team_attack_default_attack_qwen25_14b_instruct_lm_target_llama_31_8B_instruct_judge_llm-judge_qwen25_14b_instruct_20_calibration_upb_unified_aht_v2,0.7,Residual,Residual,False,100.0,50,0.6998800015449524,0.0009424932684901051,0.000923657802749517,-0.00011999845504750972,160.49078704833985,0.3240599992871285,19.847449468827683,,8.838271211816481,0.66,,0.0007691504511730548,0.0007946421880958064,5.221808440422717,1.225369194092885,1.1623568652488354,1.6925690232905217
red_team,llama_31_8B_instruct,20.0,dataset_red_team_attack_default_attack_qwen25_14b_instruct_lm_target_llama_31_8B_instruct_judge_llama_guard_20_calibration_upb_unified_aht_v2,0.7,Residual,Residual,False,200.0,50,0.7017866694927215,0.0003565703805042055,0.00035263116077034355,0.0017866694927215487,72.25345321655273,0.1865866664052009,20.04728113482513,,2.0158672434976386,0.48,,0.0008271846779410513,0.000812049164566744,4.879260638121829,0.4310650209234367,0.4342485358734213,0.4131501456896152
red_team,llama_31_8B_instruct,20.0,dataset_red_team_attack_default_attack_qwen25_14b_instruct_lm_target_llama_31_8B_instruct_judge_llm-judge_qwen25_14b_instruct_20_calibration_upb_unified_aht_v2,0.7,Residual,Residual,False,200.0,50,0.7007599973678589,0.0007603719149696705,0.0007457420726694295,0.0007599973678589222,160.67824676513672,0.32475333362817765,20.052781439432593,,9.55160794567654,0.48,,0.0007691504511730548,0.0007946421880958064,5.221808440422717,0.9885867112344588,0.9384627242815338,1.8291762431835428
red_team,llama_31_8B_instruct,20.0,dataset_red_team_attack_default_attack_qwen25_14b_instruct_lm_target_llama_31_8B_instruct_judge_llama_guard_20_calibration_upb_unified_aht_v2,0.7,Residual,Residual + CRC,True,50.0,50,0.7054133307933808,0.0005596760536029985,0.0005777866828095033,0.0054133307933807995,72.97624000549317,0.18958000034093858,13.023758307966247,,4.15119771613915,1.0,1.0,0.0008271846779410513,0.000812049164566744,4.879260638121829,0.6766035064818783,0.7115168736338424,0.8507841708036052
red_team,llama_31_8B_instruct,20.0,dataset_red_team_attack_default_attack_qwen25_14b_instruct_lm_target_llama_31_8B_instruct_judge_llm-judge_qwen25_14b_instruct_20_calibration_upb_unified_aht_v2,0.7,Residual,Residual + CRC,True,50.0,50,0.7058799993991852,0.0006944976295800289,0.0007151820699228471,0.005879999399185265,161.53972045898436,0.333160001039505,12.387333142154084,,13.09937576994879,1.0,1.0,0.0007691504511730548,0.0007946421880958064,5.221808440422717,0.9029411976822342,0.9000051603560479,2.5085898725324296
red_team,llama_31_8B_instruct,20.0,dataset_red_team_attack_default_attack_qwen25_14b_instruct_lm_target_llama_31_8B_instruct_judge_llama_guard_20_calibration_upb_unified_aht_v2,0.7,Residual,Residual + CRC,True,100.0,50,0.7026800036430358,0.000391936424296874,0.00039128011533762246,0.0026800036430358887,72.39223320007324,0.18713999956846236,16.33226438802056,,3.390782389447619,0.94,1.0,0.0008271846779410513,0.000812049164566744,4.879260638121829,0.4738197342731789,0.48184288884329285,0.6949377458861945
red_team,llama_31_8B_instruct,20.0,dataset_red_team_attack_default_attack_qwen25_14b_instruct_lm_target_llama_31_8B_instruct_judge_llm-judge_qwen25_14b_instruct_20_calibration_upb_unified_aht_v2,0.7,Residual,Residual + CRC,True,100.0,50,0.6980666673183441,0.0009278408934948801,0.0009130218508829414,-0.0019333326816558527,160.32875274658204,0.3214266660809517,16.512257522843832,,11.436203823747585,0.98,1.0,0.0007691504511730548,0.0007946421880958064,5.221808440422717,1.2063191175143975,1.1489722853386466,2.1900849014717587
red_team,llama_31_8B_instruct,20.0,dataset_red_team_attack_default_attack_qwen25_14b_instruct_lm_target_llama_31_8B_instruct_judge_llama_guard_20_calibration_upb_unified_aht_v2,0.7,Residual,Residual + CRC,True,200.0,50,0.6980533349514008,0.0003840513936935803,0.00038015987063114647,-0.0019466650485991943,71.59251373291016,0.1835266661643982,18.315550382829237,,2.7596004903557723,0.9,1.0,0.0008271846779410513,0.000812049164566744,4.879260638121829,0.46428736403764653,0.46814883534049906,0.5655775936204187
red_team,llama_31_8B_instruct,20.0,dataset_red_team_attack_default_attack_qwen25_14b_instruct_lm_target_llama_31_8B_instruct_judge_llm-judge_qwen25_14b_instruct_20_calibration_upb_unified_aht_v2,0.7,Residual,Residual + CRC,True,200.0,50,0.7009600031375885,0.0009696398542427055,0.0009511686631820313,0.0009600031375885942,160.6771667480469,0.32539999693632127,18.370894117124678,,10.456759086314387,0.98,1.0,0.0007691504511730548,0.0007946421880958064,5.221808440422717,1.2606634407662094,1.1969773030315793,2.002516791954147
red_team,llama_31_8B_instruct,20.0,dataset_red_team_attack_default_attack_qwen25_14b_instruct_lm_target_llama_31_8B_instruct_judge_llama_guard_20_calibration_upb_unified_aht_v2,0.7,Soft-prefix,Soft-prefix,False,50.0,50,0.7002866625785827,0.00033820409429981805,0.00033152218784778144,0.0002866625785827859,71.93884643554688,0.1850466665625572,20.16393387817001,,1.914831377815236,0.58,,0.0008271846779410513,0.000812049164566744,4.879260638121829,0.40886165244458256,0.408253837715183,0.3924429375333208
red_team,llama_31_8B_instruct,20.0,dataset_red_team_attack_default_attack_qwen25_14b_instruct_lm_target_llama_31_8B_instruct_judge_llm-judge_qwen25_14b_instruct_20_calibration_upb_unified_aht_v2,0.7,Soft-prefix,Soft-prefix,False,50.0,50,0.700693336725235,0.0008565479290273686,0.0008398976862613808,0.000693336725235083,160.5936199951172,0.3250800001621246,19.346681117492658,,6.198405467580605,0.64,,0.0007691504511730548,0.0007946421880958064,5.221808440422717,1.1136285855660897,1.0569507872140789,1.1870227600840197
red_team,llama_31_8B_instruct,20.0,dataset_red_team_attack_default_attack_qwen25_14b_instruct_lm_target_llama_31_8B_instruct_judge_llama_guard_20_calibration_upb_unified_aht_v2,0.7,Soft-prefix,Soft-prefix,False,100.0,50,0.7034133338928222,0.00029290046896685636,0.00029869330785140875,0.003413333892822279,72.5347265625,0.18780666589736936,20.014321966893956,,1.5749487153345527,0.6,,0.0008271846779410513,0.000812049164566744,4.879260638121829,0.3540931992308128,0.3678266303134144,0.3227842970775992
red_team,llama_31_8B_instruct,20.0,dataset_red_team_attack_default_attack_qwen25_14b_instruct_lm_target_llama_31_8B_instruct_judge_llm-judge_qwen25_14b_instruct_20_calibration_upb_unified_aht_v2,0.7,Soft-prefix,Soft-prefix,False,100.0,50,0.6957866609096527,0.0006187835638920048,0.0006241601189044128,-0.004213339090347268,159.88705291748047,0.3174199992418289,19.587973337161454,,6.350040691650641,0.7,,0.0007691504511730548,0.0007946421880958064,5.221808440422717,0.8045026339752894,0.785460586229485,1.2160615932392553
red_team,llama_31_8B_instruct,20.0,dataset_red_team_attack_default_attack_qwen25_14b_instruct_lm_target_llama_31_8B_instruct_judge_llama_guard_20_calibration_upb_unified_aht_v2,0.7,Soft-prefix,Soft-prefix,False,200.0,50,0.7025466620922088,0.0002318537443805941,0.00023370215730487607,0.0025466620922088845,72.35251266479492,0.18732666730880737,20.022158910106405,,1.4706795777059474,0.52,,0.0008271846779410513,0.000812049164566744,4.879260638121829,0.2802926003872584,0.2877931134004234,0.3014144327965344
red_team,llama_31_8B_instruct,20.0,dataset_red_team_attack_default_attack_qwen25_14b_instruct_lm_target_llama_31_8B_instruct_judge_llm-judge_qwen25_14b_instruct_20_calibration_upb_unified_aht_v2,0.7,Soft-prefix,Soft-prefix,False,200.0,50,0.69942666888237,0.0004473470749693634,0.0004387288420404189,-0.0005733311176299161,160.49851196289063,0.32197333097457886,19.975509744844736,,6.796758467917094,0.48,,0.0007691504511730548,0.0007946421880958064,5.221808440422717,0.5816119255824407,0.5521086705599417,1.3016100734953198
red_team,llama_31_8B_instruct,20.0,dataset_red_team_attack_default_attack_qwen25_14b_instruct_lm_target_llama_31_8B_instruct_judge_llama_guard_20_calibration_upb_unified_aht_v2,0.7,Soft-prefix,Soft-prefix + CRC,True,50.0,50,0.7024533355236053,0.000624243781311669,0.0006177777608768198,0.002453335523605382,72.47776000976563,0.18734666615724563,13.073878687366875,,3.1471770547330067,0.98,1.0,0.0008271846779410513,0.000812049164566744,4.879260638121829,0.7546607159908676,0.760763987986399,0.6450110555980564
red_team,llama_31_8B_instruct,20.0,dataset_red_team_attack_default_attack_qwen25_14b_instruct_lm_target_llama_31_8B_instruct_judge_llm-judge_qwen25_14b_instruct_20_calibration_upb_unified_aht_v2,0.7,Soft-prefix,Soft-prefix + CRC,True,50.0,50,0.7001066637039185,0.0009394257789236349,0.0009206486404908957,0.00010666370391854141,160.58596008300782,0.32440666645765304,12.16398491577215,,11.003414726861195,1.0,1.0,0.0007691504511730548,0.0007946421880958064,5.221808440422717,1.2213810412395756,1.1585700511283417,2.1072038264908937
red_team,llama_31_8B_instruct,20.0,dataset_red_team_attack_default_attack_qwen25_14b_instruct_lm_target_llama_31_8B_instruct_judge_llama_guard_20_calibration_upb_unified_aht_v2,0.7,Soft-prefix,Soft-prefix + CRC,True,100.0,50,0.7028266656398773,0.000404985106106325,0.0004048754426238619,0.0028266656398773238,72.45775360107422,0.18763333350419997,16.51842683296719,,2.4121612438973705,0.9,1.0,0.0008271846779410513,0.000812049164566744,4.879260638121829,0.4895945450952683,0.49858488905641174,0.49437023819778614
red_team,llama_31_8B_instruct,20.0,dataset_red_team_attack_default_attack_qwen25_14b_instruct_lm_target_llama_31_8B_instruct_judge_llm-judge_qwen25_14b_instruct_20_calibration_upb_unified_aht_v2,0.7,Soft-prefix,Soft-prefix + CRC,True,100.0,50,0.7038599991798401,0.0008300050069187609,0.0008283045004487522,0.0038599991798401456,161.11922607421874,0.3297933328151703,16.577795672096276,,7.6095830261478605,0.96,1.0,0.0007691504511730548,0.0007946421880958064,5.221808440422717,1.0791191835783167,1.042361597278909,1.457269662985157
red_team,llama_31_8B_instruct,20.0,dataset_red_team_attack_default_attack_qwen25_14b_instruct_lm_target_llama_31_8B_instruct_judge_llama_guard_20_calibration_upb_unified_aht_v2,0.7,Soft-prefix,Soft-prefix + CRC,True,200.0,50,0.7030333316326142,0.0002785589283137191,0.00028218885054086257,0.0030333316326142112,72.45585327148437,0.18736666709184643,18.26958111997878,,1.9581730295534823,0.84,1.0,0.0008271846779410513,0.000812049164566744,4.879260638121829,0.33675542565304917,0.3475021745652801,0.40132576937050873
red_team,llama_31_8B_instruct,20.0,dataset_red_team_attack_default_attack_qwen25_14b_instruct_lm_target_llama_31_8B_instruct_judge_llm-judge_qwen25_14b_instruct_20_calibration_upb_unified_aht_v2,0.7,Soft-prefix,Soft-prefix + CRC,True,200.0,50,0.6942333328723908,0.0011554387622985554,0.0011655844368132328,-0.005766667127609204,159.65858673095704,0.31617333352565763,18.39068480306949,,8.511689544626455,0.96,1.0,0.0007691504511730548,0.0007946421880958064,5.221808440422717,1.5022272437549253,1.4668041217473136,1.6300271528032948
red_team,llama_31_8B_instruct,20.0,dataset_red_team_attack_default_attack_qwen25_14b_instruct_lm_target_llama_31_8B_instruct_judge_llama_guard_20_calibration_upb_unified_aht_v2,0.7,Static,Static,False,,50,0.6988133323192597,0.0008271846779410513,0.000812049164566744,-0.001186667680740272,71.83488014221192,0.18435333281755448,7.339020534720471,,4.879260638121829,1.0,,0.0008271846779410513,0.000812049164566744,4.879260638121829,1.0,1.0,1.0
red_team,llama_31_8B_instruct,20.0,dataset_red_team_attack_default_attack_qwen25_14b_instruct_lm_target_llama_31_8B_instruct_judge_llm-judge_qwen25_14b_instruct_20_calibration_upb_unified_aht_v2,0.7,Static,Static,False,,50,0.693606663942337,0.0007691504511730548,0.0007946421880958064,-0.006393336057662902,159.6401528930664,0.31424666702747345,12.767386856915552,,5.221808440422717,1.0,,0.0007691504511730548,0.0007946421880958064,5.221808440422717,1.0,1.0,1.0
red_team,llama_31_8B_instruct,20.0,dataset_red_team_attack_default_attack_qwen25_14b_instruct_lm_target_llama_31_8B_instruct_judge_llama_guard_20_calibration_upb_unified_aht_v2,0.8,Endpoint/block,Endpoint/block,False,,50,0.7997533309459687,0.0002705795693678666,0.00026522882360272606,-0.00024666905403136763,92.1361067199707,0.2742933341860771,20.568089680905814,,0.7891384694953956,0.02,,0.0005652687091732839,0.0005636977149352023,3.7255554713095442,0.4786742393075221,0.4705160524434881,0.21181766734451843
red_team,llama_31_8B_instruct,20.0,dataset_red_team_attack_default_attack_qwen25_14b_instruct_lm_target_llama_31_8B_instruct_judge_llm-judge_qwen25_14b_instruct_20_calibration_upb_unified_aht_v2,0.8,Endpoint/block,Endpoint/block,False,,50,0.7971466660499573,0.0002533340857105335,0.0002564089186267895,-0.0028533339500427246,175.39234649658204,0.4856466639041901,18.772889212437484,,2.4228459648641136,1.0,,0.000513288186226717,0.0005235130880549409,3.787294602037855,0.49355136648057785,0.48978511612661013,0.6397299971225995
red_team,llama_31_8B_instruct,20.0,dataset_red_team_attack_default_attack_qwen25_14b_instruct_lm_target_llama_31_8B_instruct_judge_llama_guard_20_calibration_upb_unified_aht_v2,0.8,Endpoint/block,Endpoint/block + CRC,True,50.0,50,0.7987133371829986,0.0004303400919845321,0.00042338879134949555,-0.001286662817001405,92.18078689575195,0.2743333345651627,13.498808382473436,,1.6564248338515721,0.96,1.0,0.0005652687091732839,0.0005636977149352023,3.7255554713095442,0.7613018109810334,0.7510919064097404,0.44461150735982297
red_team,llama_31_8B_instruct,20.0,dataset_red_team_attack_default_attack_qwen25_14b_instruct_lm_target_llama_31_8B_instruct_judge_llm-judge_qwen25_14b_instruct_20_calibration_upb_unified_aht_v2,0.8,Endpoint/block,Endpoint/block + CRC,True,50.0,50,0.7982866609096527,0.0004257416126552379,0.00042016231124064536,-0.0017133390903473211,175.52551971435548,0.48830666720867155,12.484337604583336,,4.2262511068695705,1.0,1.0,0.000513288186226717,0.0005235130880549409,3.787294602037855,0.8294397262188103,0.8025822483287195,1.1159023923292166
red_team,llama_31_8B_instruct,20.0,dataset_red_team_attack_default_attack_qwen25_14b_instruct_lm_target_llama_31_8B_instruct_judge_llama_guard_20_calibration_upb_unified_aht_v2,0.8,Endpoint/block,Endpoint/block + CRC,True,100.0,50,0.797073335647583,0.0003948131157298172,0.00039548221764692956,-0.0029266643524170632,91.65670654296875,0.2723666676878929,16.97048741572855,,1.193678275920895,0.84,1.0,0.0005652687091732839,0.0005636977149352023,3.7255554713095442,0.6984520977770711,0.7015856321014015,0.32040276547038327
red_team,llama_31_8B_instruct,20.0,dataset_red_team_attack_default_attack_qwen25_14b_instruct_lm_target_llama_31_8B_instruct_judge_llm-judge_qwen25_14b_instruct_20_calibration_upb_unified_aht_v2,0.8,Endpoint/block,Endpoint/block + CRC,True,100.0,50,0.7988533329963684,0.00033727517275653493,0.00033184451451862186,-0.0011466670036316406,175.63339416503905,0.4892600005865097,15.944737526916667,,3.334861329638512,1.0,1.0,0.000513288186226717,0.0005235130880549409,3.787294602037855,0.657087347433245,0.6338800730876778,0.8805391922360888
red_team,llama_31_8B_instruct,20.0,dataset_red_team_attack_default_attack_qwen25_14b_instruct_lm_target_llama_31_8B_instruct_judge_llama_guard_20_calibration_upb_unified_aht_v2,0.8,Endpoint/block,Endpoint/block + CRC,True,200.0,50,0.7981133377552032,0.0003332543367505716,0.0003301487444415018,-0.0018866622447968329,91.93868011474609,0.2733999994397163,18.339212126719804,,1.0944840483771818,0.84,1.0,0.0005652687091732839,0.0005636977149352023,3.7255554713095442,0.5895502994283238,0.5856840212301602,0.2937774130074803
red_team,llama_31_8B_instruct,20.0,dataset_red_team_attack_default_attack_qwen25_14b_instruct_lm_target_llama_31_8B_instruct_judge_llm-judge_qwen25_14b_instruct_20_calibration_upb_unified_aht_v2,0.8,Endpoint/block,Endpoint/block + CRC,True,200.0,50,0.7986666691303254,0.0003165305729304456,0.00031197773267986417,-0.001333330869674687,175.60521362304686,0.4886800014972687,17.879126877416667,,3.2632455837189536,0.98,1.0,0.000513288186226717,0.0005235130880549409,3.787294602037855,0.6166722348654163,0.59593110429958,0.8616297189986428
red_team,llama_31_8B_instruct,20.0,dataset_red_team_attack_default_attack_qwen25_14b_instruct_lm_target_llama_31_8B_instruct_judge_llama_guard_20_calibration_upb_unified_aht_v2,0.8,Information-gain,Information-gain,False,50.0,50,0.8004866695404053,0.00021974240233234069,0.0002155844015272521,0.0004866695404052157,92.37068664550782,0.274766665995121,20.733677675880834,,0.9664998409824413,0.5,,0.0005652687091732839,0.0005636977149352023,3.7255554713095442,0.38873972460587475,0.38244682533799834,0.25942435924668
red_team,llama_31_8B_instruct,20.0,dataset_red_team_attack_default_attack_qwen25_14b_instruct_lm_target_llama_31_8B_instruct_judge_llm-judge_qwen25_14b_instruct_20_calibration_upb_unified_aht_v2,0.8,Information-gain,Information-gain,False,50.0,50,0.8004800033569336,0.00032581935740880425,0.00031953337348329566,0.0004800033569335449,175.82120727539063,0.491986665725708,18.80783049435878,,3.7380655000553156,0.8,,0.000513288186226717,0.0005235130880549409,3.787294602037855,0.6347688611420551,0.6103636771918904,0.9870015123840511
red_team,llama_31_8B_instruct,20.0,dataset_red_team_attack_default_attack_qwen25_14b_instruct_lm_target_llama_31_8B_instruct_judge_llama_guard_20_calibration_upb_unified_aht_v2,0.8,Information-gain,Information-gain,False,100.0,50,0.8005333316326141,0.00020785932456365884,0.0002039865807027325,0.0005333316326140425,92.42059341430664,0.27497999995946887,20.27445903585076,,0.9116915700548022,0.46,,0.0005652687091732839,0.0005636977149352023,3.7255554713095442,0.36771772643785117,0.3618722859754381,0.24471292323405933
red_team,llama_31_8B_instruct,20.0,dataset_red_team_attack_default_attack_qwen25_14b_instruct_lm_target_llama_31_8B_instruct_judge_llm-judge_qwen25_14b_instruct_20_calibration_upb_unified_aht_v2,0.8,Information-gain,Information-gain,False,100.0,50,0.799773336648941,0.00035520837347478287,0.0003481555822800005,-0.00022666335105903102,175.70263916015625,0.490526664853096,19.226776981878903,,3.7280344178064913,0.68,,0.000513288186226717,0.0005235130880549409,3.787294602037855,0.6920252267756052,0.6650370166933873,0.9843528981876728
red_team,llama_31_8B_instruct,20.0,dataset_red_team_attack_default_attack_qwen25_14b_instruct_lm_target_llama_31_8B_instruct_judge_llama_guard_20_calibration_upb_unified_aht_v2,0.8,Information-gain,Information-gain,False,200.0,50,0.8006466686725616,0.00021831935285133972,0.00021437114616638546,0.0006466686725615789,92.39450057983399,0.2751600015163422,20.117926118335777,,0.9177878056313028,0.5,,0.0005652687091732839,0.0005636977149352023,3.7255554713095442,0.38622225024738394,0.38029450978176776,0.2463492525340651
red_team,llama_31_8B_instruct,20.0,dataset_red_team_attack_default_attack_qwen25_14b_instruct_lm_target_llama_31_8B_instruct_judge_llm-judge_qwen25_14b_instruct_20_calibration_upb_unified_aht_v2,0.8,Information-gain,Information-gain,False,200.0,50,0.7992600011825561,0.0004180331851977353,0.00041022011974359887,-0.0007399988174439098,175.60574005126952,0.48887333512306214,19.86493577196691,,4.22076350319109,0.6,,0.000513288186226717,0.0005235130880549409,3.787294602037855,0.8144219883001399,0.7835909533183393,1.1144534414935654
red_team,llama_31_8B_instruct,20.0,dataset_red_team_attack_default_attack_qwen25_14b_instruct_lm_target_llama_31_8B_instruct_judge_llama_guard_20_calibration_upb_unified_aht_v2,0.8,Information-gain,Information-gain + CRC,True,50.0,50,0.8001466691493988,0.0002935698131137807,0.0002877199286908905,0.0001466691493987593,92.34945999145508,0.27485999912023545,13.398810244885526,,1.8502527754293059,0.98,1.0,0.0005652687091732839,0.0005636977149352023,3.7255554713095442,0.5193455932544578,0.5104152829925241,0.49663809589686136
red_team,llama_31_8B_instruct,20.0,dataset_red_team_attack_default_attack_qwen25_14b_instruct_lm_target_llama_31_8B_instruct_judge_llm-judge_qwen25_14b_instruct_20_calibration_upb_unified_aht_v2,0.8,Information-gain,Information-gain + CRC,True,50.0,50,0.7971333312988281,0.0006678910928197275,0.0006627510604056116,-0.002866668701171915,175.29597290039064,0.4857533317804337,12.461333883675831,,6.9274389053989305,1.0,1.0,0.000513288186226717,0.0005235130880549409,3.787294602037855,1.301200983660908,1.2659684648343654,1.8291259680911638
red_team,llama_31_8B_instruct,20.0,dataset_red_team_attack_default_attack_qwen25_14b_instruct_lm_target_llama_31_8B_instruct_judge_llama_guard_20_calibration_upb_unified_aht_v2,0.8,Information-gain,Information-gain + CRC,True,100.0,50,0.8000533366203308,0.00025664561281484087,0.00025151554535361243,5.3336620330801665e-05,92.33880004882812,0.2746133342385292,16.407541328909154,,1.3960251626508577,0.88,1.0,0.0005652687091732839,0.0005636977149352023,3.7255554713095442,0.45402409270131,0.44618869065758837,0.37471597816798863
red_team,llama_31_8B_instruct,20.0,dataset_red_team_attack_default_attack_qwen25_14b_instruct_lm_target_llama_31_8B_instruct_judge_llm-judge_qwen25_14b_instruct_20_calibration_upb_unified_aht_v2,0.8,Information-gain,Information-gain + CRC,True,100.0,50,0.8008133327960968,0.0005818738410366064,0.000570897874453081,0.000813332796096744,175.78098022460938,0.4921533328294754,16.511759683950356,,4.898032484971232,1.0,1.0,0.000513288186226717,0.0005235130880549409,3.787294602037855,1.1336201702090127,1.0905130883626872,1.2932800322255666
red_team,llama_31_8B_instruct,20.0,dataset_red_team_attack_default_attack_qwen25_14b_instruct_lm_target_llama_31_8B_instruct_judge_llama_guard_20_calibration_upb_unified_aht_v2,0.8,Information-gain,Information-gain + CRC,True,200.0,50,0.8012933361530304,0.00019066498759837968,0.00018852440625114744,0.0012933361530304,92.64453323364258,0.2757399988174438,18.200077449789678,,1.1867705792229981,0.88,1.0,0.0005652687091732839,0.0005636977149352023,3.7255554713095442,0.33729973816741216,0.3344423815392236,0.31854862673829537
red_team,llama_31_8B_instruct,20.0,dataset_red_team_attack_default_attack_qwen25_14b_instruct_lm_target_llama_31_8B_instruct_judge_llm-judge_qwen25_14b_instruct_20_calibration_upb_unified_aht_v2,0.8,Information-gain,Information-gain + CRC,True,200.0,50,0.7982466685771942,0.000518434531848777,0.0005111400122899994,-0.0017533314228058705,175.46225982666016,0.4873266679048538,18.337852600660923,,5.207832048447812,0.98,1.0,0.000513288186226717,0.0005235130880549409,3.787294602037855,1.0100262304104284,0.9763652981228943,1.3750797325472381
red_team,llama_31_8B_instruct,20.0,dataset_red_team_attack_default_attack_qwen25_14b_instruct_lm_target_llama_31_8B_instruct_judge_llama_guard_20_calibration_upb_unified_aht_v2,0.8,Oracle,Oracle,False,,50,0.7999000012874603,0.0001225182201740887,0.00012007785551311658,-9.999871253973946e-05,91.9530532836914,0.2733133327960968,67.82929333333334,,,,,0.0005652687091732839,0.0005636977149352023,3.7255554713095442,0.21674332611347605,0.21301816972403312,
red_team,llama_31_8B_instruct,20.0,dataset_red_team_attack_default_attack_qwen25_14b_instruct_lm_target_llama_31_8B_instruct_judge_llm-judge_qwen25_14b_instruct_20_calibration_upb_unified_aht_v2,0.8,Oracle,Oracle,False,,50,0.7992533314228057,0.00010240165278382854,0.00010091113369232126,-0.0007466685771942982,175.77213256835938,0.49032666683197024,127.67386666666667,,,,,0.000513288186226717,0.0005235130880549409,3.787294602037855,0.19950128510964443,0.19275761388745066,
red_team,llama_31_8B_instruct,20.0,dataset_red_team_attack_default_attack_qwen25_14b_instruct_lm_target_llama_31_8B_instruct_judge_llama_guard_20_calibration_upb_unified_aht_v2,0.8,Residual,Residual,False,50.0,50,0.798953331708908,0.0003632471041109122,0.0003570776765402714,-0.0010466682910920122,92.13387313842773,0.2737999996542931,20.385281636329797,,2.156136448253325,0.58,,0.0005652687091732839,0.0005636977149352023,3.7255554713095442,0.6426096088746323,0.6334559588933545,0.5787422747715623
red_team,llama_31_8B_instruct,20.0,dataset_red_team_attack_default_attack_qwen25_14b_instruct_lm_target_llama_31_8B_instruct_judge_llm-judge_qwen25_14b_instruct_20_calibration_upb_unified_aht_v2,0.8,Residual,Residual,False,50.0,50,0.7982466650009156,0.0009474546869671891,0.00093157977684686,-0.001753334999084477,175.41603271484374,0.4884800010919571,18.70104349349994,,6.00581658312627,0.8,,0.000513288186226717,0.0005235130880549409,3.787294602037855,1.8458532894203468,1.779477529985065,1.5857801449865243
red_team,llama_31_8B_instruct,20.0,dataset_red_team_attack_default_attack_qwen25_14b_instruct_lm_target_llama_31_8B_instruct_judge_llama_guard_20_calibration_upb_unified_aht_v2,0.8,Residual,Residual,False,100.0,50,0.7968866670131683,0.00027926815658781855,0.00028337563574295675,-0.003113332986831696,91.49527359008789,0.2715333327651024,19.951934240926196,,1.8976796894171215,0.62,,0.0005652687091732839,0.0005636977149352023,3.7255554713095442,0.494044959602051,0.502708505347642,0.5093682550242854
red_team,llama_31_8B_instruct,20.0,dataset_red_team_attack_default_attack_qwen25_14b_instruct_lm_target_llama_31_8B_instruct_judge_llm-judge_qwen25_14b_instruct_20_calibration_upb_unified_aht_v2,0.8,Residual,Residual,False,100.0,50,0.7996933364868164,0.0003069063135576552,0.0003008622297968202,-0.00030666351318364704,175.70858612060547,0.4903200000524521,19.181533527639573,,4.758766486626474,0.66,,0.000513288186226717,0.0005235130880549409,3.787294602037855,0.5979220285855091,0.5746985828274951,1.2565081375148088
red_team,llama_31_8B_instruct,20.0,dataset_red_team_attack_default_attack_qwen25_14b_instruct_lm_target_llama_31_8B_instruct_judge_llama_guard_20_calibration_upb_unified_aht_v2,0.8,Residual,Residual,False,200.0,50,0.798566666841507,0.00035430491825165516,0.00034927326382985774,-0.0014333331584930331,91.97806686401367,0.27330666571855544,20.095720603257377,,1.6140266578967706,0.52,,0.0005652687091732839,0.0005636977149352023,3.7255554713095442,0.6267902547972853,0.6196109272325276,0.4332311437385296
red_team,llama_31_8B_instruct,20.0,dataset_red_team_attack_default_attack_qwen25_14b_instruct_lm_target_llama_31_8B_instruct_judge_llm-judge_qwen25_14b_instruct_20_calibration_upb_unified_aht_v2,0.8,Residual,Residual,False,200.0,50,0.8002333331108094,0.0003096473550755902,0.0003035088523146783,0.0002333331108093084,175.76919860839843,0.49132666528224944,19.8603030073325,,4.54172302861846,0.62,,0.000513288186226717,0.0005235130880549409,3.787294602037855,0.6032621895155413,0.5797540868411413,1.1991998262228305
red_team,llama_31_8B_instruct,20.0,dataset_red_team_attack_default_attack_qwen25_14b_instruct_lm_target_llama_31_8B_instruct_judge_llama_guard_20_calibration_upb_unified_aht_v2,0.8,Residual,Residual + CRC,True,50.0,50,0.7944133341312408,0.0006274720035843005,0.0006461333990417734,-0.005586665868759222,91.32610000610352,0.27064666748046873,13.565774592500098,,3.5975749068988296,0.96,1.0,0.0005652687091732839,0.0005636977149352023,3.7255554713095442,1.1100419913601625,1.1462409407071077,0.9656479240756737
red_team,llama_31_8B_instruct,20.0,dataset_red_team_attack_default_attack_qwen25_14b_instruct_lm_target_llama_31_8B_instruct_judge_llm-judge_qwen25_14b_instruct_20_calibration_upb_unified_aht_v2,0.8,Residual,Residual + CRC,True,50.0,50,0.7908799982070923,0.0017904159786968717,0.0018377820918255743,-0.009120001792907728,174.29741333007811,0.47586666941642763,12.453966991871733,,9.652186386619679,1.0,1.0,0.000513288186226717,0.0005235130880549409,3.787294602037855,3.4881301123615835,3.5104797449356324,2.54857025947389
red_team,llama_31_8B_instruct,20.0,dataset_red_team_attack_default_attack_qwen25_14b_instruct_lm_target_llama_31_8B_instruct_judge_llama_guard_20_calibration_upb_unified_aht_v2,0.8,Residual,Residual + CRC,True,100.0,50,0.7991066658496857,0.0003694395315431452,0.0003628487868164002,-0.0008933341503143399,92.24413299560547,0.274233330488205,16.50164743254399,,2.626717452369157,0.88,1.0,0.0005652687091732839,0.0005636977149352023,3.7255554713095442,0.6535644473996403,0.6436939111206261,0.7050539101074927
red_team,llama_31_8B_instruct,20.0,dataset_red_team_attack_default_attack_qwen25_14b_instruct_lm_target_llama_31_8B_instruct_judge_llm-judge_qwen25_14b_instruct_20_calibration_upb_unified_aht_v2,0.8,Residual,Residual + CRC,True,100.0,50,0.7956266665458679,0.0013116764157588502,0.0013045689329447044,-0.004373333454132156,175.0222329711914,0.484166664481163,16.49123583557772,,7.335590403277905,1.0,1.0,0.000513288186226717,0.0005235130880549409,3.787294602037855,2.5554385449648533,2.491950942032216,1.9368945841527077
red_team,llama_31_8B_instruct,20.0,dataset_red_team_attack_default_attack_qwen25_14b_instruct_lm_target_llama_31_8B_instruct_judge_llama_guard_20_calibration_upb_unified_aht_v2,0.8,Residual,Residual + CRC,True,200.0,50,0.7967333281040192,0.0002925624389607803,0.00029738233545755605,-0.003266671895980844,91.45721374511719,0.2716733315587044,18.3158802240697,,2.0962007348510285,0.9,1.0,0.0005652687091732839,0.0005636977149352023,3.7255554713095442,0.5175634777107304,0.5275563969453743,0.5626545493668914
red_team,llama_31_8B_instruct,20.0,dataset_red_team_attack_default_attack_qwen25_14b_instruct_lm_target_llama_31_8B_instruct_judge_llm-judge_qwen25_14b_instruct_20_calibration_upb_unified_aht_v2,0.8,Residual,Residual + CRC,True,200.0,50,0.8001399981975555,0.0004479687269798617,0.0004390289519355832,0.00013999819755550202,175.73250610351562,0.4907933294773102,18.33658670294516,,6.321882652086304,0.98,1.0,0.000513288186226717,0.0005235130880549409,3.787294602037855,0.8727431080636562,0.8386207755889163,1.6692344579385627
red_team,llama_31_8B_instruct,20.0,dataset_red_team_attack_default_attack_qwen25_14b_instruct_lm_target_llama_31_8B_instruct_judge_llama_guard_20_calibration_upb_unified_aht_v2,0.8,Soft-prefix,Soft-prefix,False,50.0,50,0.7973066687583923,0.0002770967594770759,0.00027880885746455446,-0.002693331241607755,91.53782669067382,0.2718733349442482,19.91289887500919,,1.381208383217195,0.6,,0.0005652687091732839,0.0005636977149352023,3.7255554713095442,0.49020360579012967,0.4946070386263741,0.370738912318945
red_team,llama_31_8B_instruct,20.0,dataset_red_team_attack_default_attack_qwen25_14b_instruct_lm_target_llama_31_8B_instruct_judge_llm-judge_qwen25_14b_instruct_20_calibration_upb_unified_aht_v2,0.8,Soft-prefix,Soft-prefix,False,50.0,50,0.7974199998378754,0.00038325083540688865,0.00038224221953531444,-0.0025800001621246738,175.3837127685547,0.48618666708469394,18.66014299123541,,3.5091666900629006,0.78,,0.000513288186226717,0.0005235130880549409,3.787294602037855,0.7466582042813831,0.7301483539895748,0.9265629053981436
red_team,llama_31_8B_instruct,20.0,dataset_red_team_attack_default_attack_qwen25_14b_instruct_lm_target_llama_31_8B_instruct_judge_llama_guard_20_calibration_upb_unified_aht_v2,0.8,Soft-prefix,Soft-prefix,False,100.0,50,0.7979333353042602,0.00025260317936967136,0.00025182221874689523,-0.002066664695739795,91.71515991210937,0.2724733340740204,19.890332918145774,,1.255757539754684,0.6,,0.0005652687091732839,0.0005636977149352023,3.7255554713095442,0.44687274436101065,0.4467327293952974,0.33706585485715007
red_team,llama_31_8B_instruct,20.0,dataset_red_team_attack_default_attack_qwen25_14b_instruct_lm_target_llama_31_8B_instruct_judge_llm-judge_qwen25_14b_instruct_20_calibration_upb_unified_aht_v2,0.8,Soft-prefix,Soft-prefix,False,100.0,50,0.8007933366298675,0.0002993510114153992,0.00029399337419538083,0.0007933366298674693,175.86351959228514,0.49209999799728393,19.095137220360822,,3.2174111348796,0.68,,0.000513288186226717,0.0005235130880549409,3.787294602037855,0.5832026129726221,0.5615778877423734,0.8495275580485305
red_team,llama_31_8B_instruct,20.0,dataset_red_team_attack_default_attack_qwen25_14b_instruct_lm_target_llama_31_8B_instruct_judge_llama_guard_20_calibration_upb_unified_aht_v2,0.8,Soft-prefix,Soft-prefix,False,200.0,50,0.7996399998664856,0.0001813280950133032,0.00017783113320916759,-0.0003600001335144487,92.02868041992187,0.27357333421707153,19.969165381990344,,1.0959432479535034,0.52,,0.0005652687091732839,0.0005636977149352023,3.7255554713095442,0.32078212020350283,0.31547251035000107,0.2941690860311566
red_team,llama_31_8B_instruct,20.0,dataset_red_team_attack_default_attack_qwen25_14b_instruct_lm_target_llama_31_8B_instruct_judge_llm-judge_qwen25_14b_instruct_20_calibration_upb_unified_aht_v2,0.8,Soft-prefix,Soft-prefix,False,200.0,50,0.7993466699123383,0.0002990837172537043,0.00029352888311207445,-0.0006533300876617743,175.71057312011717,0.4900533294677734,19.844244602283506,,3.7011245895809957,0.54,,0.000513288186226717,0.0005235130880549409,3.787294602037855,0.5826818642609484,0.5606906299184435,0.9772476077222794
red_team,llama_31_8B_instruct,20.0,dataset_red_team_attack_default_attack_qwen25_14b_instruct_lm_target_llama_31_8B_instruct_judge_llama_guard_20_calibration_upb_unified_aht_v2,0.8,Soft-prefix,Soft-prefix + CRC,True,50.0,50,0.7972199964523315,0.00043059692757020554,0.00042971340874385096,-0.002780003547668497,91.78982681274414,0.27230666726827624,13.588257990546674,,2.422451998925236,0.96,1.0,0.0005652687091732839,0.0005636977149352023,3.7255554713095442,0.7617561711490481,0.7623117805138646,0.6502257227359808
red_team,llama_31_8B_instruct,20.0,dataset_red_team_attack_default_attack_qwen25_14b_instruct_lm_target_llama_31_8B_instruct_judge_llm-judge_qwen25_14b_instruct_20_calibration_upb_unified_aht_v2,0.8,Soft-prefix,Soft-prefix + CRC,True,50.0,50,0.7964999997615814,0.0004445815407276197,0.00044793991158199767,-0.003500000238418677,175.27789276123048,0.484753332734108,12.35597469171887,,6.0511301167038605,1.0,1.0,0.000513288186226717,0.0005235130880549409,3.787294602037855,0.8661441129121372,0.8556422404763029,1.5977447630949777
red_team,llama_31_8B_instruct,20.0,dataset_red_team_attack_default_attack_qwen25_14b_instruct_lm_target_llama_31_8B_instruct_judge_llama_guard_20_calibration_upb_unified_aht_v2,0.8,Soft-prefix,Soft-prefix + CRC,True,100.0,50,0.7977066683769226,0.0003959484946556922,0.0003932888946959852,-0.0022933316230774325,91.80438705444335,0.272739999294281,16.667927306082486,,1.7669076281859497,0.88,1.0,0.0005652687091732839,0.0005636977149352023,3.7255554713095442,0.7004606627435195,0.6976946761992714,0.474266895713373
red_team,llama_31_8B_instruct,20.0,dataset_red_team_attack_default_attack_qwen25_14b_instruct_lm_target_llama_31_8B_instruct_judge_llm-judge_qwen25_14b_instruct_20_calibration_upb_unified_aht_v2,0.8,Soft-prefix,Soft-prefix + CRC,True,100.0,50,0.7990133321285248,0.0004829568006710443,0.00047427117814622494,-0.0009866678714752775,175.59662017822265,0.4893266671895981,16.463345395207583,,4.479706825423545,0.98,1.0,0.000513288186226717,0.0005235130880549409,3.787294602037855,0.9409076881768025,0.905939486457408,1.1828250231743576
red_team,llama_31_8B_instruct,20.0,dataset_red_team_attack_default_attack_qwen25_14b_instruct_lm_target_llama_31_8B_instruct_judge_llama_guard_20_calibration_upb_unified_aht_v2,0.8,Soft-prefix,Soft-prefix + CRC,True,200.0,50,0.7963133358955383,0.0003251992138082268,0.00033228672175118876,-0.003686664104461723,91.38460693359374,0.27121999889612197,18.27246698947196,,1.5989787385249858,0.82,1.0,0.0005652687091732839,0.0005636977149352023,3.7255554713095442,0.5753002218782581,0.58947679393979,0.4291920361510387
red_team,llama_31_8B_instruct,20.0,dataset_red_team_attack_default_attack_qwen25_14b_instruct_lm_target_llama_31_8B_instruct_judge_llm-judge_qwen25_14b_instruct_20_calibration_upb_unified_aht_v2,0.8,Soft-prefix,Soft-prefix + CRC,True,200.0,50,0.8013199996948243,0.00037801335279035174,0.00037219548492888055,0.0013199996948242143,175.95498016357422,0.4935066658258438,18.344921134977902,,4.516778378685864,0.98,1.0,0.000513288186226717,0.0005235130880549409,3.787294602037855,0.7364544186555367,0.7109573636673242,1.1926134228521572
red_team,llama_31_8B_instruct,20.0,dataset_red_team_attack_default_attack_qwen25_14b_instruct_lm_target_llama_31_8B_instruct_judge_llama_guard_20_calibration_upb_unified_aht_v2,0.8,Static,Static,False,,50,0.7968800032138824,0.0005652687091732839,0.0005636977149352023,-0.003119996786117629,91.93843963623047,0.2732133322954178,7.339020534720471,,3.7255554713095442,1.0,,0.0005652687091732839,0.0005636977149352023,3.7255554713095442,1.0,1.0,1.0
red_team,llama_31_8B_instruct,20.0,dataset_red_team_attack_default_attack_qwen25_14b_instruct_lm_target_llama_31_8B_instruct_judge_llm-judge_qwen25_14b_instruct_20_calibration_upb_unified_aht_v2,0.8,Static,Static,False,,50,0.7954733383655548,0.000513288186226717,0.0005235130880549409,-0.0045266616344452615,175.0787139892578,0.4823066657781601,12.767386856915552,,3.787294602037855,1.0,,0.000513288186226717,0.0005235130880549409,3.787294602037855,1.0,1.0,1.0
red_team,llama_31_8B_instruct,20.0,dataset_red_team_attack_default_attack_qwen25_14b_instruct_lm_target_llama_31_8B_instruct_judge_llama_guard_20_calibration_upb_unified_aht_v2,0.9,Endpoint/block,Endpoint/block,False,,50,0.900066670179367,0.0001361859638234609,0.00013346668945980847,6.667017936701214e-05,123.95500656127929,0.40109333395957947,20.422766963559862,,0.3666621582507348,0.08,,0.0003317824529339798,0.00032601791555013886,2.1157850945512022,0.4104676501700349,0.4093845248798372,0.17329839367665587
red_team,llama_31_8B_instruct,20.0,dataset_red_team_attack_default_attack_qwen25_14b_instruct_lm_target_llama_31_8B_instruct_judge_llm-judge_qwen25_14b_instruct_20_calibration_upb_unified_aht_v2,0.9,Endpoint/block,Endpoint/block,False,,50,0.8964400017261505,0.00022557569590342445,0.00023373776969516744,-0.003559998273849563,188.70051330566406,0.6840333342552185,18.772889212437484,,1.3625296065123789,1.0,,0.000274968552210988,0.00027616001161602836,2.095436431204846,0.8203690716250942,0.8463852833992322,0.6502366696607178
red_team,llama_31_8B_instruct,20.0,dataset_red_team_attack_default_attack_qwen25_14b_instruct_lm_target_llama_31_8B_instruct_judge_llama_guard_20_calibration_upb_unified_aht_v2,0.9,Endpoint/block,Endpoint/block + CRC,True,50.0,50,0.8999733328819275,0.0001876229078104306,0.00018387116078940824,-2.666711807253197e-05,124.02026062011718,0.4009266674518585,13.61915318291954,,0.7967056038958369,0.94,1.0,0.0003317824529339798,0.00032601791555013886,2.1157850945512022,0.5654997910566566,0.5639909711070169,0.3765531792182481
red_team,llama_31_8B_instruct,20.0,dataset_red_team_attack_default_attack_qwen25_14b_instruct_lm_target_llama_31_8B_instruct_judge_llm-judge_qwen25_14b_instruct_20_calibration_upb_unified_aht_v2,0.9,Endpoint/block,Endpoint/block + CRC,True,50.0,50,0.8954400002956391,0.0004015892421918248,0.0004143510546517605,-0.00455999970436094,188.54258026123046,0.6817066669464111,12.484337604583336,,2.4081429760203883,1.0,1.0,0.000274968552210988,0.00027616001161602836,2.095436431204846,1.4604915324414214,1.5004020756918,1.1492321791101725
red_team,llama_31_8B_instruct,20.0,dataset_red_team_attack_default_attack_qwen25_14b_instruct_lm_target_llama_31_8B_instruct_judge_llama_guard_20_calibration_upb_unified_aht_v2,0.9,Endpoint/block,Endpoint/block + CRC,True,100.0,50,0.899266664981842,0.0001575827660878021,0.00015496889101490282,-0.0007333350181579767,123.66484008789062,0.39981999814510344,17.11664364202004,,0.5598135238950417,0.8,1.0,0.0003317824529339798,0.00032601791555013886,2.1157850945512022,0.474958107923685,0.4753385738124256,0.26458902907329
red_team,llama_31_8B_instruct,20.0,dataset_red_team_attack_default_attack_qwen25_14b_instruct_lm_target_llama_31_8B_instruct_judge_llm-judge_qwen25_14b_instruct_20_calibration_upb_unified_aht_v2,0.9,Endpoint/block,Endpoint/block + CRC,True,100.0,50,0.8969333350658417,0.0002765077926893912,0.0002803820706539996,-0.003066664934158303,188.7853338623047,0.6857799994945526,15.944737526916667,,1.8722987869518255,1.0,1.0,0.000274968552210988,0.00027616001161602836,2.095436431204846,1.0055978782519905,1.01528845184089,0.8935125681074851
red_team,llama_31_8B_instruct,20.0,dataset_red_team_attack_default_attack_qwen25_14b_instruct_lm_target_llama_31_8B_instruct_judge_llama_guard_20_calibration_upb_unified_aht_v2,0.9,Endpoint/block,Endpoint/block + CRC,True,200.0,50,0.899720002412796,0.00012835996899082492,0.00012587116825984847,-0.00027999758720398393,123.80164749145507,0.40049333035945894,18.416251574391964,,0.5101901694667238,0.8,1.0,0.0003317824529339798,0.00032601791555013886,2.1157850945512022,0.386879920428965,0.3860866604445562,0.24113515629759397
red_team,llama_31_8B_instruct,20.0,dataset_red_team_attack_default_attack_qwen25_14b_instruct_lm_target_llama_31_8B_instruct_judge_llm-judge_qwen25_14b_instruct_20_calibration_upb_unified_aht_v2,0.9,Endpoint/block,Endpoint/block + CRC,True,200.0,50,0.896760002374649,0.00026120649558790637,0.00026647995028842805,-0.0032399976253509877,188.74236633300782,0.6848066639900208,17.879126877416667,,1.8390020639393632,0.98,1.0,0.000274968552210988,0.00027616001161602836,2.095436431204846,0.9499504342863115,0.9649476357168633,0.8776224544697657
red_team,llama_31_8B_instruct,20.0,dataset_red_team_attack_default_attack_qwen25_14b_instruct_lm_target_llama_31_8B_instruct_judge_llama_guard_20_calibration_upb_unified_aht_v2,0.9,Information-gain,Information-gain,False,50.0,50,0.9007200014591217,0.00013074098040879333,0.0001286445629017548,0.0007200014591216553,124.24613311767578,0.40203999876976015,20.473944559595065,,0.3922723879881271,0.48,,0.0003317824529339798,0.00032601791555013886,2.1157850945512022,0.39405634400686346,0.3945935384706499,0.1854027561676038
red_team,llama_31_8B_instruct,20.0,dataset_red_team_attack_default_attack_qwen25_14b_instruct_lm_target_llama_31_8B_instruct_judge_llm-judge_qwen25_14b_instruct_20_calibration_upb_unified_aht_v2,0.9,Information-gain,Information-gain,False,50.0,50,0.8996333336830139,0.00026172442493984787,0.0002566243806290631,-0.0003666663169861195,189.12460662841798,0.690880001783371,19.71742679846139,,2.093951474688922,0.68,,0.000274968552210988,0.00027616001161602836,2.095436431204846,0.9518340291475308,0.9292597401316469,0.9992913378359706
red_team,llama_31_8B_instruct,20.0,dataset_red_team_attack_default_attack_qwen25_14b_instruct_lm_target_llama_31_8B_instruct_judge_llama_guard_20_calibration_upb_unified_aht_v2,0.9,Information-gain,Information-gain,False,100.0,50,0.8990733301639557,8.752070156091753e-05,8.662900451473364e-05,-0.0009266698360442804,123.45561279296875,0.3997466671466827,20.27103539894291,,0.35075473649921945,0.5,,0.0003317824529339798,0.00032601791555013886,2.1157850945512022,0.26378942221616813,0.2657185399414371,0.1657799449492866
red_team,llama_31_8B_instruct,20.0,dataset_red_team_attack_default_attack_qwen25_14b_instruct_lm_target_llama_31_8B_instruct_judge_llm-judge_qwen25_14b_instruct_20_calibration_upb_unified_aht_v2,0.9,Information-gain,Information-gain,False,100.0,50,0.9001866698265075,0.00023504837435085922,0.00023038225248797026,0.00018666982650750175,189.21835998535155,0.6923000013828278,19.840642110763884,,2.0547285082007596,0.54,,0.000274968552210988,0.00027616001161602836,2.095436431204846,0.8548191146255251,0.834234656711605,0.980573057527362
red_team,llama_31_8B_instruct,20.0,dataset_red_team_attack_default_attack_qwen25_14b_instruct_lm_target_llama_31_8B_instruct_judge_llama_guard_20_calibration_upb_unified_aht_v2,0.9,Information-gain,Information-gain,False,200.0,50,0.9002799987792969,0.00011851411738670291,0.00011622223435537658,0.0002799987792968528,123.94143325805663,0.4011533313989639,20.067933332797402,,0.3471971166106793,0.48,,0.0003317824529339798,0.00032601791555013886,2.1157850945512022,0.35720429558185707,0.3564903301686884,0.16409847933271612
red_team,llama_31_8B_instruct,20.0,dataset_red_team_attack_default_attack_qwen25_14b_instruct_lm_target_llama_31_8B_instruct_judge_llm-judge_qwen25_14b_instruct_20_calibration_upb_unified_aht_v2,0.9,Information-gain,Information-gain,False,200.0,50,0.8976666712760926,0.0004250928576228415,0.0004220354234041965,-0.0023333287239074574,188.8398001098633,0.686966667175293,19.955865946474567,,2.440945713121728,0.54,,0.000274968552210988,0.00027616001161602836,2.095436431204846,1.5459689997445987,1.528227859401283,1.1648865490604356
red_team,llama_31_8B_instruct,20.0,dataset_red_team_attack_default_attack_qwen25_14b_instruct_lm_target_llama_31_8B_instruct_judge_llama_guard_20_calibration_upb_unified_aht_v2,0.9,Information-gain,Information-gain + CRC,True,50.0,50,0.9014266681671143,0.0001713471154130273,0.00016995555516382383,0.0014266681671142312,124.58743957519532,0.4033666682243347,13.650135495799264,,0.9892483482867146,0.94,1.0,0.0003317824529339798,0.00032601791555013886,2.1157850945512022,0.5164441756873835,0.5213074099839954,0.4675561572081841
red_team,llama_31_8B_instruct,20.0,dataset_red_team_attack_default_attack_qwen25_14b_instruct_lm_target_llama_31_8B_instruct_judge_llm-judge_qwen25_14b_instruct_20_calibration_upb_unified_aht_v2,0.9,Information-gain,Information-gain + CRC,True,50.0,50,0.9023866665363312,0.00048005596085505943,0.00047615101879360135,0.002386666536331128,189.43195343017578,0.6972666656970978,12.662389889262101,,4.378605230614504,1.0,1.0,0.000274968552210988,0.00027616001161602836,2.095436431204846,1.7458576880701049,1.7241852504541446,2.08959105864971
red_team,llama_31_8B_instruct,20.0,dataset_red_team_attack_default_attack_qwen25_14b_instruct_lm_target_llama_31_8B_instruct_judge_llama_guard_20_calibration_upb_unified_aht_v2,0.9,Information-gain,Information-gain + CRC,True,100.0,50,0.9007733380794525,0.00014988406800954857,0.00014748443843448888,0.0007733380794524569,124.37456024169921,0.4025,16.712736145500376,,0.5759604083813711,0.9,1.0,0.0003317824529339798,0.00032601791555013886,2.1157850945512022,0.45175405354958137,0.45238139194165544,0.2722206569394247
red_team,llama_31_8B_instruct,20.0,dataset_red_team_attack_default_attack_qwen25_14b_instruct_lm_target_llama_31_8B_instruct_judge_llm-judge_qwen25_14b_instruct_20_calibration_upb_unified_aht_v2,0.9,Information-gain,Information-gain + CRC,True,100.0,50,0.8991133320331574,0.0002958802823477781,0.00029074885678424746,-0.0008866679668426691,189.0681002807617,0.6901600050926209,16.4206886990714,,2.943737386883448,1.0,1.0,0.000274968552210988,0.00027616001161602836,2.095436431204846,1.076051351940582,1.052827507801902,1.4048325890711184
red_team,llama_31_8B_instruct,20.0,dataset_red_team_attack_default_attack_qwen25_14b_instruct_lm_target_llama_31_8B_instruct_judge_llama_guard_20_calibration_upb_unified_aht_v2,0.9,Information-gain,Information-gain + CRC,True,200.0,50,0.9002733337879181,0.00010261091747581069,0.0001006334104859121,0.00027333378791805085,124.00259963989258,0.4015333300828934,18.107958341099653,,0.4694755620570443,0.82,1.0,0.0003317824529339798,0.00032601791555013886,2.1157850945512022,0.30927168259928706,0.3086744797938429,0.22189189406149443
red_team,llama_31_8B_instruct,20.0,dataset_red_team_attack_default_attack_qwen25_14b_instruct_lm_target_llama_31_8B_instruct_judge_llm-judge_qwen25_14b_instruct_20_calibration_upb_unified_aht_v2,0.9,Information-gain,Information-gain + CRC,True,200.0,50,0.8998866653442383,0.00038085088216994746,0.0003732467092707452,-0.00011333465576168766,189.10529998779296,0.6910599994659424,18.264451672004135,,3.048646695029525,1.0,1.0,0.000274968552210988,0.00027616001161602836,2.095436431204846,1.38507068938456,1.351559579848605,1.4548982014580116
red_team,llama_31_8B_instruct,20.0,dataset_red_team_attack_default_attack_qwen25_14b_instruct_lm_target_llama_31_8B_instruct_judge_llama_guard_20_calibration_upb_unified_aht_v2,0.9,Oracle,Oracle,False,,50,0.8990799975395203,9.336312062185588e-05,9.234226273670758e-05,-0.0009200024604797408,123.43962646484376,0.39966000020504,67.82929333333334,,,,,0.0003317824529339798,0.00032601791555013886,2.1157850945512022,0.2813986086251339,0.2832429088471554,
red_team,llama_31_8B_instruct,20.0,dataset_red_team_attack_default_attack_qwen25_14b_instruct_lm_target_llama_31_8B_instruct_judge_llm-judge_qwen25_14b_instruct_20_calibration_upb_unified_aht_v2,0.9,Oracle,Oracle,False,,50,0.8989333355426788,5.878007645106716e-05,5.874224798655812e-05,-0.0010666644573211759,189.06968017578126,0.6900666630268097,127.67386666666667,,,,,0.000274968552210988,0.00027616001161602836,2.095436431204846,0.2137701783655762,0.21271091220923427,
red_team,llama_31_8B_instruct,20.0,dataset_red_team_attack_default_attack_qwen25_14b_instruct_lm_target_llama_31_8B_instruct_judge_llama_guard_20_calibration_upb_unified_aht_v2,0.9,Residual,Residual,False,50.0,50,0.9005266690254211,0.00014797777732428335,0.00014529560204013566,0.0005266690254210893,124.22501998901367,0.40229333519935606,20.136163071573677,,0.9560438757277783,0.56,,0.0003317824529339798,0.00032601791555013886,2.1157850945512022,0.44600844925855354,0.4456675388374183,0.45186246854176515
red_team,llama_31_8B_instruct,20.0,dataset_red_team_attack_default_attack_qwen25_14b_instruct_lm_target_llama_31_8B_instruct_judge_llm-judge_qwen25_14b_instruct_20_calibration_upb_unified_aht_v2,0.9,Residual,Residual,False,50.0,50,0.8991000020503997,0.00025707594187008247,0.0002527444193419654,-0.000899997949600273,189.0443472290039,0.6896133279800415,19.731641999238438,,2.7360490501562578,0.66,,0.000274968552210988,0.00027616001161602836,2.095436431204846,0.9349285211089295,0.9152100547177703,1.3057179924007853
red_team,llama_31_8B_instruct,20.0,dataset_red_team_attack_default_attack_qwen25_14b_instruct_lm_target_llama_31_8B_instruct_judge_llama_guard_20_calibration_upb_unified_aht_v2,0.9,Residual,Residual,False,100.0,50,0.8987000012397766,0.00011418707372088226,0.00011359332902304698,-0.0012999987602234642,123.19435333251953,0.3988333332538605,20.092733745808925,,0.7048629836428855,0.56,,0.0003317824529339798,0.00032601791555013886,2.1157850945512022,0.34416248572254643,0.348426646527581,0.3331448857722481
red_team,llama_31_8B_instruct,20.0,dataset_red_team_attack_default_attack_qwen25_14b_instruct_lm_target_llama_31_8B_instruct_judge_llm-judge_qwen25_14b_instruct_20_calibration_upb_unified_aht_v2,0.9,Residual,Residual,False,100.0,50,0.899060001373291,0.00024069696901988778,0.00023676662705770477,-0.0009399986267090155,189.04325317382813,0.6893666648864746,19.8477013536154,,2.476915501449165,0.54,,0.000274968552210988,0.00027616001161602836,2.095436431204846,0.8753618080484963,0.8573530456933208,1.1820523231167523
red_team,llama_31_8B_instruct,20.0,dataset_red_team_attack_default_attack_qwen25_14b_instruct_lm_target_llama_31_8B_instruct_judge_llama_guard_20_calibration_upb_unified_aht_v2,0.9,Residual,Residual,False,200.0,50,0.8986266660690307,0.00017212535193581306,0.00017056889098304836,-0.0013733339309692782,123.4153663635254,0.3988933318853378,20.01670871784831,,0.6107554038439414,0.46,,0.0003317824529339798,0.00032601791555013886,2.1157850945512022,0.5187897985975276,0.5231887048146477,0.2886660868425742
red_team,llama_31_8B_instruct,20.0,dataset_red_team_attack_default_attack_qwen25_14b_instruct_lm_target_llama_31_8B_instruct_judge_llm-judge_qwen25_14b_instruct_20_calibration_upb_unified_aht_v2,0.9,Residual,Residual,False,200.0,50,0.8978133344650269,0.0003329349169153807,0.00033105772473891244,-0.0021866655349731534,188.8946792602539,0.6874933350086212,19.956774923145577,,2.766146150212446,0.56,,0.000274968552210988,0.00027616001161602836,2.095436431204846,1.2108108881480897,1.1987895090300533,1.3200811578053702
red_team,llama_31_8B_instruct,20.0,dataset_red_team_attack_default_attack_qwen25_14b_instruct_lm_target_llama_31_8B_instruct_judge_llama_guard_20_calibration_upb_unified_aht_v2,0.9,Residual,Residual + CRC,True,50.0,50,0.899613332748413,0.0002191354742123798,0.00021490227629158203,-0.0003866672515869807,124.07374633789063,0.40139333546161654,13.516759270302895,,1.942578294237734,0.94,1.0,0.0003317824529339798,0.00032601791555013886,2.1157850945512022,0.6604793962867734,0.6591732111683042,0.9181359199667637
red_team,llama_31_8B_instruct,20.0,dataset_red_team_attack_default_attack_qwen25_14b_instruct_lm_target_llama_31_8B_instruct_judge_llm-judge_qwen25_14b_instruct_20_calibration_upb_unified_aht_v2,0.9,Residual,Residual + CRC,True,50.0,50,0.9034133303165436,0.00040097293736338844,0.00040460430246595634,0.0034133303165435613,189.57686614990234,0.7001066637039185,12.654713687121237,,5.706478172960723,1.0,1.0,0.000274968552210988,0.00027616001161602836,2.095436431204846,1.4582501676617738,1.4651082178708636,2.7232886132840495
red_team,llama_31_8B_instruct,20.0,dataset_red_team_attack_default_attack_qwen25_14b_instruct_lm_target_llama_31_8B_instruct_judge_llama_guard_20_calibration_upb_unified_aht_v2,0.9,Residual,Residual + CRC,True,100.0,50,0.9015600037574768,0.00014019243765689025,0.00013982220062709407,0.00156000375747678,124.64318634033204,0.4036799991130829,16.67342461146256,,1.0915794076652796,0.84,1.0,0.0003317824529339798,0.00032601791555013886,2.1157850945512022,0.4225432551274393,0.4288788865825092,0.5159216833866693
red_team,llama_31_8B_instruct,20.0,dataset_red_team_attack_default_attack_qwen25_14b_instruct_lm_target_llama_31_8B_instruct_judge_llm-judge_qwen25_14b_instruct_20_calibration_upb_unified_aht_v2,0.9,Residual,Residual + CRC,True,100.0,50,0.8977600002288818,0.00037188250581491467,0.000369462454673226,-0.0022399997711182174,188.84693359375,0.6870399975776672,16.42496653714249,,3.5641572636156416,1.0,1.0,0.000274968552210988,0.00027616001161602836,2.095436431204846,1.3524546819069077,1.337856456882414,1.7009140485193828
red_team,llama_31_8B_instruct,20.0,dataset_red_team_attack_default_attack_qwen25_14b_instruct_lm_target_llama_31_8B_instruct_judge_llama_guard_20_calibration_upb_unified_aht_v2,0.9,Residual,Residual + CRC,True,200.0,50,0.8991866624355316,0.00013575129143469027,0.00013369778359977185,-0.0008133375644684415,123.46116607666016,0.3997066670656204,18.04394704013614,,0.8332056386185773,0.82,1.0,0.0003317824529339798,0.00032601791555013886,2.1157850945512022,0.4091575375196317,0.41009336365507265,0.39380447511627636
red_team,llama_31_8B_instruct,20.0,dataset_red_team_attack_default_attack_qwen25_14b_instruct_lm_target_llama_31_8B_instruct_judge_llm-judge_qwen25_14b_instruct_20_calibration_upb_unified_aht_v2,0.9,Residual,Residual + CRC,True,200.0,50,0.8983666694164276,0.00027599662439216555,0.00027314446069955534,-0.001633330583572401,188.96601287841796,0.6887133347988129,18.263771163641493,,3.493579423459372,1.0,1.0,0.000274968552210988,0.00027616001161602836,2.095436431204846,1.0037388718561122,0.9890804215323331,1.667232358583464
red_team,llama_31_8B_instruct,20.0,dataset_red_team_attack_default_attack_qwen25_14b_instruct_lm_target_llama_31_8B_instruct_judge_llama_guard_20_calibration_upb_unified_aht_v2,0.9,Soft-prefix,Soft-prefix,False,50.0,50,0.8999333333969116,0.00011200010540405541,0.00010976454773194167,-6.666660308840555e-05,123.85166702270507,0.4011133337020874,19.61002052100686,,0.5277885243327486,0.54,,0.0003317824529339798,0.00032601791555013886,2.1157850945512022,0.33757091254715,0.3366825640447382,0.24945280392227287
red_team,llama_31_8B_instruct,20.0,dataset_red_team_attack_default_attack_qwen25_14b_instruct_lm_target_llama_31_8B_instruct_judge_llm-judge_qwen25_14b_instruct_20_calibration_upb_unified_aht_v2,0.9,Soft-prefix,Soft-prefix,False,50.0,50,0.8973733341693878,0.00023115024783301993,0.00023342661626206526,-0.002626665830612218,188.86426666259766,0.6866599988937377,19.638431900485454,,1.512331043128908,0.7,,0.000274968552210988,0.00027616001161602836,2.095436431204846,0.8406424879295086,0.8452585691031205,0.721726042655152
red_team,llama_31_8B_instruct,20.0,dataset_red_team_attack_default_attack_qwen25_14b_instruct_lm_target_llama_31_8B_instruct_judge_llama_guard_20_calibration_upb_unified_aht_v2,0.9,Soft-prefix,Soft-prefix,False,100.0,50,0.9003733348846436,0.00010794852428451037,0.00010592893273491199,0.00037333488464352804,124.00244064331055,0.4015466642379761,19.695529238387163,,0.4740349271417299,0.62,,0.0003317824529339798,0.00032601791555013886,2.1157850945512022,0.3253593531843309,0.3249175204257172,0.22404682231787895
red_team,llama_31_8B_instruct,20.0,dataset_red_team_attack_default_attack_qwen25_14b_instruct_lm_target_llama_31_8B_instruct_judge_llm-judge_qwen25_14b_instruct_20_calibration_upb_unified_aht_v2,0.9,Soft-prefix,Soft-prefix,False,100.0,50,0.8967533326148986,0.00023885637301280062,0.00024462009466202537,-0.003246667385101376,188.77455383300781,0.6850800025463104,19.809967305930932,,1.5965523851819685,0.56,,0.000274968552210988,0.00027616001161602836,2.095436431204846,0.8686679661808093,0.8857911514073372,0.76191878761217
red_team,llama_31_8B_instruct,20.0,dataset_red_team_attack_default_attack_qwen25_14b_instruct_lm_target_llama_31_8B_instruct_judge_llama_guard_20_calibration_upb_unified_aht_v2,0.9,Soft-prefix,Soft-prefix,False,200.0,50,0.8987999975681304,0.00013766903512476013,0.00013635566025875775,-0.0012000024318695734,123.46133316040039,0.3994666665792465,19.921692825124623,,0.39671816047825076,0.46,,0.0003317824529339798,0.00032601791555013886,2.1157850945512022,0.4149376614324881,0.41824591151275975,0.18750399627066194
red_team,llama_31_8B_instruct,20.0,dataset_red_team_attack_default_attack_qwen25_14b_instruct_lm_target_llama_31_8B_instruct_judge_llm-judge_qwen25_14b_instruct_20_calibration_upb_unified_aht_v2,0.9,Soft-prefix,Soft-prefix,False,200.0,50,0.8959133327007294,0.0002897406063285476,0.00030064664381690464,-0.004086667299270652,188.63306030273438,0.6830666661262512,19.940294154341345,,2.0815970290926322,0.5,,0.000274968552210988,0.00027616001161602836,2.095436431204846,1.0537227039193369,1.088668276256167,0.9933954559985119
red_team,llama_31_8B_instruct,20.0,dataset_red_team_attack_default_attack_qwen25_14b_instruct_lm_target_llama_31_8B_instruct_judge_llama_guard_20_calibration_upb_unified_aht_v2,0.9,Soft-prefix,Soft-prefix + CRC,True,50.0,50,0.9017266654968261,0.00015393046332225517,0.00015383322779374004,0.0017266654968260964,124.60824676513671,0.4032000005245209,13.166670028292952,,1.2468068339625793,0.96,1.0,0.0003317824529339798,0.00032601791555013886,2.1157850945512022,0.4639499827704428,0.4718551357343482,0.5892880317445711
red_team,llama_31_8B_instruct,20.0,dataset_red_team_attack_default_attack_qwen25_14b_instruct_lm_target_llama_31_8B_instruct_judge_llm-judge_qwen25_14b_instruct_20_calibration_upb_unified_aht_v2,0.9,Soft-prefix,Soft-prefix + CRC,True,50.0,50,0.8955666661262512,0.0003913074290046692,0.00040313572966070436,-0.004433333873748779,188.5647998046875,0.6823399972915649,12.659902149203742,,2.8175869805532257,1.0,1.0,0.000274968552210988,0.00027616001161602836,2.095436431204846,1.4230988447886668,1.4597903849353195,1.3446301393801545
red_team,llama_31_8B_instruct,20.0,dataset_red_team_attack_default_attack_qwen25_14b_instruct_lm_target_llama_31_8B_instruct_judge_llama_guard_20_calibration_upb_unified_aht_v2,0.9,Soft-prefix,Soft-prefix + CRC,True,100.0,50,0.8995533287525177,0.00014242454049141466,0.0001397755648849138,-0.000446671247482322,123.75949310302734,0.4004200005531311,16.456616822665623,,0.7121524652782872,0.9,1.0,0.0003317824529339798,0.00032601791555013886,2.1157850945512022,0.4292708647848692,0.4287358400198638,0.336590170292956
red_team,llama_31_8B_instruct,20.0,dataset_red_team_attack_default_attack_qwen25_14b_instruct_lm_target_llama_31_8B_instruct_judge_llm-judge_qwen25_14b_instruct_20_calibration_upb_unified_aht_v2,0.9,Soft-prefix,Soft-prefix + CRC,True,100.0,50,0.8956533336639404,0.0003143808926567106,0.0003269867830406101,-0.004346666336059624,188.61651977539063,0.6826999986171722,16.448105492771617,,2.2085217400240764,1.0,1.0,0.000274968552210988,0.00027616001161602836,2.095436431204846,1.143333992665026,1.184048266536326,1.0539674251793971
red_team,llama_31_8B_instruct,20.0,dataset_red_team_attack_default_attack_qwen25_14b_instruct_lm_target_llama_31_8B_instruct_judge_llama_guard_20_calibration_upb_unified_aht_v2,0.9,Soft-prefix,Soft-prefix + CRC,True,200.0,50,0.9013133323192597,0.00011722176402887112,0.00011660217052910555,0.0013133323192596746,124.45134078979493,0.4032266640663147,17.89461776470382,,0.6134922825995328,0.82,1.0,0.0003317824529339798,0.00032601791555013886,2.1157850945512022,0.3533091126196377,0.35765571450987665,0.28995963918049344
red_team,llama_31_8B_instruct,20.0,dataset_red_team_attack_default_attack_qwen25_14b_instruct_lm_target_llama_31_8B_instruct_judge_llm-judge_qwen25_14b_instruct_20_calibration_upb_unified_aht_v2,0.9,Soft-prefix,Soft-prefix + CRC,True,200.0,50,0.8968533325195313,0.00035715272975201425,0.00035991119138961366,-0.0031466674804687678,188.70020782470704,0.6848133337497712,18.268177569987767,,2.510101724490963,1.0,1.0,0.000274968552210988,0.00027616001161602836,2.095436431204846,1.2988857339510047,1.3032704817887701,1.197889703123893
red_team,llama_31_8B_instruct,20.0,dataset_red_team_attack_default_attack_qwen25_14b_instruct_lm_target_llama_31_8B_instruct_judge_llama_guard_20_calibration_upb_unified_aht_v2,0.9,Static,Static,False,,50,0.8990666663646698,0.0003317824529339798,0.00032601791555013886,-0.0009333336353302135,123.84900039672851,0.40045333087444307,7.339020534720471,,2.1157850945512022,1.0,,0.0003317824529339798,0.00032601791555013886,2.1157850945512022,1.0,1.0,1.0
red_team,llama_31_8B_instruct,20.0,dataset_red_team_attack_default_attack_qwen25_14b_instruct_lm_target_llama_31_8B_instruct_judge_llm-judge_qwen25_14b_instruct_20_calibration_upb_unified_aht_v2,0.9,Static,Static,False,,50,0.8974133360385895,0.000274968552210988,0.00027616001161602836,-0.002586663961410496,188.81345306396486,0.685913336277008,12.767386856915552,,2.095436431204846,1.0,,0.000274968552210988,0.00027616001161602836,2.095436431204846,1.0,1.0,1.0
red_team,mini_phi_4_instruct,10.0,dataset_red_team_attack_default_attack_qwen25_14b_instruct_lm_target_mini_phi_4_instruct_judge_llama_guard_10_calibration_upb_unified_aht_v2,0.7,Endpoint/block,Endpoint/block,False,,50,0.6990666675567627,0.000850803012634104,0.0008346580618310212,-0.0009333324432372336,88.79400695800781,0.010833333400078068,7.78372100943708,,5.598740416690137,1.0,,0.0016427050059632843,0.0016099490843309923,14.033198546792505,0.5179280574086959,0.5184375518172737,0.39896395665048234
red_team,mini_phi_4_instruct,10.0,dataset_red_team_attack_default_attack_qwen25_14b_instruct_lm_target_mini_phi_4_instruct_judge_llama_guard_10_calibration_upb_unified_aht_v2,0.7,Endpoint/block,Endpoint/block + CRC,True,50.0,50,0.7048799955844879,0.002782525146937609,0.002750689000903478,0.004879995584487928,91.02061973571777,0.01879999979748386,2.329693628993194,,29.173229743561247,1.0,1.0,0.0016427050059632843,0.0016099490843309923,14.033198546792505,1.693867819746451,1.7085565175165247,2.0788724428209004
red_team,mini_phi_4_instruct,10.0,dataset_red_team_attack_default_attack_qwen25_14b_instruct_lm_target_mini_phi_4_instruct_judge_llama_guard_10_calibration_upb_unified_aht_v2,0.7,Endpoint/block,Endpoint/block + CRC,True,100.0,50,0.7002666699886322,0.0013233468527245511,0.0012969510285528968,0.0002666699886322288,89.44872604370117,0.01295333328656848,6.0155046743224565,,9.282560620484839,1.0,1.0,0.0016427050059632843,0.0016099490843309923,14.033198546792505,0.8055900772936032,0.8055851214026681,0.6614714806131283
red_team,mini_phi_4_instruct,10.0,dataset_red_team_attack_default_attack_qwen25_14b_instruct_lm_target_mini_phi_4_instruct_judge_llama_guard_10_calibration_upb_unified_aht_v2,0.7,Endpoint/block,Endpoint/block + CRC,True,200.0,50,0.7021199977397918,0.0010380897037861414,0.0010218223001271414,0.002119997739791879,90.0231069946289,0.012580000001471447,7.958009544540347,,7.627395104162653,1.0,1.0,0.0016427050059632843,0.0016099490843309923,14.033198546792505,0.6319392100332734,0.6346923080190175,0.543525061569517
red_team,mini_phi_4_instruct,10.0,dataset_red_team_attack_default_attack_qwen25_14b_instruct_lm_target_mini_phi_4_instruct_judge_llama_guard_10_calibration_upb_unified_aht_v2,0.7,Information-gain,Information-gain,False,50.0,50,0.6973133325576782,0.0006823464843504568,0.0006759177366090795,-0.0026866674423217107,87.94875396728516,0.010039999936707263,10.029401800412998,,4.6064506367889075,0.52,,0.0016427050059632843,0.0016099490843309923,14.033198546792505,0.41537980457442386,0.4198379583475798,0.32825379199396987
red_team,mini_phi_4_instruct,10.0,dataset_red_team_attack_default_attack_qwen25_14b_instruct_lm_target_mini_phi_4_instruct_judge_llama_guard_10_calibration_upb_unified_aht_v2,0.7,Information-gain,Information-gain,False,100.0,50,0.6984800028800965,0.0006398917541564086,0.0006294043103177955,-0.0015199971199034712,88.52510040283204,0.009953333381563383,9.976538912088161,,4.698762669266092,0.58,,0.0016427050059632843,0.0016099490843309923,14.033198546792505,0.38953540156844857,0.3909467177835266,0.33483190974591204
red_team,mini_phi_4_instruct,10.0,dataset_red_team_attack_default_attack_qwen25_14b_instruct_lm_target_mini_phi_4_instruct_judge_llama_guard_10_calibration_upb_unified_aht_v2,0.7,Information-gain,Information-gain,False,200.0,50,0.6966266655921936,0.0008672500086627063,0.0008612843935163423,-0.0033733344078064054,87.72555297851562,0.0103333334124181,10.082765652362804,,6.075496825997244,0.46,,0.0016427050059632843,0.0016099490843309923,14.033198546792505,0.5279401995577104,0.5349761690595609,0.43293742376258826
red_team,mini_phi_4_instruct,10.0,dataset_red_team_attack_default_attack_qwen25_14b_instruct_lm_target_mini_phi_4_instruct_judge_llama_guard_10_calibration_upb_unified_aht_v2,0.7,Information-gain,Information-gain + CRC,True,50.0,50,0.7054533338546753,0.0030009883046433834,0.002970707388681064,0.005453333854675391,90.98503997802734,0.020406666592461944,2.4739923029512707,,32.73059312956421,1.0,1.0,0.0016427050059632843,0.0016099490843309923,14.033198546792505,1.8268577095396383,1.8452182231064338,2.3323687055682165
red_team,mini_phi_4_instruct,10.0,dataset_red_team_attack_default_attack_qwen25_14b_instruct_lm_target_mini_phi_4_instruct_judge_llama_guard_10_calibration_upb_unified_aht_v2,0.7,Information-gain,Information-gain + CRC,True,100.0,50,0.70018000125885,0.001104241280951908,0.0010821888557860577,0.00018000125885009322,89.07997985839843,0.0121800000709481,6.2314501353807215,,10.430855514512407,1.0,1.0,0.0016427050059632843,0.0016099490843309923,14.033198546792505,0.6722091166358743,0.6721882488822662,0.7432985060199646
red_team,mini_phi_4_instruct,10.0,dataset_red_team_attack_default_attack_qwen25_14b_instruct_lm_target_mini_phi_4_instruct_judge_llama_guard_10_calibration_upb_unified_aht_v2,0.7,Information-gain,Information-gain + CRC,True,200.0,50,0.7048066639900208,0.0010554787770431292,0.0010574732202152295,0.004806663990020832,91.20843368530274,0.013493333400692746,8.271747954210193,,9.531258054389049,1.0,1.0,0.0016427050059632843,0.0016099490843309923,14.033198546792505,0.642524843603429,0.6568364369452454,0.6791935582332054
red_team,mini_phi_4_instruct,10.0,dataset_red_team_attack_default_attack_qwen25_14b_instruct_lm_target_mini_phi_4_instruct_judge_llama_guard_10_calibration_upb_unified_aht_v2,0.7,Oracle,Oracle,False,,50,0.6991933381557465,0.00017645860401883462,0.00017358013526943235,-0.0008066618442534867,88.90962677001953,0.008453333294019053,68.42191999999999,,,,,0.0016427050059632843,0.0016099490843309923,14.033198546792505,0.10741953264783477,0.10781715829327786,
red_team,mini_phi_4_instruct,10.0,dataset_red_team_attack_default_attack_qwen25_14b_instruct_lm_target_mini_phi_4_instruct_judge_llama_guard_10_calibration_upb_unified_aht_v2,0.7,Residual,Residual,False,50.0,50,0.6990333330631257,0.0007321010646768646,0.0007183934883501733,-0.0009666669368743053,88.74259307861328,0.010700000075157692,9.888801639312515,,4.581735863618222,0.62,,0.0016427050059632843,0.0016099490843309923,14.033198546792505,0.44566800613574536,0.44622124720714307,0.3264926273465607
red_team,mini_phi_4_instruct,10.0,dataset_red_team_attack_default_attack_qwen25_14b_instruct_lm_target_mini_phi_4_instruct_judge_llama_guard_10_calibration_upb_unified_aht_v2,0.7,Residual,Residual,False,100.0,50,0.6987666630744934,0.0007087994244247108,0.0006961445559080344,-0.001233336925506534,88.71331314086915,0.010220000059343828,9.898540572065222,,4.851193507758094,0.58,,0.0016427050059632843,0.0016099490843309923,14.033198546792505,0.43148308543022307,0.4324015974687264,0.3456940690735759
red_team,mini_phi_4_instruct,10.0,dataset_red_team_attack_default_attack_qwen25_14b_instruct_lm_target_mini_phi_4_instruct_judge_llama_guard_10_calibration_upb_unified_aht_v2,0.7,Residual,Residual,False,200.0,50,0.7032399976253509,0.0007832426497488187,0.0007780753813661224,0.0032399976253509877,90.54777999877929,0.01207999999518502,10.041366707796382,,6.30390689906564,0.5,,0.0016427050059632843,0.0016099490843309923,14.033198546792505,0.47680054964556723,0.4832919183214098,0.4492138323309401
red_team,mini_phi_4_instruct,10.0,dataset_red_team_attack_default_attack_qwen25_14b_instruct_lm_target_mini_phi_4_instruct_judge_llama_guard_10_calibration_upb_unified_aht_v2,0.7,Residual,Residual + CRC,True,50.0,50,0.7089066612720489,0.0030292613203132417,0.003048004708921995,0.008906661272048977,92.78975318908691,0.021133333254838318,2.4651994012798117,,31.437604794498093,1.0,1.0,0.0016427050059632843,0.0016099490843309923,14.033198546792505,1.8440689651011801,1.8932304993909672,2.2402308846177923
red_team,mini_phi_4_instruct,10.0,dataset_red_team_attack_default_attack_qwen25_14b_instruct_lm_target_mini_phi_4_instruct_judge_llama_guard_10_calibration_upb_unified_aht_v2,0.7,Residual,Residual + CRC,True,100.0,50,0.7034400010108948,0.0014899522513116392,0.0014719868132403637,0.003440001010894811,90.38841339111327,0.014593333450611635,6.223492003431246,,9.956096237250177,1.0,1.0,0.0016427050059632843,0.0016099490843309923,14.033198546792505,0.90701145117527,0.9143064383629509,0.7094673537221342
red_team,mini_phi_4_instruct,10.0,dataset_red_team_attack_default_attack_qwen25_14b_instruct_lm_target_mini_phi_4_instruct_judge_llama_guard_10_calibration_upb_unified_aht_v2,0.7,Residual,Residual + CRC,True,200.0,50,0.7035666644573212,0.0010693482626433315,0.0010606823927415835,0.0035666644573212336,90.6532600402832,0.013173333345912353,8.274039018713363,,9.538547007645981,1.0,1.0,0.0016427050059632843,0.0016099490843309923,14.033198546792505,0.6509679210579044,0.6588297748449267,0.6797129660668955
red_team,mini_phi_4_instruct,10.0,dataset_red_team_attack_default_attack_qwen25_14b_instruct_lm_target_mini_phi_4_instruct_judge_llama_guard_10_calibration_upb_unified_aht_v2,0.7,Soft-prefix,Soft-prefix,False,50.0,50,0.6967399990558625,0.000808228195174367,0.000802691237426657,-0.0032600009441374755,87.77236053466797,0.009973333401139782,9.775010877500364,,4.6331258867903315,0.7,,0.0016427050059632843,0.0016099490843309923,14.033198546792505,0.4920105510364723,0.49858175344732225,0.33015465942005795
red_team,mini_phi_4_instruct,10.0,dataset_red_team_attack_default_attack_qwen25_14b_instruct_lm_target_mini_phi_4_instruct_judge_llama_guard_10_calibration_upb_unified_aht_v2,0.7,Soft-prefix,Soft-prefix,False,100.0,50,0.699520001411438,0.0009433750787783357,0.0009247379758477905,-0.00047999858856195843,88.84521347045899,0.01145333338296037,9.888918129074693,,5.158232173462137,0.62,,0.0016427050059632843,0.0016099490843309923,14.033198546792505,0.5742814901967985,0.5743895784331972,0.3675735190564326
red_team,mini_phi_4_instruct,10.0,dataset_red_team_attack_default_attack_qwen25_14b_instruct_lm_target_mini_phi_4_instruct_judge_llama_guard_10_calibration_upb_unified_aht_v2,0.7,Soft-prefix,Soft-prefix,False,200.0,50,0.7009333300590516,0.0009068118127752562,0.0008895466815188797,0.0009333300590516069,89.62292663574219,0.011873333342373324,10.039824084760863,,6.961157357346012,0.54,,0.0016427050059632843,0.0016099490843309923,14.033198546792505,0.5520235279513869,0.5525309403735132,0.4960492316940166
red_team,mini_phi_4_instruct,10.0,dataset_red_team_attack_default_attack_qwen25_14b_instruct_lm_target_mini_phi_4_instruct_judge_llama_guard_10_calibration_upb_unified_aht_v2,0.7,Soft-prefix,Soft-prefix + CRC,True,50.0,50,0.7077933299541473,0.0028874372702214577,0.0028904245165912393,0.007793329954147388,92.18890670776368,0.020293333177687552,2.4836640407965485,,33.930937354780426,1.0,1.0,0.0016427050059632843,0.0016099490843309923,14.033198546792505,1.7577332873154914,1.795351508145578,2.4179047450686744
red_team,mini_phi_4_instruct,10.0,dataset_red_team_attack_default_attack_qwen25_14b_instruct_lm_target_mini_phi_4_instruct_judge_llama_guard_10_calibration_upb_unified_aht_v2,0.7,Soft-prefix,Soft-prefix + CRC,True,100.0,50,0.7045799934864044,0.0013224796909377286,0.0013170064374544812,0.004579993486404477,91.0939867401123,0.01442000009701583,6.270665589133514,,10.533200545493585,1.0,1.0,0.0016427050059632843,0.0016099490843309923,14.033198546792505,0.8050621907992694,0.8180422910714333,0.750591571149765
red_team,mini_phi_4_instruct,10.0,dataset_red_team_attack_default_attack_qwen25_14b_instruct_lm_target_mini_phi_4_instruct_judge_llama_guard_10_calibration_upb_unified_aht_v2,0.7,Soft-prefix,Soft-prefix + CRC,True,200.0,50,0.7053599989414215,0.001289450546146682,0.0012923911238757885,0.005359998941421584,91.46894653320312,0.014540000007254951,8.291582509940998,,10.522413605273643,1.0,1.0,0.0016427050059632843,0.0016099490843309923,14.033198546792505,0.7849556320007357,0.8027527929014204,0.7498228981929922
red_team,mini_phi_4_instruct,10.0,dataset_red_team_attack_default_attack_qwen25_14b_instruct_lm_target_mini_phi_4_instruct_judge_llama_guard_10_calibration_upb_unified_aht_v2,0.7,Static,Static,False,,50,0.7003133344650269,0.0016427050059632843,0.0016099490843309923,0.0003133344650269043,89.32490020751953,0.013946666542906267,3.421096050978303,,14.033198546792505,1.0,,0.0016427050059632843,0.0016099490843309923,14.033198546792505,1.0,1.0,1.0
red_team,mini_phi_4_instruct,10.0,dataset_red_team_attack_default_attack_qwen25_14b_instruct_lm_target_mini_phi_4_instruct_judge_llama_guard_10_calibration_upb_unified_aht_v2,0.8,Endpoint/block,Endpoint/block,False,,50,0.7988533389568329,0.0004039009182379096,0.0003971377314210685,-0.0011466610431671853,128.3243000793457,0.07958666659891601,7.4757573741370615,,4.3444745813946914,1.0,,0.0010151248683845952,0.0009948623709406094,10.460504053783888,0.3978829903760034,0.3991886144468284,0.4153217243697889
red_team,mini_phi_4_instruct,10.0,dataset_red_team_attack_default_attack_qwen25_14b_instruct_lm_target_mini_phi_4_instruct_judge_llama_guard_10_calibration_upb_unified_aht_v2,0.8,Endpoint/block,Endpoint/block + CRC,True,50.0,50,0.8080000007152557,0.0017598502040852939,0.0017886532114476802,0.00800000071525564,131.3296797180176,0.09404000069946047,2.337904237375326,,20.69669907087764,1.0,1.0,0.0010151248683845952,0.0009948623709406094,10.460504053783888,1.7336292892575935,1.7978901038910216,1.978556574756166
red_team,mini_phi_4_instruct,10.0,dataset_red_team_attack_default_attack_qwen25_14b_instruct_lm_target_mini_phi_4_instruct_judge_llama_guard_10_calibration_upb_unified_aht_v2,0.8,Endpoint/block,Endpoint/block + CRC,True,100.0,50,0.8032133305072784,0.0007702665016464284,0.0007651866645625058,0.0032133305072783447,129.91225341796874,0.08614666663110253,6.015520422367261,,6.749114897528684,1.0,1.0,0.0010151248683845952,0.0009948623709406094,10.460504053783888,0.7587899042136376,0.7691382113880206,0.6451997784071716
red_team,mini_phi_4_instruct,10.0,dataset_red_team_attack_default_attack_qwen25_14b_instruct_lm_target_mini_phi_4_instruct_judge_llama_guard_10_calibration_upb_unified_aht_v2,0.8,Endpoint/block,Endpoint/block + CRC,True,200.0,50,0.8005466675758361,0.0006801757976064919,0.0006668711270928327,0.0005466675758361017,128.9993130493164,0.08266000054776665,7.962117928900387,,5.63053924823074,1.0,1.0,0.0010151248683845952,0.0009948623709406094,10.460504053783888,0.6700415079859882,0.6703149566932842,0.5382665327866298
red_team,mini_phi_4_instruct,10.0,dataset_red_team_attack_default_attack_qwen25_14b_instruct_lm_target_mini_phi_4_instruct_judge_llama_guard_10_calibration_upb_unified_aht_v2,0.8,Information-gain,Information-gain,False,50.0,50,0.7995733332633972,0.0005761860887935664,0.0005648444115218184,-0.00042666673660285426,128.64657943725587,0.08086666669696566,10.069455900587077,,6.553125764967632,0.48,,0.0010151248683845952,0.0009948623709406094,10.460504053783888,0.5676011954179313,0.5677613587774726,0.6264636705147266
red_team,mini_phi_4_instruct,10.0,dataset_red_team_attack_default_attack_qwen25_14b_instruct_lm_target_mini_phi_4_instruct_judge_llama_guard_10_calibration_upb_unified_aht_v2,0.8,Information-gain,Information-gain,False,100.0,50,0.8016200006008148,0.0008318279129688243,0.0008178157566560883,0.0016200006008147971,129.14704040527343,0.08397333361208435,9.989694398890574,,6.2956446159712485,0.64,,0.0010151248683845952,0.0009948623709406094,10.460504053783888,0.8194340803536239,0.8220390885654572,0.6018490680373972
red_team,mini_phi_4_instruct,10.0,dataset_red_team_attack_default_attack_qwen25_14b_instruct_lm_target_mini_phi_4_instruct_judge_llama_guard_10_calibration_upb_unified_aht_v2,0.8,Information-gain,Information-gain,False,200.0,50,0.7990733337402344,0.0007395884907393222,0.000725655431281524,-0.0009266662597656738,128.2422265625,0.08112666696310039,10.128582956104967,,7.241728565907832,0.5,,0.0010151248683845952,0.0009948623709406094,10.460504053783888,0.7285689807956888,0.7294028324696218,0.6922925060469026
red_team,mini_phi_4_instruct,10.0,dataset_red_team_attack_default_attack_qwen25_14b_instruct_lm_target_mini_phi_4_instruct_judge_llama_guard_10_calibration_upb_unified_aht_v2,0.8,Information-gain,Information-gain + CRC,True,50.0,50,0.8057266736030578,0.002637195931439442,0.0026172468033666112,0.005726673603057786,130.5672003173828,0.09580000005662438,2.49038123194026,,29.382703602170945,1.0,1.0,0.0010151248683845952,0.0009948623709406094,10.460504053783888,2.597902990630214,2.6307626861915496,2.808918523533511
red_team,mini_phi_4_instruct,10.0,dataset_red_team_attack_default_attack_qwen25_14b_instruct_lm_target_mini_phi_4_instruct_judge_llama_guard_10_calibration_upb_unified_aht_v2,0.8,Information-gain,Information-gain + CRC,True,100.0,50,0.8028533363342285,0.0010900052505692188,0.001076346673794063,0.0028533363342284623,129.7110060119629,0.08615333296358582,6.262510669163072,,11.884742348819241,1.0,1.0,0.0010151248683845952,0.0009948623709406094,10.460504053783888,1.07376470079369,1.0819051008798461,1.1361538877775361
red_team,mini_phi_4_instruct,10.0,dataset_red_team_attack_default_attack_qwen25_14b_instruct_lm_target_mini_phi_4_instruct_judge_llama_guard_10_calibration_upb_unified_aht_v2,0.8,Information-gain,Information-gain + CRC,True,200.0,50,0.8025066661834717,0.001413012752599244,0.0013910358729026196,0.0025066661834716175,129.38195388793946,0.0871199998259544,8.31812292325977,,10.46991932372407,1.0,1.0,0.0010151248683845952,0.0009948623709406094,10.460504053783888,1.391959547644441,1.3982194055519874,1.0009000780356063
red_team,mini_phi_4_instruct,10.0,dataset_red_team_attack_default_attack_qwen25_14b_instruct_lm_target_mini_phi_4_instruct_judge_llama_guard_10_calibration_upb_unified_aht_v2,0.8,Oracle,Oracle,False,,50,0.8000199985504151,9.27320186000211e-05,9.087777817003938e-05,1.9998550415012417e-05,128.8823727416992,0.08015333339571948,68.42191999999999,,,,,0.0010151248683845952,0.0009948623709406094,10.460504053783888,0.09135035648135477,0.09134708561156801,
red_team,mini_phi_4_instruct,10.0,dataset_red_team_attack_default_attack_qwen25_14b_instruct_lm_target_mini_phi_4_instruct_judge_llama_guard_10_calibration_upb_unified_aht_v2,0.8,Residual,Residual,False,50.0,50,0.7983599984645844,0.0007159720370892731,0.0007043422013836535,-0.0016400015354156583,128.22530654907226,0.08022000029683107,9.829841687561022,,8.581610014957223,0.64,,0.0010151248683845952,0.0009948623709406094,10.460504053783888,0.7053044008552615,0.7079795376296334,0.8203820744042434
red_team,mini_phi_4_instruct,10.0,dataset_red_team_attack_default_attack_qwen25_14b_instruct_lm_target_mini_phi_4_instruct_judge_llama_guard_10_calibration_upb_unified_aht_v2,0.8,Residual,Residual,False,100.0,50,0.8016866672039032,0.0005803600759513458,0.0005715977206890412,0.0016866672039032027,129.43483993530273,0.08361333370208737,9.901627181746163,,8.021345604633737,0.62,,0.0010151248683845952,0.0009948623709406094,10.460504053783888,0.5717129921906984,0.5745495431178229,0.7668220922616218
red_team,mini_phi_4_instruct,10.0,dataset_red_team_attack_default_attack_qwen25_14b_instruct_lm_target_mini_phi_4_instruct_judge_llama_guard_10_calibration_upb_unified_aht_v2,0.8,Residual,Residual,False,200.0,50,0.8026533317565918,0.0005679045739470103,0.0005635866518786085,0.0026533317565917702,129.71992599487305,0.08462666690349574,10.08591778231075,,8.574889333336614,0.5,,0.0010151248683845952,0.0009948623709406094,10.460504053783888,0.5594430711275327,0.5664971038614678,0.8197395927813642
red_team,mini_phi_4_instruct,10.0,dataset_red_team_attack_default_attack_qwen25_14b_instruct_lm_target_mini_phi_4_instruct_judge_llama_guard_10_calibration_upb_unified_aht_v2,0.8,Residual,Residual + CRC,True,50.0,50,0.8068000006675721,0.0030757005438321544,0.0030604265420344904,0.006800000667572026,130.73139358520507,0.09836666647810485,2.479478005227763,,29.043012530475316,1.0,1.0,0.0010151248683845952,0.0009948623709406094,10.460504053783888,3.0298740968947273,3.076231076205002,2.7764448425379236
red_team,mini_phi_4_instruct,10.0,dataset_red_team_attack_default_attack_qwen25_14b_instruct_lm_target_mini_phi_4_instruct_judge_llama_guard_10_calibration_upb_unified_aht_v2,0.8,Residual,Residual + CRC,True,100.0,50,0.8017733335494995,0.0012127503045967246,0.0011916400103825706,0.0017733335494994895,129.43698638916015,0.08592666659504172,6.253038861807246,,12.626408321877431,1.0,1.0,0.0010151248683845952,0.0009948623709406094,10.460504053783888,1.194680913025624,1.1977938307747176,1.2070554398676485
red_team,mini_phi_4_instruct,10.0,dataset_red_team_attack_default_attack_qwen25_14b_instruct_lm_target_mini_phi_4_instruct_judge_llama_guard_10_calibration_upb_unified_aht_v2,0.8,Residual,Residual + CRC,True,200.0,50,0.8084733390808105,0.0007583902986497104,0.0008150199678551068,0.008473339080810494,131.74877960205077,0.09167333371937271,8.32466028648766,,11.140088442825615,1.0,1.0,0.0010151248683845952,0.0009948623709406094,10.460504053783888,0.7470906508837324,0.819228861862101,1.064966696207713
red_team,mini_phi_4_instruct,10.0,dataset_red_team_attack_default_attack_qwen25_14b_instruct_lm_target_mini_phi_4_instruct_judge_llama_guard_10_calibration_upb_unified_aht_v2,0.8,Soft-prefix,Soft-prefix,False,50.0,50,0.7992066693305969,0.001146334657664483,0.001124037338062209,-0.000793330669403125,128.32764572143554,0.08247333329170939,9.59513037217225,,7.176674972540667,0.7,,0.0010151248683845952,0.0009948623709406094,10.460504053783888,1.1292548270329408,1.1298420473974393,0.6860735329426733
red_team,mini_phi_4_instruct,10.0,dataset_red_team_attack_default_attack_qwen25_14b_instruct_lm_target_mini_phi_4_instruct_judge_llama_guard_10_calibration_upb_unified_aht_v2,0.8,Soft-prefix,Soft-prefix,False,100.0,50,0.7985599970817566,0.0010010404915068445,0.0009830932900812572,-0.0014400029182434215,128.13725997924806,0.08159333284944292,9.823479637741583,,6.670332214866075,0.64,,0.0010151248683845952,0.0009948623709406094,10.460504053783888,0.9861254735093195,0.9881701417169644,0.637668336111701
red_team,mini_phi_4_instruct,10.0,dataset_red_team_attack_default_attack_qwen25_14b_instruct_lm_target_mini_phi_4_instruct_judge_llama_guard_10_calibration_upb_unified_aht_v2,0.8,Soft-prefix,Soft-prefix,False,200.0,50,0.8046733319759369,0.0007646416466299156,0.0007711888454546308,0.00467333197593689,130.37288619995118,0.08735999941825863,10.05431298460568,,7.30719480559241,0.58,,0.0010151248683845952,0.0009948623709406094,10.460504053783888,0.7532488568098202,0.7751713885062286,0.6985509271849258
red_team,mini_phi_4_instruct,10.0,dataset_red_team_attack_default_attack_qwen25_14b_instruct_lm_target_mini_phi_4_instruct_judge_llama_guard_10_calibration_upb_unified_aht_v2,0.8,Soft-prefix,Soft-prefix + CRC,True,50.0,50,0.8064066672325134,0.0023088810553519748,0.0023037488192730964,0.0064066672325133744,130.71449310302734,0.09497333301231262,2.487596597813668,,31.288136235872116,1.0,1.0,0.0010151248683845952,0.0009948623709406094,10.460504053783888,2.2744798470223477,2.315645748160098,2.9910734774347922
red_team,mini_phi_4_instruct,10.0,dataset_red_team_attack_default_attack_qwen25_14b_instruct_lm_target_mini_phi_4_instruct_judge_llama_guard_10_calibration_upb_unified_aht_v2,0.8,Soft-prefix,Soft-prefix + CRC,True,100.0,50,0.7983799982070923,0.0019707572710803284,0.0019339665314677462,-0.001620001792907777,127.85472686767578,0.08419333339668807,6.257113745053979,,12.621100445824755,1.0,1.0,0.0010151248683845952,0.0009948623709406094,10.460504053783888,1.9413939432066771,1.94395384523313,1.2065480191902715
red_team,mini_phi_4_instruct,10.0,dataset_red_team_attack_default_attack_qwen25_14b_instruct_lm_target_mini_phi_4_instruct_judge_llama_guard_10_calibration_upb_unified_aht_v2,0.8,Soft-prefix,Soft-prefix + CRC,True,200.0,50,0.8035266673564911,0.0017319461820692415,0.0017097446410711955,0.0035266673564910977,129.77948028564452,0.08986000001197678,8.341871976697126,,10.510963910410805,1.0,1.0,0.0010151248683845952,0.0009948623709406094,10.460504053783888,1.7061410236411112,1.7185740369843203,1.0048238456165661
red_team,mini_phi_4_instruct,10.0,dataset_red_team_attack_default_attack_qwen25_14b_instruct_lm_target_mini_phi_4_instruct_judge_llama_guard_10_calibration_upb_unified_aht_v2,0.8,Static,Static,False,,50,0.8001999998092652,0.0010151248683845952,0.0009948623709406094,0.00019999980926510563,128.59963333129883,0.08313333332538601,3.421096050978303,,10.460504053783888,1.0,,0.0010151248683845952,0.0009948623709406094,10.460504053783888,1.0,1.0,1.0
red_team,mini_phi_4_instruct,10.0,dataset_red_team_attack_default_attack_qwen25_14b_instruct_lm_target_mini_phi_4_instruct_judge_llama_guard_10_calibration_upb_unified_aht_v2,0.9,Endpoint/block,Endpoint/block,False,,50,0.8995200049877167,0.00033311642912088623,0.00032668449575028543,-0.00047999501228335184,163.4523602294922,0.2329000011086464,6.518736769784689,,2.8060138679022897,1.0,,0.0007312302812214108,0.0007166156758163289,5.88781097964519,0.4555561191536886,0.45587126653089827,0.4765801547643069
red_team,mini_phi_4_instruct,10.0,dataset_red_team_attack_default_attack_qwen25_14b_instruct_lm_target_mini_phi_4_instruct_judge_llama_guard_10_calibration_upb_unified_aht_v2,0.9,Endpoint/block,Endpoint/block + CRC,True,50.0,50,0.8980133306980133,0.001156049521068271,0.0011368753855623616,-0.0019866693019867654,163.2676400756836,0.23880666613578796,2.358649659736051,,11.567424844223781,1.0,1.0,0.0007312302812214108,0.0007166156758163289,5.88781097964519,1.5809650540418856,1.586450623295808,1.9646393004486118
red_team,mini_phi_4_instruct,10.0,dataset_red_team_attack_default_attack_qwen25_14b_instruct_lm_target_mini_phi_4_instruct_judge_llama_guard_10_calibration_upb_unified_aht_v2,0.9,Endpoint/block,Endpoint/block + CRC,True,100.0,50,0.9015466690063476,0.0003592732222477183,0.00035447994281796025,0.0015466690063475896,164.21536743164063,0.23762666523456574,6.047801493709738,,3.6940365589246063,1.0,1.0,0.0007312302812214108,0.0007166156758163289,5.88781097964519,0.4913270572542567,0.49465837097989285,0.6274040677758334
red_team,mini_phi_4_instruct,10.0,dataset_red_team_attack_default_attack_qwen25_14b_instruct_lm_target_mini_phi_4_instruct_judge_llama_guard_10_calibration_upb_unified_aht_v2,0.9,Endpoint/block,Endpoint/block + CRC,True,200.0,50,0.90049999833107,0.00035683097755581254,0.000349944356335769,0.0004999983310699507,163.781533203125,0.235519999563694,8.00061749135605,,3.079752462896553,1.0,1.0,0.0007312302812214108,0.0007166156758163289,5.88781097964519,0.487987145389794,0.4883291953349077,0.5230725771502509
red_team,mini_phi_4_instruct,10.0,dataset_red_team_attack_default_attack_qwen25_14b_instruct_lm_target_mini_phi_4_instruct_judge_llama_guard_10_calibration_upb_unified_aht_v2,0.9,Information-gain,Information-gain,False,50.0,50,0.8983066654205323,0.0005560310541625839,0.0005477778150773536,-0.0016933345794677424,163.05248626708985,0.2315133336186409,9.883025611806667,,5.214326255599904,0.62,,0.0007312302812214108,0.0007166156758163289,5.88781097964519,0.7604048525367648,0.7643955240769127,0.8856137321028822
red_team,mini_phi_4_instruct,10.0,dataset_red_team_attack_default_attack_qwen25_14b_instruct_lm_target_mini_phi_4_instruct_judge_llama_guard_10_calibration_upb_unified_aht_v2,0.9,Information-gain,Information-gain,False,100.0,50,0.9042933344841003,0.00041959489204517755,0.00042963571519663915,0.004293334484100297,165.35745330810548,0.24392000049352647,9.977925454014423,,4.982863597435971,0.58,,0.0007312302812214108,0.0007166156758163289,5.88781097964519,0.5738204541315043,0.5995343525066235,0.8463015566672025
red_team,mini_phi_4_instruct,10.0,dataset_red_team_attack_default_attack_qwen25_14b_instruct_lm_target_mini_phi_4_instruct_judge_llama_guard_10_calibration_upb_unified_aht_v2,0.9,Information-gain,Information-gain,False,200.0,50,0.8966466677188873,0.0009047048487983688,0.000897855589209954,-0.0033533322811126753,162.58128723144532,0.23110666498541832,10.064616003190219,,6.52071674442823,0.56,,0.0007312302812214108,0.0007166156758163289,5.88781097964519,1.237236575169172,1.2529108970260336,1.1074942397048861
red_team,mini_phi_4_instruct,10.0,dataset_red_team_attack_default_attack_qwen25_14b_instruct_lm_target_mini_phi_4_instruct_judge_llama_guard_10_calibration_upb_unified_aht_v2,0.9,Information-gain,Information-gain + CRC,True,50.0,50,0.899980000257492,0.002605852171040007,0.0025537355276089068,-1.9999742507992302e-05,164.14070693969725,0.2563000009208918,2.520824632766728,,19.685085293475673,1.0,1.0,0.0007312302812214108,0.0007166156758163289,5.88781097964519,3.5636546214789147,3.5636054496014657,3.343362305877206
red_team,mini_phi_4_instruct,10.0,dataset_red_team_attack_default_attack_qwen25_14b_instruct_lm_target_mini_phi_4_instruct_judge_llama_guard_10_calibration_upb_unified_aht_v2,0.9,Information-gain,Information-gain + CRC,True,100.0,50,0.8959066689014434,0.0007433608020342829,0.0007452489454760075,-0.004093331098556585,162.09964721679688,0.22727333292365073,6.382848283051444,,9.813235043796245,1.0,1.0,0.0007312302812214108,0.0007166156758163289,5.88781097964519,1.0165891937524933,1.0399562424127287,1.666703479055574
red_team,mini_phi_4_instruct,10.0,dataset_red_team_attack_default_attack_qwen25_14b_instruct_lm_target_mini_phi_4_instruct_judge_llama_guard_10_calibration_upb_unified_aht_v2,0.9,Information-gain,Information-gain + CRC,True,200.0,50,0.9007866656780243,0.0009859400188281721,0.0009668400613405904,0.0007866656780243231,164.19027435302735,0.24042000159621238,8.297681821696916,,8.534905737194823,0.98,1.0,0.0007312302812214108,0.0007166156758163289,5.88781097964519,1.34833040171874,1.3491751492028412,1.449588950239899
red_team,mini_phi_4_instruct,10.0,dataset_red_team_attack_default_attack_qwen25_14b_instruct_lm_target_mini_phi_4_instruct_judge_llama_guard_10_calibration_upb_unified_aht_v2,0.9,Oracle,Oracle,False,,50,0.8991333329677582,5.652611282057286e-05,5.614670230893628e-05,-0.000866667032241808,163.37079345703125,0.2300133341550827,68.42191999999999,,,,,0.0007312302812214108,0.0007166156758163289,5.88781097964519,0.07730275163954431,0.07834981037077798,
red_team,mini_phi_4_instruct,10.0,dataset_red_team_attack_default_attack_qwen25_14b_instruct_lm_target_mini_phi_4_instruct_judge_llama_guard_10_calibration_upb_unified_aht_v2,0.9,Residual,Residual,False,50.0,50,0.8987066662311554,0.00100371715708901,0.0009853155261848635,-0.0012933337688446622,163.38249389648436,0.23662666663527487,9.624950594416541,,12.420701451179161,0.7,,0.0007312302812214108,0.0007166156758163289,5.88781097964519,1.3726416737179576,1.3749567019482887,2.1095618548419592
red_team,mini_phi_4_instruct,10.0,dataset_red_team_attack_default_attack_qwen25_14b_instruct_lm_target_mini_phi_4_instruct_judge_llama_guard_10_calibration_upb_unified_aht_v2,0.9,Residual,Residual,False,100.0,50,0.9035066616535187,0.0010475837974692071,0.0010389287974720816,0.00350666165351865,164.95252044677736,0.24644000083208084,9.686355272120403,,11.743607659765791,0.64,,0.0007312302812214108,0.0007166156758163289,5.88781097964519,1.4326318594456662,1.4497712407541063,1.9945626142491215
red_team,mini_phi_4_instruct,10.0,dataset_red_team_attack_default_attack_qwen25_14b_instruct_lm_target_mini_phi_4_instruct_judge_llama_guard_10_calibration_upb_unified_aht_v2,0.9,Residual,Residual,False,200.0,50,0.8988733351230621,0.0012451968917334972,0.0012215623276437527,-0.0011266648769379106,163.3760787963867,0.2377666662633419,9.973588164836036,,12.577958499489283,0.58,,0.0007312302812214108,0.0007166156758163289,5.88781097964519,1.7028792758056766,1.7046268576977701,2.1362707707453024
red_team,mini_phi_4_instruct,10.0,dataset_red_team_attack_default_attack_qwen25_14b_instruct_lm_target_mini_phi_4_instruct_judge_llama_guard_10_calibration_upb_unified_aht_v2,0.9,Residual,Residual + CRC,True,50.0,50,0.8924800002574921,0.003137696883471496,0.003131493341929385,-0.0075199997425079435,161.28596633911133,0.23667333459481596,2.617437082509396,,25.68690788187494,1.0,1.0,0.0007312302812214108,0.0007166156758163289,5.88781097964519,4.290983242967513,4.369836507361022,4.362726312151903
red_team,mini_phi_4_instruct,10.0,dataset_red_team_attack_default_attack_qwen25_14b_instruct_lm_target_mini_phi_4_instruct_judge_llama_guard_10_calibration_upb_unified_aht_v2,0.9,Residual,Residual + CRC,True,100.0,50,0.8976933324337005,0.0011554144091000338,0.001137626836179451,-0.0023066675662994918,162.97224822998047,0.23521999895572662,6.441457139226187,,15.891616304808784,1.0,1.0,0.0007312302812214108,0.0007166156758163289,5.88781097964519,1.5800965014332926,1.5874992336492355,2.6990703947099948
red_team,mini_phi_4_instruct,10.0,dataset_red_team_attack_default_attack_qwen25_14b_instruct_lm_target_mini_phi_4_instruct_judge_llama_guard_10_calibration_upb_unified_aht_v2,0.9,Residual,Residual + CRC,True,200.0,50,0.8968666684627533,0.0008880451872714896,0.0008801020500483648,-0.0031333315372467085,162.61809326171874,0.23242000088095666,8.341805994458191,,15.69626767494964,0.94,1.0,0.0007312302812214108,0.0007166156758163289,5.88781097964519,1.2144535176909563,1.2281367541197048,2.6658919128371075
red_team,mini_phi_4_instruct,10.0,dataset_red_team_attack_default_attack_qwen25_14b_instruct_lm_target_mini_phi_4_instruct_judge_llama_guard_10_calibration_upb_unified_aht_v2,0.9,Soft-prefix,Soft-prefix,False,50.0,50,0.904980001449585,0.0004636296721279005,0.00047915749312321063,0.004980001449584992,165.5111734008789,0.24625999987125397,9.376454119395305,,4.936161471527317,0.68,,0.0007312302812214108,0.0007166156758163289,5.88781097964519,0.6340405806956961,0.6686394245805201,0.8383695551015768
red_team,mini_phi_4_instruct,10.0,dataset_red_team_attack_default_attack_qwen25_14b_instruct_lm_target_mini_phi_4_instruct_judge_llama_guard_10_calibration_upb_unified_aht_v2,0.9,Soft-prefix,Soft-prefix,False,100.0,50,0.8961533308029175,0.0005071166207411219,0.0005117711522380831,-0.0038466691970825417,162.10364685058593,0.22609999924898147,9.618309128459963,,6.163329892887787,0.66,,0.0007312302812214108,0.0007166156758163289,5.88781097964519,0.6935115158169591,0.7141500939888061,1.0467947959258705
red_team,mini_phi_4_instruct,10.0,dataset_red_team_attack_default_attack_qwen25_14b_instruct_lm_target_mini_phi_4_instruct_judge_llama_guard_10_calibration_upb_unified_aht_v2,0.9,Soft-prefix,Soft-prefix,False,200.0,50,0.8990133357048035,0.0006089702329726627,0.0005977643347446251,-0.0009866642951965598,163.40744079589842,0.2345733341574669,9.925286927974215,,7.154595844977905,0.66,,0.0007312302812214108,0.0007166156758163289,5.88781097964519,0.8328022629963696,0.8341491191407236,1.2151537931010574
red_team,mini_phi_4_instruct,10.0,dataset_red_team_attack_default_attack_qwen25_14b_instruct_lm_target_mini_phi_4_instruct_judge_llama_guard_10_calibration_upb_unified_aht_v2,0.9,Soft-prefix,Soft-prefix + CRC,True,50.0,50,0.8996066665649414,0.0016660713622235084,0.0016329046461701735,-0.0003933334350586515,163.69729888916015,0.2449933325499296,2.529764335071468,,19.732287338345728,1.0,1.0,0.0007312302812214108,0.0007166156758163289,5.88781097964519,2.278449627989401,2.2786337241507577,3.351379214883497
red_team,mini_phi_4_instruct,10.0,dataset_red_team_attack_default_attack_qwen25_14b_instruct_lm_target_mini_phi_4_instruct_judge_llama_guard_10_calibration_upb_unified_aht_v2,0.9,Soft-prefix,Soft-prefix + CRC,True,100.0,50,0.8981733357906342,0.0009047399648110295,0.0008899818676485867,-0.0018266642093658358,163.18887939453126,0.23530000030994408,6.45016101434474,,9.314272403840715,1.0,1.0,0.0007312302812214108,0.0007166156758163289,5.88781097964519,1.237284598361814,1.2419235270492355,1.5819584623285596
red_team,mini_phi_4_instruct,10.0,dataset_red_team_attack_default_attack_qwen25_14b_instruct_lm_target_mini_phi_4_instruct_judge_llama_guard_10_calibration_upb_unified_aht_v2,0.9,Soft-prefix,Soft-prefix + CRC,True,200.0,50,0.89885999917984,0.0010309073040251963,0.0010115887598146577,-0.0011400008201599698,163.48444671630858,0.23685999915003778,8.332440071670021,,9.09464413643281,0.96,1.0,0.0007312302812214108,0.0007166156758163289,5.88781097964519,1.4098257833403998,1.4116196365120144,1.5446562683268867
red_team,mini_phi_4_instruct,10.0,dataset_red_team_attack_default_attack_qwen25_14b_instruct_lm_target_mini_phi_4_instruct_judge_llama_guard_10_calibration_upb_unified_aht_v2,0.9,Static,Static,False,,50,0.8998999989032745,0.0007312302812214108,0.0007166156758163289,-0.00010000109672547719,163.71999267578124,0.23688666716217996,3.421096050978303,,5.88781097964519,1.0,,0.0007312302812214108,0.0007166156758163289,5.88781097964519,1.0,1.0,1.0
red_team,mini_phi_4_instruct,20.0,dataset_red_team_attack_default_attack_qwen25_14b_instruct_lm_target_mini_phi_4_instruct_judge_llama_guard_20_calibration_upb_unified_aht_v2,0.7,Endpoint/block,Endpoint/block,False,,50,0.6979666674137115,0.0005117292934591687,0.0005056291489964478,-0.002033332586288461,88.3672200012207,0.009386666635982645,15.56744201887416,,2.437651008285642,1.0,,0.0006348102704907599,0.0006290134447291111,6.635875017560794,0.8061137590977544,0.8038447400980443,0.36734432186181687
red_team,mini_phi_4_instruct,20.0,dataset_red_team_attack_default_attack_qwen25_14b_instruct_lm_target_mini_phi_4_instruct_judge_llm-judge_qwen25_14b_instruct_20_calibration_upb_unified_aht_v2,0.7,Endpoint/block,Endpoint/block,False,,50,0.7028199994564056,0.0003690848210494819,0.0003696555215626207,0.002819999456405653,151.95271362304686,0.3240466678142548,19.496687003241828,,2.597201686746696,0.98,,0.0004651961614855664,0.00047094662989327635,5.08196422585433,0.7933961017022138,0.7849201971068149,0.511062567802724
red_team,mini_phi_4_instruct,20.0,dataset_red_team_attack_default_attack_qwen25_14b_instruct_lm_target_mini_phi_4_instruct_judge_llama_guard_20_calibration_upb_unified_aht_v2,0.7,Endpoint/block,Endpoint/block + CRC,True,50.0,50,0.6979666662216186,0.0006387131408555712,0.0006300733242927662,-0.00203333377838133,88.26556701660157,0.009613333237357387,12.587982147060211,,3.5248116424707883,0.98,1.0,0.0006348102704907599,0.0006290134447291111,6.635875017560794,1.0061480895099477,1.0016849871374556,0.5311751100108021
red_team,mini_phi_4_instruct,20.0,dataset_red_team_attack_default_attack_qwen25_14b_instruct_lm_target_mini_phi_4_instruct_judge_llm-judge_qwen25_14b_instruct_20_calibration_upb_unified_aht_v2,0.7,Endpoint/block,Endpoint/block + CRC,True,50.0,50,0.7037599992752075,0.0005550023740176947,0.000558039921086902,0.0037599992752075373,152.08123992919923,0.3256933331489563,12.79268029244087,,4.693668096139593,1.0,1.0,0.0004651961614855664,0.00047094662989327635,5.08196422585433,1.1930502011137396,1.1849324013919844,0.9235932973043586
red_team,mini_phi_4_instruct,20.0,dataset_red_team_attack_default_attack_qwen25_14b_instruct_lm_target_mini_phi_4_instruct_judge_llama_guard_20_calibration_upb_unified_aht_v2,0.7,Endpoint/block,Endpoint/block + CRC,True,100.0,50,0.6973733353614807,0.0005255860592197335,0.0005219737051585864,-0.0026266646385192383,88.08316604614258,0.009213333297520826,15.958915794358823,,2.559049251783846,0.98,1.0,0.0006348102704907599,0.0006290134447291111,6.635875017560794,0.8279419594352385,0.8298291706362142,0.3856385548268656
red_team,mini_phi_4_instruct,20.0,dataset_red_team_attack_default_attack_qwen25_14b_instruct_lm_target_mini_phi_4_instruct_judge_llm-judge_qwen25_14b_instruct_20_calibration_upb_unified_aht_v2,0.7,Endpoint/block,Endpoint/block + CRC,True,100.0,50,0.7024666666984558,0.0005133240864642041,0.0005091420493361911,0.002466666698455855,151.89254699707033,0.32400666534900663,16.250377445190974,,3.7095925160167575,0.96,1.0,0.0004651961614855664,0.00047094662989327635,5.08196422585433,1.103457270208217,1.0811034988222985,0.7299525048099167
red_team,mini_phi_4_instruct,20.0,dataset_red_team_attack_default_attack_qwen25_14b_instruct_lm_target_mini_phi_4_instruct_judge_llama_guard_20_calibration_upb_unified_aht_v2,0.7,Endpoint/block,Endpoint/block + CRC,True,200.0,50,0.6972666645050049,0.00044465770338916836,0.0004432356722495851,-0.002733335494995104,88.08509338378906,0.009026666674762915,17.870035690626906,,2.306237544122614,0.86,1.0,0.0006348102704907599,0.0006290134447291111,6.635875017560794,0.700457639170538,0.7046521437081008,0.34754083493428084
red_team,mini_phi_4_instruct,20.0,dataset_red_team_attack_default_attack_qwen25_14b_instruct_lm_target_mini_phi_4_instruct_judge_llm-judge_qwen25_14b_instruct_20_calibration_upb_unified_aht_v2,0.7,Endpoint/block,Endpoint/block + CRC,True,200.0,50,0.703353328704834,0.0005066593584761411,0.0005077709847092823,0.0033533287048340688,152.0768209838867,0.32531333208084107,17.99401624359674,,3.624743010959485,0.96,1.0,0.0004651961614855664,0.00047094662989327635,5.08196422585433,1.0891305656051962,1.0781922036990708,0.713256302065001
red_team,mini_phi_4_instruct,20.0,dataset_red_team_attack_default_attack_qwen25_14b_instruct_lm_target_mini_phi_4_instruct_judge_llama_guard_20_calibration_upb_unified_aht_v2,0.7,Information-gain,Information-gain,False,50.0,50,0.7005266654491424,0.00041553789692824614,0.0004075045154850017,0.0005266654491424827,89.43365371704101,0.00991333335638041,20.062788299339736,,2.027453684030276,0.52,,0.0006348102704907599,0.0006290134447291111,6.635875017560794,0.6545859703986856,0.6478470673397073,0.30552921486087975
red_team,mini_phi_4_instruct,20.0,dataset_red_team_attack_default_attack_qwen25_14b_instruct_lm_target_mini_phi_4_instruct_judge_llm-judge_qwen25_14b_instruct_20_calibration_upb_unified_aht_v2,0.7,Information-gain,Information-gain,False,50.0,50,0.7022400033473969,0.0005791022368516599,0.0005725378071109761,0.002240003347396935,151.8479202270508,0.32371333211660386,20.159909678015097,,3.87298903954134,0.56,,0.0004651961614855664,0.00047094662989327635,5.08196422585433,1.2448560087046798,1.2157169640235495,0.7621047428546688
red_team,mini_phi_4_instruct,20.0,dataset_red_team_attack_default_attack_qwen25_14b_instruct_lm_target_mini_phi_4_instruct_judge_llama_guard_20_calibration_upb_unified_aht_v2,0.7,Information-gain,Information-gain,False,100.0,50,0.6985333347320557,0.0003771699649528111,0.00037177767266194893,-0.001466665267944256,88.66251342773438,0.008986666726414063,19.922583838821527,,1.8043363971032602,0.58,,0.0006348102704907599,0.0006290134447291111,6.635875017560794,0.5941459716164139,0.5910488492373284,0.27190632619336097
red_team,mini_phi_4_instruct,20.0,dataset_red_team_attack_default_attack_qwen25_14b_instruct_lm_target_mini_phi_4_instruct_judge_llm-judge_qwen25_14b_instruct_20_calibration_upb_unified_aht_v2,0.7,Information-gain,Information-gain,False,100.0,50,0.7029400038719177,0.00046150415335819523,0.00046091769305792266,0.002940003871917729,151.8736721801758,0.3240333342552185,20.200980085585535,,3.7038839591628756,0.46,,0.0004651961614855664,0.00047094662989327635,5.08196422585433,0.9920635455899269,0.9787047274600386,0.7288292074783771
red_team,mini_phi_4_instruct,20.0,dataset_red_team_attack_default_attack_qwen25_14b_instruct_lm_target_mini_phi_4_instruct_judge_llama_guard_20_calibration_upb_unified_aht_v2,0.7,Information-gain,Information-gain,False,200.0,50,0.7000600028038025,0.00033090577529346126,0.0003242912601240562,6.000280380258349e-05,89.19753997802735,0.00940666664857413,20.19220950166915,,1.847085110550763,0.46,,0.0006348102704907599,0.0006290134447291111,6.635875017560794,0.5212672048258518,0.5155553714177198,0.278348387464011
red_team,mini_phi_4_instruct,20.0,dataset_red_team_attack_default_attack_qwen25_14b_instruct_lm_target_mini_phi_4_instruct_judge_llm-judge_qwen25_14b_instruct_20_calibration_upb_unified_aht_v2,0.7,Information-gain,Information-gain,False,200.0,50,0.7045000004768371,0.0004366044309299363,0.00044812234660287267,0.004500000476837185,152.3282733154297,0.3265133363008499,20.028868513141948,,4.257005216665286,0.56,,0.0004651961614855664,0.00047094662989327635,5.08196422585433,0.9385383351738658,0.9515353081609778,0.8376692608357824
red_team,mini_phi_4_instruct,20.0,dataset_red_team_attack_default_attack_qwen25_14b_instruct_lm_target_mini_phi_4_instruct_judge_llama_guard_20_calibration_upb_unified_aht_v2,0.7,Information-gain,Information-gain + CRC,True,50.0,50,0.7000000011920929,0.0005921133377722826,0.0005802710710168384,1.1920929798847624e-09,89.3749267578125,0.010333333285525397,12.949270886220747,,4.123726849928613,1.0,1.0,0.0006348102704907599,0.0006290134447291111,6.635875017560794,0.9327406396788932,0.9225098062359162,0.621429252211023
red_team,mini_phi_4_instruct,20.0,dataset_red_team_attack_default_attack_qwen25_14b_instruct_lm_target_mini_phi_4_instruct_judge_llm-judge_qwen25_14b_instruct_20_calibration_upb_unified_aht_v2,0.7,Information-gain,Information-gain + CRC,True,50.0,50,0.7023800015449524,0.000754847869398607,0.0007454153193646109,0.002380001544952437,151.8051791381836,0.32435333490371704,12.885561725606864,,7.35056167532261,1.0,1.0,0.0004651961614855664,0.00047094662989327635,5.08196422585433,1.6226442346129024,1.5828021097285128,1.4464016960070012
red_team,mini_phi_4_instruct,20.0,dataset_red_team_attack_default_attack_qwen25_14b_instruct_lm_target_mini_phi_4_instruct_judge_llama_guard_20_calibration_upb_unified_aht_v2,0.7,Information-gain,Information-gain + CRC,True,100.0,50,0.7001266694068908,0.000538643683283995,0.0005278868547569573,0.00012666940689087802,89.27073348999023,0.010099999988451552,16.310061941859907,,2.8297165112683107,0.96,1.0,0.0006348102704907599,0.0006290134447291111,6.635875017560794,0.8485112927797778,0.8392298434643084,0.42642703543691124
red_team,mini_phi_4_instruct,20.0,dataset_red_team_attack_default_attack_qwen25_14b_instruct_lm_target_mini_phi_4_instruct_judge_llm-judge_qwen25_14b_instruct_20_calibration_upb_unified_aht_v2,0.7,Information-gain,Information-gain + CRC,True,100.0,50,0.7056533360481262,0.0006719002000506768,0.0006904224045227072,0.005653336048126234,152.54687957763673,0.32873999774456025,16.575244750579273,,5.161195853927872,0.98,1.0,0.0004651961614855664,0.00047094662989327635,5.08196422585433,1.444337369218649,1.4660310971524892,1.015590748882185
red_team,mini_phi_4_instruct,20.0,dataset_red_team_attack_default_attack_qwen25_14b_instruct_lm_target_mini_phi_4_instruct_judge_llama_guard_20_calibration_upb_unified_aht_v2,0.7,Information-gain,Information-gain + CRC,True,200.0,50,0.6976800000667572,0.0003810475635403051,0.00037880901195974545,-0.0023199999332427224,88.29002685546875,0.008766666720621243,18.6006500547085,,2.195251606347773,0.84,1.0,0.0006348102704907599,0.0006290134447291111,6.635875017560794,0.6002542511571598,0.602227210139971,0.3308156950723736
red_team,mini_phi_4_instruct,20.0,dataset_red_team_attack_default_attack_qwen25_14b_instruct_lm_target_mini_phi_4_instruct_judge_llm-judge_qwen25_14b_instruct_20_calibration_upb_unified_aht_v2,0.7,Information-gain,Information-gain + CRC,True,200.0,50,0.7027400028705597,0.0005205862768448942,0.0005176821670386717,0.0027400028705597546,151.91560638427734,0.3241866672039032,18.125050131424878,,5.468948248386587,0.96,1.0,0.0004651961614855664,0.00047094662989327635,5.08196422585433,1.119068298376418,1.0992374383398527,1.0761485137111924
red_team,mini_phi_4_instruct,20.0,dataset_red_team_attack_default_attack_qwen25_14b_instruct_lm_target_mini_phi_4_instruct_judge_llama_guard_20_calibration_upb_unified_aht_v2,0.7,Oracle,Oracle,False,,50,0.6991933381557465,0.00017645860401883462,0.00017358013526943235,-0.0008066618442534867,88.90962677001953,0.008453333294019053,68.42191999999999,,,,,0.0006348102704907599,0.0006290134447291111,6.635875017560794,0.27797061928821315,0.2759561607529483,
red_team,mini_phi_4_instruct,20.0,dataset_red_team_attack_default_attack_qwen25_14b_instruct_lm_target_mini_phi_4_instruct_judge_llm-judge_qwen25_14b_instruct_20_calibration_upb_unified_aht_v2,0.7,Oracle,Oracle,False,,50,0.7023466682434082,0.00016019024815896467,0.00016249329504040605,0.002346668243408234,151.9068862915039,0.3232266676425934,123.72231999999998,,,,,0.0004651961614855664,0.00047094662989327635,5.08196422585433,0.3443498924140088,0.34503547690155356,
red_team,mini_phi_4_instruct,20.0,dataset_red_team_attack_default_attack_qwen25_14b_instruct_lm_target_mini_phi_4_instruct_judge_llama_guard_20_calibration_upb_unified_aht_v2,0.7,Residual,Residual,False,50.0,50,0.6990533304214478,0.0003696342460853266,0.00036313774445457625,-0.0009466695785521617,88.89267990112305,0.009213333367370024,19.754824447562246,,2.1320342996609174,0.6,,0.0006348102704907599,0.0006290134447291111,6.635875017560794,0.5822751509668697,0.5773131679418458,0.32128909812478773
red_team,mini_phi_4_instruct,20.0,dataset_red_team_attack_default_attack_qwen25_14b_instruct_lm_target_mini_phi_4_instruct_judge_llm-judge_qwen25_14b_instruct_20_calibration_upb_unified_aht_v2,0.7,Residual,Residual,False,50.0,50,0.7054133319854736,0.0006334311709610158,0.000650066710726748,0.005413331985473668,152.51010131835938,0.32794666796922683,20.151003726837875,,5.043245305552977,0.54,,0.0004651961614855664,0.00047094662989327635,5.08196422585433,1.3616431591744103,1.380340508804709,0.9923811112041341
red_team,mini_phi_4_instruct,20.0,dataset_red_team_attack_default_attack_qwen25_14b_instruct_lm_target_mini_phi_4_instruct_judge_llama_guard_20_calibration_upb_unified_aht_v2,0.7,Residual,Residual,False,100.0,50,0.699646668434143,0.00029993837287547624,0.0002940644486133976,-0.00035333156585692915,89.15042007446289,0.009106666622683357,19.738681405887867,,2.012603758039498,0.58,,0.0006348102704907599,0.0006290134447291111,6.635875017560794,0.4724850665122345,0.46750105435351774,0.3032913900146492
red_team,mini_phi_4_instruct,20.0,dataset_red_team_attack_default_attack_qwen25_14b_instruct_lm_target_mini_phi_4_instruct_judge_llm-judge_qwen25_14b_instruct_20_calibration_upb_unified_aht_v2,0.7,Residual,Residual,False,100.0,50,0.7057799994945526,0.0004362522111489122,0.0004609355610829629,0.005779999494552657,152.61892028808595,0.3283266657590866,20.19118318689597,,4.576043797426164,0.5,,0.0004651961614855664,0.00047094662989327635,5.08196422585433,0.9377811926817623,0.9787426681180793,0.9004478571780745
red_team,mini_phi_4_instruct,20.0,dataset_red_team_attack_default_attack_qwen25_14b_instruct_lm_target_mini_phi_4_instruct_judge_llama_guard_20_calibration_upb_unified_aht_v2,0.7,Residual,Residual,False,200.0,50,0.6999600017070771,0.00030768990748668583,0.00030153770920038884,-3.99982929228937e-05,89.23527328491211,0.009326666668057391,20.070031358001394,,2.081939571021591,0.5,,0.0006348102704907599,0.0006290134447291111,6.635875017560794,0.4846958560528905,0.4793819778053363,0.3137400215513504
red_team,mini_phi_4_instruct,20.0,dataset_red_team_attack_default_attack_qwen25_14b_instruct_lm_target_mini_phi_4_instruct_judge_llm-judge_qwen25_14b_instruct_20_calibration_upb_unified_aht_v2,0.7,Residual,Residual,False,200.0,50,0.7040600013732911,0.0005045200019050617,0.0005109132130180857,0.0040600013732911,152.1128665161133,0.3256400001049042,20.01517302932333,,5.127722510626223,0.56,,0.0004651961614855664,0.00047094662989327635,5.08196422585433,1.0845317388129725,1.0848643574195793,1.0090040548768722
red_team,mini_phi_4_instruct,20.0,dataset_red_team_attack_default_attack_qwen25_14b_instruct_lm_target_mini_phi_4_instruct_judge_llama_guard_20_calibration_upb_unified_aht_v2,0.7,Residual,Residual + CRC,True,50.0,50,0.7005799973011017,0.0006854143322157136,0.0006720424424406843,0.0005799973011016979,89.61461349487304,0.010973333320580377,12.886039467521114,,3.9814143479768274,1.0,1.0,0.0006348102704907599,0.0006290134447291111,6.635875017560794,1.0797152536392214,1.0684071192311382,0.5999833235919368
red_team,mini_phi_4_instruct,20.0,dataset_red_team_attack_default_attack_qwen25_14b_instruct_lm_target_mini_phi_4_instruct_judge_llm-judge_qwen25_14b_instruct_20_calibration_upb_unified_aht_v2,0.7,Residual,Residual + CRC,True,50.0,50,0.7110199999809265,0.0008036478847598708,0.0009090153266442949,0.01101999998092651,153.609306640625,0.33645999878644944,12.872141221320874,,8.538775325639756,1.0,1.0,0.0004651961614855664,0.00047094662989327635,5.08196422585433,1.7275462510126613,1.9301875604254597,1.680211616248499
red_team,mini_phi_4_instruct,20.0,dataset_red_team_attack_default_attack_qwen25_14b_instruct_lm_target_mini_phi_4_instruct_judge_llama_guard_20_calibration_upb_unified_aht_v2,0.7,Residual,Residual + CRC,True,100.0,50,0.699559999704361,0.00041644654446174793,0.0004083112138326755,-0.0004400002956389537,89.10472045898437,0.009686666680499872,16.240180454393066,,2.802106193631841,0.96,1.0,0.0006348102704907599,0.0006290134447291111,6.635875017560794,0.656017339070146,0.6491295492237332,0.4222662702682781
red_team,mini_phi_4_instruct,20.0,dataset_red_team_attack_default_attack_qwen25_14b_instruct_lm_target_mini_phi_4_instruct_judge_llm-judge_qwen25_14b_instruct_20_calibration_upb_unified_aht_v2,0.7,Residual,Residual + CRC,True,100.0,50,0.7062466645240784,0.0005900263763653028,0.0006172466665143765,0.006246664524078405,152.65243225097657,0.32953333377838134,16.59405195648016,,6.412961003706259,0.98,1.0,0.0004651961614855664,0.00047094662989327635,5.08196422585433,1.2683388755425262,1.3106509895914404,1.2619059715297731
red_team,mini_phi_4_instruct,20.0,dataset_red_team_attack_default_attack_qwen25_14b_instruct_lm_target_mini_phi_4_instruct_judge_llama_guard_20_calibration_upb_unified_aht_v2,0.7,Residual,Residual + CRC,True,200.0,50,0.6975666654109954,0.00034186965864673266,0.0003409533826958435,-0.002433334589004521,88.30486679077148,0.008720000027678865,18.608380253322036,,2.32704944230777,0.9,1.0,0.0006348102704907599,0.0006290134447291111,6.635875017560794,0.5385383232417453,0.5420446662196186,0.3506771053025564
red_team,mini_phi_4_instruct,20.0,dataset_red_team_attack_default_attack_qwen25_14b_instruct_lm_target_mini_phi_4_instruct_judge_llm-judge_qwen25_14b_instruct_20_calibration_upb_unified_aht_v2,0.7,Residual,Residual + CRC,True,200.0,50,0.7055466675758362,0.0004777721611304684,0.0004989822391046919,0.005546667575836217,152.55927368164063,0.3279866671562195,18.125801980403494,,6.303367877358711,0.98,1.0,0.0004651961614855664,0.00047094662989327635,5.08196422585433,1.0270337562647585,1.059530331956657,1.240340859797975
red_team,mini_phi_4_instruct,20.0,dataset_red_team_attack_default_attack_qwen25_14b_instruct_lm_target_mini_phi_4_instruct_judge_llama_guard_20_calibration_upb_unified_aht_v2,0.7,Soft-prefix,Soft-prefix,False,50.0,50,0.6983066666126251,0.00039369087991574214,0.0003886844402782258,-0.0016933333873748735,88.60281311035156,0.009133333354257008,19.504088737802398,,1.8580119487428937,0.7,,0.0006348102704907599,0.0006290134447291111,6.635875017560794,0.6201709364459197,0.6179270785628682,0.27999501856589504
red_team,mini_phi_4_instruct,20.0,dataset_red_team_attack_default_attack_qwen25_14b_instruct_lm_target_mini_phi_4_instruct_judge_llm-judge_qwen25_14b_instruct_20_calibration_upb_unified_aht_v2,0.7,Soft-prefix,Soft-prefix,False,50.0,50,0.7022333347797394,0.0004710532696406344,0.00046661998848621545,0.0022333347797394154,151.80007354736327,0.3232133340835571,19.806832330662147,,3.7564203054469574,0.6,,0.0004651961614855664,0.00047094662989327635,5.08196422585433,1.0125906201297186,0.9908128838122456,0.7391670107271298
red_team,mini_phi_4_instruct,20.0,dataset_red_team_attack_default_attack_qwen25_14b_instruct_lm_target_mini_phi_4_instruct_judge_llama_guard_20_calibration_upb_unified_aht_v2,0.7,Soft-prefix,Soft-prefix,False,100.0,50,0.6978999996185302,0.0003726408112414639,0.00036959799661880744,-0.0021000003814697354,88.3370669555664,0.008866666629910418,19.71350172549867,,1.9011319606382266,0.62,,0.0006348102704907599,0.0006290134447291111,6.635875017560794,0.5870113143465406,0.5875836195806233,0.2864930330374188
red_team,mini_phi_4_instruct,20.0,dataset_red_team_attack_default_attack_qwen25_14b_instruct_lm_target_mini_phi_4_instruct_judge_llm-judge_qwen25_14b_instruct_20_calibration_upb_unified_aht_v2,0.7,Soft-prefix,Soft-prefix,False,100.0,50,0.7005600047111511,0.00039245993209641373,0.0003849243387309969,0.0005600047111511408,151.54884643554686,0.3214666670560837,19.886311956334136,,3.4161829768196244,0.58,,0.0004651961614855664,0.00047094662989327635,5.08196422585433,0.8436439605243615,0.8173417417133372,0.672217045417184
red_team,mini_phi_4_instruct,20.0,dataset_red_team_attack_default_attack_qwen25_14b_instruct_lm_target_mini_phi_4_instruct_judge_llama_guard_20_calibration_upb_unified_aht_v2,0.7,Soft-prefix,Soft-prefix,False,200.0,50,0.6991599953174591,0.0003732982896507908,0.0003665379317244656,-0.0008400046825408625,88.86435333251953,0.009419999965466502,20.05668537168921,,2.0931435308119815,0.54,,0.0006348102704907599,0.0006290134447291111,6.635875017560794,0.5880470228722054,0.5827187555304445,0.315428413777054
red_team,mini_phi_4_instruct,20.0,dataset_red_team_attack_default_attack_qwen25_14b_instruct_lm_target_mini_phi_4_instruct_judge_llm-judge_qwen25_14b_instruct_20_calibration_upb_unified_aht_v2,0.7,Soft-prefix,Soft-prefix,False,200.0,50,0.7018333375453949,0.0004208220366017419,0.00041576672242506175,0.0018333375453949419,151.72859283447266,0.32267999947071074,19.922216173722013,,4.120572825515874,0.56,,0.0004651961614855664,0.00047094662989327635,5.08196422585433,0.9046120141186906,0.882831930487072,0.8108228713127478
red_team,mini_phi_4_instruct,20.0,dataset_red_team_attack_default_attack_qwen25_14b_instruct_lm_target_mini_phi_4_instruct_judge_llama_guard_20_calibration_upb_unified_aht_v2,0.7,Soft-prefix,Soft-prefix + CRC,True,50.0,50,0.6993533301353455,0.0006846548537187835,0.0006713799385582602,-0.0006466698646544478,88.84459320068359,0.010473333396948831,12.901683814185066,,3.467146107598637,1.0,1.0,0.0006348102704907599,0.0006290134447291111,6.635875017560794,1.078518867045881,1.067353876430089,0.522485143017821
red_team,mini_phi_4_instruct,20.0,dataset_red_team_attack_default_attack_qwen25_14b_instruct_lm_target_mini_phi_4_instruct_judge_llm-judge_qwen25_14b_instruct_20_calibration_upb_unified_aht_v2,0.7,Soft-prefix,Soft-prefix + CRC,True,50.0,50,0.7033799993991852,0.0007311156052507882,0.0007279176890842653,0.0033799993991852073,151.99890106201173,0.3258400022983551,12.929498343781686,,6.872884821276211,0.98,1.0,0.0004651961614855664,0.00047094662989327635,5.08196422585433,1.5716286284822933,1.5456479415708366,1.3524071630238224
red_team,mini_phi_4_instruct,20.0,dataset_red_team_attack_default_attack_qwen25_14b_instruct_lm_target_mini_phi_4_instruct_judge_llama_guard_20_calibration_upb_unified_aht_v2,0.7,Soft-prefix,Soft-prefix + CRC,True,100.0,50,0.6981000053882599,0.00046406456326170874,0.00045839325152111576,-0.0018999946117400635,88.49416687011718,0.00921999992802735,16.31122268933005,,2.5623388578519872,0.96,1.0,0.0006348102704907599,0.0006290134447291111,6.635875017560794,0.7310287574631538,0.7287495289047851,0.38613428539132555
red_team,mini_phi_4_instruct,20.0,dataset_red_team_attack_default_attack_qwen25_14b_instruct_lm_target_mini_phi_4_instruct_judge_llm-judge_qwen25_14b_instruct_20_calibration_upb_unified_aht_v2,0.7,Soft-prefix,Soft-prefix + CRC,True,100.0,50,0.7005400013923645,0.0007074189821227141,0.0006935622039840155,0.0005400013923645419,151.401533203125,0.32169999957084655,16.584010693596184,,5.187011683951213,0.98,1.0,0.0004651961614855664,0.00047094662989327635,5.08196422585433,1.5206896373857184,1.472698093499867,1.0206706410018507
red_team,mini_phi_4_instruct,20.0,dataset_red_team_attack_default_attack_qwen25_14b_instruct_lm_target_mini_phi_4_instruct_judge_llama_guard_20_calibration_upb_unified_aht_v2,0.7,Soft-prefix,Soft-prefix + CRC,True,200.0,50,0.6972266626358032,0.0004646460575641561,0.0004630445365485227,-0.002773337364196715,88.06922653198242,0.009040000028908212,18.638998675560135,,2.3081132029403126,0.84,1.0,0.0006348102704907599,0.0006290134447291111,6.635875017560794,0.7319447702144879,0.7361441006208317,0.3478234892658852
red_team,mini_phi_4_instruct,20.0,dataset_red_team_attack_default_attack_qwen25_14b_instruct_lm_target_mini_phi_4_instruct_judge_llm-judge_qwen25_14b_instruct_20_calibration_upb_unified_aht_v2,0.7,Soft-prefix,Soft-prefix + CRC,True,200.0,50,0.7014600002765655,0.0006040132102390158,0.0005940645468418069,0.001460000276565565,151.5958401489258,0.3228600001335144,18.143667901735874,,5.183430367131093,0.96,1.0,0.0004651961614855664,0.00047094662989327635,5.08196422585433,1.2984054045290234,1.261426474113279,1.01996592985849
red_team,mini_phi_4_instruct,20.0,dataset_red_team_attack_default_attack_qwen25_14b_instruct_lm_target_mini_phi_4_instruct_judge_llama_guard_20_calibration_upb_unified_aht_v2,0.7,Static,Static,False,,50,0.702626667022705,0.0006348102704907599,0.0006290134447291111,0.002626667022705087,90.43151992797851,0.011379999902564981,6.842192101956606,,6.635875017560794,1.0,,0.0006348102704907599,0.0006290134447291111,6.635875017560794,1.0,1.0,1.0
red_team,mini_phi_4_instruct,20.0,dataset_red_team_attack_default_attack_qwen25_14b_instruct_lm_target_mini_phi_4_instruct_judge_llm-judge_qwen25_14b_instruct_20_calibration_upb_unified_aht_v2,0.7,Static,Static,False,,50,0.6961200010776519,0.0004651961614855664,0.00047094662989327635,-0.003879998922348027,150.55396697998046,0.31567333221435545,12.372232184360623,,5.08196422585433,1.0,,0.0004651961614855664,0.00047094662989327635,5.08196422585433,1.0,1.0,1.0
red_team,mini_phi_4_instruct,20.0,dataset_red_team_attack_default_attack_qwen25_14b_instruct_lm_target_mini_phi_4_instruct_judge_llama_guard_20_calibration_upb_unified_aht_v2,0.8,Endpoint/block,Endpoint/block,False,,50,0.7988866674900055,0.00026133170676913975,0.0002573445819115677,-0.001113332509994569,128.49974044799805,0.0792866668105125,14.951514748274123,,1.892525184483334,1.0,,0.0005340191640770538,0.0005240332239154099,4.948007677500572,0.4893676563476889,0.4910844774092198,0.3824822651526929
red_team,mini_phi_4_instruct,20.0,dataset_red_team_attack_default_attack_qwen25_14b_instruct_lm_target_mini_phi_4_instruct_judge_llm-judge_qwen25_14b_instruct_20_calibration_upb_unified_aht_v2,0.8,Endpoint/block,Endpoint/block,False,,50,0.8002866661548614,0.00023839918345736936,0.000233713377272565,0.00028666615486139246,171.03045288085937,0.47413333535194396,19.179667238227154,,1.3527492898829427,1.0,,0.00033772034516712867,0.00040515547626309074,3.8368027913871328,0.7059070822025604,0.5768486197649256,0.35257201462624005
red_team,mini_phi_4_instruct,20.0,dataset_red_team_attack_default_attack_qwen25_14b_instruct_lm_target_mini_phi_4_instruct_judge_llama_guard_20_calibration_upb_unified_aht_v2,0.8,Endpoint/block,Endpoint/block + CRC,True,50.0,50,0.7981933331489564,0.00038238136554564545,0.0003779977833453928,-0.0018066668510436923,128.14339370727538,0.078953333646059,12.57558035926152,,2.6105556210791065,1.0,1.0,0.0005340191640770538,0.0005240332239154099,4.948007677500572,0.7160442756890866,0.7213240804106148,0.5275973262834139
red_team,mini_phi_4_instruct,20.0,dataset_red_team_attack_default_attack_qwen25_14b_instruct_lm_target_mini_phi_4_instruct_judge_llm-judge_qwen25_14b_instruct_20_calibration_upb_unified_aht_v2,0.8,Endpoint/block,Endpoint/block + CRC,True,50.0,50,0.7991266679763794,0.0003185572924751434,0.00031294885544912187,-0.0008733320236206099,170.8433465576172,0.47256666541099546,13.620204866028846,,2.4209986929458998,0.94,1.0,0.00033772034516712867,0.00040515547626309074,3.8368027913871328,0.9432576302665391,0.7724166987339601,0.6309937790862135
red_team,mini_phi_4_instruct,20.0,dataset_red_team_attack_default_attack_qwen25_14b_instruct_lm_target_mini_phi_4_instruct_judge_llama_guard_20_calibration_upb_unified_aht_v2,0.8,Endpoint/block,Endpoint/block + CRC,True,100.0,50,0.7982466685771942,0.00027560914518073593,0.00027317113335531947,-0.0017533314228058705,128.2786474609375,0.07861333325505253,15.952312565573138,,1.8874537488934842,0.98,1.0,0.0005340191640770538,0.0005240332239154099,4.948007677500572,0.5161034729101374,0.5212859049551696,0.38145732018081857
red_team,mini_phi_4_instruct,20.0,dataset_red_team_attack_default_attack_qwen25_14b_instruct_lm_target_mini_phi_4_instruct_judge_llm-judge_qwen25_14b_instruct_20_calibration_upb_unified_aht_v2,0.8,Endpoint/block,Endpoint/block + CRC,True,100.0,50,0.7984666669368744,0.00036338320270009743,0.0003584666489285696,-0.0015333330631256414,170.6980322265625,0.47128000259399416,16.660901290186203,,1.993249013848905,0.9,1.0,0.00033772034516712867,0.00040515547626309074,3.8368027913871328,1.0759884854442776,0.8847631833459326,0.5195078095552257
red_team,mini_phi_4_instruct,20.0,dataset_red_team_attack_default_attack_qwen25_14b_instruct_lm_target_mini_phi_4_instruct_judge_llama_guard_20_calibration_upb_unified_aht_v2,0.8,Endpoint/block,Endpoint/block + CRC,True,200.0,50,0.7988333332538605,0.00023791953593459283,0.00023452225651244884,-0.001166666746139522,128.44705322265625,0.0792733339965343,17.889680963432355,,1.6936916662398491,0.88,1.0,0.0005340191640770538,0.0005240332239154099,4.948007677500572,0.44552621317586905,0.44753318264855996,0.3422977037690042
red_team,mini_phi_4_instruct,20.0,dataset_red_team_attack_default_attack_qwen25_14b_instruct_lm_target_mini_phi_4_instruct_judge_llm-judge_qwen25_14b_instruct_20_calibration_upb_unified_aht_v2,0.8,Endpoint/block,Endpoint/block + CRC,True,200.0,50,0.8000799965858459,0.0002646466010216966,0.00025936006845500966,7.999658584589842e-05,171.03171936035156,0.4737800008058548,18.168648229614167,,1.8607163801428908,0.88,1.0,0.00033772034516712867,0.00040515547626309074,3.8368027913871328,0.7836264673090102,0.6401494824830956,0.48496534258154544
red_team,mini_phi_4_instruct,20.0,dataset_red_team_attack_default_attack_qwen25_14b_instruct_lm_target_mini_phi_4_instruct_judge_llama_guard_20_calibration_upb_unified_aht_v2,0.8,Information-gain,Information-gain,False,50.0,50,0.7971066653728485,0.0004043965469201335,0.00040468000124640487,-0.002893334627151578,127.83576766967774,0.07799333378672596,20.141291874963215,,3.391559564469034,0.48,,0.0005340191640770538,0.0005240332239154099,4.948007677500572,0.757269727611841,0.7722411152154903,0.6854394304784589
red_team,mini_phi_4_instruct,20.0,dataset_red_team_attack_default_attack_qwen25_14b_instruct_lm_target_mini_phi_4_instruct_judge_llm-judge_qwen25_14b_instruct_20_calibration_upb_unified_aht_v2,0.8,Information-gain,Information-gain,False,50.0,50,0.7988933336734771,0.00037884093267367877,0.00037248882437846494,-0.0011066663265228982,170.85443267822265,0.47282000303268434,19.023527647083906,,2.9059870482731585,0.8,,0.00033772034516712867,0.00040515547626309074,3.8368027913871328,1.1217592842569215,0.9193725525175588,0.7573980749796491
red_team,mini_phi_4_instruct,20.0,dataset_red_team_attack_default_attack_qwen25_14b_instruct_lm_target_mini_phi_4_instruct_judge_llama_guard_20_calibration_upb_unified_aht_v2,0.8,Information-gain,Information-gain,False,100.0,50,0.8005666673183441,0.0005690259659579242,0.0005579665584884452,0.000566667318344094,128.8790934753418,0.0821599997580051,19.95042587186176,,3.009318909601023,0.64,,0.0005340191640770538,0.0005240332239154099,4.948007677500572,1.0655534561973499,1.0647541663856657,0.6081880032815845
red_team,mini_phi_4_instruct,20.0,dataset_red_team_attack_default_attack_qwen25_14b_instruct_lm_target_mini_phi_4_instruct_judge_llm-judge_qwen25_14b_instruct_20_calibration_upb_unified_aht_v2,0.8,Information-gain,Information-gain,False,100.0,50,0.7996666669845581,0.0003176645262931404,0.00031142234666646116,-0.00033333301544191674,170.97225952148438,0.4740133363008499,19.440998842416036,,2.644145924822214,0.74,,0.00033772034516712867,0.00040515547626309074,3.8368027913871328,0.9406141230133377,0.7686489876400849,0.6891534615117048
red_team,mini_phi_4_instruct,20.0,dataset_red_team_attack_default_attack_qwen25_14b_instruct_lm_target_mini_phi_4_instruct_judge_llama_guard_20_calibration_upb_unified_aht_v2,0.8,Information-gain,Information-gain,False,200.0,50,0.7998333346843719,0.0002788402206106002,0.00027329119352582156,-0.00016666531562814502,128.75979217529297,0.08039333373308176,20.322224185703327,,2.8268385705446355,0.5,,0.0005340191640770538,0.0005240332239154099,4.948007677500572,0.5221539588237816,0.5215150128915043,0.5713084446895159
red_team,mini_phi_4_instruct,20.0,dataset_red_team_attack_default_attack_qwen25_14b_instruct_lm_target_mini_phi_4_instruct_judge_llm-judge_qwen25_14b_instruct_20_calibration_upb_unified_aht_v2,0.8,Information-gain,Information-gain,False,200.0,50,0.8025466680526734,0.0003420350646834436,0.00034167988156028154,0.00254666805267334,171.45299224853517,0.4785066640377045,19.772181766103508,,2.9348062381944606,0.62,,0.00033772034516712867,0.00040515547626309074,3.8368027913871328,1.0127760129884378,0.8433302807893164,0.7649093262709574
red_team,mini_phi_4_instruct,20.0,dataset_red_team_attack_default_attack_qwen25_14b_instruct_lm_target_mini_phi_4_instruct_judge_llama_guard_20_calibration_upb_unified_aht_v2,0.8,Information-gain,Information-gain + CRC,True,50.0,50,0.7967533326148987,0.0009823300821084598,0.0009732243295757715,-0.003246667385101376,127.46410720825196,0.07987333394587036,12.917120734471675,,6.020898272102369,0.98,1.0,0.0005340191640770538,0.0005240332239154099,4.948007677500572,1.839503426447668,1.8571805854295806,1.2168328475884167
red_team,mini_phi_4_instruct,20.0,dataset_red_team_attack_default_attack_qwen25_14b_instruct_lm_target_mini_phi_4_instruct_judge_llm-judge_qwen25_14b_instruct_20_calibration_upb_unified_aht_v2,0.8,Information-gain,Information-gain + CRC,True,50.0,50,0.7992133283615113,0.00045814854767342556,0.00044960442898675984,-0.0007866716384887784,170.82885955810548,0.4731066656112671,12.744338752948325,,5.532102158778571,0.98,1.0,0.00033772034516712867,0.00040515547626309074,3.8368027913871328,1.3565914942041772,1.1097083843803357,1.4418520991480333
red_team,mini_phi_4_instruct,20.0,dataset_red_team_attack_default_attack_qwen25_14b_instruct_lm_target_mini_phi_4_instruct_judge_llama_guard_20_calibration_upb_unified_aht_v2,0.8,Information-gain,Information-gain + CRC,True,100.0,50,0.7955599987506866,0.00048291339085864283,0.0004929687341353744,-0.00444000124931343,127.2437272644043,0.07667333390563723,16.413455165788594,,4.400347698270429,0.96,1.0,0.0005340191640770538,0.0005240332239154099,4.948007677500572,0.9042997393047923,0.9407203811469597,0.8893170716528098
red_team,mini_phi_4_instruct,20.0,dataset_red_team_attack_default_attack_qwen25_14b_instruct_lm_target_mini_phi_4_instruct_judge_llm-judge_qwen25_14b_instruct_20_calibration_upb_unified_aht_v2,0.8,Information-gain,Information-gain + CRC,True,100.0,50,0.7991066682338714,0.0004697207689874456,0.00046112439525207097,-0.0008933317661286022,170.83251403808595,0.4731066644191742,16.572105430469474,,3.845251941201726,1.0,1.0,0.00033772034516712867,0.00040515547626309074,3.8368027913871328,1.390857186157954,1.138141830156669,1.002202132940885
red_team,mini_phi_4_instruct,20.0,dataset_red_team_attack_default_attack_qwen25_14b_instruct_lm_target_mini_phi_4_instruct_judge_llama_guard_20_calibration_upb_unified_aht_v2,0.8,Information-gain,Information-gain + CRC,True,200.0,50,0.7992866659164428,0.0006358640115928555,0.0006236555768757627,-0.0007133340835572266,128.328819732666,0.08076666660606857,18.720720249857887,,3.4641004220658362,0.8,1.0,0.0005340191640770538,0.0005240332239154099,4.948007677500572,1.1907138439344593,1.1901069405790843,0.7001000499287192
red_team,mini_phi_4_instruct,20.0,dataset_red_team_attack_default_attack_qwen25_14b_instruct_lm_target_mini_phi_4_instruct_judge_llm-judge_qwen25_14b_instruct_20_calibration_upb_unified_aht_v2,0.8,Information-gain,Information-gain + CRC,True,200.0,50,0.8017066645622254,0.0003860617950461726,0.00038125326307320495,0.0017066645622253462,171.28516632080078,0.4772733336687088,18.322753564605378,,3.611926624926525,0.98,1.0,0.00033772034516712867,0.00040515547626309074,3.8368027913871328,1.1431404727930177,0.941004837426004,0.9413896990052733
red_team,mini_phi_4_instruct,20.0,dataset_red_team_attack_default_attack_qwen25_14b_instruct_lm_target_mini_phi_4_instruct_judge_llama_guard_20_calibration_upb_unified_aht_v2,0.8,Oracle,Oracle,False,,50,0.8000199985504151,9.27320186000211e-05,9.087777817003938e-05,1.9998550415012417e-05,128.8823727416992,0.08015333339571948,68.42191999999999,,,,,0.0005340191640770538,0.0005240332239154099,4.948007677500572,0.1736492336567921,0.1734198787836952,
red_team,mini_phi_4_instruct,20.0,dataset_red_team_attack_default_attack_qwen25_14b_instruct_lm_target_mini_phi_4_instruct_judge_llm-judge_qwen25_14b_instruct_20_calibration_upb_unified_aht_v2,0.8,Oracle,Oracle,False,,50,0.8009600007534027,0.00014263319707043742,0.00014070213457556226,0.0009600007534026345,171.19103454589845,0.47514000058174133,123.72231999999998,,,,,0.00033772034516712867,0.00040515547626309074,3.8368027913871328,0.4223411444159578,0.3472793601935576,
red_team,mini_phi_4_instruct,20.0,dataset_red_team_attack_default_attack_qwen25_14b_instruct_lm_target_mini_phi_4_instruct_judge_llama_guard_20_calibration_upb_unified_aht_v2,0.8,Residual,Residual,False,50.0,50,0.7996466624736785,0.0004331583025197252,0.0004246199838768377,-0.0003533375263214955,128.59921951293944,0.08065333344042297,19.624763760818155,,5.8574951303749545,0.64,,0.0005340191640770538,0.0005240332239154099,4.948007677500572,0.8111287602727768,0.8102921045811027,1.1838088200650894
red_team,mini_phi_4_instruct,20.0,dataset_red_team_attack_default_attack_qwen25_14b_instruct_lm_target_mini_phi_4_instruct_judge_llm-judge_qwen25_14b_instruct_20_calibration_upb_unified_aht_v2,0.8,Residual,Residual,False,50.0,50,0.7973333394527435,0.0005422947786792253,0.0005385599615799351,-0.0026666605472565053,170.4844534301758,0.46995999813079836,18.925919014645263,,4.26347878726501,0.76,,0.00033772034516712867,0.00040515547626309074,3.8368027913871328,1.605750990248628,1.3292673877872434,1.1112061315310968
red_team,mini_phi_4_instruct,20.0,dataset_red_team_attack_default_attack_qwen25_14b_instruct_lm_target_mini_phi_4_instruct_judge_llama_guard_20_calibration_upb_unified_aht_v2,0.8,Residual,Residual,False,100.0,50,0.8030866658687592,0.00035585411851266443,0.0003582645423277737,0.003086665868759164,129.76328002929688,0.08411999993026253,19.742993600963477,,5.0496803981946785,0.62,,0.0005340191640770538,0.0005240332239154099,4.948007677500572,0.6663695658332557,0.6836676110933096,1.0205482140127693
red_team,mini_phi_4_instruct,20.0,dataset_red_team_attack_default_attack_qwen25_14b_instruct_lm_target_mini_phi_4_instruct_judge_llm-judge_qwen25_14b_instruct_20_calibration_upb_unified_aht_v2,0.8,Residual,Residual,False,100.0,50,0.7973933303356171,0.00037802570598139795,0.00037725991860098446,-0.0026066696643829435,170.57623992919923,0.4702133357524872,19.416958014394716,,3.502220736996158,0.74,,0.00033772034516712867,0.00040515547626309074,3.8368027913871328,1.1193453737420624,0.9311485113828448,0.912796650601369
red_team,mini_phi_4_instruct,20.0,dataset_red_team_attack_default_attack_qwen25_14b_instruct_lm_target_mini_phi_4_instruct_judge_llama_guard_20_calibration_upb_unified_aht_v2,0.8,Residual,Residual,False,200.0,50,0.8033999979496003,0.00022383214565652063,0.00023091548880067558,0.0033999979496002197,129.9671725463867,0.08423333331942555,20.197128797455047,,4.622514517114205,0.5,,0.0005340191640770538,0.0005240332239154099,4.948007677500572,0.41914627922271314,0.4406504745545489,0.9342173291552397
red_team,mini_phi_4_instruct,20.0,dataset_red_team_attack_default_attack_qwen25_14b_instruct_lm_target_mini_phi_4_instruct_judge_llm-judge_qwen25_14b_instruct_20_calibration_upb_unified_aht_v2,0.8,Residual,Residual,False,200.0,50,0.7997466659545899,0.00032339490353980197,0.00031699118360756977,-0.00025333404541016957,170.98312591552735,0.4739199984073639,19.752421549804694,,3.8180758827939223,0.62,,0.00033772034516712867,0.00040515547626309074,3.8368027913871328,0.9575819407023364,0.7823939257376079,0.9951191370494077
red_team,mini_phi_4_instruct,20.0,dataset_red_team_attack_default_attack_qwen25_14b_instruct_lm_target_mini_phi_4_instruct_judge_llama_guard_20_calibration_upb_unified_aht_v2,0.8,Residual,Residual + CRC,True,50.0,50,0.7966533315181732,0.0010321132087150033,0.001022671134467956,-0.0033466684818268533,127.27789321899414,0.07947999975644049,12.79981264588835,,9.695190776939482,0.98,1.0,0.0005340191640770538,0.0005240332239154099,4.948007677500572,1.9327269097145723,1.9515387341796422,1.9594130423493794
red_team,mini_phi_4_instruct,20.0,dataset_red_team_attack_default_attack_qwen25_14b_instruct_lm_target_mini_phi_4_instruct_judge_llm-judge_qwen25_14b_instruct_20_calibration_upb_unified_aht_v2,0.8,Residual,Residual + CRC,True,50.0,50,0.7974866652488708,0.000749597174577915,0.0007409220826575906,-0.002513334751129248,170.52248626708985,0.47067333459854127,12.772830778358246,,7.770058632176366,0.98,1.0,0.00033772034516712867,0.00040515547626309074,3.8368027913871328,2.219579558367914,1.828735204300848,2.025138912434754
red_team,mini_phi_4_instruct,20.0,dataset_red_team_attack_default_attack_qwen25_14b_instruct_lm_target_mini_phi_4_instruct_judge_llama_guard_20_calibration_upb_unified_aht_v2,0.8,Residual,Residual + CRC,True,100.0,50,0.7975133347511292,0.0006672252625667031,0.0006600642613753113,-0.0024866652488708674,127.8220198059082,0.07908000003546473,16.340823152933922,,6.730517226619315,0.94,1.0,0.0005340191640770538,0.0005240332239154099,4.948007677500572,1.2494406707666936,1.259584757705858,1.3602479351889682
red_team,mini_phi_4_instruct,20.0,dataset_red_team_attack_default_attack_qwen25_14b_instruct_lm_target_mini_phi_4_instruct_judge_llm-judge_qwen25_14b_instruct_20_calibration_upb_unified_aht_v2,0.8,Residual,Residual + CRC,True,100.0,50,0.7960999989509583,0.0005770667754628839,0.0005807354481361532,-0.003900001049041757,170.324287109375,0.46836666762828827,16.6286429538722,,5.2672011005056785,0.98,1.0,0.00033772034516712867,0.00040515547626309074,3.8368027913871328,1.70871190830185,1.4333644296073842,1.3728099636315707
red_team,mini_phi_4_instruct,20.0,dataset_red_team_attack_default_attack_qwen25_14b_instruct_lm_target_mini_phi_4_instruct_judge_llama_guard_20_calibration_upb_unified_aht_v2,0.8,Residual,Residual + CRC,True,200.0,50,0.8024133348464966,0.0004022021578986003,0.00039998229982194267,0.0024133348464965287,129.64535415649414,0.08380666621029373,18.739037963183208,,5.441689798938017,0.82,1.0,0.0005340191640770538,0.0005240332239154099,4.948007677500572,0.7531605323448026,0.763276604550761,1.099773919851075
red_team,mini_phi_4_instruct,20.0,dataset_red_team_attack_default_attack_qwen25_14b_instruct_lm_target_mini_phi_4_instruct_judge_llm-judge_qwen25_14b_instruct_20_calibration_upb_unified_aht_v2,0.8,Residual,Residual + CRC,True,200.0,50,0.7995533323287964,0.0004120751575188986,0.00040403316637701897,-0.0004466676712036044,170.95994049072266,0.4737400007247925,18.31958336441951,,4.444306541332581,0.96,1.0,0.00033772034516712867,0.00040515547626309074,3.8368027913871328,1.2201668138026265,0.9972299278873797,1.1583359330610306
red_team,mini_phi_4_instruct,20.0,dataset_red_team_attack_default_attack_qwen25_14b_instruct_lm_target_mini_phi_4_instruct_judge_llama_guard_20_calibration_upb_unified_aht_v2,0.8,Soft-prefix,Soft-prefix,False,50.0,50,0.7999466669559478,0.000554305531891887,0.0005432222656676373,-5.333304405219508e-05,128.73616668701172,0.08125333342701191,19.11332818151947,,3.71494961527329,0.72,,0.0005340191640770538,0.0005240332239154099,4.948007677500572,1.0379880895283866,1.0366179869452798,0.7507970596257953
red_team,mini_phi_4_instruct,20.0,dataset_red_team_attack_default_attack_qwen25_14b_instruct_lm_target_mini_phi_4_instruct_judge_llm-judge_qwen25_14b_instruct_20_calibration_upb_unified_aht_v2,0.8,Soft-prefix,Soft-prefix,False,50.0,50,0.8015066659450532,0.00039654081673226637,0.0003908800426676037,0.0015066659450531095,171.1921536254883,0.4763266682624817,18.688058899537385,,2.8063734478221334,0.78,,0.00033772034516712867,0.00040515547626309074,3.8368027913871328,1.1741691680909216,0.9647655420404161,0.7314354165196839
red_team,mini_phi_4_instruct,20.0,dataset_red_team_attack_default_attack_qwen25_14b_instruct_lm_target_mini_phi_4_instruct_judge_llama_guard_20_calibration_upb_unified_aht_v2,0.8,Soft-prefix,Soft-prefix,False,100.0,50,0.7987733340263367,0.0003332626930445577,0.00032810214859460985,-0.0012266659736633878,128.46585327148438,0.07991333328187462,19.555424296682798,,3.1652596197335674,0.64,,0.0005340191640770538,0.0005240332239154099,4.948007677500572,0.6240650438463874,0.6261094404342052,0.6397038618445438
red_team,mini_phi_4_instruct,20.0,dataset_red_team_attack_default_attack_qwen25_14b_instruct_lm_target_mini_phi_4_instruct_judge_llm-judge_qwen25_14b_instruct_20_calibration_upb_unified_aht_v2,0.8,Soft-prefix,Soft-prefix,False,100.0,50,0.7995533347129822,0.0003460935438817953,0.00033937118288278616,-0.0004466652870178667,170.91834686279296,0.47362000167369844,19.196446541128946,,2.7027771802318146,0.74,,0.00033772034516712867,0.00040515547626309074,3.8368027913871328,1.024793290764058,0.8376319777605892,0.7044347408991198
red_team,mini_phi_4_instruct,20.0,dataset_red_team_attack_default_attack_qwen25_14b_instruct_lm_target_mini_phi_4_instruct_judge_llama_guard_20_calibration_upb_unified_aht_v2,0.8,Soft-prefix,Soft-prefix,False,200.0,50,0.8015466666221619,0.0002738402477091522,0.0002707556203950786,0.001546666622161852,129.39843307495119,0.08242666698992249,20.09427291261197,,2.943757146543523,0.58,,0.0005340191640770538,0.0005240332239154099,4.948007677500572,0.512791049704051,0.5166764396579258,0.5949378696256444
red_team,mini_phi_4_instruct,20.0,dataset_red_team_attack_default_attack_qwen25_14b_instruct_lm_target_mini_phi_4_instruct_judge_llm-judge_qwen25_14b_instruct_20_calibration_upb_unified_aht_v2,0.8,Soft-prefix,Soft-prefix,False,200.0,50,0.7974866640567779,0.00035339337250480225,0.0003526423626181983,-0.002513335943222117,170.61017364501953,0.47035333395004275,19.66620004294254,,3.243236692001479,0.66,,0.00033772034516712867,0.00040515547626309074,3.8368027913871328,1.0464083007196898,0.870387748107858,0.8452966879824804
red_team,mini_phi_4_instruct,20.0,dataset_red_team_attack_default_attack_qwen25_14b_instruct_lm_target_mini_phi_4_instruct_judge_llama_guard_20_calibration_upb_unified_aht_v2,0.8,Soft-prefix,Soft-prefix + CRC,True,50.0,50,0.8011199963092804,0.000872738139383098,0.0008565377683282377,0.001119996309280391,128.9880465698242,0.08410000033676619,12.606663758323098,,6.566297710131834,0.98,1.0,0.0005340191640770538,0.0005240332239154099,4.948007677500572,1.6342824342108637,1.6345104265116235,1.327058917064721
red_team,mini_phi_4_instruct,20.0,dataset_red_team_attack_default_attack_qwen25_14b_instruct_lm_target_mini_phi_4_instruct_judge_llm-judge_qwen25_14b_instruct_20_calibration_upb_unified_aht_v2,0.8,Soft-prefix,Soft-prefix + CRC,True,50.0,50,0.8021933352947235,0.000492281568797377,0.00048724665713650937,0.002193335294723431,171.44194702148437,0.4783666658401489,12.589871230605421,,5.104474570557821,0.98,1.0,0.00033772034516712867,0.00040515547626309074,3.8368027913871328,1.457660386299085,1.2026164909100527,1.3303979506104306
red_team,mini_phi_4_instruct,20.0,dataset_red_team_attack_default_attack_qwen25_14b_instruct_lm_target_mini_phi_4_instruct_judge_llama_guard_20_calibration_upb_unified_aht_v2,0.8,Soft-prefix,Soft-prefix + CRC,True,100.0,50,0.8030200004577637,0.0007145957772840868,0.0007094242645032975,0.0030200004577636275,129.79654724121093,0.0853866663947701,16.132966188401877,,4.548620013528186,0.94,1.0,0.0005340191640770538,0.0005240332239154099,4.948007677500572,1.3381463163763494,1.353777264736584,0.9192831357581621
red_team,mini_phi_4_instruct,20.0,dataset_red_team_attack_default_attack_qwen25_14b_instruct_lm_target_mini_phi_4_instruct_judge_llm-judge_qwen25_14b_instruct_20_calibration_upb_unified_aht_v2,0.8,Soft-prefix,Soft-prefix + CRC,True,100.0,50,0.8009466648101806,0.0003716160828691455,0.00036507993547459696,0.0009466648101805752,171.161240234375,0.47586666882038114,16.52237718368903,,3.6231561065641857,0.98,1.0,0.00033772034516712867,0.00040515547626309074,3.8368027913871328,1.1003662888158032,0.9010860197222894,0.9443164800383951
red_team,mini_phi_4_instruct,20.0,dataset_red_team_attack_default_attack_qwen25_14b_instruct_lm_target_mini_phi_4_instruct_judge_llama_guard_20_calibration_upb_unified_aht_v2,0.8,Soft-prefix,Soft-prefix + CRC,True,200.0,50,0.7990800034999848,0.000390029841005693,0.0003830756377456198,-0.0009199965000152854,128.55518600463867,0.08034666698426005,18.785994547031166,,3.6183825184009266,0.84,1.0,0.0005340191640770538,0.0005240332239154099,4.948007677500572,0.7303667494401297,0.7310140278576237,0.7312807000794126
red_team,mini_phi_4_instruct,20.0,dataset_red_team_attack_default_attack_qwen25_14b_instruct_lm_target_mini_phi_4_instruct_judge_llm-judge_qwen25_14b_instruct_20_calibration_upb_unified_aht_v2,0.8,Soft-prefix,Soft-prefix + CRC,True,200.0,50,0.7988933324813843,0.000440637130441594,0.00043304910082952135,-0.001106667518615767,170.7849868774414,0.4726666682958603,18.269912740020587,,3.9386968583227775,0.92,1.0,0.00033772034516712867,0.00040515547626309074,3.8368027913871328,1.3047396662571058,1.0688467173730554,1.0265570248135705
red_team,mini_phi_4_instruct,20.0,dataset_red_team_attack_default_attack_qwen25_14b_instruct_lm_target_mini_phi_4_instruct_judge_llama_guard_20_calibration_upb_unified_aht_v2,0.8,Static,Static,False,,50,0.8008333325386048,0.0005340191640770538,0.0005240332239154099,0.0008333325386047363,129.02347930908203,0.0822533335536718,6.842192101956606,,4.948007677500572,1.0,,0.0005340191640770538,0.0005240332239154099,4.948007677500572,1.0,1.0,1.0
red_team,mini_phi_4_instruct,20.0,dataset_red_team_attack_default_attack_qwen25_14b_instruct_lm_target_mini_phi_4_instruct_judge_llm-judge_qwen25_14b_instruct_20_calibration_upb_unified_aht_v2,0.8,Static,Static,False,,50,0.7913866651058197,0.00033772034516712867,0.00040515547626309074,-0.008613334894180369,169.54467315673827,0.46025333285331727,12.372232184360623,,3.8368027913871328,1.0,,0.00033772034516712867,0.00040515547626309074,3.8368027913871328,1.0,1.0,1.0
red_team,mini_phi_4_instruct,20.0,dataset_red_team_attack_default_attack_qwen25_14b_instruct_lm_target_mini_phi_4_instruct_judge_llama_guard_20_calibration_upb_unified_aht_v2,0.9,Endpoint/block,Endpoint/block,False,,50,0.9007599997520447,0.0002228982063021641,0.00021901784179922858,0.00075999975204466,163.89053283691408,0.23459999918937682,13.037473539569378,,1.2307129697141606,1.0,,0.00031039461122275136,0.00030433111890407335,2.8099356892480296,0.7181123584075485,0.7196695579076291,0.4379861697274336
red_team,mini_phi_4_instruct,20.0,dataset_red_team_attack_default_attack_qwen25_14b_instruct_lm_target_mini_phi_4_instruct_judge_llm-judge_qwen25_14b_instruct_20_calibration_upb_unified_aht_v2,0.9,Endpoint/block,Endpoint/block,False,,50,0.899166669845581,0.0002352937755089981,0.00023128233914508203,-0.0008333301544189986,188.0395065307617,0.6662400019168854,19.732788936536927,,1.2391208629326143,0.94,,0.00019561565421577162,0.00020639776668785728,2.1681408958383024,1.2028371474271686,1.1205660935995425,0.5715130715494915
red_team,mini_phi_4_instruct,20.0,dataset_red_team_attack_default_attack_qwen25_14b_instruct_lm_target_mini_phi_4_instruct_judge_llama_guard_20_calibration_upb_unified_aht_v2,0.9,Endpoint/block,Endpoint/block + CRC,True,50.0,50,0.9022200012207031,0.00024989853119020545,0.0002498289659863247,0.002220001220703094,164.43500671386718,0.23802666693925859,12.655650044000229,,1.4001445558602021,1.0,1.0,0.00031039461122275136,0.00030433111890407335,2.8099356892480296,0.8050994513267128,0.8209116664966227,0.4982834878455516
red_team,mini_phi_4_instruct,20.0,dataset_red_team_attack_default_attack_qwen25_14b_instruct_lm_target_mini_phi_4_instruct_judge_llm-judge_qwen25_14b_instruct_20_calibration_upb_unified_aht_v2,0.9,Endpoint/block,Endpoint/block + CRC,True,50.0,50,0.9004266667366028,0.0003392472163588889,0.00033264431653583443,0.00042666673660274324,188.15875946044923,0.6694066643714904,12.549804092166667,,2.261540107671709,1.0,1.0,0.00019561565421577162,0.00020639776668785728,2.1681408958383024,1.7342539262460361,1.6116662591553343,1.0430780176752739
red_team,mini_phi_4_instruct,20.0,dataset_red_team_attack_default_attack_qwen25_14b_instruct_lm_target_mini_phi_4_instruct_judge_llama_guard_20_calibration_upb_unified_aht_v2,0.9,Endpoint/block,Endpoint/block + CRC,True,100.0,50,0.9016866672039032,0.0001840971777050997,0.0001832600804077202,0.0016866672039032027,164.23852630615235,0.236559998691082,16.02915940873052,,1.011585701478257,0.96,1.0,0.00031039461122275136,0.00030433111890407335,2.8099356892480296,0.5931068744392097,0.6021733205189729,0.36000315073010397
red_team,mini_phi_4_instruct,20.0,dataset_red_team_attack_default_attack_qwen25_14b_instruct_lm_target_mini_phi_4_instruct_judge_llm-judge_qwen25_14b_instruct_20_calibration_upb_unified_aht_v2,0.9,Endpoint/block,Endpoint/block + CRC,True,100.0,50,0.9005933296680451,0.0003172664985517531,0.00031127320867570057,0.0005933296680450395,188.23891265869142,0.6698533272743226,16.16028061075,,1.758387886140156,0.98,1.0,0.00019561565421577162,0.00020639776668785728,2.1681408958383024,1.6218870612563345,1.5081229495397117,0.8110118163977913
red_team,mini_phi_4_instruct,20.0,dataset_red_team_attack_default_attack_qwen25_14b_instruct_lm_target_mini_phi_4_instruct_judge_llama_guard_20_calibration_upb_unified_aht_v2,0.9,Endpoint/block,Endpoint/block + CRC,True,200.0,50,0.901260005235672,0.00016676315910210609,0.00016501550911398477,0.001260005235671935,164.13025939941406,0.23563999831676483,17.95703624937861,,0.9087635005355124,0.82,1.0,0.00031039461122275136,0.00030433111890407335,2.8099356892480296,0.537261772829008,0.5422235810396979,0.3234107826783423
red_team,mini_phi_4_instruct,20.0,dataset_red_team_attack_default_attack_qwen25_14b_instruct_lm_target_mini_phi_4_instruct_judge_llm-judge_qwen25_14b_instruct_20_calibration_upb_unified_aht_v2,0.9,Endpoint/block,Endpoint/block + CRC,True,200.0,50,0.9007133305072784,0.00028231291655479235,0.00027717549863631063,0.000713330507278398,188.2653665161133,0.6702800023555756,17.919283284666665,,1.7310119314843393,0.98,1.0,0.00019561565421577162,0.00020639776668785728,2.1681408958383024,1.4432020672711106,1.3429190784583103,0.7983853516194347
red_team,mini_phi_4_instruct,20.0,dataset_red_team_attack_default_attack_qwen25_14b_instruct_lm_target_mini_phi_4_instruct_judge_llama_guard_20_calibration_upb_unified_aht_v2,0.9,Information-gain,Information-gain,False,50.0,50,0.8988533341884613,0.0002980143471084934,0.0002933689026496753,-0.0011466658115387718,163.22808044433594,0.23106666639447213,19.542582381305596,,2.4675498454049816,0.62,,0.00031039461122275136,0.00030433111890407335,2.8099356892480296,0.9601144360545184,0.9639793120931106,0.8781517153032515
red_team,mini_phi_4_instruct,20.0,dataset_red_team_attack_default_attack_qwen25_14b_instruct_lm_target_mini_phi_4_instruct_judge_llm-judge_qwen25_14b_instruct_20_calibration_upb_unified_aht_v2,0.9,Information-gain,Information-gain,False,50.0,50,0.8982800030708313,0.00027552534985569475,0.0002729732322949306,-0.0017199969291686878,187.83621948242188,0.6642866683006287,19.708507321324188,,1.9097932925428172,0.68,,0.00019561565421577162,0.00020639776668785728,2.1681408958383024,1.4085035830096688,1.3225590406109275,0.8808437201699495
red_team,mini_phi_4_instruct,20.0,dataset_red_team_attack_default_attack_qwen25_14b_instruct_lm_target_mini_phi_4_instruct_judge_llama_guard_20_calibration_upb_unified_aht_v2,0.9,Information-gain,Information-gain,False,100.0,50,0.9017533349990845,0.00027962277671912726,0.00027710450480375915,0.001753334999084477,164.4037594604492,0.23765333354473114,19.85452695549913,,2.4198311229403275,0.58,,0.00031039461122275136,0.00030433111890407335,2.8099356892480296,0.9008622141267104,0.9105362139817973,0.8611695748766056
red_team,mini_phi_4_instruct,20.0,dataset_red_team_attack_default_attack_qwen25_14b_instruct_lm_target_mini_phi_4_instruct_judge_llm-judge_qwen25_14b_instruct_20_calibration_upb_unified_aht_v2,0.9,Information-gain,Information-gain,False,100.0,50,0.8985600030422211,0.00024760748214299643,0.0002447289237385492,-0.0014399969577789662,187.90022674560547,0.6651933324337006,19.888923606261454,,1.8200704637537637,0.64,,0.00019561565421577162,0.00020639776668785728,2.1681408958383024,1.2657856199477564,1.1857149797006354,0.8394613409337687
red_team,mini_phi_4_instruct,20.0,dataset_red_team_attack_default_attack_qwen25_14b_instruct_lm_target_mini_phi_4_instruct_judge_llama_guard_20_calibration_upb_unified_aht_v2,0.9,Information-gain,Information-gain,False,200.0,50,0.8988199996948242,0.00029906224495634634,0.0002944734007774344,-0.0011800003051758434,163.16882690429688,0.23101999908685683,20.131321323495154,,2.5459334821511295,0.56,,0.00031039461122275136,0.00030433111890407335,2.8099356892480296,0.9634904542261126,0.9676085765986154,0.9060468863728515
red_team,mini_phi_4_instruct,20.0,dataset_red_team_attack_default_attack_qwen25_14b_instruct_lm_target_mini_phi_4_instruct_judge_llm-judge_qwen25_14b_instruct_20_calibration_upb_unified_aht_v2,0.9,Information-gain,Information-gain,False,200.0,50,0.8981466662883758,0.00038475814198217837,0.00038049782498917744,-0.0018533337116242166,187.78976745605468,0.6635400032997132,19.946317731813522,,2.184951195299858,0.58,,0.00019561565421577162,0.00020639776668785728,2.1681408958383024,1.966908750348657,1.8435171615234476,1.007753324285254
red_team,mini_phi_4_instruct,20.0,dataset_red_team_attack_default_attack_qwen25_14b_instruct_lm_target_mini_phi_4_instruct_judge_llama_guard_20_calibration_upb_unified_aht_v2,0.9,Information-gain,Information-gain + CRC,True,50.0,50,0.8957000017166138,0.0005096609183225941,0.0005179576851932667,-0.0042999982833862305,162.2130126953125,0.22626666784286498,12.782951141080662,,3.681543804957189,0.94,1.0,0.00031039461122275136,0.00030433111890407335,2.8099356892480296,1.6419773407626634,1.7019543944716657,1.3101879231771356
red_team,mini_phi_4_instruct,20.0,dataset_red_team_attack_default_attack_qwen25_14b_instruct_lm_target_mini_phi_4_instruct_judge_llm-judge_qwen25_14b_instruct_20_calibration_upb_unified_aht_v2,0.9,Information-gain,Information-gain + CRC,True,50.0,50,0.8986466658115387,0.000532246683612291,0.0005234332633657032,-0.001353334188461286,187.90728515625,0.6662333297729492,12.753276139090273,,3.4614683044945975,1.0,1.0,0.00019561565421577162,0.00020639776668785728,2.1681408958383024,2.7208798076313583,2.5360413136509856,1.5965144659827264
red_team,mini_phi_4_instruct,20.0,dataset_red_team_attack_default_attack_qwen25_14b_instruct_lm_target_mini_phi_4_instruct_judge_llama_guard_20_calibration_upb_unified_aht_v2,0.9,Information-gain,Information-gain + CRC,True,100.0,50,0.8985266709327697,0.00031076685300693134,0.00030672221448713833,-0.0014733290672303,163.1644937133789,0.23097333416342736,16.244550847022783,,3.053577731897921,0.96,1.0,0.00031039461122275136,0.00030433111890407335,2.8099356892480296,1.001199253372066,1.0078568882198953,1.0867073376740137
red_team,mini_phi_4_instruct,20.0,dataset_red_team_attack_default_attack_qwen25_14b_instruct_lm_target_mini_phi_4_instruct_judge_llm-judge_qwen25_14b_instruct_20_calibration_upb_unified_aht_v2,0.9,Information-gain,Information-gain + CRC,True,100.0,50,0.8979933369159698,0.0003291632316618663,0.00032660666376143856,-0.0020066630840301913,187.75856018066406,0.6635400009155273,16.359831761865465,,2.6763144025570647,1.0,1.0,0.00019561565421577162,0.00020639776668785728,2.1681408958383024,1.6827039378903006,1.5824137489596848,1.2343821417206742
red_team,mini_phi_4_instruct,20.0,dataset_red_team_attack_default_attack_qwen25_14b_instruct_lm_target_mini_phi_4_instruct_judge_llama_guard_20_calibration_upb_unified_aht_v2,0.9,Information-gain,Information-gain + CRC,True,200.0,50,0.9029199981689453,0.0002703155513080214,0.0002734356295885049,0.0029199981689452814,164.7493145751953,0.2399333330988884,18.51108084343899,,2.7715646261371387,0.82,1.0,0.00031039461122275136,0.00030433111890407335,2.8099356892480296,0.8708770756140233,0.8984806764854473,0.9863445048732915
red_team,mini_phi_4_instruct,20.0,dataset_red_team_attack_default_attack_qwen25_14b_instruct_lm_target_mini_phi_4_instruct_judge_llm-judge_qwen25_14b_instruct_20_calibration_upb_unified_aht_v2,0.9,Information-gain,Information-gain + CRC,True,200.0,50,0.8981466686725617,0.00035010053769114963,0.000346533363946591,-0.0018533313274383678,187.83011322021486,0.6642533326148987,18.215895210687325,,2.748598419480475,1.0,1.0,0.00019561565421577162,0.00020639776668785728,2.1681408958383024,1.7897368137264476,1.6789588836523885,1.2677213112654937
red_team,mini_phi_4_instruct,20.0,dataset_red_team_attack_default_attack_qwen25_14b_instruct_lm_target_mini_phi_4_instruct_judge_llama_guard_20_calibration_upb_unified_aht_v2,0.9,Oracle,Oracle,False,,50,0.8991333329677582,5.652611282057286e-05,5.614670230893628e-05,-0.000866667032241808,163.37079345703125,0.2300133341550827,68.42191999999999,,,,,0.00031039461122275136,0.00030433111890407335,2.8099356892480296,0.18211048380607195,0.18449214957420768,
red_team,mini_phi_4_instruct,20.0,dataset_red_team_attack_default_attack_qwen25_14b_instruct_lm_target_mini_phi_4_instruct_judge_llm-judge_qwen25_14b_instruct_20_calibration_upb_unified_aht_v2,0.9,Oracle,Oracle,False,,50,0.9010466647148132,6.10295038366039e-05,6.090442078510681e-05,0.0010466647148131836,188.42734771728516,0.6704600024223327,123.72231999999998,,,,,0.00019561565421577162,0.00020639776668785728,2.1681408958383024,0.3119868094466816,0.29508275095444586,
red_team,mini_phi_4_instruct,20.0,dataset_red_team_attack_default_attack_qwen25_14b_instruct_lm_target_mini_phi_4_instruct_judge_llama_guard_20_calibration_upb_unified_aht_v2,0.9,Residual,Residual,False,50.0,50,0.9001333343982697,0.0006944943076697141,0.000680622199578082,0.00013333439826967997,163.75268096923827,0.23769333362579345,19.066179173447754,,7.721927269982711,0.7,,0.00031039461122275136,0.00030433111890407335,2.8099356892480296,2.237456072236118,2.2364528544733457,2.7480797156781853
red_team,mini_phi_4_instruct,20.0,dataset_red_team_attack_default_attack_qwen25_14b_instruct_lm_target_mini_phi_4_instruct_judge_llm-judge_qwen25_14b_instruct_20_calibration_upb_unified_aht_v2,0.9,Residual,Residual,False,50.0,50,0.9007400023937225,0.00035333467284257887,0.00034681558292844243,0.0007400023937225164,188.20052612304687,0.6699533343315125,19.715820871155582,,2.5486653995308073,0.64,,0.00019561565421577162,0.00020639776668785728,2.1681408958383024,1.8062699238417652,1.6803262384759425,1.1755072764979957
red_team,mini_phi_4_instruct,20.0,dataset_red_team_attack_default_attack_qwen25_14b_instruct_lm_target_mini_phi_4_instruct_judge_llama_guard_20_calibration_upb_unified_aht_v2,0.9,Residual,Residual,False,100.0,50,0.9012800061702728,0.0006505094739507607,0.000639137700267682,0.001280006170272796,164.27438568115235,0.239820000231266,19.256061254530803,,8.23094640399994,0.64,,0.00031039461122275136,0.00030433111890407335,2.8099356892480296,2.095749895232329,2.100139159509157,2.929229460836036
red_team,mini_phi_4_instruct,20.0,dataset_red_team_attack_default_attack_qwen25_14b_instruct_lm_target_mini_phi_4_instruct_judge_llm-judge_qwen25_14b_instruct_20_calibration_upb_unified_aht_v2,0.9,Residual,Residual,False,100.0,50,0.9003333306312561,0.0003490930685924113,0.0003422223165302966,0.000333330631256068,188.14992706298827,0.6688333308696747,19.899363962015226,,2.183092243628107,0.64,,0.00019561565421577162,0.00020639776668785728,2.1681408958383024,1.7845865658959388,1.6580718000105672,1.0068959299732334
red_team,mini_phi_4_instruct,20.0,dataset_red_team_attack_default_attack_qwen25_14b_instruct_lm_target_mini_phi_4_instruct_judge_llama_guard_20_calibration_upb_unified_aht_v2,0.9,Residual,Residual,False,200.0,50,0.8982466673851013,0.0005034140527015665,0.0004964199469060026,-0.0017533326148987394,163.0852670288086,0.23168666601181032,19.867190560311542,,8.013246715770617,0.58,,0.00031039461122275136,0.00030433111890407335,2.8099356892480296,1.621851779959855,1.631183655137405,2.8517544890556024
red_team,mini_phi_4_instruct,20.0,dataset_red_team_attack_default_attack_qwen25_14b_instruct_lm_target_mini_phi_4_instruct_judge_llm-judge_qwen25_14b_instruct_20_calibration_upb_unified_aht_v2,0.9,Residual,Residual,False,200.0,50,0.8988066709041596,0.00030629976429571797,0.0003015978033407831,-0.0011933290958404674,187.9156201171875,0.6654399955272674,19.950656941412696,,2.4469607260441935,0.58,,0.00019561565421577162,0.00020639776668785728,2.1681408958383024,1.5658243995025956,1.4612454784789422,1.1285985752775936
red_team,mini_phi_4_instruct,20.0,dataset_red_team_attack_default_attack_qwen25_14b_instruct_lm_target_mini_phi_4_instruct_judge_llama_guard_20_calibration_upb_unified_aht_v2,0.9,Residual,Residual + CRC,True,50.0,50,0.901526665687561,0.0009074108743093653,0.0008915933649447537,0.0015266656875609907,164.43543395996093,0.24227333322167396,12.468093914050312,,8.748632751780464,0.94,1.0,0.00031039461122275136,0.00030433111890407335,2.8099356892480296,2.9234105280847538,2.9296818812202647,3.1134636942960414
red_team,mini_phi_4_instruct,20.0,dataset_red_team_attack_default_attack_qwen25_14b_instruct_lm_target_mini_phi_4_instruct_judge_llm-judge_qwen25_14b_instruct_20_calibration_upb_unified_aht_v2,0.9,Residual,Residual + CRC,True,50.0,50,0.8992400014400482,0.0005487847543034513,0.0005383866570285109,-0.0007599985599517911,187.98162658691408,0.6676599955558777,12.733062264066342,,4.507262697406618,1.0,1.0,0.00019561565421577162,0.00020639776668785728,2.1681408958383024,2.8054235051051717,2.6084907102833736,2.0788606063647466
red_team,mini_phi_4_instruct,20.0,dataset_red_team_attack_default_attack_qwen25_14b_instruct_lm_target_mini_phi_4_instruct_judge_llama_guard_20_calibration_upb_unified_aht_v2,0.9,Residual,Residual + CRC,True,100.0,50,0.9038266706466674,0.0006555023153085923,0.0006570356772404867,0.0038266706466674183,165.03457305908202,0.24535333395004272,16.14236755016644,,8.04012592667994,0.94,1.0,0.00031039461122275136,0.00030433111890407335,2.8099356892480296,2.1118353592749006,2.158950026558367,2.8613202634653776
red_team,mini_phi_4_instruct,20.0,dataset_red_team_attack_default_attack_qwen25_14b_instruct_lm_target_mini_phi_4_instruct_judge_llm-judge_qwen25_14b_instruct_20_calibration_upb_unified_aht_v2,0.9,Residual,Residual + CRC,True,100.0,50,0.8995466685295105,0.0005412733570402478,0.0005306533993215791,-0.0004533314704895375,187.96686553955078,0.6676599955558777,16.345892484414026,,3.331834464759928,1.0,1.0,0.00019561565421577162,0.00020639776668785728,2.1681408958383024,2.7670247517266815,2.5710229710193775,1.536724145167553
red_team,mini_phi_4_instruct,20.0,dataset_red_team_attack_default_attack_qwen25_14b_instruct_lm_target_mini_phi_4_instruct_judge_llama_guard_20_calibration_upb_unified_aht_v2,0.9,Residual,Residual + CRC,True,200.0,50,0.8978000044822693,0.0008126757682535761,0.0008012622331665396,-0.0021999955177307573,163.0873065185547,0.23322666734457015,18.344406579000665,,8.853831669672422,0.84,1.0,0.00031039461122275136,0.00030433111890407335,2.8099356892480296,2.618201923841932,2.6328632972269306,3.1509018884492
red_team,mini_phi_4_instruct,20.0,dataset_red_team_attack_default_attack_qwen25_14b_instruct_lm_target_mini_phi_4_instruct_judge_llm-judge_qwen25_14b_instruct_20_calibration_upb_unified_aht_v2,0.9,Residual,Residual + CRC,True,200.0,50,0.8990999960899353,0.00036476758623906597,0.00035828224155241633,-0.0009000039100647284,187.9553665161133,0.6661533319950104,18.21627578944317,,3.1011244703197742,1.0,1.0,0.00019561565421577162,0.00020639776668785728,2.1681408958383024,1.8647157238076317,1.7358823561994223,1.4303150114793337
red_team,mini_phi_4_instruct,20.0,dataset_red_team_attack_default_attack_qwen25_14b_instruct_lm_target_mini_phi_4_instruct_judge_llama_guard_20_calibration_upb_unified_aht_v2,0.9,Soft-prefix,Soft-prefix,False,50.0,50,0.9015933334827423,0.0003648448136767372,0.0003600866289904302,0.0015933334827422652,164.27160522460937,0.2377466678619385,18.48519162403973,,2.58424900766007,0.68,,0.00031039461122275136,0.00030433111890407335,2.8099356892480296,1.1754225121354,1.1832067331370448,0.9196826167760602
red_team,mini_phi_4_instruct,20.0,dataset_red_team_attack_default_attack_qwen25_14b_instruct_lm_target_mini_phi_4_instruct_judge_llm-judge_qwen25_14b_instruct_20_calibration_upb_unified_aht_v2,0.9,Soft-prefix,Soft-prefix,False,50.0,50,0.8995933318138123,0.0002564322417124309,0.0002514689758918395,-0.0004066681861877308,188.09525970458984,0.667453339099884,19.705344629565925,,1.494992703073252,0.66,,0.00019561565421577162,0.00020639776668785728,2.1681408958383024,1.3108983672113288,1.2183706244852204,0.6895274684144637
red_team,mini_phi_4_instruct,20.0,dataset_red_team_attack_default_attack_qwen25_14b_instruct_lm_target_mini_phi_4_instruct_judge_llama_guard_20_calibration_upb_unified_aht_v2,0.9,Soft-prefix,Soft-prefix,False,100.0,50,0.8957733368873596,0.0002767820161123984,0.00028911105685790547,-0.004226663112640416,162.10242584228516,0.2242399987578392,19.072869358699258,,2.900321146960832,0.66,,0.00031039461122275136,0.00030433111890407335,2.8099356892480296,0.8917101202951258,0.9499884793215467,1.0321663794864253
red_team,mini_phi_4_instruct,20.0,dataset_red_team_attack_default_attack_qwen25_14b_instruct_lm_target_mini_phi_4_instruct_judge_llm-judge_qwen25_14b_instruct_20_calibration_upb_unified_aht_v2,0.9,Soft-prefix,Soft-prefix,False,100.0,50,0.8996133375167846,0.00020748474806709402,0.0002034845609816785,-0.0003866624832153942,188.14738677978517,0.6676399981975556,19.854173994639858,,1.5118197402769484,0.64,,0.00019561565421577162,0.00020639776668785728,2.1681408958383024,1.060675582937909,0.9858854785450051,0.697288512558779
red_team,mini_phi_4_instruct,20.0,dataset_red_team_attack_default_attack_qwen25_14b_instruct_lm_target_mini_phi_4_instruct_judge_llama_guard_20_calibration_upb_unified_aht_v2,0.9,Soft-prefix,Soft-prefix,False,200.0,50,0.8988599979877472,0.0005092521029620164,0.0005003666654907164,-0.0011400020122528387,163.37753997802736,0.23278000086545944,19.711744903882956,,2.8593961494195876,0.64,,0.00031039461122275136,0.00030433111890407335,2.8099356892480296,1.6406602581014431,1.6441521566791675,1.0176019900956503
red_team,mini_phi_4_instruct,20.0,dataset_red_team_attack_default_attack_qwen25_14b_instruct_lm_target_mini_phi_4_instruct_judge_llm-judge_qwen25_14b_instruct_20_calibration_upb_unified_aht_v2,0.9,Soft-prefix,Soft-prefix,False,200.0,50,0.8996466708183288,0.0002630765641612881,0.0002579398743886827,-0.00035332918167119143,188.0617123413086,0.6672133350372315,19.931497877888027,,1.9486386070460486,0.54,,0.00019561565421577162,0.00020639776668785728,2.1681408958383024,1.3448645775102666,1.2497222161263712,0.8987601362929949
red_team,mini_phi_4_instruct,20.0,dataset_red_team_attack_default_attack_qwen25_14b_instruct_lm_target_mini_phi_4_instruct_judge_llama_guard_20_calibration_upb_unified_aht_v2,0.9,Soft-prefix,Soft-prefix + CRC,True,50.0,50,0.8981799960136414,0.0003676289391879154,0.0003635887749145185,-0.0018200039863586204,163.00817932128905,0.2300933343172073,12.281853512664505,,3.679018623488602,0.94,1.0,0.00031039461122275136,0.00030433111890407335,2.8099356892480296,1.1843921443729268,1.1947144157450538,1.3092892615179919
red_team,mini_phi_4_instruct,20.0,dataset_red_team_attack_default_attack_qwen25_14b_instruct_lm_target_mini_phi_4_instruct_judge_llm-judge_qwen25_14b_instruct_20_calibration_upb_unified_aht_v2,0.9,Soft-prefix,Soft-prefix + CRC,True,50.0,50,0.8999133360385895,0.0003317452214072358,0.0003251178276212984,-8.66639614105491e-05,188.12566040039061,0.6684733331203461,12.764147184845207,,2.6538559910806576,1.0,1.0,0.00019561565421577162,0.00020639776668785728,2.1681408958383024,1.6959032380982557,1.5752003175159628,1.2240237690155074
red_team,mini_phi_4_instruct,20.0,dataset_red_team_attack_default_attack_qwen25_14b_instruct_lm_target_mini_phi_4_instruct_judge_llama_guard_20_calibration_upb_unified_aht_v2,0.9,Soft-prefix,Soft-prefix + CRC,True,100.0,50,0.9026933372020721,0.00029748679029687516,0.00029879111977500336,0.002693337202072099,164.58518035888673,0.2390800005197525,16.042122785106407,,2.948690768650921,0.88,1.0,0.00031039461122275136,0.00030433111890407335,2.8099356892480296,0.9584148034174051,0.9817961464176911,1.0493801619495513
red_team,mini_phi_4_instruct,20.0,dataset_red_team_attack_default_attack_qwen25_14b_instruct_lm_target_mini_phi_4_instruct_judge_llm-judge_qwen25_14b_instruct_20_calibration_upb_unified_aht_v2,0.9,Soft-prefix,Soft-prefix + CRC,True,100.0,50,0.9007866680622101,0.00025758168280555705,0.00025304889578954727,0.0007866680622100608,188.27248016357422,0.6701533341407776,16.331313944676676,,2.1567399530278455,0.98,1.0,0.00019561565421577162,0.00020639776668785728,2.1681408958383024,1.316774385149332,1.2260253579790046,0.9947416042784208
red_team,mini_phi_4_instruct,20.0,dataset_red_team_attack_default_attack_qwen25_14b_instruct_lm_target_mini_phi_4_instruct_judge_llama_guard_20_calibration_upb_unified_aht_v2,0.9,Soft-prefix,Soft-prefix + CRC,True,200.0,50,0.8960733330249786,0.00035313966294706165,0.00036149558322084405,-0.00392666697502142,162.18731170654297,0.22533333241939546,18.27814321411586,,3.2033826118705293,0.86,1.0,0.00031039461122275136,0.00030433111890407335,2.8099356892480296,1.1377119646372815,1.1878364083259891,1.1400199029920826
red_team,mini_phi_4_instruct,20.0,dataset_red_team_attack_default_attack_qwen25_14b_instruct_lm_target_mini_phi_4_instruct_judge_llm-judge_qwen25_14b_instruct_20_calibration_upb_unified_aht_v2,0.9,Soft-prefix,Soft-prefix + CRC,True,200.0,50,0.8983200001716614,0.0002920178504568088,0.00028899989287089047,-0.001679999828338663,187.86041259765625,0.664579998254776,18.233944946175328,,2.375027672707784,0.98,1.0,0.00019561565421577162,0.00020639776668785728,2.1681408958383024,1.4928143232069855,1.400208430103584,1.0954212787861692
red_team,mini_phi_4_instruct,20.0,dataset_red_team_attack_default_attack_qwen25_14b_instruct_lm_target_mini_phi_4_instruct_judge_llama_guard_20_calibration_upb_unified_aht_v2,0.9,Static,Static,False,,50,0.8996200001239777,0.00031039461122275136,0.00030433111890407335,-0.00037999987602233,163.49306610107422,0.23248666763305664,6.842192101956606,,2.8099356892480296,1.0,,0.00031039461122275136,0.00030433111890407335,2.8099356892480296,1.0,1.0,1.0
red_team,mini_phi_4_instruct,20.0,dataset_red_team_attack_default_attack_qwen25_14b_instruct_lm_target_mini_phi_4_instruct_judge_llm-judge_qwen25_14b_instruct_20_calibration_upb_unified_aht_v2,0.9,Static,Static,False,,50,0.8961666691303253,0.00019561565421577162,0.00020639776668785728,-0.003833330869674745,187.5317611694336,0.6593133270740509,12.372232184360623,,2.1681408958383024,1.0,,0.00019561565421577162,0.00020639776668785728,2.1681408958383024,1.0,1.0,1.0
red_team,qwen25_14b_instruct,10.0,dataset_red_team_attack_default_attack_qwen25_14b_instruct_lm_target_qwen25_14b_instruct_judge_llama_guard_10_calibration_upb_unified_aht_v2,0.7,Endpoint/block,Endpoint/block,False,,50,0.6998133301734925,0.0003912705136660376,0.00038347994901684503,-0.00018666982650750175,51.76780685424805,0.07856666624546045,9.328617560354106,,2.5240962988568714,1.0,,0.0009726133420410839,0.0009895621744201145,11.41078674971581,0.40228783294801856,0.38752486597576863,0.22120265273730885
red_team,qwen25_14b_instruct,10.0,dataset_red_team_attack_default_attack_qwen25_14b_instruct_lm_target_qwen25_14b_instruct_judge_llama_guard_10_calibration_upb_unified_aht_v2,0.7,Endpoint/block,Endpoint/block + CRC,True,50.0,50,0.6908199989795685,0.0022002640971245054,0.0022405312339171383,-0.009180001020431483,50.77839347839355,0.07579333309084173,2.440223988137761,,15.782035059870328,1.0,1.0,0.0009726133420410839,0.0009895621744201145,11.41078674971581,2.262218707083667,2.2641641847619067,1.3830803612435738
red_team,qwen25_14b_instruct,10.0,dataset_red_team_attack_default_attack_qwen25_14b_instruct_lm_target_qwen25_14b_instruct_judge_llama_guard_10_calibration_upb_unified_aht_v2,0.7,Endpoint/block,Endpoint/block + CRC,True,100.0,50,0.7023999977111817,0.0007425306117327251,0.0007334399885117479,0.0023999977111817117,52.302939910888675,0.08004666626453394,6.112013264141941,,5.04162019470362,1.0,1.0,0.0009726133420410839,0.0009895621744201145,11.41078674971581,0.7634386447696498,0.7411762570063325,0.4418293238920782
red_team,qwen25_14b_instruct,10.0,dataset_red_team_attack_default_attack_qwen25_14b_instruct_lm_target_qwen25_14b_instruct_judge_llama_guard_10_calibration_upb_unified_aht_v2,0.7,Endpoint/block,Endpoint/block + CRC,True,200.0,50,0.7004133331775665,0.0005466510930310414,0.0005358889154860976,0.00041333317756653276,51.897686614990235,0.07872000031173226,7.938050042168624,,3.911433166780329,1.0,1.0,0.0009726133420410839,0.0009895621744201145,11.41078674971581,0.5620435885486244,0.5415414304817479,0.3427838283699189
red_team,qwen25_14b_instruct,10.0,dataset_red_team_attack_default_attack_qwen25_14b_instruct_lm_target_qwen25_14b_instruct_judge_llama_guard_10_calibration_upb_unified_aht_v2,0.7,Information-gain,Information-gain,False,50.0,50,0.705660001039505,0.0005054942540758846,0.000527419980761565,0.005660001039505036,52.730153274536136,0.08134000018239018,9.86524154953869,,3.5963034611975515,0.6,,0.0009726133420410839,0.0009895621744201145,11.41078674971581,0.5197278632997944,0.5329831660861878,0.31516700294895256
red_team,qwen25_14b_instruct,10.0,dataset_red_team_attack_default_attack_qwen25_14b_instruct_lm_target_qwen25_14b_instruct_judge_llama_guard_10_calibration_upb_unified_aht_v2,0.7,Information-gain,Information-gain,False,100.0,50,0.7032266688346863,0.0004085278790300403,0.00041076871321817554,0.0032266688346863637,52.34636657714844,0.08021333284676072,9.92869443042089,,3.305939420948131,0.58,,0.0009726133420410839,0.0009895621744201145,11.41078674971581,0.42003112786086355,0.4151014699595676,0.2897205506912542
red_team,qwen25_14b_instruct,10.0,dataset_red_team_attack_default_attack_qwen25_14b_instruct_lm_target_qwen25_14b_instruct_judge_llama_guard_10_calibration_upb_unified_aht_v2,0.7,Information-gain,Information-gain,False,200.0,50,0.7012933337688446,0.000396841952118187,0.00039057782531345714,0.0012933337688446622,52.04151351928711,0.07923333346843715,10.06853587830132,,3.489836957973742,0.58,,0.0009726133420410839,0.0009895621744201145,11.41078674971581,0.40801615088416515,0.3946976101247368,0.30583666442286794
red_team,qwen25_14b_instruct,10.0,dataset_red_team_attack_default_attack_qwen25_14b_instruct_lm_target_qwen25_14b_instruct_judge_llama_guard_10_calibration_upb_unified_aht_v2,0.7,Information-gain,Information-gain + CRC,True,50.0,50,0.6974666643142701,0.0018887800876746799,0.001857422275617779,-0.002533335685729887,51.76611328125,0.07853333350270983,2.4201822124868424,,18.452268624485427,1.0,1.0,0.0009726133420410839,0.0009895621744201145,11.41078674971581,1.9419639912721827,1.877014222685131,1.617089954375406
red_team,qwen25_14b_instruct,10.0,dataset_red_team_attack_default_attack_qwen25_14b_instruct_lm_target_qwen25_14b_instruct_judge_llama_guard_10_calibration_upb_unified_aht_v2,0.7,Information-gain,Information-gain + CRC,True,100.0,50,0.7035800004005432,0.0006824026045917922,0.0006815709553678463,0.003580000400543293,52.48316665649414,0.08073333330452438,6.223693398075649,,6.487189758210385,1.0,1.0,0.0009726133420410839,0.0009895621744201145,11.41078674971581,0.7016175648585408,0.6887601132968207,0.5685138019402519
red_team,qwen25_14b_instruct,10.0,dataset_red_team_attack_default_attack_qwen25_14b_instruct_lm_target_qwen25_14b_instruct_judge_llama_guard_10_calibration_upb_unified_aht_v2,0.7,Information-gain,Information-gain + CRC,True,200.0,50,0.7028600025177002,0.0004895603773880048,0.00048794878424149627,0.002860002517700244,52.28748023986817,0.07989999987184998,8.312924472345602,,4.92271724449925,1.0,1.0,0.0009726133420410839,0.0009895621744201145,11.41078674971581,0.5033453236006765,0.49309563042608745,0.43140910022018003
red_team,qwen25_14b_instruct,10.0,dataset_red_team_attack_default_attack_qwen25_14b_instruct_lm_target_qwen25_14b_instruct_judge_llama_guard_10_calibration_upb_unified_aht_v2,0.7,Oracle,Oracle,False,,50,0.6995599973201752,0.00010800655294330094,0.00010604002424268794,-0.00044000267982480246,51.66472686767578,0.07824666604399676,49.876173333333334,,,,,0.0009726133420410839,0.0009895621744201145,11.41078674971581,0.1110477805256538,0.10715852624907336,
red_team,qwen25_14b_instruct,10.0,dataset_red_team_attack_default_attack_qwen25_14b_instruct_lm_target_qwen25_14b_instruct_judge_llama_guard_10_calibration_upb_unified_aht_v2,0.7,Residual,Residual,False,50.0,50,0.6964066672325134,0.0006121193630128997,0.0006127890161305341,-0.0035933327674865234,51.27279342651367,0.0769600002467632,9.628132334473294,,4.678116901150065,0.66,,0.0009726133420410839,0.0009895621744201145,11.41078674971581,0.6293553013866052,0.6192526674633958,0.40997321251898566
red_team,qwen25_14b_instruct,10.0,dataset_red_team_attack_default_attack_qwen25_14b_instruct_lm_target_qwen25_14b_instruct_judge_llama_guard_10_calibration_upb_unified_aht_v2,0.7,Residual,Residual,False,100.0,50,0.7020866644382476,0.0005507608584006537,0.0005440998097104883,0.0020866644382476762,52.13685966491699,0.07954666629433627,9.781838871432903,,4.222469218751851,0.66,,0.0009726133420410839,0.0009895621744201145,11.41078674971581,0.5662690758948987,0.5498389325858498,0.37004190082309735
red_team,qwen25_14b_instruct,10.0,dataset_red_team_attack_default_attack_qwen25_14b_instruct_lm_target_qwen25_14b_instruct_judge_llama_guard_10_calibration_upb_unified_aht_v2,0.7,Residual,Residual,False,200.0,50,0.6986133277416229,0.0006296613304424446,0.0006189909637857481,-0.0013866722583770752,51.65949981689453,0.07797333285212513,9.979418514963013,,4.371131071189115,0.64,,0.0009726133420410839,0.0009895621744201145,11.41078674971581,0.6473912121347881,0.6255200327846788,0.3830700868454999
red_team,qwen25_14b_instruct,10.0,dataset_red_team_attack_default_attack_qwen25_14b_instruct_lm_target_qwen25_14b_instruct_judge_llama_guard_10_calibration_upb_unified_aht_v2,0.7,Residual,Residual + CRC,True,50.0,50,0.7048866701126099,0.002182832613822586,0.0021630555063356107,0.004886670112609903,53.11640655517578,0.08305999964475629,2.4786009931597475,,17.764768612478992,1.0,1.0,0.0009726133420410839,0.0009895621744201145,11.41078674971581,2.24429639145376,2.1858712491745815,1.556839944705954
red_team,qwen25_14b_instruct,10.0,dataset_red_team_attack_default_attack_qwen25_14b_instruct_lm_target_qwen25_14b_instruct_judge_llama_guard_10_calibration_upb_unified_aht_v2,0.7,Residual,Residual + CRC,True,100.0,50,0.7007933354377747,0.0008258041191897703,0.0008099174179228043,0.0007933354377747115,51.979213333129884,0.07932666681706901,6.277223015455914,,6.974684287282253,1.0,1.0,0.0009726133420410839,0.0009895621744201145,11.41078674971581,0.84905695150837,0.8184603644509933,0.6112360558710783
red_team,qwen25_14b_instruct,10.0,dataset_red_team_attack_default_attack_qwen25_14b_instruct_lm_target_qwen25_14b_instruct_judge_llama_guard_10_calibration_upb_unified_aht_v2,0.7,Residual,Residual + CRC,True,200.0,50,0.7033466637134552,0.0007099047059498185,0.0007069067698417799,0.003346663713455267,52.4754736328125,0.08047999992966648,8.291698523427515,,5.5896663308804815,0.98,1.0,0.0009726133420410839,0.0009895621744201145,11.41078674971581,0.729894065055743,0.7143631679899536,0.48985810124088897
red_team,qwen25_14b_instruct,10.0,dataset_red_team_attack_default_attack_qwen25_14b_instruct_lm_target_qwen25_14b_instruct_judge_llama_guard_10_calibration_upb_unified_aht_v2,0.7,Soft-prefix,Soft-prefix,False,50.0,50,0.7028266632556915,0.000551139272414417,0.0005481065121272055,0.002826663255691586,52.29988662719727,0.079979999884963,9.463563742480629,,3.896745004602287,0.72,,0.0009726133420410839,0.0009895621744201145,11.41078674971581,0.5666581452171118,0.5538878973909821,0.34149661106403
red_team,qwen25_14b_instruct,10.0,dataset_red_team_attack_default_attack_qwen25_14b_instruct_lm_target_qwen25_14b_instruct_judge_llama_guard_10_calibration_upb_unified_aht_v2,0.7,Soft-prefix,Soft-prefix,False,100.0,50,0.6981933319568634,0.0004672610864552241,0.00046117991414421034,-0.0018066680431365612,51.56991325378418,0.07791999965906139,9.795317172593569,,3.5394177360845975,0.64,,0.0009726133420410839,0.0009895621744201145,11.41078674971581,0.4804181335561883,0.4660444043492899,0.31018174414421934
red_team,qwen25_14b_instruct,10.0,dataset_red_team_attack_default_attack_qwen25_14b_instruct_lm_target_qwen25_14b_instruct_judge_llama_guard_10_calibration_upb_unified_aht_v2,0.7,Soft-prefix,Soft-prefix,False,200.0,50,0.7025199997425079,0.0006203046681104118,0.0006142489734504439,0.002519999742507939,52.25526649475098,0.07988000027835364,9.956664110887504,,3.5501825351152303,0.62,,0.0009726133420410839,0.0009895621744201145,11.41078674971581,0.6377710867184564,0.620728024300641,0.31112513212146825
red_team,qwen25_14b_instruct,10.0,dataset_red_team_attack_default_attack_qwen25_14b_instruct_lm_target_qwen25_14b_instruct_judge_llama_guard_10_calibration_upb_unified_aht_v2,0.7,Soft-prefix,Soft-prefix + CRC,True,50.0,50,0.6975466644763947,0.0017941306139814463,0.0017642668568932007,-0.002453335523605271,51.78395332336426,0.07853333353996272,2.4670963083373256,,18.386772089776606,1.0,1.0,0.0009726133420410839,0.0009895621744201145,11.41078674971581,1.8446493960450534,1.7828762077805418,1.6113500754217966
red_team,qwen25_14b_instruct,10.0,dataset_red_team_attack_default_attack_qwen25_14b_instruct_lm_target_qwen25_14b_instruct_judge_llama_guard_10_calibration_upb_unified_aht_v2,0.7,Soft-prefix,Soft-prefix + CRC,True,100.0,50,0.7017400026321411,0.0006830760127888414,0.0006724421016929231,0.0017400026321411355,52.18770652770996,0.07971333317458625,6.395459416895446,,6.407168762245858,1.0,1.0,0.0009726133420410839,0.0009895621744201145,11.41078674971581,0.7023099347530725,0.6795349691766215,0.5615010518363628
red_team,qwen25_14b_instruct,10.0,dataset_red_team_attack_default_attack_qwen25_14b_instruct_lm_target_qwen25_14b_instruct_judge_llama_guard_10_calibration_upb_unified_aht_v2,0.7,Soft-prefix,Soft-prefix + CRC,True,200.0,50,0.6976399981975555,0.000721495733833017,0.0007126354276638974,-0.0023600018024444447,51.54236679077148,0.07786666661500927,8.309510336041228,,5.1539951087845495,0.96,1.0,0.0009726133420410839,0.0009895621744201145,11.41078674971581,0.7418114708553324,0.7201522512534428,0.4516774541346075
red_team,qwen25_14b_instruct,10.0,dataset_red_team_attack_default_attack_qwen25_14b_instruct_lm_target_qwen25_14b_instruct_judge_llama_guard_10_calibration_upb_unified_aht_v2,0.7,Static,Static,False,,50,0.6939666676521301,0.0009726133420410839,0.0009895621744201145,-0.006033332347869846,51.03758659362793,0.0761733334511518,2.6989162547447036,,11.41078674971581,1.0,,0.0009726133420410839,0.0009895621744201145,11.41078674971581,1.0,1.0,1.0
red_team,qwen25_14b_instruct,10.0,dataset_red_team_attack_default_attack_qwen25_14b_instruct_lm_target_qwen25_14b_instruct_judge_llama_guard_10_calibration_upb_unified_aht_v2,0.8,Endpoint/block,Endpoint/block,False,,50,0.796100001335144,0.00030453632442776774,0.000313655587525091,-0.003899998664856019,70.73258682250976,0.13544666737318034,9.257075849326442,,1.9572242063242502,1.0,,0.0008418687106369407,0.0009017689028403745,8.794236692204553,0.36173849981591755,0.3478225813034189,0.22255759934903574
red_team,qwen25_14b_instruct,10.0,dataset_red_team_attack_default_attack_qwen25_14b_instruct_lm_target_qwen25_14b_instruct_judge_llama_guard_10_calibration_upb_unified_aht_v2,0.8,Endpoint/block,Endpoint/block + CRC,True,50.0,50,0.7878666698932648,0.0016644851196102213,0.0017784131166970255,-0.01213333010673523,69.26987327575684,0.13080666586756703,2.44334775016615,,12.289070028196297,1.0,1.0,0.0008418687106369407,0.0009017689028403745,8.794236692204553,1.9771314678638023,1.972138439344508,1.3974004178315622
red_team,qwen25_14b_instruct,10.0,dataset_red_team_attack_default_attack_qwen25_14b_instruct_lm_target_qwen25_14b_instruct_judge_llama_guard_10_calibration_upb_unified_aht_v2,0.8,Endpoint/block,Endpoint/block + CRC,True,100.0,50,0.7983733344078064,0.0006516716204681606,0.0006412842290076243,-0.001626665592193599,71.3188665008545,0.13703999966382976,6.109864265845872,,3.8569948214753027,1.0,1.0,0.0008418687106369407,0.0009017689028403745,8.794236692204553,0.7740774924098547,0.7111403231889228,0.4385821028554128
red_team,qwen25_14b_instruct,10.0,dataset_red_team_attack_default_attack_qwen25_14b_instruct_lm_target_qwen25_14b_instruct_judge_llama_guard_10_calibration_upb_unified_aht_v2,0.8,Endpoint/block,Endpoint/block + CRC,True,200.0,50,0.7968600010871887,0.00037813642556637196,0.00038043329022750106,-0.0031399989128113592,70.8901067352295,0.13586000010371205,7.937268566208741,,2.9932881781365217,1.0,1.0,0.0008418687106369407,0.0009017689028403745,8.794236692204553,0.44916317804504413,0.42187448361683305,0.3403692989966773
red_team,qwen25_14b_instruct,10.0,dataset_red_team_attack_default_attack_qwen25_14b_instruct_lm_target_qwen25_14b_instruct_judge_llama_guard_10_calibration_upb_unified_aht_v2,0.8,Information-gain,Information-gain,False,50.0,50,0.7979400014877319,0.0004078625815563326,0.00040394892379575284,-0.002059998512268124,71.08074066162109,0.13678666695952413,9.875365963017359,,3.3667116904498458,0.56,,0.0008418687106369407,0.0009017689028403745,8.794236692204553,0.48447290700203366,0.4479517119335145,0.38283159849838805
red_team,qwen25_14b_instruct,10.0,dataset_red_team_attack_default_attack_qwen25_14b_instruct_lm_target_qwen25_14b_instruct_judge_llama_guard_10_calibration_upb_unified_aht_v2,0.8,Information-gain,Information-gain,False,100.0,50,0.7985933339595794,0.0005207948459326373,0.0005123576583632571,-0.0014066660404206122,71.27171325683594,0.13690666690468783,9.835986239170373,,2.999790008940769,0.62,,0.0008418687106369407,0.0009017689028403745,8.794236692204553,0.6186176530288369,0.5681695795335621,0.34110862760833616
red_team,qwen25_14b_instruct,10.0,dataset_red_team_attack_default_attack_qwen25_14b_instruct_lm_target_qwen25_14b_instruct_judge_llama_guard_10_calibration_upb_unified_aht_v2,0.8,Information-gain,Information-gain,False,200.0,50,0.8010133326053619,0.0003317955957015277,0.0003261865267565866,0.0010133326053618497,71.81678649902344,0.13892000034451482,10.033182758281072,,2.944164845183415,0.58,,0.0008418687106369407,0.0009017689028403745,8.794236692204553,0.3941179800476227,0.361718535346662,0.3347834437743985
red_team,qwen25_14b_instruct,10.0,dataset_red_team_attack_default_attack_qwen25_14b_instruct_lm_target_qwen25_14b_instruct_judge_llama_guard_10_calibration_upb_unified_aht_v2,0.8,Information-gain,Information-gain + CRC,True,50.0,50,0.7794533348083497,0.0022302843363769223,0.0026078441001471642,-0.020546665191650382,67.4467066192627,0.12553999975323674,2.4302707299821518,,16.748904198888898,1.0,1.0,0.0008418687106369407,0.0009017689028403745,8.794236692204553,2.6492068278550636,2.8919206372420105,1.9045318866315681
red_team,qwen25_14b_instruct,10.0,dataset_red_team_attack_default_attack_qwen25_14b_instruct_lm_target_qwen25_14b_instruct_judge_llama_guard_10_calibration_upb_unified_aht_v2,0.8,Information-gain,Information-gain + CRC,True,100.0,50,0.7997599983215332,0.0005243129981230438,0.0005138843389662498,-0.00024000167846682796,71.55556053161621,0.13767333373427387,6.317527470168812,,5.673048824939466,1.0,1.0,0.0008418687106369407,0.0009017689028403745,8.794236692204553,0.6227966326558916,0.569862563842717,0.6450871205193065
red_team,qwen25_14b_instruct,10.0,dataset_red_team_attack_default_attack_qwen25_14b_instruct_lm_target_qwen25_14b_instruct_judge_llama_guard_10_calibration_upb_unified_aht_v2,0.8,Information-gain,Information-gain + CRC,True,200.0,50,0.7977533364295959,0.0005905977047165127,0.0005838332478207634,-0.0022466635704041504,71.16757308959961,0.1365399999916553,8.312587934063156,,4.3710669899695995,0.98,1.0,0.0008418687106369407,0.0009017689028403745,8.794236692204553,0.7015318389368319,0.6474311167548766,0.49703767853374137
red_team,qwen25_14b_instruct,10.0,dataset_red_team_attack_default_attack_qwen25_14b_instruct_lm_target_qwen25_14b_instruct_judge_llama_guard_10_calibration_upb_unified_aht_v2,0.8,Oracle,Oracle,False,,50,0.7995399975776672,0.00010721036904928438,0.00010527776389685077,-0.00046000242233279476,71.27044738769531,0.13742666512727733,49.876173333333334,,,,,0.0008418687106369407,0.0009017689028403745,8.794236692204553,0.12734808610260762,0.1167458353966841,
red_team,qwen25_14b_instruct,10.0,dataset_red_team_attack_default_attack_qwen25_14b_instruct_lm_target_qwen25_14b_instruct_judge_llama_guard_10_calibration_upb_unified_aht_v2,0.8,Residual,Residual,False,50.0,50,0.7986666703224182,0.00045656241793453527,0.000449208937604965,-0.0013333296775818182,71.34494689941407,0.13750666618347165,9.617144631266148,,4.793251430827738,0.66,,0.0008418687106369407,0.0009017689028403745,8.794236692204553,0.5423202123631717,0.49814196984399806,0.5450446239497516
red_team,qwen25_14b_instruct,10.0,dataset_red_team_attack_default_attack_qwen25_14b_instruct_lm_target_qwen25_14b_instruct_judge_llama_guard_10_calibration_upb_unified_aht_v2,0.8,Residual,Residual,False,100.0,50,0.7961666715145111,0.0005774297707283714,0.0005805755825914648,-0.003833328485488896,70.79826652526856,0.13534666717052457,9.707687079037527,,4.398925469104023,0.66,,0.0008418687106369407,0.0009017689028403745,8.794236692204553,0.6858905235847282,0.6438185889564155,0.5002054894659986
red_team,qwen25_14b_instruct,10.0,dataset_red_team_attack_default_attack_qwen25_14b_instruct_lm_target_qwen25_14b_instruct_judge_llama_guard_10_calibration_upb_unified_aht_v2,0.8,Residual,Residual,False,200.0,50,0.799079999923706,0.0004368640721120138,0.0004289731908101545,-0.000920000076294003,71.4362799835205,0.13724666506052013,9.931230527210555,,3.804824630238777,0.64,,0.0008418687106369407,0.0009017689028403745,8.794236692204553,0.5189218539568852,0.47570191149748337,0.43264978683271915
red_team,qwen25_14b_instruct,10.0,dataset_red_team_attack_default_attack_qwen25_14b_instruct_lm_target_qwen25_14b_instruct_judge_llama_guard_10_calibration_upb_unified_aht_v2,0.8,Residual,Residual + CRC,True,50.0,50,0.788586665391922,0.0028116304112281516,0.00288566200987954,-0.01141333460807803,69.741513671875,0.13264000028371808,2.4797502035591523,,17.193095833393258,1.0,1.0,0.0008418687106369407,0.0009017689028403745,8.794236692204553,3.339749269337887,3.2000016864524126,1.9550412884194577
red_team,qwen25_14b_instruct,10.0,dataset_red_team_attack_default_attack_qwen25_14b_instruct_lm_target_qwen25_14b_instruct_judge_llama_guard_10_calibration_upb_unified_aht_v2,0.8,Residual,Residual + CRC,True,100.0,50,0.7975866675376893,0.0005168913776306658,0.0005123777236516959,-0.002413332462310791,71.10741302490234,0.13642000004649157,6.328334497936644,,6.9207923626698165,1.0,1.0,0.0008418687106369407,0.0009017689028403745,8.794236692204553,0.6139809819509698,0.5681918305652572,0.7869690804211117
red_team,qwen25_14b_instruct,10.0,dataset_red_team_attack_default_attack_qwen25_14b_instruct_lm_target_qwen25_14b_instruct_judge_llama_guard_10_calibration_upb_unified_aht_v2,0.8,Residual,Residual + CRC,True,200.0,50,0.7983066666126252,0.000599210174094496,0.0005900933485734046,-0.0016933333873748735,71.29367294311524,0.1369333335757255,8.303974248560086,,5.4357298454166205,0.96,1.0,0.0008418687106369407,0.0009017689028403745,8.794236692204553,0.7117620200436547,0.6543731400747351,0.618101381127824
red_team,qwen25_14b_instruct,10.0,dataset_red_team_attack_default_attack_qwen25_14b_instruct_lm_target_qwen25_14b_instruct_judge_llama_guard_10_calibration_upb_unified_aht_v2,0.8,Soft-prefix,Soft-prefix,False,50.0,50,0.7971600019931793,0.0006212619121872756,0.0006169022626222758,-0.0028399980068207764,70.9892603302002,0.13591999948024747,9.427884376066356,,3.7697452354436893,0.74,,0.0008418687106369407,0.0009017689028403745,8.794236692204553,0.7379558170266732,0.6841023910662354,0.4286608795491361
red_team,qwen25_14b_instruct,10.0,dataset_red_team_attack_default_attack_qwen25_14b_instruct_lm_target_qwen25_14b_instruct_judge_llama_guard_10_calibration_upb_unified_aht_v2,0.8,Soft-prefix,Soft-prefix,False,100.0,50,0.7965400016307831,0.0004057909296436478,0.000409646699765759,-0.0034599983692169545,70.7874861907959,0.13568666651844974,9.628045089449493,,3.1200243342266036,0.72,,0.0008418687106369407,0.0009017689028403745,8.794236692204553,0.4820121291081535,0.45427015555256084,0.3547805731670012
red_team,qwen25_14b_instruct,10.0,dataset_red_team_attack_default_attack_qwen25_14b_instruct_lm_target_qwen25_14b_instruct_judge_llama_guard_10_calibration_upb_unified_aht_v2,0.8,Soft-prefix,Soft-prefix,False,200.0,50,0.8031799972057343,0.00026498514233305785,0.00026979782171487416,0.003179997205734253,72.27418640136719,0.14041333287954327,9.927603354768323,,2.749761443155847,0.6,,0.0008418687106369407,0.0009017689028403745,8.794236692204553,0.31475827404557594,0.2991873204598985,0.31267767054681495
red_team,qwen25_14b_instruct,10.0,dataset_red_team_attack_default_attack_qwen25_14b_instruct_lm_target_qwen25_14b_instruct_judge_llama_guard_10_calibration_upb_unified_aht_v2,0.8,Soft-prefix,Soft-prefix + CRC,True,50.0,50,0.7885266697406769,0.0018930347082046224,0.00198681132128003,-0.011473330259323178,69.68134017944335,0.13188666611909863,2.4567394949956984,,17.044112999546922,1.0,1.0,0.0008418687106369407,0.0009017689028403745,8.794236692204553,2.2486103644027713,2.2032377863352903,1.9381003259390641
red_team,qwen25_14b_instruct,10.0,dataset_red_team_attack_default_attack_qwen25_14b_instruct_lm_target_qwen25_14b_instruct_judge_llama_guard_10_calibration_upb_unified_aht_v2,0.8,Soft-prefix,Soft-prefix + CRC,True,100.0,50,0.7975466656684875,0.0007307427168402812,0.0007221467118456533,-0.0024533343315125133,71.18814712524414,0.13651333332061763,6.354467351822466,,5.984725354047507,1.0,1.0,0.0008418687106369407,0.0009017689028403745,8.794236692204553,0.8680008029843704,0.8008112827699528,0.680528118984167
red_team,qwen25_14b_instruct,10.0,dataset_red_team_attack_default_attack_qwen25_14b_instruct_lm_target_qwen25_14b_instruct_judge_llama_guard_10_calibration_upb_unified_aht_v2,0.8,Soft-prefix,Soft-prefix + CRC,True,200.0,50,0.7967466652393341,0.0006061384713872296,0.0006045998890244422,-0.0032533347606659158,70.88853370666504,0.1361799997091293,8.342674244070338,,4.406437371474053,0.96,1.0,0.0008418687106369407,0.0009017689028403745,8.794236692204553,0.7199916848419721,0.670459900668658,0.5010596741591044
red_team,qwen25_14b_instruct,10.0,dataset_red_team_attack_default_attack_qwen25_14b_instruct_lm_target_qwen25_14b_instruct_judge_llama_guard_10_calibration_upb_unified_aht_v2,0.8,Static,Static,False,,50,0.7912400019168854,0.0008418687106369407,0.0009017689028403745,-0.008759998083114673,69.88959342956542,0.1323800007998943,2.6989162547447036,,8.794236692204553,1.0,,0.0008418687106369407,0.0009017689028403745,8.794236692204553,1.0,1.0,1.0
red_team,qwen25_14b_instruct,10.0,dataset_red_team_attack_default_attack_qwen25_14b_instruct_lm_target_qwen25_14b_instruct_judge_llama_guard_10_calibration_upb_unified_aht_v2,0.9,Endpoint/block,Endpoint/block,False,,50,0.8991333329677582,0.00018168710343401044,0.0001788044731101051,-0.000866667032241808,104.00008682250977,0.22453333348035812,9.139400672262795,,1.1413792633913311,1.0,,0.0004492589558936704,0.0004452021716099353,4.913175827749313,0.4044150952374375,0.40162533903083686,0.232309875202286
red_team,qwen25_14b_instruct,10.0,dataset_red_team_attack_default_attack_qwen25_14b_instruct_lm_target_qwen25_14b_instruct_judge_llama_guard_10_calibration_upb_unified_aht_v2,0.9,Endpoint/block,Endpoint/block + CRC,True,50.0,50,0.8898733341693879,0.0007387159116367856,0.0008264909542489389,-0.01012666583061217,100.94720733642578,0.2162066674232483,2.4474514232642997,,7.323636213595984,1.0,1.0,0.0004492589558936704,0.0004452021716099353,4.913175827749313,1.6442986877519772,1.8564396288998124,1.4906114640214054
red_team,qwen25_14b_instruct,10.0,dataset_red_team_attack_default_attack_qwen25_14b_instruct_lm_target_qwen25_14b_instruct_judge_llama_guard_10_calibration_upb_unified_aht_v2,0.9,Endpoint/block,Endpoint/block + CRC,True,100.0,50,0.8977800023555755,0.000271590099777853,0.00027108668732354614,-0.0022199976444244873,103.58861968994141,0.22342666655778884,6.108609298618552,,2.246630524850019,1.0,1.0,0.0004492589558936704,0.0004452021716099353,4.913175827749313,0.6045290721864482,0.6089069295040619,0.4572664613713169
red_team,qwen25_14b_instruct,10.0,dataset_red_team_attack_default_attack_qwen25_14b_instruct_lm_target_qwen25_14b_instruct_judge_llama_guard_10_calibration_upb_unified_aht_v2,0.9,Endpoint/block,Endpoint/block + CRC,True,200.0,50,0.8976400005817413,0.0001805525567049641,0.00018251110282504622,-0.002359999418258707,103.25323318481445,0.22279999971389772,7.940486816053387,,1.7348599754514398,1.0,1.0,0.0004492589558936704,0.0004452021716099353,4.913175827749313,0.40188972158786945,0.4099510614807909,0.3531035803060533
red_team,qwen25_14b_instruct,10.0,dataset_red_team_attack_default_attack_qwen25_14b_instruct_lm_target_qwen25_14b_instruct_judge_llama_guard_10_calibration_upb_unified_aht_v2,0.9,Information-gain,Information-gain,False,50.0,50,0.8967066705226898,0.00026633396542448027,0.0002718533051621109,-0.003293329477310203,102.84664627075195,0.2218466654419899,9.857796688167083,,1.7116759604280989,0.62,,0.0004492589558936704,0.0004452021716099353,4.913175827749313,0.5928295071929864,0.6106288839046717,0.3483848371069195
red_team,qwen25_14b_instruct,10.0,dataset_red_team_attack_default_attack_qwen25_14b_instruct_lm_target_qwen25_14b_instruct_judge_llama_guard_10_calibration_upb_unified_aht_v2,0.9,Information-gain,Information-gain,False,100.0,50,0.8990533375740051,0.00017840970049619193,0.0001757376762350586,-0.0009466624259949485,103.91178649902344,0.2244800001382828,9.848812402817451,,1.4862877159231156,0.56,,0.0004492589558936704,0.0004452021716099353,4.913175827749313,0.3971199642337626,0.3947367902531964,0.30251058949053977
red_team,qwen25_14b_instruct,10.0,dataset_red_team_attack_default_attack_qwen25_14b_instruct_lm_target_qwen25_14b_instruct_judge_llama_guard_10_calibration_upb_unified_aht_v2,0.9,Information-gain,Information-gain,False,200.0,50,0.8977466702461243,0.00015840627236490945,0.000160315641897313,-0.0022533297538757102,103.21641372680664,0.22273333311080928,10.04451950293216,,1.5496394342213704,0.5,,0.0004492589558936704,0.0004452021716099353,4.913175827749313,0.35259457888781787,0.36009627113358705,0.3154048396699142
red_team,qwen25_14b_instruct,10.0,dataset_red_team_attack_default_attack_qwen25_14b_instruct_lm_target_qwen25_14b_instruct_judge_llama_guard_10_calibration_upb_unified_aht_v2,0.9,Information-gain,Information-gain + CRC,True,50.0,50,0.8917866706848144,0.0010030013744903544,0.001050400125440234,-0.008213329315185591,102.70048049926758,0.21962000012397767,2.373788290181579,,10.191720828036967,1.0,1.0,0.0004492589558936704,0.0004452021716099353,4.913175827749313,2.2325684581961736,2.3593778117518798,2.074365173433191
red_team,qwen25_14b_instruct,10.0,dataset_red_team_attack_default_attack_qwen25_14b_instruct_lm_target_qwen25_14b_instruct_judge_llama_guard_10_calibration_upb_unified_aht_v2,0.9,Information-gain,Information-gain + CRC,True,100.0,50,0.896486668586731,0.000367198183367205,0.000372197717319324,-0.0035133314132690385,103.08579360961915,0.22200666695833207,6.3080460814334085,,3.130751055669649,1.0,1.0,0.0004492589558936704,0.0004452021716099353,4.913175827749313,0.8173419328653576,0.8360195458467479,0.6372153501992256
red_team,qwen25_14b_instruct,10.0,dataset_red_team_attack_default_attack_qwen25_14b_instruct_lm_target_qwen25_14b_instruct_judge_llama_guard_10_calibration_upb_unified_aht_v2,0.9,Information-gain,Information-gain + CRC,True,200.0,50,0.9002466678619385,0.0002907247543853828,0.0002849711043317884,0.00024666786193849877,104.83728652954102,0.22606666654348373,8.37520246721056,,2.2689529441622023,0.98,1.0,0.0004492589558936704,0.0004452021716099353,4.913175827749313,0.64712066520092,0.640093697883995,0.461809840255929
red_team,qwen25_14b_instruct,10.0,dataset_red_team_attack_default_attack_qwen25_14b_instruct_lm_target_qwen25_14b_instruct_judge_llama_guard_10_calibration_upb_unified_aht_v2,0.9,Oracle,Oracle,False,,50,0.8991866672039032,7.118892213779418e-05,7.042665393224494e-05,-0.000813332796096855,103.43838653564453,0.22386666625738144,49.876173333333334,,,,,0.0004492589558936704,0.0004452021716099353,4.913175827749313,0.15845854869199985,0.15819027494310917,
red_team,qwen25_14b_instruct,10.0,dataset_red_team_attack_default_attack_qwen25_14b_instruct_lm_target_qwen25_14b_instruct_judge_llama_guard_10_calibration_upb_unified_aht_v2,0.9,Residual,Residual,False,50.0,50,0.8935066652297974,0.00022908047778734465,0.00026666226466952054,-0.006493334770202641,101.12510025024415,0.21821333348751068,9.651584724792778,,3.4253833583403126,0.7,,0.0004492589558936704,0.0004452021716099353,4.913175827749313,0.5099074259558287,0.5989689217040863,0.6971831415016656
red_team,qwen25_14b_instruct,10.0,dataset_red_team_attack_default_attack_qwen25_14b_instruct_lm_target_qwen25_14b_instruct_judge_llama_guard_10_calibration_upb_unified_aht_v2,0.9,Residual,Residual,False,100.0,50,0.9006333351135254,0.00025089447923937305,0.00024627770302060976,0.0006333351135253684,104.88746002197266,0.22650666713714598,9.733076826111496,,2.3576088815336824,0.66,,0.0004492589558936704,0.0004452021716099353,4.913175827749313,0.5584629442506968,0.5531817199588739,0.4798543679666527
red_team,qwen25_14b_instruct,10.0,dataset_red_team_attack_default_attack_qwen25_14b_instruct_lm_target_qwen25_14b_instruct_judge_llama_guard_10_calibration_upb_unified_aht_v2,0.9,Residual,Residual,False,200.0,50,0.8949533367156982,0.00017617699173222691,0.00019812226220270208,-0.005046663284301811,101.87126022338867,0.2197266674041748,9.956965128996348,,2.466250619588471,0.56,,0.0004492589558936704,0.0004452021716099353,4.913175827749313,0.3921502051790462,0.4450163876924825,0.5019666924312457
red_team,qwen25_14b_instruct,10.0,dataset_red_team_attack_default_attack_qwen25_14b_instruct_lm_target_qwen25_14b_instruct_judge_llama_guard_10_calibration_upb_unified_aht_v2,0.9,Residual,Residual + CRC,True,50.0,50,0.8906799983978272,0.001552340078763091,0.001608155707052334,-0.009320001602172834,103.39604614257813,0.22049333333969115,2.413991398642564,,11.877008642348473,1.0,1.0,0.0004492589558936704,0.0004452021716099353,4.913175827749313,3.455334742687902,3.6121919649154868,2.41737911663325
red_team,qwen25_14b_instruct,10.0,dataset_red_team_attack_default_attack_qwen25_14b_instruct_lm_target_qwen25_14b_instruct_judge_llama_guard_10_calibration_upb_unified_aht_v2,0.9,Residual,Residual + CRC,True,100.0,50,0.8952866697311401,0.00046330629604061766,0.000476255652343156,-0.004713330268859894,103.08745361328126,0.2226733335852623,6.294027744827637,,4.634637565108877,1.0,1.0,0.0004492589558936704,0.0004452021716099353,4.913175827749313,1.0312678021498851,1.06975141343297,0.9433078985149952
red_team,qwen25_14b_instruct,10.0,dataset_red_team_attack_default_attack_qwen25_14b_instruct_lm_target_qwen25_14b_instruct_judge_llama_guard_10_calibration_upb_unified_aht_v2,0.9,Residual,Residual + CRC,True,200.0,50,0.899186669588089,0.00029981933742056116,0.0002944844570310894,-0.0008133304119110063,104.44562652587891,0.2253200018405914,8.342353460048198,,3.128788621741433,0.98,1.0,0.0004492589558936704,0.0004452021716099353,4.913175827749313,0.667364186038668,0.6614623104064786,0.6368159275046149
red_team,qwen25_14b_instruct,10.0,dataset_red_team_attack_default_attack_qwen25_14b_instruct_lm_target_qwen25_14b_instruct_judge_llama_guard_10_calibration_upb_unified_aht_v2,0.9,Soft-prefix,Soft-prefix,False,50.0,50,0.8949466693401337,0.0003191899544602093,0.00033834230612895063,-0.005053330659866351,102.11036682128906,0.21998000025749204,9.219199218667287,,2.570358978376543,0.74,,0.0004492589558936704,0.0004452021716099353,4.913175827749313,0.7104810049368375,0.7599745187797283,0.5231563185382689
red_team,qwen25_14b_instruct,10.0,dataset_red_team_attack_default_attack_qwen25_14b_instruct_lm_target_qwen25_14b_instruct_judge_llama_guard_10_calibration_upb_unified_aht_v2,0.9,Soft-prefix,Soft-prefix,False,100.0,50,0.8962999987602234,0.00018665419873331381,0.00019661112393299613,-0.0037000012397766513,102.44619400024413,0.2211466670036316,9.57190439642571,,1.9056104903277977,0.68,,0.0004492589558936704,0.0004452021716099353,4.913175827749313,0.41547129174535746,0.4416221134367182,0.38785717367675454
red_team,qwen25_14b_instruct,10.0,dataset_red_team_attack_default_attack_qwen25_14b_instruct_lm_target_qwen25_14b_instruct_judge_llama_guard_10_calibration_upb_unified_aht_v2,0.9,Soft-prefix,Soft-prefix,False,200.0,50,0.8958200025558472,0.0001694341709028714,0.00018351786611793842,-0.004179997444152872,102.19645324707031,0.22065999925136567,9.851793497797715,,1.8709286996849561,0.6,,0.0004492589558936704,0.0004452021716099353,4.913175827749313,0.3771414429921186,0.4122124235250315,0.3807982383040449
red_team,qwen25_14b_instruct,10.0,dataset_red_team_attack_default_attack_qwen25_14b_instruct_lm_target_qwen25_14b_instruct_judge_llama_guard_10_calibration_upb_unified_aht_v2,0.9,Soft-prefix,Soft-prefix + CRC,True,50.0,50,0.8975666701793671,0.0012126950987918445,0.0011943622908319896,-0.0024333298206329346,106.43096710205079,0.22882666528224946,2.4602036888502785,,10.057267132192175,1.0,1.0,0.0004492589558936704,0.0004452021716099353,4.913175827749313,2.6993231473361265,2.6827413858134372,2.0469992291725756
red_team,qwen25_14b_instruct,10.0,dataset_red_team_attack_default_attack_qwen25_14b_instruct_lm_target_qwen25_14b_instruct_judge_llama_guard_10_calibration_upb_unified_aht_v2,0.9,Soft-prefix,Soft-prefix + CRC,True,100.0,50,0.8940066695213318,0.0004149774733944255,0.0004425979341530708,-0.005993330478668235,102.15767379760742,0.21993333280086513,6.348414135955676,,4.198759705340744,1.0,1.0,0.0004492589558936704,0.0004452021716099353,4.913175827749313,0.9236932685492005,0.9941504385581789,0.8545917859536817
red_team,qwen25_14b_instruct,10.0,dataset_red_team_attack_default_attack_qwen25_14b_instruct_lm_target_qwen25_14b_instruct_judge_llama_guard_10_calibration_upb_unified_aht_v2,0.9,Soft-prefix,Soft-prefix + CRC,True,200.0,50,0.8955533337593079,0.00032390301889826203,0.0003371977991764084,-0.004446666240692121,102.56300003051757,0.22094666630029677,8.342210895170519,,2.7590354544603235,0.98,1.0,0.0004492589558936704,0.0004452021716099353,4.913175827749313,0.720971757266254,0.7574037609857951,0.5615584605943598
red_team,qwen25_14b_instruct,10.0,dataset_red_team_attack_default_attack_qwen25_14b_instruct_lm_target_qwen25_14b_instruct_judge_llama_guard_10_calibration_upb_unified_aht_v2,0.9,Static,Static,False,,50,0.8977800011634827,0.0004492589558936704,0.0004452021716099353,-0.002219998836517356,103.79188735961914,0.22343333303928375,2.6989162547447036,,4.913175827749313,1.0,,0.0004492589558936704,0.0004452021716099353,4.913175827749313,1.0,1.0,1.0
red_team,qwen25_14b_instruct,20.0,dataset_red_team_attack_default_attack_qwen25_14b_instruct_lm_target_qwen25_14b_instruct_judge_llama_guard_20_calibration_upb_unified_aht_v2,0.7,Endpoint/block,Endpoint/block,False,,50,0.7021600008010864,0.00020698058995674505,0.00020750658161830431,0.00216000080108647,52.055073776245116,0.07939333304762837,18.65723512070821,,0.9188800436942073,1.0,,0.0006050311156193253,0.0005986266818431003,5.33181222980574,0.3420990831932246,0.3466377091301982,0.17233916051235096
red_team,qwen25_14b_instruct,20.0,dataset_red_team_attack_default_attack_qwen25_14b_instruct_lm_target_qwen25_14b_instruct_judge_llm-judge_qwen25_14b_instruct_20_calibration_upb_unified_aht_v2,0.7,Endpoint/block,Endpoint/block,False,,50,0.7033199965953827,0.000412421605285778,0.00041519555057341535,0.003319996595382735,144.08702041625978,0.05267333347350355,19.783607832854635,,2.627575736649921,0.88,,0.0006201778621212036,0.0006280843277764635,6.123673315217376,0.6650053645500441,0.6610506459272524,0.42908489747818107
red_team,qwen25_14b_instruct,20.0,dataset_red_team_attack_default_attack_qwen25_14b_instruct_lm_target_qwen25_14b_instruct_judge_llama_guard_20_calibration_upb_unified_aht_v2,0.7,Endpoint/block,Endpoint/block + CRC,True,50.0,50,0.7013599967956543,0.0002998585059615334,0.00029571092712649274,0.0013599967956543502,52.001773300170896,0.07916666656732554,13.07678773279391,,1.8221897076783906,0.94,1.0,0.0006050311156193253,0.0005986266818431003,5.33181222980574,0.49560840462657946,0.49398220309197377,0.3417580419452957
red_team,qwen25_14b_instruct,20.0,dataset_red_team_attack_default_attack_qwen25_14b_instruct_lm_target_qwen25_14b_instruct_judge_llm-judge_qwen25_14b_instruct_20_calibration_upb_unified_aht_v2,0.7,Endpoint/block,Endpoint/block + CRC,True,50.0,50,0.7036733353137969,0.0006849863075402447,0.000684779973717028,0.003673335313796988,144.04858657836914,0.054660000354051545,12.926995497698892,,4.736661193541474,1.0,1.0,0.0006201778621212036,0.0006280843277764635,6.123673315217376,1.1044997723675203,1.0902675698680107,0.7734999810931837
red_team,qwen25_14b_instruct,20.0,dataset_red_team_attack_default_attack_qwen25_14b_instruct_lm_target_qwen25_14b_instruct_judge_llama_guard_20_calibration_upb_unified_aht_v2,0.7,Endpoint/block,Endpoint/block + CRC,True,100.0,50,0.701306666135788,0.00025052983099200637,0.0002472266107625815,0.0013066661357880038,51.96196662902832,0.07925333306193348,16.16490778485511,,1.281712793792404,0.9,1.0,0.0006050311156193253,0.0005986266818431003,5.33181222980574,0.41407759786958664,0.4129896281959905,0.24038970964270098
red_team,qwen25_14b_instruct,20.0,dataset_red_team_attack_default_attack_qwen25_14b_instruct_lm_target_qwen25_14b_instruct_judge_llm-judge_qwen25_14b_instruct_20_calibration_upb_unified_aht_v2,0.7,Endpoint/block,Endpoint/block + CRC,True,100.0,50,0.7025733327865601,0.0004262313488357865,0.000424328763489456,0.002573332786560134,143.86434661865235,0.05220666684210297,16.345169236844942,,3.6806902518239037,1.0,1.0,0.0006201778621212036,0.0006280843277764635,6.123673315217376,0.6872727565249444,0.6755920259810645,0.6010592110910554
red_team,qwen25_14b_instruct,20.0,dataset_red_team_attack_default_attack_qwen25_14b_instruct_lm_target_qwen25_14b_instruct_judge_llama_guard_20_calibration_upb_unified_aht_v2,0.7,Endpoint/block,Endpoint/block + CRC,True,200.0,50,0.7014199995994568,0.00024284705973658498,0.0002400065174043108,0.0014199995994568226,51.97966011047363,0.07914666682481761,17.807599866539864,,1.0998975672261821,0.88,1.0,0.0006050311156193253,0.0005986266818431003,5.33181222980574,0.40137945548139375,0.40092853306397785,0.20628962908287862
red_team,qwen25_14b_instruct,20.0,dataset_red_team_attack_default_attack_qwen25_14b_instruct_lm_target_qwen25_14b_instruct_judge_llm-judge_qwen25_14b_instruct_20_calibration_upb_unified_aht_v2,0.7,Endpoint/block,Endpoint/block + CRC,True,200.0,50,0.7018266642093658,0.00041274484929293404,0.00040782665444085374,0.0018266642093658358,143.62564697265626,0.05133333299309012,18.035898217792784,,3.5157883920698767,0.96,1.0,0.0006201778621212036,0.0006280843277764635,6.123673315217376,0.6655265763295979,0.649318310304982,0.5741306257035488
red_team,qwen25_14b_instruct,20.0,dataset_red_team_attack_default_attack_qwen25_14b_instruct_lm_target_qwen25_14b_instruct_judge_llama_guard_20_calibration_upb_unified_aht_v2,0.7,Information-gain,Information-gain,False,50.0,50,0.6989933323860168,0.00017465522017592815,0.00017217549545745208,-0.0010066676139831587,51.57711311340332,0.07791333362460133,19.810218233730044,,1.431458226946356,0.58,,0.0006050311156193253,0.0005986266818431003,5.33181222980574,0.28867146774285585,0.28761747626641737,0.26847498847469914
red_team,qwen25_14b_instruct,20.0,dataset_red_team_attack_default_attack_qwen25_14b_instruct_lm_target_qwen25_14b_instruct_judge_llm-judge_qwen25_14b_instruct_20_calibration_upb_unified_aht_v2,0.7,Information-gain,Information-gain,False,50.0,50,0.7059133338928223,0.00036294256373821556,0.00039065123019145227,0.005913333892822337,144.94899993896485,0.05524000011384482,20.37036873291903,,3.4140976584529175,0.4,,0.0006201778621212036,0.0006280843277764635,6.123673315217376,0.5852233462459264,0.6219725806157765,0.5575244600277514
red_team,qwen25_14b_instruct,20.0,dataset_red_team_attack_default_attack_qwen25_14b_instruct_lm_target_qwen25_14b_instruct_judge_llama_guard_20_calibration_upb_unified_aht_v2,0.7,Information-gain,Information-gain,False,100.0,50,0.7008733308315277,0.0001814144054731886,0.0001785488241050218,0.000873330831527741,51.88700668334961,0.07872000023722645,19.80811597496714,,1.2823519111851942,0.64,,0.0006050311156193253,0.0005986266818431003,5.33181222980574,0.29984310028003797,0.2982640592552461,0.24050957834123043
red_team,qwen25_14b_instruct,20.0,dataset_red_team_attack_default_attack_qwen25_14b_instruct_lm_target_qwen25_14b_instruct_judge_llm-judge_qwen25_14b_instruct_20_calibration_upb_unified_aht_v2,0.7,Information-gain,Information-gain,False,100.0,50,0.7034600019454956,0.0003565618881949883,0.0003614022638939221,0.003460001945495672,144.22138671875,0.052980000413954224,20.101669847374318,,3.311579620200484,0.44,,0.0006201778621212036,0.0006280843277764635,6.123673315217376,0.5749348855752998,0.5754040467358165,0.5407831949446393
red_team,qwen25_14b_instruct,20.0,dataset_red_team_attack_default_attack_qwen25_14b_instruct_lm_target_qwen25_14b_instruct_judge_llama_guard_20_calibration_upb_unified_aht_v2,0.7,Information-gain,Information-gain,False,200.0,50,0.70117999792099,0.00019372890385735604,0.00019124672087374975,0.0011799979209899947,51.911273345947265,0.07892666622996326,20.175341905104172,,1.2026628023421269,0.58,,0.0006050311156193253,0.0005986266818431003,5.33181222980574,0.32019659626769803,0.31947577125183235,0.22556360773904163
red_team,qwen25_14b_instruct,20.0,dataset_red_team_attack_default_attack_qwen25_14b_instruct_lm_target_qwen25_14b_instruct_judge_llm-judge_qwen25_14b_instruct_20_calibration_upb_unified_aht_v2,0.7,Information-gain,Information-gain,False,200.0,50,0.7041733300685883,0.0005717109969946765,0.000577693460916166,0.004173330068588332,144.22238098144533,0.05469333354383703,20.030031349966762,,3.6889311762250196,0.42,,0.0006201778621212036,0.0006280843277764635,6.123673315217376,0.921850056110105,0.9197705393498822,0.6024049596274179
red_team,qwen25_14b_instruct,20.0,dataset_red_team_attack_default_attack_qwen25_14b_instruct_lm_target_qwen25_14b_instruct_judge_llama_guard_20_calibration_upb_unified_aht_v2,0.7,Information-gain,Information-gain + CRC,True,50.0,50,0.7014999961853028,0.0003260736950706102,0.00032180220972512094,0.001499996185302832,52.00885368347168,0.07909333318471905,12.76972904917244,,2.4155849906519897,0.98,1.0,0.0006050311156193253,0.0005986266818431003,5.33181222980574,0.53893706728923,0.5375674347396782,0.4530513991375123
red_team,qwen25_14b_instruct,20.0,dataset_red_team_attack_default_attack_qwen25_14b_instruct_lm_target_qwen25_14b_instruct_judge_llm-judge_qwen25_14b_instruct_20_calibration_upb_unified_aht_v2,0.7,Information-gain,Information-gain + CRC,True,50.0,50,0.7023799979686737,0.0006060227193099418,0.0005995666552546341,0.0023799979686737194,143.61351989746095,0.05304666657000776,12.971138849646845,,6.932048072529807,1.0,1.0,0.0006201778621212036,0.0006280843277764635,6.123673315217376,0.9771756722130539,0.954595790309261,1.1320081453894044
red_team,qwen25_14b_instruct,20.0,dataset_red_team_attack_default_attack_qwen25_14b_instruct_lm_target_qwen25_14b_instruct_judge_llama_guard_20_calibration_upb_unified_aht_v2,0.7,Information-gain,Information-gain + CRC,True,100.0,50,0.700093332529068,0.00023732003287892586,0.00023258234318232956,9.333252906806866e-05,51.79095993041992,0.07851999968290324,16.216709115590014,,1.8683843525622366,1.0,1.0,0.0006050311156193253,0.0005986266818431003,5.33181222980574,0.3922443437243703,0.38852652285099654,0.35042200888426817
red_team,qwen25_14b_instruct,20.0,dataset_red_team_attack_default_attack_qwen25_14b_instruct_lm_target_qwen25_14b_instruct_judge_llm-judge_qwen25_14b_instruct_20_calibration_upb_unified_aht_v2,0.7,Information-gain,Information-gain + CRC,True,100.0,50,0.7038066709041595,0.000500263240738439,0.0005047487192962454,0.003806670904159537,144.15423309326172,0.05387999992817636,16.386527609011676,,4.835243895540503,1.0,1.0,0.0006201778621212036,0.0006280843277764635,6.123673315217376,0.8066447890084002,0.8036320872440021,0.7895986031006723
red_team,qwen25_14b_instruct,20.0,dataset_red_team_attack_default_attack_qwen25_14b_instruct_lm_target_qwen25_14b_instruct_judge_llama_guard_20_calibration_upb_unified_aht_v2,0.7,Information-gain,Information-gain + CRC,True,200.0,50,0.6996266627311707,0.00021663773444103345,0.00021244436046850972,-0.00037333726882926577,51.69597312927246,0.0781533337384462,18.572067851746194,,1.4829383117285235,0.82,1.0,0.0006050311156193253,0.0005986266818431003,5.33181222980574,0.3580604845740496,0.3548862202640531,0.27813025812099035
red_team,qwen25_14b_instruct,20.0,dataset_red_team_attack_default_attack_qwen25_14b_instruct_lm_target_qwen25_14b_instruct_judge_llm-judge_qwen25_14b_instruct_20_calibration_upb_unified_aht_v2,0.7,Information-gain,Information-gain + CRC,True,200.0,50,0.7017066645622253,0.0004986287322960243,0.0004915688615780598,0.0017066645622253462,143.42974700927735,0.05156000003218646,18.283020029173116,,4.558852476790623,1.0,1.0,0.0006201778621212036,0.0006280843277764635,6.123673315217376,0.8040092411402061,0.7826478704194163,0.7444636972161528
red_team,qwen25_14b_instruct,20.0,dataset_red_team_attack_default_attack_qwen25_14b_instruct_lm_target_qwen25_14b_instruct_judge_llama_guard_20_calibration_upb_unified_aht_v2,0.7,Oracle,Oracle,False,,50,0.6995599973201752,0.00010800655294330094,0.00010604002424268794,-0.00044000267982480246,51.66472686767578,0.07824666604399676,49.876173333333334,,,,,0.0006050311156193253,0.0005986266818431003,5.33181222980574,0.1785140468895433,0.17713882033490944,
red_team,qwen25_14b_instruct,20.0,dataset_red_team_attack_default_attack_qwen25_14b_instruct_lm_target_qwen25_14b_instruct_judge_llm-judge_qwen25_14b_instruct_20_calibration_upb_unified_aht_v2,0.7,Oracle,Oracle,False,,50,0.7033266663551331,0.00012558943692609698,0.0001341443572259496,0.0033266663551331233,144.66718658447266,0.0505733329802751,96.29994666666667,,,,,0.0006201778621212036,0.0006280843277764635,6.123673315217376,0.20250551429962615,0.21357698527655644,
red_team,qwen25_14b_instruct,20.0,dataset_red_team_attack_default_attack_qwen25_14b_instruct_lm_target_qwen25_14b_instruct_judge_llama_guard_20_calibration_upb_unified_aht_v2,0.7,Residual,Residual,False,50.0,50,0.6990066623687744,0.0003395441316913538,0.00033373996870713534,-0.0009933376312255549,51.64646003723144,0.07800666652619834,19.36317432709532,,2.7812967402299535,0.64,,0.0006050311156193253,0.0005986266818431003,5.33181222980574,0.5612011067295072,0.5575093440198651,0.5216419146724692
red_team,qwen25_14b_instruct,20.0,dataset_red_team_attack_default_attack_qwen25_14b_instruct_lm_target_qwen25_14b_instruct_judge_llm-judge_qwen25_14b_instruct_20_calibration_upb_unified_aht_v2,0.7,Residual,Residual,False,50.0,50,0.7047533309459686,0.0005554230754867152,0.0005669087690588843,0.004753330945968637,144.6574072265625,0.05459333315491671,20.19453930043818,,4.233456763326326,0.52,,0.0006201778621212036,0.0006280843277764635,6.123673315217376,0.8955867492383448,0.9025997688333472,0.6913263568136715
red_team,qwen25_14b_instruct,20.0,dataset_red_team_attack_default_attack_qwen25_14b_instruct_lm_target_qwen25_14b_instruct_judge_llama_guard_20_calibration_upb_unified_aht_v2,0.7,Residual,Residual,False,100.0,50,0.701726666688919,0.00033544992315147744,0.00033172230254307084,0.0017266666889190763,52.030039901733396,0.07921333283185954,19.50392530301855,,2.3590975233649143,0.66,,0.0006050311156193253,0.0005986266818431003,5.33181222980574,0.5544341679156489,0.5541388524843853,0.44245697741888895
red_team,qwen25_14b_instruct,20.0,dataset_red_team_attack_default_attack_qwen25_14b_instruct_lm_target_qwen25_14b_instruct_judge_llm-judge_qwen25_14b_instruct_20_calibration_upb_unified_aht_v2,0.7,Residual,Residual,False,100.0,50,0.70450000166893,0.00046743440149404555,0.00047833572848453835,0.004500001668930054,144.42454803466796,0.05431333333253856,20.037075971999133,,3.9649695066329467,0.48,,0.0006201778621212036,0.0006280843277764635,6.123673315217376,0.7537102338598038,0.761578831584505,0.6474822059465463
red_team,qwen25_14b_instruct,20.0,dataset_red_team_attack_default_attack_qwen25_14b_instruct_lm_target_qwen25_14b_instruct_judge_llama_guard_20_calibration_upb_unified_aht_v2,0.7,Residual,Residual,False,200.0,50,0.7002266621589661,0.0002567138240520908,0.00025163092330535614,0.00022666215896616215,51.79384674072266,0.07849333330988881,19.922529142420945,,2.1717562181815837,0.64,,0.0006050311156193253,0.0005986266818431003,5.33181222980574,0.4242985483305466,0.42034698909613327,0.4073204615198367
red_team,qwen25_14b_instruct,20.0,dataset_red_team_attack_default_attack_qwen25_14b_instruct_lm_target_qwen25_14b_instruct_judge_llm-judge_qwen25_14b_instruct_20_calibration_upb_unified_aht_v2,0.7,Residual,Residual,False,200.0,50,0.7017866659164429,0.0005585750043410465,0.0005505956793512043,0.0017866659164429421,143.40673263549806,0.052013333141803696,19.999696343863853,,4.314111108892139,0.44,,0.0006201778621212036,0.0006280843277764635,6.123673315217376,0.900669047473807,0.8766269989579526,0.7044972660725614
red_team,qwen25_14b_instruct,20.0,dataset_red_team_attack_default_attack_qwen25_14b_instruct_lm_target_qwen25_14b_instruct_judge_llama_guard_20_calibration_upb_unified_aht_v2,0.7,Residual,Residual + CRC,True,50.0,50,0.6982333326339721,0.0006638921763321403,0.0006537354463876852,-0.0017666673660278187,51.61094017028809,0.07803333342075344,12.997912699155156,,4.125893352140958,0.98,1.0,0.0006050311156193253,0.0005986266818431003,5.33181222980574,1.0972860059479144,1.0920586506015928,0.7738257039654379
red_team,qwen25_14b_instruct,20.0,dataset_red_team_attack_default_attack_qwen25_14b_instruct_lm_target_qwen25_14b_instruct_judge_llm-judge_qwen25_14b_instruct_20_calibration_upb_unified_aht_v2,0.7,Residual,Residual + CRC,True,50.0,50,0.702626668214798,0.0005310777853921843,0.0005273556155949708,0.002626668214798067,143.75259323120116,0.05283333346247668,12.915985445065926,,7.90210337330069,1.0,1.0,0.0006201778621212036,0.0006280843277764635,6.123673315217376,0.856331413662092,0.8396254965665338,1.2904188330334183
red_team,qwen25_14b_instruct,20.0,dataset_red_team_attack_default_attack_qwen25_14b_instruct_lm_target_qwen25_14b_instruct_judge_llama_guard_20_calibration_upb_unified_aht_v2,0.7,Residual,Residual + CRC,True,100.0,50,0.6996266639232636,0.00032812534590882206,0.00032170221881683855,-0.0003733360767363969,51.7251863861084,0.07827333331108088,16.156719705785363,,3.17556612566677,0.98,1.0,0.0006050311156193253,0.0005986266818431003,5.33181222980574,0.5423280512985593,0.5374004009082183,0.595588514523226
red_team,qwen25_14b_instruct,20.0,dataset_red_team_attack_default_attack_qwen25_14b_instruct_lm_target_qwen25_14b_instruct_judge_llm-judge_qwen25_14b_instruct_20_calibration_upb_unified_aht_v2,0.7,Residual,Residual + CRC,True,100.0,50,0.7074533343315125,0.0006172234873557678,0.0006604312102659555,0.007453334331512518,145.37644012451173,0.05819999996572729,16.421362325657665,,5.689736008070505,1.0,1.0,0.0006201778621212036,0.0006280843277764635,6.123673315217376,0.9952362460096029,1.051500859134642,0.9291377438328505
red_team,qwen25_14b_instruct,20.0,dataset_red_team_attack_default_attack_qwen25_14b_instruct_lm_target_qwen25_14b_instruct_judge_llama_guard_20_calibration_upb_unified_aht_v2,0.7,Residual,Residual + CRC,True,200.0,50,0.7011799967288971,0.0003007082724597097,0.0002960864992907234,0.0011799967288971258,51.93525985717773,0.07893999978899952,18.457686308346805,,2.5277364544584993,0.84,1.0,0.0006050311156193253,0.0005986266818431003,5.33181222980574,0.49701290511628815,0.49460959270827737,0.4740857977570968
red_team,qwen25_14b_instruct,20.0,dataset_red_team_attack_default_attack_qwen25_14b_instruct_lm_target_qwen25_14b_instruct_judge_llm-judge_qwen25_14b_instruct_20_calibration_upb_unified_aht_v2,0.7,Residual,Residual + CRC,True,200.0,50,0.7034000051021576,0.0006062538958291437,0.0006056888526072587,0.003400005102157655,143.84993469238282,0.05389999996870751,18.27925418791025,,5.202252525212065,1.0,1.0,0.0006201778621212036,0.0006280843277764635,6.123673315217376,0.9775484306317617,0.964343203326711,0.8495313609046431
red_team,qwen25_14b_instruct,20.0,dataset_red_team_attack_default_attack_qwen25_14b_instruct_lm_target_qwen25_14b_instruct_judge_llama_guard_20_calibration_upb_unified_aht_v2,0.7,Soft-prefix,Soft-prefix,False,50.0,50,0.7025266659259796,0.00027055821558885857,0.00027153109197858803,0.00252666592597961,52.14886680603027,0.07941333353519436,19.077993963541243,,1.8691598039692099,0.68,,0.0006050311156193253,0.0005986266818431003,5.33181222980574,0.4471806632819343,0.4535900256610282,0.3505674475031749
red_team,qwen25_14b_instruct,20.0,dataset_red_team_attack_default_attack_qwen25_14b_instruct_lm_target_qwen25_14b_instruct_judge_llm-judge_qwen25_14b_instruct_20_calibration_upb_unified_aht_v2,0.7,Soft-prefix,Soft-prefix,False,50.0,50,0.7026399970054626,0.0003243938665788709,0.0003248755734361455,0.002639997005462691,144.04429412841796,0.0517800002545118,19.92479235370997,,2.711670798032872,0.5,,0.0006201778621212036,0.0006280843277764635,6.123673315217376,0.5230658596379782,0.5172483360415409,0.4428176779604407
red_team,qwen25_14b_instruct,20.0,dataset_red_team_attack_default_attack_qwen25_14b_instruct_lm_target_qwen25_14b_instruct_judge_llama_guard_20_calibration_upb_unified_aht_v2,0.7,Soft-prefix,Soft-prefix,False,100.0,50,0.6999199974536896,0.00021031549519048642,0.00020611558569409285,-8.000254631035375e-05,51.718679962158205,0.078346666842699,19.533456828482517,,1.5342492463959434,0.64,,0.0006050311156193253,0.0005986266818431003,5.33181222980574,0.3476110397647931,0.34431406408329057,0.2877538030726642
red_team,qwen25_14b_instruct,20.0,dataset_red_team_attack_default_attack_qwen25_14b_instruct_lm_target_qwen25_14b_instruct_judge_llm-judge_qwen25_14b_instruct_20_calibration_upb_unified_aht_v2,0.7,Soft-prefix,Soft-prefix,False,100.0,50,0.7020933330059052,0.0004195058269285713,0.0004154977534636119,0.0020933330059051958,143.7080812072754,0.05151999991387123,19.926084716718513,,2.8574499235835185,0.54,,0.0006201778621212036,0.0006280843277764635,6.123673315217376,0.6764282515563023,0.6615317961117609,0.4666235079005167
red_team,qwen25_14b_instruct,20.0,dataset_red_team_attack_default_attack_qwen25_14b_instruct_lm_target_qwen25_14b_instruct_judge_llama_guard_20_calibration_upb_unified_aht_v2,0.7,Soft-prefix,Soft-prefix,False,200.0,50,0.7022399938106537,0.00027222243945680024,0.0002717955629394313,0.002239993810653762,52.070613327026365,0.0793933334946632,19.8745512933567,,1.3347820310364795,0.62,,0.0006050311156193253,0.0005986266818431003,5.33181222980574,0.4499313050670896,0.45403182180688156,0.2503430303818316
red_team,qwen25_14b_instruct,20.0,dataset_red_team_attack_default_attack_qwen25_14b_instruct_lm_target_qwen25_14b_instruct_judge_llm-judge_qwen25_14b_instruct_20_calibration_upb_unified_aht_v2,0.7,Soft-prefix,Soft-prefix,False,200.0,50,0.7015333342552185,0.0004414741136809238,0.0004349957453455319,0.0015333342552185103,143.55570739746094,0.05118666663765903,19.954198954147717,,3.4037007947081928,0.5,,0.0006201778621212036,0.0006280843277764635,6.123673315217376,0.7118508102997152,0.692575385355496,0.5558266451363383
red_team,qwen25_14b_instruct,20.0,dataset_red_team_attack_default_attack_qwen25_14b_instruct_lm_target_qwen25_14b_instruct_judge_llama_guard_20_calibration_upb_unified_aht_v2,0.7,Soft-prefix,Soft-prefix + CRC,True,50.0,50,0.7019133341312408,0.0004796405983286303,0.00047370863385982903,0.0019133341312408403,52.1285466003418,0.07962000072002406,12.878554987609794,,3.302762856076597,0.98,1.0,0.0006050311156193253,0.0005986266818431003,5.33181222980574,0.7927536054697912,0.7913256261838121,0.6194447054255942
red_team,qwen25_14b_instruct,20.0,dataset_red_team_attack_default_attack_qwen25_14b_instruct_lm_target_qwen25_14b_instruct_judge_llm-judge_qwen25_14b_instruct_20_calibration_upb_unified_aht_v2,0.7,Soft-prefix,Soft-prefix + CRC,True,50.0,50,0.7043999981880188,0.0005604307519608508,0.000568582120976203,0.004399998188018839,144.3717269897461,0.05487999953329558,12.986281538500673,,5.6680654036511795,1.0,1.0,0.0006201778621212036,0.0006280843277764635,6.123673315217376,0.9036613303867396,0.905263984199527,0.9255989194534583
red_team,qwen25_14b_instruct,20.0,dataset_red_team_attack_default_attack_qwen25_14b_instruct_lm_target_qwen25_14b_instruct_judge_llama_guard_20_calibration_upb_unified_aht_v2,0.7,Soft-prefix,Soft-prefix + CRC,True,100.0,50,0.704726665019989,0.00028658355620601297,0.0003031932472930809,0.004726665019989085,52.48449363708496,0.08054000020027158,16.284530718725247,,2.2318373935463653,0.92,1.0,0.0006050311156193253,0.0005986266818431003,5.33181222980574,0.47366746735439996,0.5064813455350586,0.4185888957360527
red_team,qwen25_14b_instruct,20.0,dataset_red_team_attack_default_attack_qwen25_14b_instruct_lm_target_qwen25_14b_instruct_judge_llm-judge_qwen25_14b_instruct_20_calibration_upb_unified_aht_v2,0.7,Soft-prefix,Soft-prefix + CRC,True,100.0,50,0.7041999995708466,0.0004623856640470684,0.0004707779471612387,0.004199999570846602,144.49288696289062,0.054386666789650866,16.420709921904496,,3.9000823065842023,1.0,1.0,0.0006201778621212036,0.0006280843277764635,6.123673315217376,0.7455694443293475,0.7495457637478092,0.6368860822298387
red_team,qwen25_14b_instruct,20.0,dataset_red_team_attack_default_attack_qwen25_14b_instruct_lm_target_qwen25_14b_instruct_judge_llama_guard_20_calibration_upb_unified_aht_v2,0.7,Soft-prefix,Soft-prefix + CRC,True,200.0,50,0.7001533305644989,0.00022766078093198276,0.00022313107557535262,0.00015333056449895466,51.74142677307129,0.0784666664898395,18.42730973404213,,1.703322446907268,0.84,1.0,0.0006050311156193253,0.0005986266818431003,5.33181222980574,0.3762794591133439,0.37273827302244295,0.31946407215644335
red_team,qwen25_14b_instruct,20.0,dataset_red_team_attack_default_attack_qwen25_14b_instruct_lm_target_qwen25_14b_instruct_judge_llm-judge_qwen25_14b_instruct_20_calibration_upb_unified_aht_v2,0.7,Soft-prefix,Soft-prefix + CRC,True,200.0,50,0.7029466688632965,0.0005614844118092249,0.0005589375809629618,0.002946668863296531,143.77467361450195,0.05310000006109471,18.265450069862663,,3.991257328403326,0.96,1.0,0.0006201778621212036,0.0006280843277764635,6.123673315217376,0.9053602943658313,0.8899084983408292,0.651775025046653
red_team,qwen25_14b_instruct,20.0,dataset_red_team_attack_default_attack_qwen25_14b_instruct_lm_target_qwen25_14b_instruct_judge_llama_guard_20_calibration_upb_unified_aht_v2,0.7,Static,Static,False,,50,0.697613331079483,0.0006050311156193253,0.0005986266818431003,-0.0023866689205169767,51.494826583862306,0.07774000003933901,5.397832509489407,,5.33181222980574,1.0,,0.0006050311156193253,0.0005986266818431003,5.33181222980574,1.0,1.0,1.0
red_team,qwen25_14b_instruct,20.0,dataset_red_team_attack_default_attack_qwen25_14b_instruct_lm_target_qwen25_14b_instruct_judge_llm-judge_qwen25_14b_instruct_20_calibration_upb_unified_aht_v2,0.7,Static,Static,False,,50,0.7045066642761231,0.0006201778621212036,0.0006280843277764635,0.004506664276123118,144.54395294189453,0.055306666567921596,9.629994810164769,,6.123673315217376,1.0,,0.0006201778621212036,0.0006280843277764635,6.123673315217376,1.0,1.0,1.0
red_team,qwen25_14b_instruct,20.0,dataset_red_team_attack_default_attack_qwen25_14b_instruct_lm_target_qwen25_14b_instruct_judge_llama_guard_20_calibration_upb_unified_aht_v2,0.8,Endpoint/block,Endpoint/block,False,,50,0.7988400006294251,0.00018816433901934943,0.00018574665077869673,-0.0011599993705749823,71.25267990112305,0.13699999973177907,18.514151698652885,,0.7110273055036619,1.0,,0.0004676228557151396,0.0004939510929259262,4.102571300321254,0.4023848208436863,0.3760425949832884,0.1733126016476507
red_team,qwen25_14b_instruct,20.0,dataset_red_team_attack_default_attack_qwen25_14b_instruct_lm_target_qwen25_14b_instruct_judge_llm-judge_qwen25_14b_instruct_20_calibration_upb_unified_aht_v2,0.8,Endpoint/block,Endpoint/block,False,,50,0.7994266617298126,0.0003511249072384758,0.0003444311258657677,-0.0005733382701874623,170.5662127685547,0.20286666855216026,19.46381884654775,,1.9161446715755712,1.0,,0.0005604001548580091,0.0005787132583812132,4.423458761949038,0.6265610460572443,0.5951671589989426,0.4331779213267246
red_team,qwen25_14b_instruct,20.0,dataset_red_team_attack_default_attack_qwen25_14b_instruct_lm_target_qwen25_14b_instruct_judge_llama_guard_20_calibration_upb_unified_aht_v2,0.8,Endpoint/block,Endpoint/block + CRC,True,50.0,50,0.7991400039196015,0.00022267157249911918,0.00021895773430743765,-0.0008599960803985507,71.3156932067871,0.1371866668760776,13.081560024948292,,1.3861436841221564,0.94,1.0,0.0004676228557151396,0.0004939510929259262,4.102571300321254,0.47617769272330723,0.44327816547674476,0.3378719302242507
red_team,qwen25_14b_instruct,20.0,dataset_red_team_attack_default_attack_qwen25_14b_instruct_lm_target_qwen25_14b_instruct_judge_llm-judge_qwen25_14b_instruct_20_calibration_upb_unified_aht_v2,0.8,Endpoint/block,Endpoint/block + CRC,True,50.0,50,0.8003999972343445,0.0005059139104486585,0.0004959556300271685,0.00039999723434447354,170.87208038330078,0.2067333327233791,13.038798316723112,,3.360422927995104,1.0,1.0,0.0005604001548580091,0.0005787132583812132,4.423458761949038,0.902772610005513,0.856997179249814,0.7596822099714692
red_team,qwen25_14b_instruct,20.0,dataset_red_team_attack_default_attack_qwen25_14b_instruct_lm_target_qwen25_14b_instruct_judge_llama_guard_20_calibration_upb_unified_aht_v2,0.8,Endpoint/block,Endpoint/block + CRC,True,100.0,50,0.7991933333873749,0.0002054742866848352,0.0002020155119750627,-0.0008066666126251842,71.30705337524414,0.13729333296418186,16.14827506089201,,0.9768189298118317,0.94,1.0,0.0004676228557151396,0.0004939510929259262,4.102571300321254,0.43940171908535486,0.4089787731380874,0.23809919640771174
red_team,qwen25_14b_instruct,20.0,dataset_red_team_attack_default_attack_qwen25_14b_instruct_lm_target_qwen25_14b_instruct_judge_llm-judge_qwen25_14b_instruct_20_calibration_upb_unified_aht_v2,0.8,Endpoint/block,Endpoint/block + CRC,True,100.0,50,0.8006666660308838,0.00043379590872704365,0.000425564434149237,0.0006666660308837224,170.831806640625,0.2061600007116794,16.44959022193188,,2.5969645015418217,1.0,1.0,0.0005604001548580091,0.0005787132583812132,4.423458761949038,0.7740824212244487,0.7353632010084462,0.5870891176563298
red_team,qwen25_14b_instruct,20.0,dataset_red_team_attack_default_attack_qwen25_14b_instruct_lm_target_qwen25_14b_instruct_judge_llama_guard_20_calibration_upb_unified_aht_v2,0.8,Endpoint/block,Endpoint/block + CRC,True,200.0,50,0.7995533323287964,0.00019310029321005411,0.00018943779935435146,-0.0004466676712036044,71.3777069091797,0.13747999936342237,17.80538508508629,,0.8368117636961645,0.88,1.0,0.0004676228557151396,0.0004939510929259262,4.102571300321254,0.4129402377365499,0.38351529547634766,0.20397250954069646
red_team,qwen25_14b_instruct,20.0,dataset_red_team_attack_default_attack_qwen25_14b_instruct_lm_target_qwen25_14b_instruct_judge_llm-judge_qwen25_14b_instruct_20_calibration_upb_unified_aht_v2,0.8,Endpoint/block,Endpoint/block + CRC,True,200.0,50,0.7999400007724762,0.00041815751094503785,0.00040979796063344057,-5.9999227523865883e-05,170.6865591430664,0.2045133326947689,18.079757529939897,,2.497589673261498,0.96,1.0,0.0005604001548580091,0.0005787132583812132,4.423458761949038,0.7461766513090778,0.7081191845850129,0.5646237045874539
red_team,qwen25_14b_instruct,20.0,dataset_red_team_attack_default_attack_qwen25_14b_instruct_lm_target_qwen25_14b_instruct_judge_llama_guard_20_calibration_upb_unified_aht_v2,0.8,Information-gain,Information-gain,False,50.0,50,0.8002666711807251,0.00020875273797542476,0.00020464879673454562,0.00026667118072509766,71.58665969848633,0.13800666794180866,19.707371165423574,,1.4455327899211283,0.62,,0.0004676228557151396,0.0004939510929259262,4.102571300321254,0.4464126067066962,0.41430983687535866,0.35234799936516276
red_team,qwen25_14b_instruct,20.0,dataset_red_team_attack_default_attack_qwen25_14b_instruct_lm_target_qwen25_14b_instruct_judge_llm-judge_qwen25_14b_instruct_20_calibration_upb_unified_aht_v2,0.8,Information-gain,Information-gain,False,50.0,50,0.8026733350753784,0.0004093989908703779,0.00040835773147821874,0.002673335075378369,171.37499938964845,0.21187333419919013,20.89498967146535,,2.687887932360992,0.38,,0.0005604001548580091,0.0005787132583812132,4.423458761949038,0.7305476048166136,0.7056305096940133,0.6076439449334147
red_team,qwen25_14b_instruct,20.0,dataset_red_team_attack_default_attack_qwen25_14b_instruct_lm_target_qwen25_14b_instruct_judge_llama_guard_20_calibration_upb_unified_aht_v2,0.8,Information-gain,Information-gain,False,100.0,50,0.7998400020599366,0.0002962868071827471,0.00029038667037991673,-0.00015999794006349433,71.49164642333984,0.137593333274126,19.627608378100046,,1.2529219089627712,0.62,,0.0004676228557151396,0.0004939510929259262,4.102571300321254,0.6336020653430919,0.5878854699152647,0.3053991795010754
red_team,qwen25_14b_instruct,20.0,dataset_red_team_attack_default_attack_qwen25_14b_instruct_lm_target_qwen25_14b_instruct_judge_llm-judge_qwen25_14b_instruct_20_calibration_upb_unified_aht_v2,0.8,Information-gain,Information-gain,False,100.0,50,0.8011399984359742,0.00039206825666031255,0.00038552648796112964,0.001139998435974121,170.98580657958985,0.20754666596651078,20.361084475103382,,2.7132051162380075,0.46,,0.0005604001548580091,0.0005787132583812132,4.423458761949038,0.6996219634515493,0.6661787722637131,0.613367335890463
red_team,qwen25_14b_instruct,20.0,dataset_red_team_attack_default_attack_qwen25_14b_instruct_lm_target_qwen25_14b_instruct_judge_llama_guard_20_calibration_upb_unified_aht_v2,0.8,Information-gain,Information-gain,False,200.0,50,0.7982199954986572,0.0002000526593123865,0.0001992200221509394,-0.0017800045013428578,71.15825942993165,0.13688666626811025,20.065643361284874,,1.0998034872855604,0.58,,0.0004676228557151396,0.0004939510929259262,4.102571300321254,0.42780770201329077,0.40331932655692043,0.26807662969792617
red_team,qwen25_14b_instruct,20.0,dataset_red_team_attack_default_attack_qwen25_14b_instruct_lm_target_qwen25_14b_instruct_judge_llm-judge_qwen25_14b_instruct_20_calibration_upb_unified_aht_v2,0.8,Information-gain,Information-gain,False,200.0,50,0.8020866680145263,0.00034462477288063365,0.000342086460825868,0.002086668014526283,171.07823974609374,0.20872000038623809,20.118439724437348,,2.9650460364156985,0.4,,0.0005604001548580091,0.0005787132583812132,4.423458761949038,0.6149619515504108,0.5911156447024527,0.6703003681013763
red_team,qwen25_14b_instruct,20.0,dataset_red_team_attack_default_attack_qwen25_14b_instruct_lm_target_qwen25_14b_instruct_judge_llama_guard_20_calibration_upb_unified_aht_v2,0.8,Information-gain,Information-gain + CRC,True,50.0,50,0.7974200034141541,0.0002992916931662523,0.0002999622416859042,-0.002579996585845956,70.99112693786621,0.13612666696310038,12.62964394741416,,2.6324351161674047,0.98,1.0,0.0004676228557151396,0.0004939510929259262,4.102571300321254,0.6400279402693929,0.6072711367213982,0.6416549338121851
red_team,qwen25_14b_instruct,20.0,dataset_red_team_attack_default_attack_qwen25_14b_instruct_lm_target_qwen25_14b_instruct_judge_llm-judge_qwen25_14b_instruct_20_calibration_upb_unified_aht_v2,0.8,Information-gain,Information-gain + CRC,True,50.0,50,0.8049466633796691,0.0006739334773939672,0.0006849242864378478,0.004946663379669092,171.7313668823242,0.2187466676533222,13.268559223697428,,5.191673177528072,1.0,1.0,0.0005604001548580091,0.0005787132583812132,4.423458761949038,1.2025933104260553,1.1835296263191375,1.1736682666033373
red_team,qwen25_14b_instruct,20.0,dataset_red_team_attack_default_attack_qwen25_14b_instruct_lm_target_qwen25_14b_instruct_judge_llama_guard_20_calibration_upb_unified_aht_v2,0.8,Information-gain,Information-gain + CRC,True,100.0,50,0.7988733351230621,0.00025926471127045013,0.00025534879078996657,-0.0011266648769379106,71.31083984375,0.13716666623950002,16.271402910993427,,1.8438208474297486,0.98,1.0,0.0004676228557151396,0.0004939510929259262,4.102571300321254,0.5544312218742055,0.516951565543472,0.44943054305609925
red_team,qwen25_14b_instruct,20.0,dataset_red_team_attack_default_attack_qwen25_14b_instruct_lm_target_qwen25_14b_instruct_judge_llm-judge_qwen25_14b_instruct_20_calibration_upb_unified_aht_v2,0.8,Information-gain,Information-gain + CRC,True,100.0,50,0.8019133329391479,0.0004976002436744033,0.0004913090817369435,0.0019133329391478604,171.0934930419922,0.2104266656935215,16.473201747273304,,3.8623681604951985,0.96,1.0,0.0005604001548580091,0.0005787132583812132,4.423458761949038,0.8879373771773534,0.8489680763686697,0.8731556839004835
red_team,qwen25_14b_instruct,20.0,dataset_red_team_attack_default_attack_qwen25_14b_instruct_lm_target_qwen25_14b_instruct_judge_llama_guard_20_calibration_upb_unified_aht_v2,0.8,Information-gain,Information-gain + CRC,True,200.0,50,0.7976200032234192,0.000325378809324696,0.0003245356177947374,-0.0023799967765808505,71.04185317993164,0.13629999995231626,18.463801395026934,,1.4392592406064653,0.8,1.0,0.0004676228557151396,0.0004939510929259262,4.102571300321254,0.6958145979137214,0.6570197382747877,0.3508188244025797
red_team,qwen25_14b_instruct,20.0,dataset_red_team_attack_default_attack_qwen25_14b_instruct_lm_target_qwen25_14b_instruct_judge_llm-judge_qwen25_14b_instruct_20_calibration_upb_unified_aht_v2,0.8,Information-gain,Information-gain + CRC,True,200.0,50,0.7981333374977112,0.0005843265350436024,0.0005761244332401817,-0.0018666625022888406,170.3185205078125,0.20258666664361955,18.207165220659824,,3.82329553529067,0.96,1.0,0.0005604001548580091,0.0005787132583812132,4.423458761949038,1.0426951705458678,0.9955265840145548,0.8643226355310414
red_team,qwen25_14b_instruct,20.0,dataset_red_team_attack_default_attack_qwen25_14b_instruct_lm_target_qwen25_14b_instruct_judge_llama_guard_20_calibration_upb_unified_aht_v2,0.8,Oracle,Oracle,False,,50,0.7995399975776672,0.00010721036904928438,0.00010527776389685077,-0.00046000242233279476,71.27044738769531,0.13742666512727733,49.876173333333334,,,,,0.0004676228557151396,0.0004939510929259262,4.102571300321254,0.22926674292967705,0.21313398311002096,
red_team,qwen25_14b_instruct,20.0,dataset_red_team_attack_default_attack_qwen25_14b_instruct_lm_target_qwen25_14b_instruct_judge_llm-judge_qwen25_14b_instruct_20_calibration_upb_unified_aht_v2,0.8,Oracle,Oracle,False,,50,0.8032933282852173,0.0001075765854924512,0.0001162710649768141,0.003293328285217223,171.37013977050782,0.20851333290338517,96.29994666666667,,,,,0.0005604001548580091,0.0005787132583812132,4.423458761949038,0.19196387538420348,0.2009130831079446,
red_team,qwen25_14b_instruct,20.0,dataset_red_team_attack_default_attack_qwen25_14b_instruct_lm_target_qwen25_14b_instruct_judge_llama_guard_20_calibration_upb_unified_aht_v2,0.8,Residual,Residual,False,50.0,50,0.7972733318805695,0.00026173104651829916,0.0002639311446214523,-0.002726668119430564,70.99229972839356,0.13610666692256923,19.173790822892034,,3.0185439618408365,0.66,,0.0004676228557151396,0.0004939510929259262,4.102571300321254,0.5597054192700476,0.5343264715906436,0.7357687998267007
red_team,qwen25_14b_instruct,20.0,dataset_red_team_attack_default_attack_qwen25_14b_instruct_lm_target_qwen25_14b_instruct_judge_llm-judge_qwen25_14b_instruct_20_calibration_upb_unified_aht_v2,0.8,Residual,Residual,False,50.0,50,0.8014933347702027,0.0005282733633202546,0.0005199379447897456,0.0014933347702026367,170.9893927001953,0.2095666666328907,20.53580907808118,,3.7523788191306484,0.42,,0.0005604001548580091,0.0005787132583812132,4.423458761949038,0.9426716940399588,0.8984379349526656,0.8482906750276332
red_team,qwen25_14b_instruct,20.0,dataset_red_team_attack_default_attack_qwen25_14b_instruct_lm_target_qwen25_14b_instruct_judge_llama_guard_20_calibration_upb_unified_aht_v2,0.8,Residual,Residual,False,100.0,50,0.7972733318805695,0.0003795133498548088,0.0003793578018912316,-0.002726668119430564,70.95441986083985,0.13608000010251994,19.33026597104324,,2.623597567431056,0.66,,0.0004676228557151396,0.0004939510929259262,4.102571300321254,0.8115799842041849,0.768006807402936,0.6395007850870535
red_team,qwen25_14b_instruct,20.0,dataset_red_team_attack_default_attack_qwen25_14b_instruct_lm_target_qwen25_14b_instruct_judge_llm-judge_qwen25_14b_instruct_20_calibration_upb_unified_aht_v2,0.8,Residual,Residual,False,100.0,50,0.8019000029563904,0.00030572442697700454,0.0003032199496717565,0.0019000029563903675,171.13458740234375,0.2080933341383934,20.229328647265998,,3.358201205276379,0.46,,0.0005604001548580091,0.0005787132583812132,4.423458761949038,0.5455466497050973,0.5239554222758411,0.7591799508031829
red_team,qwen25_14b_instruct,20.0,dataset_red_team_attack_default_attack_qwen25_14b_instruct_lm_target_qwen25_14b_instruct_judge_llama_guard_20_calibration_upb_unified_aht_v2,0.8,Residual,Residual,False,200.0,50,0.7978066718578338,0.00021366023251786562,0.00021419771620672653,-0.0021933281421662176,71.05861328125,0.1365999999642372,19.799034945657816,,2.042347331287469,0.64,,0.0004676228557151396,0.0004939510929259262,4.102571300321254,0.45690716334023757,0.43364154725910886,0.4978212885971151
red_team,qwen25_14b_instruct,20.0,dataset_red_team_attack_default_attack_qwen25_14b_instruct_lm_target_qwen25_14b_instruct_judge_llm-judge_qwen25_14b_instruct_20_calibration_upb_unified_aht_v2,0.8,Residual,Residual,False,200.0,50,0.8013333332538605,0.0004173242106948511,0.0004107555040468041,0.0013333332538604248,170.9629071044922,0.20721333354711532,20.04733114906428,,3.500504672894024,0.44,,0.0005604001548580091,0.0005787132583812132,4.423458761949038,0.7446896776832446,0.7097737922849331,0.7913501314866225
red_team,qwen25_14b_instruct,20.0,dataset_red_team_attack_default_attack_qwen25_14b_instruct_lm_target_qwen25_14b_instruct_judge_llama_guard_20_calibration_upb_unified_aht_v2,0.8,Residual,Residual + CRC,True,50.0,50,0.7984800004959106,0.000661411151851024,0.0006504933273064355,-0.001519999504089431,71.32252662658692,0.13742666661739344,12.892444262640447,,4.827741746966736,0.96,1.0,0.0004676228557151396,0.0004939510929259262,4.102571300321254,1.414411515107666,1.3169184897501272,1.176759986252694
red_team,qwen25_14b_instruct,20.0,dataset_red_team_attack_default_attack_qwen25_14b_instruct_lm_target_qwen25_14b_instruct_judge_llm-judge_qwen25_14b_instruct_20_calibration_upb_unified_aht_v2,0.8,Residual,Residual + CRC,True,50.0,50,0.7988733339309693,0.0008933010065331358,0.0008767043628335786,-0.0011266660690307795,170.31942657470702,0.20642000034451485,13.21826255195224,,7.413765160324113,1.0,1.0,0.0005604001548580091,0.0005787132583812132,4.423458761949038,1.594041327057583,1.5149201269138213,1.6760109134729457
red_team,qwen25_14b_instruct,20.0,dataset_red_team_attack_default_attack_qwen25_14b_instruct_lm_target_qwen25_14b_instruct_judge_llama_guard_20_calibration_upb_unified_aht_v2,0.8,Residual,Residual + CRC,True,100.0,50,0.7996800005435943,0.0003035326684753066,0.0002975644147579004,-0.00031999945640570626,71.5427799987793,0.13775333300232884,16.200842904872065,,3.3411976673645594,0.96,1.0,0.0004676228557151396,0.0004939510929259262,4.102571300321254,0.6490971618808313,0.6024167554631237,0.8144155025661406
red_team,qwen25_14b_instruct,20.0,dataset_red_team_attack_default_attack_qwen25_14b_instruct_lm_target_qwen25_14b_instruct_judge_llm-judge_qwen25_14b_instruct_20_calibration_upb_unified_aht_v2,0.8,Residual,Residual + CRC,True,100.0,50,0.8003600013256073,0.0007000356960155604,0.0006861645830496883,0.00036000132560720655,170.65748596191406,0.20851333394646646,16.457478484108083,,4.905113365839921,1.0,1.0,0.0005604001548580091,0.0005787132583812132,4.423458761949038,1.2491711323544001,1.1856728234791782,1.1088864234553548
red_team,qwen25_14b_instruct,20.0,dataset_red_team_attack_default_attack_qwen25_14b_instruct_lm_target_qwen25_14b_instruct_judge_llama_guard_20_calibration_upb_unified_aht_v2,0.8,Residual,Residual + CRC,True,200.0,50,0.7984399974346161,0.00043107698547440566,0.00042488905376892217,-0.0015600025653839111,71.27539985656739,0.13705333352088925,18.31684338346977,,2.703959509574764,0.88,1.0,0.0004676228557151396,0.0004939510929259262,4.102571300321254,0.9218475534416639,0.8601844592590855,0.6590889741180193
red_team,qwen25_14b_instruct,20.0,dataset_red_team_attack_default_attack_qwen25_14b_instruct_lm_target_qwen25_14b_instruct_judge_llm-judge_qwen25_14b_instruct_20_calibration_upb_unified_aht_v2,0.8,Residual,Residual + CRC,True,200.0,50,0.8003133296966553,0.0005818476221703541,0.000570308845225753,0.0003133296966552068,170.79392028808593,0.2073533318936825,18.233617535678132,,4.471970836999947,0.96,1.0,0.0005604001548580091,0.0005787132583812132,4.423458761949038,1.0382717012592177,0.9854774138422728,1.0109670006349363
red_team,qwen25_14b_instruct,20.0,dataset_red_team_attack_default_attack_qwen25_14b_instruct_lm_target_qwen25_14b_instruct_judge_llama_guard_20_calibration_upb_unified_aht_v2,0.8,Soft-prefix,Soft-prefix,False,50.0,50,0.8012399983406067,0.00023910238434680483,0.00023585793254457584,0.0012399983406066184,71.81916061401367,0.13876666739583013,18.82773953195705,,1.6613796757851054,0.76,,0.0004676228557151396,0.0004939510929259262,4.102571300321254,0.5113145805953893,0.4774924803738525,0.40496058548818153
red_team,qwen25_14b_instruct,20.0,dataset_red_team_attack_default_attack_qwen25_14b_instruct_lm_target_qwen25_14b_instruct_judge_llm-judge_qwen25_14b_instruct_20_calibration_upb_unified_aht_v2,0.8,Soft-prefix,Soft-prefix,False,50.0,50,0.8001600003242493,0.00045895353114118774,0.00044980006062212384,0.00016000032424923205,170.7187484741211,0.20547333374619484,20.135736305452347,,2.822043500178322,0.42,,0.0005604001548580091,0.0005787132583812132,4.423458761949038,0.8189746686588171,0.7772416721198204,0.6379721507644145
red_team,qwen25_14b_instruct,20.0,dataset_red_team_attack_default_attack_qwen25_14b_instruct_lm_target_qwen25_14b_instruct_judge_llama_guard_20_calibration_upb_unified_aht_v2,0.8,Soft-prefix,Soft-prefix,False,100.0,50,0.7997399961948395,0.00022043211745252116,0.0002160910770821687,-0.000260003805160558,71.44205993652344,0.1379133333265781,19.162618281634337,,1.3631909902824741,0.72,,0.0004676228557151396,0.0004939510929259262,4.102571300321254,0.4713886730694813,0.4374746410664873,0.33227722091648443
red_team,qwen25_14b_instruct,20.0,dataset_red_team_attack_default_attack_qwen25_14b_instruct_lm_target_qwen25_14b_instruct_judge_llm-judge_qwen25_14b_instruct_20_calibration_upb_unified_aht_v2,0.8,Soft-prefix,Soft-prefix,False,100.0,50,0.8010333347320556,0.00027967471119743964,0.00027514899764196336,0.0010333347320555797,170.8814260864258,0.20559333324432372,20.05428540338294,,2.2834020521056284,0.52,,0.0005604001548580091,0.0005787132583812132,4.423458761949038,0.49906251590580303,0.47544961802260227,0.5162028573087747
red_team,qwen25_14b_instruct,20.0,dataset_red_team_attack_default_attack_qwen25_14b_instruct_lm_target_qwen25_14b_instruct_judge_llama_guard_20_calibration_upb_unified_aht_v2,0.8,Soft-prefix,Soft-prefix,False,200.0,50,0.7997866702079773,0.00020231193206559305,0.0001983112030244456,-0.00021332979202270952,71.40565307617187,0.1378933325409889,19.78872787423285,,1.0542474910563526,0.62,,0.0004676228557151396,0.0004939510929259262,4.102571300321254,0.43263910134630973,0.40147942957215943,0.256972375098953
red_team,qwen25_14b_instruct,20.0,dataset_red_team_attack_default_attack_qwen25_14b_instruct_lm_target_qwen25_14b_instruct_judge_llm-judge_qwen25_14b_instruct_20_calibration_upb_unified_aht_v2,0.8,Soft-prefix,Soft-prefix,False,200.0,50,0.8023600018024445,0.00036061151373567417,0.00035896889196850143,0.0023600018024444447,171.20988677978517,0.2097466680407524,19.92096267810319,,2.566305476735786,0.46,,0.0005604001548580091,0.0005787132583812132,4.423458761949038,0.6434893184978576,0.6202880040671876,0.5801581103934685
red_team,qwen25_14b_instruct,20.0,dataset_red_team_attack_default_attack_qwen25_14b_instruct_lm_target_qwen25_14b_instruct_judge_llama_guard_20_calibration_upb_unified_aht_v2,0.8,Soft-prefix,Soft-prefix + CRC,True,50.0,50,0.7968666672706604,0.00027794096481371456,0.00028219991951019125,-0.0031333327293396884,70.80353942871093,0.13584666654467578,12.621039698036329,,2.990423382297053,0.98,1.0,0.0004676228557151396,0.0004939510929259262,4.102571300321254,0.5943699317020275,0.5713114588705049,0.7289144205885919
red_team,qwen25_14b_instruct,20.0,dataset_red_team_attack_default_attack_qwen25_14b_instruct_lm_target_qwen25_14b_instruct_judge_llm-judge_qwen25_14b_instruct_20_calibration_upb_unified_aht_v2,0.8,Soft-prefix,Soft-prefix + CRC,True,50.0,50,0.8003599989414215,0.0006241669321091453,0.0006118131927047869,0.0003599989414214688,170.74969329833985,0.2075200003385544,13.603915606872064,,6.750339642579749,0.96,1.0,0.0005604001548580091,0.0005787132583812132,4.423458761949038,1.113787936527771,1.0571957421818214,1.5260320047847478
red_team,qwen25_14b_instruct,20.0,dataset_red_team_attack_default_attack_qwen25_14b_instruct_lm_target_qwen25_14b_instruct_judge_llama_guard_20_calibration_upb_unified_aht_v2,0.8,Soft-prefix,Soft-prefix + CRC,True,100.0,50,0.7998000001907348,0.00024659884527452225,0.00024170686829273793,-0.00019999980926521665,71.4437532043457,0.13732000052928922,16.170480885765077,,1.9804847692995213,0.94,1.0,0.0004676228557151396,0.0004939510929259262,4.102571300321254,0.5273455783024047,0.48933360357800587,0.482742315567907
red_team,qwen25_14b_instruct,20.0,dataset_red_team_attack_default_attack_qwen25_14b_instruct_lm_target_qwen25_14b_instruct_judge_llm-judge_qwen25_14b_instruct_20_calibration_upb_unified_aht_v2,0.8,Soft-prefix,Soft-prefix + CRC,True,100.0,50,0.7951533305644989,0.0005848671444844896,0.0005966600062118208,-0.004846669435501161,169.5970394897461,0.19535333380103112,16.408180256198353,,4.1143769284509455,1.0,1.0,0.0005604001548580091,0.0005787132583812132,4.423458761949038,1.0436598552202039,1.0310114682369789,0.9301266610289576
red_team,qwen25_14b_instruct,20.0,dataset_red_team_attack_default_attack_qwen25_14b_instruct_lm_target_qwen25_14b_instruct_judge_llama_guard_20_calibration_upb_unified_aht_v2,0.8,Soft-prefix,Soft-prefix + CRC,True,200.0,50,0.7989266681671142,0.0002680103168229693,0.0002638021517099959,-0.0010733318328858266,71.25530700683593,0.13729333311319347,18.30424120034046,,1.5128883927822263,0.88,1.0,0.0004676228557151396,0.0004939510929259262,4.102571300321254,0.5731334847033916,0.5340653264827498,0.36876589875811755
red_team,qwen25_14b_instruct,20.0,dataset_red_team_attack_default_attack_qwen25_14b_instruct_lm_target_qwen25_14b_instruct_judge_llm-judge_qwen25_14b_instruct_20_calibration_upb_unified_aht_v2,0.8,Soft-prefix,Soft-prefix + CRC,True,200.0,50,0.7995066702365875,0.0004625090580519599,0.0004535022511463894,-0.0004933297634125422,170.49254608154297,0.20342000141739847,18.230152415222808,,3.250522848757675,0.94,1.0,0.0005604001548580091,0.0005787132583812132,4.423458761949038,0.825319290229582,0.7836389517235768,0.7348373803592212
red_team,qwen25_14b_instruct,20.0,dataset_red_team_attack_default_attack_qwen25_14b_instruct_lm_target_qwen25_14b_instruct_judge_llama_guard_20_calibration_upb_unified_aht_v2,0.8,Static,Static,False,,50,0.7940266680717468,0.0004676228557151396,0.0004939510929259262,-0.005973331928253223,70.31643989562988,0.13389333307743068,5.397832509489407,,4.102571300321254,1.0,,0.0004676228557151396,0.0004939510929259262,4.102571300321254,1.0,1.0,1.0
red_team,qwen25_14b_instruct,20.0,dataset_red_team_attack_default_attack_qwen25_14b_instruct_lm_target_qwen25_14b_instruct_judge_llm-judge_qwen25_14b_instruct_20_calibration_upb_unified_aht_v2,0.8,Static,Static,False,,50,0.8054333329200745,0.0005604001548580091,0.0005787132583812132,0.0054333329200744185,171.91088745117187,0.21893333196640014,9.629994810164769,,4.423458761949038,1.0,,0.0005604001548580091,0.0005787132583812132,4.423458761949038,1.0,1.0,1.0
red_team,qwen25_14b_instruct,20.0,dataset_red_team_attack_default_attack_qwen25_14b_instruct_lm_target_qwen25_14b_instruct_judge_llama_guard_20_calibration_upb_unified_aht_v2,0.9,Endpoint/block,Endpoint/block,False,,50,0.8996199989318847,0.00011323819808268364,0.00011111783493279868,-0.00038000106811530987,103.86852661132812,0.22451333373785018,18.27880134452559,,0.42477433847110185,1.0,,0.0002757940690553286,0.0002786110217309101,2.3135658412934914,0.410589678271748,0.39882785053679326,0.1836015776553888
red_team,qwen25_14b_instruct,20.0,dataset_red_team_attack_default_attack_qwen25_14b_instruct_lm_target_qwen25_14b_instruct_judge_llm-judge_qwen25_14b_instruct_20_calibration_upb_unified_aht_v2,0.9,Endpoint/block,Endpoint/block,False,,50,0.9001066672801972,0.0002407639840233398,0.00023596008225153765,0.000106667280197148,188.73953338623048,0.4864599990844727,19.150392983543526,,1.3083852768485633,0.66,,0.00029015437257457746,0.0002968357226035894,2.348344012795911,0.8297789272896688,0.7949180785314428,0.5571523038018672
red_team,qwen25_14b_instruct,20.0,dataset_red_team_attack_default_attack_qwen25_14b_instruct_lm_target_qwen25_14b_instruct_judge_llama_guard_20_calibration_upb_unified_aht_v2,0.9,Endpoint/block,Endpoint/block + CRC,True,50.0,50,0.8991400015354156,0.0001224267379690201,0.0001207178005687271,-0.0008599984645843994,103.85281326293945,0.22438666701316834,13.109896204517248,,0.8007995384838178,0.94,1.0,0.0002757940690553286,0.0002786110217309101,2.3135658412934914,0.4439063479079362,0.4332843683596967,0.3461321585021755
red_team,qwen25_14b_instruct,20.0,dataset_red_team_attack_default_attack_qwen25_14b_instruct_lm_target_qwen25_14b_instruct_judge_llm-judge_qwen25_14b_instruct_20_calibration_upb_unified_aht_v2,0.9,Endpoint/block,Endpoint/block + CRC,True,50.0,50,0.9014866650104523,0.00022962916777458553,0.00022724675727239677,0.0014866650104522483,188.9290866088867,0.49126666426658633,13.080152601243576,,1.691863911572936,0.98,1.0,0.00029015437257457746,0.0002968357226035894,2.348344012795911,0.7914034372015699,0.7655640476125392,0.7204497732675131
red_team,qwen25_14b_instruct,20.0,dataset_red_team_attack_default_attack_qwen25_14b_instruct_lm_target_qwen25_14b_instruct_judge_llama_guard_20_calibration_upb_unified_aht_v2,0.9,Endpoint/block,Endpoint/block + CRC,True,100.0,50,0.8998733365535736,0.00011973188395377816,0.00011735328990336318,-0.0001266634464264227,104.19861328125,0.22504666566848755,16.143698761736882,,0.5667726686732756,0.94,1.0,0.0002757940690553286,0.0002786110217309101,2.3135658412934914,0.4341350934916518,0.4212083541214177,0.244977972339183
red_team,qwen25_14b_instruct,20.0,dataset_red_team_attack_default_attack_qwen25_14b_instruct_lm_target_qwen25_14b_instruct_judge_llm-judge_qwen25_14b_instruct_20_calibration_upb_unified_aht_v2,0.9,Endpoint/block,Endpoint/block + CRC,True,100.0,50,0.9011533367633819,0.00022057694095969682,0.00021749558783027112,0.001153336763381918,188.87356719970703,0.4895866674184799,16.710071963665627,,1.4143016066819711,0.96,1.0,0.00029015437257457746,0.0002968357226035894,2.348344012795911,0.7602054692558619,0.7327136569769488,0.6022548651200895
red_team,qwen25_14b_instruct,20.0,dataset_red_team_attack_default_attack_qwen25_14b_instruct_lm_target_qwen25_14b_instruct_judge_llama_guard_20_calibration_upb_unified_aht_v2,0.9,Endpoint/block,Endpoint/block + CRC,True,200.0,50,0.8997866714000702,9.544103390313907e-05,9.357772231662431e-05,-0.00021332859992984066,103.88468643188476,0.22464000016450883,17.80139623453027,,0.48841530644124587,0.9,1.0,0.0002757940690553286,0.0002786110217309101,2.3135658412934914,0.34605905134236986,0.3358722915384308,0.21110931780017023
red_team,qwen25_14b_instruct,20.0,dataset_red_team_attack_default_attack_qwen25_14b_instruct_lm_target_qwen25_14b_instruct_judge_llm-judge_qwen25_14b_instruct_20_calibration_upb_unified_aht_v2,0.9,Endpoint/block,Endpoint/block + CRC,True,200.0,50,0.9013866710662842,0.0001965277730038317,0.00019452007418982475,0.0013866710662842063,188.93056762695312,0.4906133323907852,18.175326979307968,,1.2258423628947184,0.92,1.0,0.00029015437257457746,0.0002968357226035894,2.348344012795911,0.6773214246610011,0.6553122127069506,0.5220028906391976
red_team,qwen25_14b_instruct,20.0,dataset_red_team_attack_default_attack_qwen25_14b_instruct_lm_target_qwen25_14b_instruct_judge_llama_guard_20_calibration_upb_unified_aht_v2,0.9,Information-gain,Information-gain,False,50.0,50,0.8985000026226043,0.00012662696845441916,0.0001263444212175246,-0.001499997377395701,103.44135971069336,0.2234066653251648,19.778368552838373,,0.6424660872009504,0.6,,0.0002757940690553286,0.0002786110217309101,2.3135658412934914,0.45913593750638565,0.45347962342836307,0.27769518192823683
red_team,qwen25_14b_instruct,20.0,dataset_red_team_attack_default_attack_qwen25_14b_instruct_lm_target_qwen25_14b_instruct_judge_llm-judge_qwen25_14b_instruct_20_calibration_upb_unified_aht_v2,0.9,Information-gain,Information-gain,False,50.0,50,0.8972733330726623,0.0001765972194591045,0.00018049998760255936,-0.0027266669273376953,188.35969329833983,0.477026664018631,19.16853664749826,,1.6343309258417418,0.74,,0.00029015437257457746,0.0002968357226035894,2.348344012795911,0.6086319426866961,0.6080804089863836,0.6959503875652044
red_team,qwen25_14b_instruct,20.0,dataset_red_team_attack_default_attack_qwen25_14b_instruct_lm_target_qwen25_14b_instruct_judge_llama_guard_20_calibration_upb_unified_aht_v2,0.9,Information-gain,Information-gain,False,100.0,50,0.8999466705322265,0.0001220061259181367,0.00011956884743190695,-5.332946777347747e-05,104.15010040283204,0.2248866668343544,19.64048327793979,,0.5537913223746395,0.6,,0.0002757940690553286,0.0002786110217309101,2.3135658412934914,0.4423812532881567,0.4291605073233237,0.23936700330301397
red_team,qwen25_14b_instruct,20.0,dataset_red_team_attack_default_attack_qwen25_14b_instruct_lm_target_qwen25_14b_instruct_judge_llm-judge_qwen25_14b_instruct_20_calibration_upb_unified_aht_v2,0.9,Information-gain,Information-gain,False,100.0,50,0.901839998960495,0.00016534807391325803,0.00016542670860961547,0.0018399989604950262,188.96880035400392,0.4905599969625473,19.380430821856006,,1.301690593627558,0.7,,0.00029015437257457746,0.0002968357226035894,2.348344012795911,0.5698624233924275,0.5573005403751061,0.5543014935353446
red_team,qwen25_14b_instruct,20.0,dataset_red_team_attack_default_attack_qwen25_14b_instruct_lm_target_qwen25_14b_instruct_judge_llama_guard_20_calibration_upb_unified_aht_v2,0.9,Information-gain,Information-gain,False,200.0,50,0.8992866659164429,9.588213112804682e-05,9.44733340202502e-05,-0.0007133340835571156,103.69534042358399,0.22422000050544738,20.085694632323317,,0.47596785613578807,0.5,,0.0002757940690553286,0.0002786110217309101,2.3135658412934914,0.3476584230272601,0.33908685102736186,0.2057291163452168
red_team,qwen25_14b_instruct,20.0,dataset_red_team_attack_default_attack_qwen25_14b_instruct_lm_target_qwen25_14b_instruct_judge_llm-judge_qwen25_14b_instruct_20_calibration_upb_unified_aht_v2,0.9,Information-gain,Information-gain,False,200.0,50,0.9017333376407624,0.00016797725932051909,0.00016762217351099214,0.0017333376407623335,188.967919921875,0.49129333317279816,19.502705355945867,,1.358087110526876,0.62,,0.00029015437257457746,0.0002968357226035894,2.348344012795911,0.5789237564474216,0.5646967691110545,0.5783169344554222
red_team,qwen25_14b_instruct,20.0,dataset_red_team_attack_default_attack_qwen25_14b_instruct_lm_target_qwen25_14b_instruct_judge_llama_guard_20_calibration_upb_unified_aht_v2,0.9,Information-gain,Information-gain + CRC,True,50.0,50,0.8999933338165284,0.0001874670604646136,0.0001837177636933234,-6.666183471670806e-06,104.33687316894532,0.2254599991440773,12.223323971816887,,1.3278028748478314,1.0,1.0,0.0002757940690553286,0.0002786110217309101,2.3135658412934914,0.6797356488003546,0.6594059436412494,0.5739205045080844
red_team,qwen25_14b_instruct,20.0,dataset_red_team_attack_default_attack_qwen25_14b_instruct_lm_target_qwen25_14b_instruct_judge_llm-judge_qwen25_14b_instruct_20_calibration_upb_unified_aht_v2,0.9,Information-gain,Information-gain + CRC,True,50.0,50,0.9009933304786683,0.00033974814358248635,0.0003339398861506878,0.0009933304786682307,188.85742645263673,0.4910933315753937,13.284731390013196,,2.795653537910097,0.96,1.0,0.00029015437257457746,0.0002968357226035894,2.348344012795911,1.1709220183995743,1.124998983348946,1.190478704430372
red_team,qwen25_14b_instruct,20.0,dataset_red_team_attack_default_attack_qwen25_14b_instruct_lm_target_qwen25_14b_instruct_judge_llama_guard_20_calibration_upb_unified_aht_v2,0.9,Information-gain,Information-gain + CRC,True,100.0,50,0.8980599999427795,0.00013540000300338293,0.00013645560316533079,-0.0019400000572205034,103.20382629394531,0.222946665585041,16.10083449901299,,0.8630912900024594,0.98,1.0,0.0002757940690553286,0.0002786110217309101,2.3135658412934914,0.4909460289235573,0.48977101594036443,0.3730567224833825
red_team,qwen25_14b_instruct,20.0,dataset_red_team_attack_default_attack_qwen25_14b_instruct_lm_target_qwen25_14b_instruct_judge_llm-judge_qwen25_14b_instruct_20_calibration_upb_unified_aht_v2,0.9,Information-gain,Information-gain + CRC,True,100.0,50,0.8987933313846588,0.0002448612589962329,0.00024142008296355768,-0.0012066686153412443,188.55811309814453,0.4825733321905136,16.290686640662592,,2.059590371845035,1.0,1.0,0.00029015437257457746,0.0002968357226035894,2.348344012795911,0.8438999447898963,0.8133120934570373,0.8770394629673148
red_team,qwen25_14b_instruct,20.0,dataset_red_team_attack_default_attack_qwen25_14b_instruct_lm_target_qwen25_14b_instruct_judge_llama_guard_20_calibration_upb_unified_aht_v2,0.9,Information-gain,Information-gain + CRC,True,200.0,50,0.8987333333492279,0.00011764175474544871,0.00011689336405471798,-0.0012666666507721303,103.618466796875,0.22366000086069107,18.538704597510048,,0.6494327839046476,0.74,1.0,0.0002757940690553286,0.0002786110217309101,2.3135658412934914,0.4265565069923528,0.41955757287885287,0.2807064196372973
red_team,qwen25_14b_instruct,20.0,dataset_red_team_attack_default_attack_qwen25_14b_instruct_lm_target_qwen25_14b_instruct_judge_llm-judge_qwen25_14b_instruct_20_calibration_upb_unified_aht_v2,0.9,Information-gain,Information-gain + CRC,True,200.0,50,0.898993330001831,0.0002532582412548169,0.00024920646091493407,-0.0010066699981690075,188.5955404663086,0.48281333327293396,18.148360779698972,,1.8734850070706763,0.92,1.0,0.00029015437257457746,0.0002968357226035894,2.348344012795911,0.8728396508645506,0.8395433633428884,0.7977898454665195
red_team,qwen25_14b_instruct,20.0,dataset_red_team_attack_default_attack_qwen25_14b_instruct_lm_target_qwen25_14b_instruct_judge_llama_guard_20_calibration_upb_unified_aht_v2,0.9,Oracle,Oracle,False,,50,0.8991866672039032,7.118892213779418e-05,7.042665393224494e-05,-0.000813332796096855,103.43838653564453,0.22386666625738144,49.876173333333334,,,,,0.0002757940690553286,0.0002786110217309101,2.3135658412934914,0.25812347010084746,0.2527777023848858,
red_team,qwen25_14b_instruct,20.0,dataset_red_team_attack_default_attack_qwen25_14b_instruct_lm_target_qwen25_14b_instruct_judge_llm-judge_qwen25_14b_instruct_20_calibration_upb_unified_aht_v2,0.9,Oracle,Oracle,False,,50,0.9006799972057342,6.757360616501083e-05,6.668453024151697e-05,0.0006799972057341952,188.81024017333985,0.48550000190734866,96.29994666666667,,,,,0.00029015437257457746,0.0002968357226035894,2.348344012795911,0.23288846404560937,0.22465129754807553,
red_team,qwen25_14b_instruct,20.0,dataset_red_team_attack_default_attack_qwen25_14b_instruct_lm_target_qwen25_14b_instruct_judge_llama_guard_20_calibration_upb_unified_aht_v2,0.9,Residual,Residual,False,50.0,50,0.8983866655826569,0.0001578882838105119,0.00015733336607648578,-0.0016133344173431263,103.49161346435547,0.22345333367586137,19.279024263354234,,1.8715522703352354,0.7,,0.0002757940690553286,0.0002786110217309101,2.3135658412934914,0.5724861464618263,0.5647061810370249,0.8089470534751971
red_team,qwen25_14b_instruct,20.0,dataset_red_team_attack_default_attack_qwen25_14b_instruct_lm_target_qwen25_14b_instruct_judge_llm-judge_qwen25_14b_instruct_20_calibration_upb_unified_aht_v2,0.9,Residual,Residual,False,50.0,50,0.8980999994277954,0.0003441461895471843,0.00034087326793061856,-0.0019000005722046298,188.43146697998046,0.48038666367530825,18.89952805500356,,3.1311128205392795,0.74,,0.00029015437257457746,0.0002968357226035894,2.348344012795911,1.1860796254543071,1.1483566227837048,1.3333279977201522
red_team,qwen25_14b_instruct,20.0,dataset_red_team_attack_default_attack_qwen25_14b_instruct_lm_target_qwen25_14b_instruct_judge_llama_guard_20_calibration_upb_unified_aht_v2,0.9,Residual,Residual,False,100.0,50,0.8987799978256226,0.00015409352090288466,0.00015250005579031268,-0.0012200021743774547,103.55698013305664,0.22403333336114883,19.433973386238478,,1.4289557272600009,0.66,,0.0002757940690553286,0.0002786110217309101,2.3135658412934914,0.5587267392322751,0.5473583020617228,0.6176421270384447
red_team,qwen25_14b_instruct,20.0,dataset_red_team_attack_default_attack_qwen25_14b_instruct_lm_target_qwen25_14b_instruct_judge_llm-judge_qwen25_14b_instruct_20_calibration_upb_unified_aht_v2,0.9,Residual,Residual,False,100.0,50,0.8987533342838288,0.00043850705803008755,0.0004312910922773624,-0.001246665716171269,188.4919125366211,0.4830333334207535,19.28120725668222,,2.8409885151805736,0.7,,0.00029015437257457746,0.0002968357226035894,2.348344012795911,1.5112888154645316,1.452962226023355,1.2097837879374946
red_team,qwen25_14b_instruct,20.0,dataset_red_team_attack_default_attack_qwen25_14b_instruct_lm_target_qwen25_14b_instruct_judge_llama_guard_20_calibration_upb_unified_aht_v2,0.9,Residual,Residual,False,200.0,50,0.8948399984836578,0.00017681745708151758,0.00019990672358854089,-0.005160001516342216,101.66777313232421,0.21959999978542324,19.869406664533745,,1.2445526229354231,0.54,,0.0002757940690553286,0.0002786110217309101,2.3135658412934914,0.6411213181166896,0.7175119000913613,0.5379369805354691
red_team,qwen25_14b_instruct,20.0,dataset_red_team_attack_default_attack_qwen25_14b_instruct_lm_target_qwen25_14b_instruct_judge_llm-judge_qwen25_14b_instruct_20_calibration_upb_unified_aht_v2,0.9,Residual,Residual,False,200.0,50,0.9009466671943664,0.00028809672120026043,0.0002832309655531448,0.000946667194366424,188.789619140625,0.4885666677355766,19.441576948328716,,2.491602582306599,0.64,,0.00029015437257457746,0.0002968357226035894,2.348344012795911,0.9929084254148602,0.9541673861517903,1.0610040814846908
red_team,qwen25_14b_instruct,20.0,dataset_red_team_attack_default_attack_qwen25_14b_instruct_lm_target_qwen25_14b_instruct_judge_llama_guard_20_calibration_upb_unified_aht_v2,0.9,Residual,Residual + CRC,True,50.0,50,0.8996799993515014,0.0003057095219665948,0.0002996977319423024,-0.0003200006484985751,104.71088012695313,0.22643999993801117,12.380669968857763,,2.993182039621953,0.98,1.0,0.0002757940690553286,0.0002786110217309101,2.3135658412934914,1.1084702546858058,1.075685125736908,1.2937526938712471
red_team,qwen25_14b_instruct,20.0,dataset_red_team_attack_default_attack_qwen25_14b_instruct_lm_target_qwen25_14b_instruct_judge_llm-judge_qwen25_14b_instruct_20_calibration_upb_unified_aht_v2,0.9,Residual,Residual + CRC,True,50.0,50,0.9010200035572052,0.00034036938088463094,0.0003346024005236495,0.001020003557205218,188.85882690429688,0.4910866695642471,13.167899276127809,,4.042159210547653,0.98,1.0,0.00029015437257457746,0.0002968357226035894,2.348344012795911,1.1730630762669167,1.1272309060001373,1.7212806933406257
red_team,qwen25_14b_instruct,20.0,dataset_red_team_attack_default_attack_qwen25_14b_instruct_lm_target_qwen25_14b_instruct_judge_llama_guard_20_calibration_upb_unified_aht_v2,0.9,Residual,Residual + CRC,True,100.0,50,0.8973000037670136,0.00014854075139586432,0.00015285991602608822,-0.0026999962329864458,102.88551315307618,0.22232000142335892,16.02199481595116,,2.14042935628711,1.0,1.0,0.0002757940690553286,0.0002786110217309101,2.3135658412934914,0.5385929868059082,0.5486499244589267,0.9251646605788482
red_team,qwen25_14b_instruct,20.0,dataset_red_team_attack_default_attack_qwen25_14b_instruct_lm_target_qwen25_14b_instruct_judge_llm-judge_qwen25_14b_instruct_20_calibration_upb_unified_aht_v2,0.9,Residual,Residual + CRC,True,100.0,50,0.8973466670513153,0.00047659394684448236,0.00047410224364416843,-0.00265333294868475,188.29214752197265,0.47846000015735624,16.183834256488055,,3.8161365488910945,1.0,1.0,0.00029015437257457746,0.0002968357226035894,2.348344012795911,1.6425530403543545,1.597187290955915,1.6250330139440035
red_team,qwen25_14b_instruct,20.0,dataset_red_team_attack_default_attack_qwen25_14b_instruct_lm_target_qwen25_14b_instruct_judge_llama_guard_20_calibration_upb_unified_aht_v2,0.9,Residual,Residual + CRC,True,200.0,50,0.8995866692066192,0.00016747646868964423,0.00016429778166060806,-0.00041333079338079504,104.17962661743164,0.22495333343744278,18.458172180656316,,1.4512163119048365,0.82,1.0,0.0002757940690553286,0.0002786110217309101,2.3135658412934914,0.6072518863922554,0.5897030944428724,0.6272638910909386
red_team,qwen25_14b_instruct,20.0,dataset_red_team_attack_default_attack_qwen25_14b_instruct_lm_target_qwen25_14b_instruct_judge_llm-judge_qwen25_14b_instruct_20_calibration_upb_unified_aht_v2,0.9,Residual,Residual + CRC,True,200.0,50,0.8982133340835571,0.0005270783026139898,0.0005197289116586888,-0.0017866659164429421,188.3951873779297,0.4822933316230774,18.112864239932307,,3.4902309822442534,0.94,1.0,0.00029015437257457746,0.0002968357226035894,2.348344012795911,1.8165444068175003,1.7508974563441042,1.4862519985258995
red_team,qwen25_14b_instruct,20.0,dataset_red_team_attack_default_attack_qwen25_14b_instruct_lm_target_qwen25_14b_instruct_judge_llama_guard_20_calibration_upb_unified_aht_v2,0.9,Soft-prefix,Soft-prefix,False,50.0,50,0.8984999978542327,0.0001471894138570846,0.00014649563201724923,-0.0015000021457672874,103.38978652954101,0.2233533331751823,18.450159815253116,,0.9041348311777149,0.76,,0.0002757940690553286,0.0002786110217309101,2.3135658412934914,0.5336931804271545,0.5258070233802113,0.3907971042104521
red_team,qwen25_14b_instruct,20.0,dataset_red_team_attack_default_attack_qwen25_14b_instruct_lm_target_qwen25_14b_instruct_judge_llm-judge_qwen25_14b_instruct_20_calibration_upb_unified_aht_v2,0.9,Soft-prefix,Soft-prefix,False,50.0,50,0.8990999948978424,0.00025457705171547655,0.00025029551986507676,-0.0009000051021575972,188.58144012451172,0.48292666614055635,18.908458559050892,,1.4131431191525268,0.68,,0.00029015437257457746,0.0002968357226035894,2.348344012795911,0.8773848536438767,0.843212257843154,0.6017615440720949
red_team,qwen25_14b_instruct,20.0,dataset_red_team_attack_default_attack_qwen25_14b_instruct_lm_target_qwen25_14b_instruct_judge_llama_guard_20_calibration_upb_unified_aht_v2,0.9,Soft-prefix,Soft-prefix,False,100.0,50,0.8988866627216339,0.00014475114694996292,0.0001430956439063633,-0.0011133372783661555,103.68954711914063,0.2240200001001358,19.015351201669024,,0.7369471358074493,0.68,,0.0002757940690553286,0.0002786110217309101,2.3135658412934914,0.5248522836106514,0.5136036723075832,0.3185330292547151
red_team,qwen25_14b_instruct,20.0,dataset_red_team_attack_default_attack_qwen25_14b_instruct_lm_target_qwen25_14b_instruct_judge_llm-judge_qwen25_14b_instruct_20_calibration_upb_unified_aht_v2,0.9,Soft-prefix,Soft-prefix,False,100.0,50,0.9000266683101654,0.0002186071136553598,0.0002142356825810197,2.6668310165400833e-05,188.7267660522461,0.48589999973773956,19.28674362736772,,1.3131284818654096,0.64,,0.00029015437257457746,0.0002968357226035894,2.348344012795911,0.7534165751686954,0.7217314705316709,0.5591721122247393
red_team,qwen25_14b_instruct,20.0,dataset_red_team_attack_default_attack_qwen25_14b_instruct_lm_target_qwen25_14b_instruct_judge_llama_guard_20_calibration_upb_unified_aht_v2,0.9,Soft-prefix,Soft-prefix,False,200.0,50,0.8983599984645844,0.00010684279971971675,0.00010739554876148817,-0.0016400015354156583,103.39064712524414,0.22338666647672645,19.60404902433018,,0.6232495690617005,0.6,,0.0002757940690553286,0.0002786110217309101,2.3135658412934914,0.38740064311637684,0.38546769648335605,0.2693891645258939
red_team,qwen25_14b_instruct,20.0,dataset_red_team_attack_default_attack_qwen25_14b_instruct_lm_target_qwen25_14b_instruct_judge_llm-judge_qwen25_14b_instruct_20_calibration_upb_unified_aht_v2,0.9,Soft-prefix,Soft-prefix,False,200.0,50,0.9014199984073639,0.00019018050168161213,0.0001883932871248958,0.0014199984073638428,188.91608001708985,0.4904066681861877,19.499707631226222,,1.3088099844805396,0.64,,0.00029015437257457746,0.0002968357226035894,2.348344012795911,0.6554459269185428,0.6346718833989077,0.5573331578972051
red_team,qwen25_14b_instruct,20.0,dataset_red_team_attack_default_attack_qwen25_14b_instruct_lm_target_qwen25_14b_instruct_judge_llama_guard_20_calibration_upb_unified_aht_v2,0.9,Soft-prefix,Soft-prefix + CRC,True,50.0,50,0.8981733393669128,0.00019600097582213641,0.0001954176453741641,-0.0018266606330872293,103.54120010375976,0.22360666662454606,12.39719400367196,,1.6381513239136019,1.0,1.0,0.0002757940690553286,0.0002786110217309101,2.3135658412934914,0.7106787194282106,0.701399550384276,0.7080634121904773
red_team,qwen25_14b_instruct,20.0,dataset_red_team_attack_default_attack_qwen25_14b_instruct_lm_target_qwen25_14b_instruct_judge_llm-judge_qwen25_14b_instruct_20_calibration_upb_unified_aht_v2,0.9,Soft-prefix,Soft-prefix + CRC,True,50.0,50,0.9008866691589356,0.0003275129236826859,0.00032174884740643957,0.000886669158935538,188.83825317382812,0.4902933371067047,12.809494784867077,,2.398493699155293,1.0,1.0,0.00029015437257457746,0.0002968357226035894,2.348344012795911,1.1287540517712042,1.0839289981149625,1.0213553406511657
red_team,qwen25_14b_instruct,20.0,dataset_red_team_attack_default_attack_qwen25_14b_instruct_lm_target_qwen25_14b_instruct_judge_llama_guard_20_calibration_upb_unified_aht_v2,0.9,Soft-prefix,Soft-prefix + CRC,True,100.0,50,0.8972133326530457,0.0001386883190043207,0.000143680067526816,-0.002786667346954319,102.70541320800781,0.2220533338189125,15.684391848518542,,1.1011919385672404,0.94,1.0,0.0002757940690553286,0.0002786110217309101,2.3135658412934914,0.502869113463414,0.515701305117735,0.4759717311315312
red_team,qwen25_14b_instruct,20.0,dataset_red_team_attack_default_attack_qwen25_14b_instruct_lm_target_qwen25_14b_instruct_judge_llm-judge_qwen25_14b_instruct_20_calibration_upb_unified_aht_v2,0.9,Soft-prefix,Soft-prefix + CRC,True,100.0,50,0.8983466625213623,0.0003377233227368495,0.0003337023811003806,-0.0016533374786377175,188.48029327392578,0.4814866691827774,16.169873340604433,,1.9612250588867632,1.0,1.0,0.00029015437257457746,0.0002968357226035894,2.348344012795911,1.1639435923029062,1.1241988604788815,0.8351523661781357
red_team,qwen25_14b_instruct,20.0,dataset_red_team_attack_default_attack_qwen25_14b_instruct_lm_target_qwen25_14b_instruct_judge_llama_guard_20_calibration_upb_unified_aht_v2,0.9,Soft-prefix,Soft-prefix + CRC,True,200.0,50,0.8985066652297974,0.00017329362154908017,0.0001720577978539948,-0.0014933347702026367,103.57509979248047,0.22363333374261857,18.21122181764815,,0.8065994982165421,0.82,1.0,0.0002757940690553286,0.0002786110217309101,2.3135658412934914,0.6283442647721142,0.617555604171944,0.3486390937400685
red_team,qwen25_14b_instruct,20.0,dataset_red_team_attack_default_attack_qwen25_14b_instruct_lm_target_qwen25_14b_instruct_judge_llm-judge_qwen25_14b_instruct_20_calibration_upb_unified_aht_v2,0.9,Soft-prefix,Soft-prefix + CRC,True,200.0,50,0.9002866685390473,0.0002993423390142199,0.0002934376710852148,0.0002866685390472412,188.7614944458008,0.4879999989271164,18.143788509970612,,1.740881739765388,0.9,1.0,0.00029015437257457746,0.0002968357226035894,2.348344012795911,1.0316657865884165,0.9885524171802175,0.7413231325050688
red_team,qwen25_14b_instruct,20.0,dataset_red_team_attack_default_attack_qwen25_14b_instruct_lm_target_qwen25_14b_instruct_judge_llama_guard_20_calibration_upb_unified_aht_v2,0.9,Static,Static,False,,50,0.8971133351325988,0.0002757940690553286,0.0002786110217309101,-0.0028866648674011897,103.20233337402344,0.22220666706562042,5.397832509489407,,2.3135658412934914,1.0,,0.0002757940690553286,0.0002786110217309101,2.3135658412934914,1.0,1.0,1.0
red_team,qwen25_14b_instruct,20.0,dataset_red_team_attack_default_attack_qwen25_14b_instruct_lm_target_qwen25_14b_instruct_judge_llm-judge_qwen25_14b_instruct_20_calibration_upb_unified_aht_v2,0.9,Static,Static,False,,50,0.9035333323478699,0.00029015437257457746,0.0002968357226035894,0.0035333323478698997,189.19870635986328,0.49867999732494356,9.629994810164769,,2.348344012795911,1.0,,0.00029015437257457746,0.0002968357226035894,2.348344012795911,1.0,1.0,1.0
toxicity,gemma3_4b_it,20.0,dataset_toxicity_attack_toxic_attack_qwen25_14b_instruct_lm_target_gemma3_4b_it_judge_detoxify_20_calibration_upb_unified_aht_v2,0.7,Endpoint/block,Endpoint/block,False,,50,0.7012133383750916,0.000371146219951195,0.00036519548556464103,0.0012133383750916327,117.51070007324219,0.1870133313536644,16.000493959021156,,3.02452934886554,1.0,,0.0006060057667498569,0.0005942376929244518,6.159294482742927,0.6124466800732513,0.6145612940966201,0.4910512652609236
toxicity,gemma3_4b_it,20.0,dataset_toxicity_attack_toxic_attack_qwen25_14b_instruct_lm_target_gemma3_4b_it_judge_detoxify_20_calibration_upb_unified_aht_v2,0.7,Endpoint/block,Endpoint/block + CRC,True,50.0,50,0.6998933362960815,0.0005215122583982064,0.0005110933903759758,-0.00010666370391843039,117.1954670715332,0.18603999882936478,13.126867508958638,,4.1689240143898925,1.0,1.0,0.0006060057667498569,0.0005942376929244518,6.159294482742927,0.8605730951954337,0.860082415608317,0.6768509000617454
toxicity,gemma3_4b_it,20.0,dataset_toxicity_attack_toxic_attack_qwen25_14b_instruct_lm_target_gemma3_4b_it_judge_detoxify_20_calibration_upb_unified_aht_v2,0.7,Endpoint/block,Endpoint/block + CRC,True,100.0,50,0.7002733337879181,0.00044164927353227453,0.00043289099942124667,0.0002733337879181619,117.24704086303711,0.186273333132267,16.516722448180403,,3.2346021944310506,0.96,1.0,0.0006060057667498569,0.0005942376929244518,6.159294482742927,0.7287872455421297,0.7284812198479677,0.5251579062332121
toxicity,gemma3_4b_it,20.0,dataset_toxicity_attack_toxic_attack_qwen25_14b_instruct_lm_target_gemma3_4b_it_judge_detoxify_20_calibration_upb_unified_aht_v2,0.7,Endpoint/block,Endpoint/block + CRC,True,200.0,50,0.7015066695213318,0.0004199556177460014,0.00041382655843759164,0.001506669521331827,117.60738662719727,0.1875266659259796,18.178692895154075,,3.0711479230305834,0.88,1.0,0.0006060057667498569,0.0005942376929244518,6.159294482742927,0.6929894743383653,0.6963990392480931,0.4986200824843343
toxicity,gemma3_4b_it,20.0,dataset_toxicity_attack_toxic_attack_qwen25_14b_instruct_lm_target_gemma3_4b_it_judge_detoxify_20_calibration_upb_unified_aht_v2,0.7,Information-gain,Information-gain,False,50.0,50,0.6963733351230621,0.00037515484891161363,0.0003808044500629959,-0.0036266648769378573,115.886806640625,0.18124666720628738,20.699258013145883,,4.9880243764442715,0.46,,0.0006060057667498569,0.0005942376929244518,6.159294482742927,0.6190615164004992,0.6408285011153093,0.8098369692210183
toxicity,gemma3_4b_it,20.0,dataset_toxicity_attack_toxic_attack_qwen25_14b_instruct_lm_target_gemma3_4b_it_judge_detoxify_20_calibration_upb_unified_aht_v2,0.7,Information-gain,Information-gain,False,100.0,50,0.7039933323860168,0.00043217918555084757,0.00043948230538504195,0.003993332386016846,118.42544692993164,0.19082000017166137,20.382720354057746,,4.622990857078576,0.48,,0.0006060057667498569,0.0005942376929244518,6.159294482742927,0.7131601863604702,0.7395732559848157,0.7505714932174851
toxicity,gemma3_4b_it,20.0,dataset_toxicity_attack_toxic_attack_qwen25_14b_instruct_lm_target_gemma3_4b_it_judge_detoxify_20_calibration_upb_unified_aht_v2,0.7,Information-gain,Information-gain,False,200.0,50,0.6940866649150849,0.0006030240650079997,0.0006259311155343279,-0.0059133350849150945,115.41729309082031,0.1791733346879482,20.11015158846071,,5.028499349240995,0.48,,0.0006060057667498569,0.0005942376929244518,6.159294482742927,0.9950797469175108,1.053334588140819,0.8164083343197527
toxicity,gemma3_4b_it,20.0,dataset_toxicity_attack_toxic_attack_qwen25_14b_instruct_lm_target_gemma3_4b_it_judge_detoxify_20_calibration_upb_unified_aht_v2,0.7,Information-gain,Information-gain + CRC,True,50.0,50,0.7052066683769226,0.001207877289925325,0.001210829139714065,0.00520666837692263,118.9009602355957,0.19333333253860466,13.117505169548085,,7.4938502064022385,0.98,1.0,0.0006060057667498569,0.0005942376929244518,6.159294482742927,1.9931778808037395,2.0376175293680054,1.2166734724891726
toxicity,gemma3_4b_it,20.0,dataset_toxicity_attack_toxic_attack_qwen25_14b_instruct_lm_target_gemma3_4b_it_judge_detoxify_20_calibration_upb_unified_aht_v2,0.7,Information-gain,Information-gain + CRC,True,100.0,50,0.69617999792099,0.0006340282598962833,0.0006359401105819981,-0.0038200020790100098,115.970439453125,0.1820733347535133,16.538025968349057,,6.488154925461223,0.94,1.0,0.0006060057667498569,0.0005942376929244518,6.159294482742927,1.0462412978290905,1.0701780081507688,1.0533925506630175
toxicity,gemma3_4b_it,20.0,dataset_toxicity_attack_toxic_attack_qwen25_14b_instruct_lm_target_gemma3_4b_it_judge_detoxify_20_calibration_upb_unified_aht_v2,0.7,Information-gain,Information-gain + CRC,True,200.0,50,0.7028133320808411,0.0004792843059765207,0.0004776134572540801,0.0028133320808411133,118.0761932373047,0.1893266662955284,18.218686896319554,,5.8642642916966565,0.92,1.0,0.0006060057667498569,0.0005942376929244518,6.159294482742927,0.7908906684948371,0.8037414370394058,0.9521000023829217
toxicity,gemma3_4b_it,20.0,dataset_toxicity_attack_toxic_attack_qwen25_14b_instruct_lm_target_gemma3_4b_it_judge_detoxify_20_calibration_upb_unified_aht_v2,0.7,Oracle,Oracle,False,,50,0.6996266686916351,0.00011934525622334121,0.00011709772736467979,-0.00037333130836481043,117.14970657348633,0.1857066670060157,95.06343333333332,,,,,0.0006060057667498569,0.0005942376929244518,6.159294482742927,0.19693749263050125,0.19705536817834773,
toxicity,gemma3_4b_it,20.0,dataset_toxicity_attack_toxic_attack_qwen25_14b_instruct_lm_target_gemma3_4b_it_judge_detoxify_20_calibration_upb_unified_aht_v2,0.7,Residual,Residual,False,50.0,50,0.6952666676044464,0.0012712744459665334,0.001268253392613999,-0.004733332395553513,116.0248666381836,0.1821866671741008,20.614837968828216,,7.7806345782194555,0.48,,0.0006060057667498569,0.0005942376929244518,6.159294482742927,2.0977926543251555,2.1342526866185145,1.2632347097576175
toxicity,gemma3_4b_it,20.0,dataset_toxicity_attack_toxic_attack_qwen25_14b_instruct_lm_target_gemma3_4b_it_judge_detoxify_20_calibration_upb_unified_aht_v2,0.7,Residual,Residual,False,100.0,50,0.7033999955654144,0.0005699907507953576,0.0005701509056242887,0.003399995565414482,118.37813400268554,0.19034000083804126,20.27473683654955,,6.812579912246756,0.5,,0.0006060057667498569,0.0005942376929244518,6.159294482742927,0.9405698461457622,0.9594660729419173,1.1060649773012479
toxicity,gemma3_4b_it,20.0,dataset_toxicity_attack_toxic_attack_qwen25_14b_instruct_lm_target_gemma3_4b_it_judge_detoxify_20_calibration_upb_unified_aht_v2,0.7,Residual,Residual,False,200.0,50,0.7058133327960968,0.0006339189340042791,0.0006550353935223691,0.0058133327960968595,119.05095352172852,0.19310666650533673,20.032708971591397,,6.666882949224944,0.54,,0.0006060057667498569,0.0005942376929244518,6.159294482742927,1.0460608937834481,1.102312090467891,1.0824101636809502
toxicity,gemma3_4b_it,20.0,dataset_toxicity_attack_toxic_attack_qwen25_14b_instruct_lm_target_gemma3_4b_it_judge_detoxify_20_calibration_upb_unified_aht_v2,0.7,Residual,Residual + CRC,True,50.0,50,0.7033666682243347,0.001199556792529741,0.001186900111611891,0.0033666682243347346,118.50732025146485,0.19159333288669586,13.039861172450816,,10.659238217791348,0.98,1.0,0.0006060057667498569,0.0005942376929244518,6.159294482742927,1.9794478177381538,1.9973490839511372,1.7305940230096704
toxicity,gemma3_4b_it,20.0,dataset_toxicity_attack_toxic_attack_qwen25_14b_instruct_lm_target_gemma3_4b_it_judge_detoxify_20_calibration_upb_unified_aht_v2,0.7,Residual,Residual + CRC,True,100.0,50,0.700626665353775,0.0010743113974115857,0.001053217878928976,0.000626665353775091,117.59599990844727,0.18792000010609627,16.51599564180084,,8.945384735384662,0.96,1.0,0.0006060057667498569,0.0005942376929244518,6.159294482742927,1.7727742149606192,1.7723848410654024,1.4523391859973227
toxicity,gemma3_4b_it,20.0,dataset_toxicity_attack_toxic_attack_qwen25_14b_instruct_lm_target_gemma3_4b_it_judge_detoxify_20_calibration_upb_unified_aht_v2,0.7,Residual,Residual + CRC,True,200.0,50,0.7042933332920075,0.0006912182010530303,0.0006958265477882297,0.0042933332920075395,118.59886688232422,0.1911933335661888,18.19052673091977,,7.791524431520649,0.96,1.0,0.0006060057667498569,0.0005942376929244518,6.159294482742927,1.1406132399699536,1.1709565988044675,1.2650027455824517
toxicity,gemma3_4b_it,20.0,dataset_toxicity_attack_toxic_attack_qwen25_14b_instruct_lm_target_gemma3_4b_it_judge_detoxify_20_calibration_upb_unified_aht_v2,0.7,Soft-prefix,Soft-prefix,False,50.0,50,0.7002533280849457,0.0003677078196078052,0.0003604178383342713,0.00025332808494571424,117.30585342407227,0.18636666685342781,20.24007203815283,,4.918729896327142,0.54,,0.0006060057667498569,0.0005942376929244518,6.159294482742927,0.6067728061069512,0.6065213341828399,0.7985865767757021
toxicity,gemma3_4b_it,20.0,dataset_toxicity_attack_toxic_attack_qwen25_14b_instruct_lm_target_gemma3_4b_it_judge_detoxify_20_calibration_upb_unified_aht_v2,0.7,Soft-prefix,Soft-prefix,False,100.0,50,0.696946668624878,0.000745384859198406,0.0007397999945007425,-0.0030533313751219815,116.30417343139648,0.18285333320498467,20.03187159435571,,4.833132543438424,0.58,,0.0006060057667498569,0.0005942376929244518,6.159294482742927,1.2299963137249832,1.2449563588939092,0.7846893109234938
toxicity,gemma3_4b_it,20.0,dataset_toxicity_attack_toxic_attack_qwen25_14b_instruct_lm_target_gemma3_4b_it_judge_detoxify_20_calibration_upb_unified_aht_v2,0.7,Soft-prefix,Soft-prefix,False,200.0,50,0.7023733353614807,0.000911400031798833,0.0008988047519009116,0.002373335361480766,118.08463973999024,0.18951999962329866,19.909764746383836,,5.153981706155405,0.6,,0.0006060057667498569,0.0005942376929244518,6.159294482742927,1.5039461368278277,1.512534062720893,0.8367811801490901
toxicity,gemma3_4b_it,20.0,dataset_toxicity_attack_toxic_attack_qwen25_14b_instruct_lm_target_gemma3_4b_it_judge_detoxify_20_calibration_upb_unified_aht_v2,0.7,Soft-prefix,Soft-prefix + CRC,True,50.0,50,0.7028599989414215,0.000909061922384691,0.0008990602778819297,0.0028599989414215266,118.12739303588867,0.19035333395004264,12.89765077159712,,8.393428481879052,0.98,1.0,0.0006060057667498569,0.0005942376929244518,6.159294482742927,1.5000879071831137,1.5129640690703061,1.36272563446929
toxicity,gemma3_4b_it,20.0,dataset_toxicity_attack_toxic_attack_qwen25_14b_instruct_lm_target_gemma3_4b_it_judge_detoxify_20_calibration_upb_unified_aht_v2,0.7,Soft-prefix,Soft-prefix + CRC,True,100.0,50,0.7034266686439514,0.0005803764055711926,0.0005805109354552091,0.0034266686439514693,118.33533981323242,0.1900666669011116,16.466654188285744,,6.280691956802866,0.96,1.0,0.0006060057667498569,0.0005942376929244518,6.159294482742927,0.9577077272447088,0.9769002242155179,1.0197096395374616
toxicity,gemma3_4b_it,20.0,dataset_toxicity_attack_toxic_attack_qwen25_14b_instruct_lm_target_gemma3_4b_it_judge_detoxify_20_calibration_upb_unified_aht_v2,0.7,Soft-prefix,Soft-prefix + CRC,True,200.0,50,0.6977466666698455,0.001101576052168378,0.0010846220422217952,-0.002253333330154428,116.67911315917969,0.1847200000286102,18.14778923884915,,6.086349636709464,0.94,1.0,0.0006060057667498569,0.0005942376929244518,6.159294482742927,1.8177649662912851,1.8252326554446425,0.9881569478066297
toxicity,gemma3_4b_it,20.0,dataset_toxicity_attack_toxic_attack_qwen25_14b_instruct_lm_target_gemma3_4b_it_judge_detoxify_20_calibration_upb_unified_aht_v2,0.7,Static,Static,False,,50,0.700593330860138,0.0006060057667498569,0.0005942376929244518,0.0005933308601380194,117.3107534790039,0.1868733319640159,9.506343474988887,,6.159294482742927,1.0,,0.0006060057667498569,0.0005942376929244518,6.159294482742927,1.0,1.0,1.0
toxicity,gemma3_4b_it,20.0,dataset_toxicity_attack_toxic_attack_qwen25_14b_instruct_lm_target_gemma3_4b_it_judge_detoxify_20_calibration_upb_unified_aht_v2,0.8,Endpoint/block,Endpoint/block,False,,50,0.7991866683959961,0.0003302683734089173,0.00032432451423881057,-0.0008133316040039862,148.09545349121095,0.3234000015258789,15.145122416168967,,2.250231637035848,1.0,,0.0005118625712670428,0.0005019933687912327,4.504040715626308,0.6452286061693963,0.6460733037565074,0.4996028630977734
toxicity,gemma3_4b_it,20.0,dataset_toxicity_attack_toxic_attack_qwen25_14b_instruct_lm_target_gemma3_4b_it_judge_detoxify_20_calibration_upb_unified_aht_v2,0.8,Endpoint/block,Endpoint/block + CRC,True,50.0,50,0.7976333332061768,0.00041619152443673227,0.00041346880566098346,-0.0023666667938232466,147.56522003173828,0.3206200015544891,13.27755673338551,,2.9035657063452205,1.0,1.0,0.0005118625712670428,0.0005019933687912327,4.504040715626308,0.8130923177416733,0.8236539192870005,0.6446579615214393
toxicity,gemma3_4b_it,20.0,dataset_toxicity_attack_toxic_attack_qwen25_14b_instruct_lm_target_gemma3_4b_it_judge_detoxify_20_calibration_upb_unified_aht_v2,0.8,Endpoint/block,Endpoint/block + CRC,True,100.0,50,0.7985733330249787,0.0003465263303359797,0.0003416311823868768,-0.0014266669750213623,147.93018005371093,0.32223333418369293,16.617216254012373,,2.244714080829368,0.92,1.0,0.0005118625712670428,0.0005019933687912327,4.504040715626308,0.6769909537987965,0.680549193726408,0.4983778394901188
toxicity,gemma3_4b_it,20.0,dataset_toxicity_attack_toxic_attack_qwen25_14b_instruct_lm_target_gemma3_4b_it_judge_detoxify_20_calibration_upb_unified_aht_v2,0.8,Endpoint/block,Endpoint/block + CRC,True,200.0,50,0.798933333158493,0.00032956920872499886,0.00032411560270126935,-0.0010666668415070246,148.0074200439453,0.3227866679430008,18.287697669066716,,2.1244300541301615,0.82,1.0,0.0005118625712670428,0.0005019933687912327,4.504040715626308,0.643862683511313,0.6456571398178398,0.47167203590315443
toxicity,gemma3_4b_it,20.0,dataset_toxicity_attack_toxic_attack_qwen25_14b_instruct_lm_target_gemma3_4b_it_judge_detoxify_20_calibration_upb_unified_aht_v2,0.8,Information-gain,Information-gain,False,50.0,50,0.7977866673469544,0.000378742524762572,0.00037606651570035887,-0.0022133326530456854,147.73737274169923,0.321180003285408,19.70815999576437,,3.756695422636075,0.64,,0.0005118625712670428,0.0005019933687912327,4.504040715626308,0.7399301023808967,0.7491463813673525,0.8340722608484876
toxicity,gemma3_4b_it,20.0,dataset_toxicity_attack_toxic_attack_qwen25_14b_instruct_lm_target_gemma3_4b_it_judge_detoxify_20_calibration_upb_unified_aht_v2,0.8,Information-gain,Information-gain,False,100.0,50,0.7990266704559326,0.0004595004111340307,0.00045125777331270466,-0.0009733295440674805,148.01467987060548,0.32313333213329315,20.004339798295362,,3.673464778435049,0.58,,0.0005118625712670428,0.0005019933687912327,4.504040715626308,0.8977026978093026,0.898931741666835,0.8155931552062438
toxicity,gemma3_4b_it,20.0,dataset_toxicity_attack_toxic_attack_qwen25_14b_instruct_lm_target_gemma3_4b_it_judge_detoxify_20_calibration_upb_unified_aht_v2,0.8,Information-gain,Information-gain,False,200.0,50,0.8018666672706604,0.0005998866315874225,0.0005913733456550288,0.001866667270660316,148.9320538330078,0.32788666695356367,20.066653972287497,,3.8622154857026008,0.48,,0.0005118625712670428,0.0005019933687912327,4.504040715626308,1.1719681517296503,1.1780501146439786,0.8575001270088521
toxicity,gemma3_4b_it,20.0,dataset_toxicity_attack_toxic_attack_qwen25_14b_instruct_lm_target_gemma3_4b_it_judge_detoxify_20_calibration_upb_unified_aht_v2,0.8,Information-gain,Information-gain + CRC,True,50.0,50,0.7994933354854584,0.0007980330199755582,0.0007823290685063426,-0.0005066645145416215,148.05803451538085,0.323759999871254,13.263932508426159,,5.65117912232749,0.98,1.0,0.0005118625712670428,0.0005019933687912327,4.504040715626308,1.5590767224885018,1.5584450256586855,1.2546909495558738
toxicity,gemma3_4b_it,20.0,dataset_toxicity_attack_toxic_attack_qwen25_14b_instruct_lm_target_gemma3_4b_it_judge_detoxify_20_calibration_upb_unified_aht_v2,0.8,Information-gain,Information-gain + CRC,True,100.0,50,0.7991666674613953,0.0005906359997836994,0.0005795177229079231,-0.0008333325386047363,148.07802047729493,0.3232666677236557,16.600330773482867,,4.704150779461117,0.9,1.0,0.0005118625712670428,0.0005019933687912327,4.504040715626308,1.153895660551355,1.154433024291464,1.0444290086323038
toxicity,gemma3_4b_it,20.0,dataset_toxicity_attack_toxic_attack_qwen25_14b_instruct_lm_target_gemma3_4b_it_judge_detoxify_20_calibration_upb_unified_aht_v2,0.8,Information-gain,Information-gain + CRC,True,200.0,50,0.7978466713428497,0.0004446674923404236,0.00044041096679931993,-0.002153328657150344,147.6657745361328,0.32118666648864747,18.188861130840145,,4.7773219724991565,0.84,1.0,0.0005118625712670428,0.0005019933687912327,4.504040715626308,0.8687243750597209,0.8773242719516411,1.06067468616008
toxicity,gemma3_4b_it,20.0,dataset_toxicity_attack_toxic_attack_qwen25_14b_instruct_lm_target_gemma3_4b_it_judge_detoxify_20_calibration_upb_unified_aht_v2,0.8,Oracle,Oracle,False,,50,0.8002133357524872,9.789002079344447e-05,9.597773252086483e-05,0.00021333575248716485,148.38672576904298,0.3237199980020523,95.06343333333332,,,,,0.0005118625712670428,0.0005019933687912327,4.504040715626308,0.19124277938731032,0.19119322781488715,
toxicity,gemma3_4b_it,20.0,dataset_toxicity_attack_toxic_attack_qwen25_14b_instruct_lm_target_gemma3_4b_it_judge_detoxify_20_calibration_upb_unified_aht_v2,0.8,Residual,Residual,False,50.0,50,0.7986733329296112,0.0005056258108245346,0.000497273340123698,-0.001326667070388865,147.98715270996092,0.3226000013947487,19.489064182283304,,8.309424174527738,0.66,,0.0005118625712670428,0.0005019933687912327,4.504040715626308,0.9878155567673761,0.9905974282510936,1.8448821178945034
toxicity,gemma3_4b_it,20.0,dataset_toxicity_attack_toxic_attack_qwen25_14b_instruct_lm_target_gemma3_4b_it_judge_detoxify_20_calibration_upb_unified_aht_v2,0.8,Residual,Residual,False,100.0,50,0.7978466641902924,0.001100726437408043,0.0010833487637692514,-0.0021533358097076682,147.65557250976562,0.32241333186626436,19.85432702182885,,7.8708670052524905,0.6,,0.0005118625712670428,0.0005019933687912327,4.504040715626308,2.1504335327417117,2.158093773983279,1.7475124010192278
toxicity,gemma3_4b_it,20.0,dataset_toxicity_attack_toxic_attack_qwen25_14b_instruct_lm_target_gemma3_4b_it_judge_detoxify_20_calibration_upb_unified_aht_v2,0.8,Residual,Residual,False,200.0,50,0.803693333864212,0.0009109198014773288,0.0009063421204803173,0.0036933338642120006,149.27177978515624,0.330413333773613,19.96587016090224,,7.180932026006227,0.56,,0.0005118625712670428,0.0005019933687912327,4.504040715626308,1.7796179142821027,1.8054862411085828,1.5943310639028458
toxicity,gemma3_4b_it,20.0,dataset_toxicity_attack_toxic_attack_qwen25_14b_instruct_lm_target_gemma3_4b_it_judge_detoxify_20_calibration_upb_unified_aht_v2,0.8,Residual,Residual + CRC,True,50.0,50,0.7991799998283386,0.000978500239963116,0.0009596026354453783,-0.0008200001716613947,147.92153427124023,0.324133335351944,13.203888346275878,,10.095339959595755,1.0,1.0,0.0005118625712670428,0.0005019933687912327,4.504040715626308,1.911646396689991,1.9115842859758065,2.2413962477228515
toxicity,gemma3_4b_it,20.0,dataset_toxicity_attack_toxic_attack_qwen25_14b_instruct_lm_target_gemma3_4b_it_judge_detoxify_20_calibration_upb_unified_aht_v2,0.8,Residual,Residual + CRC,True,100.0,50,0.7963466632366181,0.0007218048894436005,0.0007207156611614071,-0.0036533367633819758,147.23894088745118,0.31880666881799696,16.474070132803963,,9.701789684633448,0.94,1.0,0.0005118625712670428,0.0005019933687912327,4.504040715626308,1.4101536817917268,1.4357075331430043,2.154019090230264
toxicity,gemma3_4b_it,20.0,dataset_toxicity_attack_toxic_attack_qwen25_14b_instruct_lm_target_gemma3_4b_it_judge_detoxify_20_calibration_upb_unified_aht_v2,0.8,Residual,Residual + CRC,True,200.0,50,0.7982800018787384,0.0010699019322523203,0.0010514622871444176,-0.0017199981212616677,147.82838684082031,0.323440001308918,18.114504070990918,,8.838382673175376,0.86,1.0,0.0005118625712670428,0.0005019933687912327,4.504040715626308,2.09021325705439,2.094574057175835,1.962322996439955
toxicity,gemma3_4b_it,20.0,dataset_toxicity_attack_toxic_attack_qwen25_14b_instruct_lm_target_gemma3_4b_it_judge_detoxify_20_calibration_upb_unified_aht_v2,0.8,Soft-prefix,Soft-prefix,False,50.0,50,0.8028466665744781,0.0003592389424246795,0.00036015767416243676,0.002846666574478074,149.1683676147461,0.32870000243186953,19.17463846552783,,4.575665298253675,0.68,,0.0005118625712670428,0.0005019933687912327,4.504040715626308,0.7018269406482188,0.7174550433398611,1.0159022946615186
toxicity,gemma3_4b_it,20.0,dataset_toxicity_attack_toxic_attack_qwen25_14b_instruct_lm_target_gemma3_4b_it_judge_detoxify_20_calibration_upb_unified_aht_v2,0.8,Soft-prefix,Soft-prefix,False,100.0,50,0.7989200019836425,0.0004061702651068684,0.00039921325552006706,-0.0010799980163574974,147.84263977050782,0.32240000188350676,19.756511978161612,,5.05736329566659,0.64,,0.0005118625712670428,0.0005019933687912327,4.504040715626308,0.7935142905671964,0.7952560339220148,1.1228502615708127
toxicity,gemma3_4b_it,20.0,dataset_toxicity_attack_toxic_attack_qwen25_14b_instruct_lm_target_gemma3_4b_it_judge_detoxify_20_calibration_upb_unified_aht_v2,0.8,Soft-prefix,Soft-prefix,False,200.0,50,0.7985600006580352,0.0006965008641419303,0.0006846444449639505,-0.001439999341964815,147.7938070678711,0.3222799998521805,19.937750612073142,,5.551692231289009,0.52,,0.0005118625712670428,0.0005019933687912327,4.504040715626308,1.3607184882024912,1.3638515716104571,1.232602585502387
toxicity,gemma3_4b_it,20.0,dataset_toxicity_attack_toxic_attack_qwen25_14b_instruct_lm_target_gemma3_4b_it_judge_detoxify_20_calibration_upb_unified_aht_v2,0.8,Soft-prefix,Soft-prefix + CRC,True,50.0,50,0.8017266643047333,0.0008148463648231209,0.0008015308071478982,0.0017266643047332275,148.6753009033203,0.32710000008344653,13.126314014187246,,6.347391559439683,0.98,1.0,0.0005118625712670428,0.0005019933687912327,4.504040715626308,1.5919241033898708,1.5966960063196294,1.409266025819451
toxicity,gemma3_4b_it,20.0,dataset_toxicity_attack_toxic_attack_qwen25_14b_instruct_lm_target_gemma3_4b_it_judge_detoxify_20_calibration_upb_unified_aht_v2,0.8,Soft-prefix,Soft-prefix + CRC,True,100.0,50,0.8041733312606811,0.0003230034416974181,0.0003339600666748477,0.00417333126068109,149.50402008056642,0.33042666673660276,16.415241196293376,,5.5610975900350095,0.92,1.0,0.0005118625712670428,0.0005019933687912327,4.504040715626308,0.6310354767645331,0.6652678848706742,1.2346907901479112
toxicity,gemma3_4b_it,20.0,dataset_toxicity_attack_toxic_attack_qwen25_14b_instruct_lm_target_gemma3_4b_it_judge_detoxify_20_calibration_upb_unified_aht_v2,0.8,Soft-prefix,Soft-prefix + CRC,True,200.0,50,0.7975999963283539,0.0005239773009123929,0.00051925777251806,-0.002400003671646167,147.5024264526367,0.32066000014543533,18.12035285791457,,6.373669300751627,0.88,1.0,0.0005118625712670428,0.0005019933687912327,4.504040715626308,1.0236679341788204,1.0343916967835627,1.4151002850926355
toxicity,gemma3_4b_it,20.0,dataset_toxicity_attack_toxic_attack_qwen25_14b_instruct_lm_target_gemma3_4b_it_judge_detoxify_20_calibration_upb_unified_aht_v2,0.8,Static,Static,False,,50,0.8006066703796386,0.0005118625712670428,0.0005019933687912327,0.0006066703796385742,148.48795959472656,0.3254266679286957,9.506343474988887,,4.504040715626308,1.0,,0.0005118625712670428,0.0005019933687912327,4.504040715626308,1.0,1.0,1.0
toxicity,gemma3_4b_it,20.0,dataset_toxicity_attack_toxic_attack_qwen25_14b_instruct_lm_target_gemma3_4b_it_judge_detoxify_20_calibration_upb_unified_aht_v2,0.9,Endpoint/block,Endpoint/block,False,,50,0.8983466672897339,0.00019744196549938836,0.00019622663524023655,-0.001653332710266131,175.25562561035156,0.5018200010061264,17.07837127383486,,1.3089513711486291,1.0,,0.0002906703144579736,0.0002848644194309032,2.5316336652366918,0.6792642924942904,0.6888422065214548,0.5170382228371301
toxicity,gemma3_4b_it,20.0,dataset_toxicity_attack_toxic_attack_qwen25_14b_instruct_lm_target_gemma3_4b_it_judge_detoxify_20_calibration_upb_unified_aht_v2,0.9,Endpoint/block,Endpoint/block + CRC,True,50.0,50,0.8996399962902069,0.0002087659205189473,0.0002047202047796332,-0.0003600037097931663,175.69213958740235,0.5056133323907852,13.077278245750001,,1.9257009795671984,1.0,1.0,0.0002906703144579736,0.0002848644194309032,2.5316336652366918,0.7182223644276946,0.7186583890982924,0.7606554637071307
toxicity,gemma3_4b_it,20.0,dataset_toxicity_attack_toxic_attack_qwen25_14b_instruct_lm_target_gemma3_4b_it_judge_detoxify_20_calibration_upb_unified_aht_v2,0.9,Endpoint/block,Endpoint/block + CRC,True,100.0,50,0.8990666675567627,0.000169936578253605,0.00016740895613813229,-0.0009333324432373447,175.43768524169923,0.5031733357906342,16.477646518,,1.5044717457498453,0.94,1.0,0.0002906703144579736,0.0002848644194309032,2.5316336652366918,0.5846368541985225,0.5876794177123936,0.5942691339622341
toxicity,gemma3_4b_it,20.0,dataset_toxicity_attack_toxic_attack_qwen25_14b_instruct_lm_target_gemma3_4b_it_judge_detoxify_20_calibration_upb_unified_aht_v2,0.9,Endpoint/block,Endpoint/block + CRC,True,200.0,50,0.8986666631698609,0.000142018110563196,0.0001409555354545377,-0.0013333368301391424,175.30669921875,0.5020466685295105,18.081003331916666,,1.4505852243036839,0.9,1.0,0.0002906703144579736,0.0002848644194309032,2.5316336652366918,0.4885882854189075,0.494816220769642,0.5729838579027047
toxicity,gemma3_4b_it,20.0,dataset_toxicity_attack_toxic_attack_qwen25_14b_instruct_lm_target_gemma3_4b_it_judge_detoxify_20_calibration_upb_unified_aht_v2,0.9,Information-gain,Information-gain,False,50.0,50,0.8998133385181427,0.00016576037115150941,0.00016248000623728839,-0.0001866614818573087,175.63921997070312,0.5044533324241638,19.540699160549224,,1.6508289291729117,0.58,,0.0002906703144579736,0.0002848644194309032,2.5316336652366918,0.5702693495227075,0.57037662535001,0.6520804932567404
toxicity,gemma3_4b_it,20.0,dataset_toxicity_attack_toxic_attack_qwen25_14b_instruct_lm_target_gemma3_4b_it_judge_detoxify_20_calibration_upb_unified_aht_v2,0.9,Information-gain,Information-gain,False,100.0,50,0.8992533326148987,0.0001818348093249196,0.00017875562532239532,-0.0007466673851013184,175.50120697021484,0.5033866673707962,19.948162423903216,,1.4604010605251525,0.52,,0.0002906703144579736,0.0002848644194309032,2.5316336652366918,0.6255706216990042,0.6275112408896483,0.5768611314420226
toxicity,gemma3_4b_it,20.0,dataset_toxicity_attack_toxic_attack_qwen25_14b_instruct_lm_target_gemma3_4b_it_judge_detoxify_20_calibration_upb_unified_aht_v2,0.9,Information-gain,Information-gain,False,200.0,50,0.8953466701507569,0.00016656216801372764,0.00018488440333931064,-0.00465332984924316,174.3941275024414,0.49527999937534334,19.924660676387376,,1.5421212247250853,0.5,,0.0002906703144579736,0.0002848644194309032,2.5316336652366918,0.5730277903484016,0.6490259601696458,0.6091407480872264
toxicity,gemma3_4b_it,20.0,dataset_toxicity_attack_toxic_attack_qwen25_14b_instruct_lm_target_gemma3_4b_it_judge_detoxify_20_calibration_upb_unified_aht_v2,0.9,Information-gain,Information-gain + CRC,True,50.0,50,0.8981533336639405,0.0003256790408941377,0.00032257563663299065,-0.0018466663360595659,175.25988098144532,0.502399998307228,12.782911236640587,,3.2847795087256224,1.0,1.0,0.0002906703144579736,0.0002848644194309032,2.5316336652366918,1.1204413546716887,1.1323830377883843,1.2974940070638208
toxicity,gemma3_4b_it,20.0,dataset_toxicity_attack_toxic_attack_qwen25_14b_instruct_lm_target_gemma3_4b_it_judge_detoxify_20_calibration_upb_unified_aht_v2,0.9,Information-gain,Information-gain + CRC,True,100.0,50,0.8980200016498565,0.0002644009886637966,0.00026303336235709157,-0.001979998350143508,175.23369903564452,0.5018533331155777,16.421839990542495,,2.2122840740871768,1.0,1.0,0.0002906703144579736,0.0002848644194309032,2.5316336652366918,0.9096250133311252,0.9233633420508418,0.8738563183391473
toxicity,gemma3_4b_it,20.0,dataset_toxicity_attack_toxic_attack_qwen25_14b_instruct_lm_target_gemma3_4b_it_judge_detoxify_20_calibration_upb_unified_aht_v2,0.9,Information-gain,Information-gain + CRC,True,200.0,50,0.8994133341312408,0.00024395713692839375,0.00023942217103139286,-0.0005866658687592174,175.52376739501952,0.5040399968624115,18.17036461345814,,1.989403753817379,0.98,1.0,0.0002906703144579736,0.0002848644194309032,2.5316336652366918,0.8392915436972362,0.8404776261974239,0.7858181778568593
toxicity,gemma3_4b_it,20.0,dataset_toxicity_attack_toxic_attack_qwen25_14b_instruct_lm_target_gemma3_4b_it_judge_detoxify_20_calibration_upb_unified_aht_v2,0.9,Oracle,Oracle,False,,50,0.8987733328342438,6.328538719544819e-05,6.352439178708372e-05,-0.0012266671657562567,175.41608764648439,0.5022533339262009,95.06343333333332,,,,,0.0002906703144579736,0.0002848644194309032,2.5316336652366918,0.2177222235901846,0.22299868798634645,
toxicity,gemma3_4b_it,20.0,dataset_toxicity_attack_toxic_attack_qwen25_14b_instruct_lm_target_gemma3_4b_it_judge_detoxify_20_calibration_upb_unified_aht_v2,0.9,Residual,Residual,False,50.0,50,0.8985533332824707,0.0002752272444429041,0.0002718155441456531,-0.0014466667175293546,175.28593902587892,0.5023133325576782,19.505957574587867,,2.2129987094232844,0.56,,0.0002906703144579736,0.0002848644194309032,2.5316336652366918,0.9468708387237035,0.9541926811662933,0.8741386006242664
toxicity,gemma3_4b_it,20.0,dataset_toxicity_attack_toxic_attack_qwen25_14b_instruct_lm_target_gemma3_4b_it_judge_detoxify_20_calibration_upb_unified_aht_v2,0.9,Residual,Residual,False,100.0,50,0.8986999988555908,0.0001870033127795117,0.0001849532494993867,-0.001300001144409202,175.30936767578126,0.5023000007867813,19.960769263424307,,1.6070291952076332,0.52,,0.0002906703144579736,0.0002848644194309032,2.5316336652366918,0.6433519471302924,0.6492676406161317,0.6347795169872598
toxicity,gemma3_4b_it,20.0,dataset_toxicity_attack_toxic_attack_qwen25_14b_instruct_lm_target_gemma3_4b_it_judge_detoxify_20_calibration_upb_unified_aht_v2,0.9,Residual,Residual,False,200.0,50,0.8990066611766815,0.0001941926785989406,0.00019129554704487364,-0.0009933388233185347,175.49469299316405,0.5039999967813492,19.93045210102483,,1.6320722169868358,0.5,,0.0002906703144579736,0.0002848644194309032,2.5316336652366918,0.6680856934464074,0.6715319078003503,0.6446715571047075
toxicity,gemma3_4b_it,20.0,dataset_toxicity_attack_toxic_attack_qwen25_14b_instruct_lm_target_gemma3_4b_it_judge_detoxify_20_calibration_upb_unified_aht_v2,0.9,Residual,Residual + CRC,True,50.0,50,0.9016866672039032,0.0003346322014614593,0.00033078440368895275,0.0016866672039032027,176.17398712158203,0.5113199996948242,12.703215198825799,,4.616655773089301,1.0,1.0,0.0002906703144579736,0.0002848644194309032,2.5316336652366918,1.1512431260325413,1.16119943778794,1.8235876053013669
toxicity,gemma3_4b_it,20.0,dataset_toxicity_attack_toxic_attack_qwen25_14b_instruct_lm_target_gemma3_4b_it_judge_detoxify_20_calibration_upb_unified_aht_v2,0.9,Residual,Residual + CRC,True,100.0,50,0.8995733308792114,0.0002473108596434853,0.00024254668898925004,-0.000426669120788592,175.55395324707033,0.5045600008964538,16.344812529412938,,2.708660393809372,1.0,1.0,0.0002906703144579736,0.0002848644194309032,2.5316336652366918,0.8508294357635293,0.8514460650221086,1.0699258865939156
toxicity,gemma3_4b_it,20.0,dataset_toxicity_attack_toxic_attack_qwen25_14b_instruct_lm_target_gemma3_4b_it_judge_detoxify_20_calibration_upb_unified_aht_v2,0.9,Residual,Residual + CRC,True,200.0,50,0.8989666652679443,0.0002309445359348237,0.00022739342588459983,-0.0010333347320556907,175.49523895263673,0.5035866641998291,18.1768562366144,,2.1411216884179036,0.98,1.0,0.0002906703144579736,0.0002848644194309032,2.5316336652366918,0.7945239828342178,0.7982514149674506,0.8457470438234681
toxicity,gemma3_4b_it,20.0,dataset_toxicity_attack_toxic_attack_qwen25_14b_instruct_lm_target_gemma3_4b_it_judge_detoxify_20_calibration_upb_unified_aht_v2,0.9,Soft-prefix,Soft-prefix,False,50.0,50,0.8989933359622956,0.0001776710616999776,0.00017513101295078555,-0.0010066640377044411,175.39816772460938,0.503046663403511,19.619039720540883,,1.2789031365666512,0.52,,0.0002906703144579736,0.0002848644194309032,2.5316336652366918,0.6112459816589426,0.6147872496700676,0.505169114365953
toxicity,gemma3_4b_it,20.0,dataset_toxicity_attack_toxic_attack_qwen25_14b_instruct_lm_target_gemma3_4b_it_judge_detoxify_20_calibration_upb_unified_aht_v2,0.9,Soft-prefix,Soft-prefix,False,100.0,50,0.8983800005912781,0.00017882538096249101,0.00017787327142750064,-0.0016199994087219283,175.23998748779297,0.501579999923706,19.990558402680183,,1.2616086087186809,0.52,,0.0002906703144579736,0.0002848644194309032,2.5316336652366918,0.6152172136874555,0.6244137887871448,0.4983377437433186
toxicity,gemma3_4b_it,20.0,dataset_toxicity_attack_toxic_attack_qwen25_14b_instruct_lm_target_gemma3_4b_it_judge_detoxify_20_calibration_upb_unified_aht_v2,0.9,Soft-prefix,Soft-prefix,False,200.0,50,0.9001266682147979,0.00014834857720604706,0.00014539765049856624,0.00012666821479789814,175.74944702148437,0.5054333359003067,19.937941549069112,,1.4700356289972583,0.46,,0.0002906703144579736,0.0002848644194309032,2.5316336652366918,0.5103671404583559,0.5104100076416667,0.5806668038836572
toxicity,gemma3_4b_it,20.0,dataset_toxicity_attack_toxic_attack_qwen25_14b_instruct_lm_target_gemma3_4b_it_judge_detoxify_20_calibration_upb_unified_aht_v2,0.9,Soft-prefix,Soft-prefix + CRC,True,50.0,50,0.8983533334732056,0.00024314459263732077,0.00024099321143503964,-0.0016466665267944602,175.2801919555664,0.503199999332428,12.680375141759644,,2.3834890193119707,1.0,1.0,0.0002906703144579736,0.0002848644194309032,2.5316336652366918,0.8364961282362933,0.8459926722912302,0.9414825896973248
toxicity,gemma3_4b_it,20.0,dataset_toxicity_attack_toxic_attack_qwen25_14b_instruct_lm_target_gemma3_4b_it_judge_detoxify_20_calibration_upb_unified_aht_v2,0.9,Soft-prefix,Soft-prefix + CRC,True,100.0,50,0.8982133328914642,0.00015108281552629005,0.0001512533385724879,-0.001786667108535811,175.18942016601562,0.5011466711759567,16.365967872271014,,1.8287625199696578,0.98,1.0,0.0002906703144579736,0.0002848644194309032,2.5316336652366918,0.519773805618992,0.5309660605373566,0.7223645921135592
toxicity,gemma3_4b_it,20.0,dataset_toxicity_attack_toxic_attack_qwen25_14b_instruct_lm_target_gemma3_4b_it_judge_detoxify_20_calibration_upb_unified_aht_v2,0.9,Soft-prefix,Soft-prefix + CRC,True,200.0,50,0.900793330669403,0.00017722394128148638,0.00017430883600687202,0.000793330669403014,176.00123931884767,0.5076266705989838,18.182573495347548,,1.7350809547383295,0.98,1.0,0.0002906703144579736,0.0002848644194309032,2.5316336652366918,0.6097077426429461,0.6119010452590146,0.6853601998439653
toxicity,gemma3_4b_it,20.0,dataset_toxicity_attack_toxic_attack_qwen25_14b_instruct_lm_target_gemma3_4b_it_judge_detoxify_20_calibration_upb_unified_aht_v2,0.9,Static,Static,False,,50,0.9000866675376892,0.0002906703144579736,0.0002848644194309032,8.66675376891557e-05,175.87014587402345,0.507653329372406,9.506343474988887,,2.5316336652366918,1.0,,0.0002906703144579736,0.0002848644194309032,2.5316336652366918,1.0,1.0,1.0
toxicity,llama_31_8B_instruct,20.0,dataset_toxicity_attack_toxic_attack_qwen25_14b_instruct_lm_target_llama_31_8B_instruct_judge_detoxify_20_calibration_upb_unified_aht_v2,0.7,Endpoint/block,Endpoint/block,False,,50,0.695586667060852,0.0006955581793169517,0.0007011245233623806,-0.004413332939147918,136.91077270507813,0.37751333355903627,16.342270133667956,,4.611640627537579,1.0,,0.0006730276551017696,0.0006857132811104089,5.9920925761779245,1.0334763720991156,1.022474761210714,0.7696210579041368
toxicity,llama_31_8B_instruct,20.0,dataset_toxicity_attack_toxic_attack_qwen25_14b_instruct_lm_target_llama_31_8B_instruct_judge_detoxify_20_calibration_upb_unified_aht_v2,0.7,Endpoint/block,Endpoint/block + CRC,True,50.0,50,0.6955599987506866,0.0008091129548431285,0.0008126443068401694,-0.004440001249313319,136.88467361450196,0.37769333243370057,12.357249390583334,,7.052808809509545,1.0,1.0,0.0006730276551017696,0.0006857132811104089,5.9920925761779245,1.2021986744672197,1.1851080170479051,1.177019333370881
toxicity,llama_31_8B_instruct,20.0,dataset_toxicity_attack_toxic_attack_qwen25_14b_instruct_lm_target_llama_31_8B_instruct_judge_detoxify_20_calibration_upb_unified_aht_v2,0.7,Endpoint/block,Endpoint/block + CRC,True,100.0,50,0.6960199999809266,0.0006658703079133596,0.000668393301906917,-0.003980000019073393,137.03587341308594,0.37797333240509035,16.235082774,,5.357729602831455,0.98,1.0,0.0006730276551017696,0.0006857132811104089,5.9920925761779245,0.9893654486050387,0.9747416599902442,0.8941333156519587
toxicity,llama_31_8B_instruct,20.0,dataset_toxicity_attack_toxic_attack_qwen25_14b_instruct_lm_target_llama_31_8B_instruct_judge_detoxify_20_calibration_upb_unified_aht_v2,0.7,Endpoint/block,Endpoint/block + CRC,True,200.0,50,0.6957400012016296,0.0006823051369381477,0.0006868066239615016,-0.004259998798370357,136.92311920166014,0.3773933345079422,17.941502003,,5.352596103392651,0.96,1.0,0.0006730276551017696,0.0006857132811104089,5.9920925761779245,1.0137846963138168,1.0015944606604705,0.8932766033476107
toxicity,llama_31_8B_instruct,20.0,dataset_toxicity_attack_toxic_attack_qwen25_14b_instruct_lm_target_llama_31_8B_instruct_judge_detoxify_20_calibration_upb_unified_aht_v2,0.7,Information-gain,Information-gain,False,50.0,50,0.69450000166893,0.0005608990837790021,0.0005799310837451936,-0.005499998331069955,136.73553283691408,0.37600666642189023,19.130590684743265,,4.696018088749177,0.74,,0.0006730276551017696,0.0006857132811104089,5.9920925761779245,0.8333967847044675,0.8457340695021729,0.7837025261289517
toxicity,llama_31_8B_instruct,20.0,dataset_toxicity_attack_toxic_attack_qwen25_14b_instruct_lm_target_llama_31_8B_instruct_judge_detoxify_20_calibration_upb_unified_aht_v2,0.7,Information-gain,Information-gain,False,100.0,50,0.696706668138504,0.0005940210108331834,0.0005929866253664639,-0.0032933318614959406,137.17557952880858,0.3786066651344299,19.519726930178344,,4.260299613430559,0.66,,0.0006730276551017696,0.0006857132811104089,5.9920925761779245,0.8826101072226528,0.8647734289267546,0.7109869480935164
toxicity,llama_31_8B_instruct,20.0,dataset_toxicity_attack_toxic_attack_qwen25_14b_instruct_lm_target_llama_31_8B_instruct_judge_detoxify_20_calibration_upb_unified_aht_v2,0.7,Information-gain,Information-gain,False,200.0,50,0.6963266718387604,0.000814038568122936,0.000811251136540633,-0.003673328161239553,137.05494537353516,0.37842666685581205,19.87960304217795,,4.661522178777914,0.68,,0.0006730276551017696,0.0006857132811104089,5.9920925761779245,1.2095172641900487,1.1830763073845303,0.7779456207519545
toxicity,llama_31_8B_instruct,20.0,dataset_toxicity_attack_toxic_attack_qwen25_14b_instruct_lm_target_llama_31_8B_instruct_judge_detoxify_20_calibration_upb_unified_aht_v2,0.7,Information-gain,Information-gain + CRC,True,50.0,50,0.6934799993038178,0.0004475425509580739,0.00048110210901712894,-0.006520000696182193,136.46224609375,0.37463333308696745,12.962550804122976,,8.149530919865303,1.0,1.0,0.0006730276551017696,0.0006857132811104089,5.9920925761779245,0.6649690359163626,0.7016082702059625,1.36004756539718
toxicity,llama_31_8B_instruct,20.0,dataset_toxicity_attack_toxic_attack_qwen25_14b_instruct_lm_target_llama_31_8B_instruct_judge_detoxify_20_calibration_upb_unified_aht_v2,0.7,Information-gain,Information-gain + CRC,True,100.0,50,0.6915200018882751,0.0006867536936278044,0.0007449289877301048,-0.00847999811172484,136.2027326965332,0.37287999987602233,16.249336723368412,,6.279953720649291,1.0,1.0,0.0006730276551017696,0.0006857132811104089,5.9920925761779245,1.0203944643611402,1.0863563653365513,1.048040169742334
toxicity,llama_31_8B_instruct,20.0,dataset_toxicity_attack_toxic_attack_qwen25_14b_instruct_lm_target_llama_31_8B_instruct_judge_detoxify_20_calibration_upb_unified_aht_v2,0.7,Information-gain,Information-gain + CRC,True,200.0,50,0.6994866681098938,0.0008695700069851936,0.0008524421164748901,-0.0005133318901061612,137.69390579223634,0.38242666721343993,18.29654165784007,,5.994531393444379,1.0,1.0,0.0006730276551017696,0.0006857132811104089,5.9920925761779245,1.2920271557841179,1.2431465744611057,1.000407005939152
toxicity,llama_31_8B_instruct,20.0,dataset_toxicity_attack_toxic_attack_qwen25_14b_instruct_lm_target_llama_31_8B_instruct_judge_detoxify_20_calibration_upb_unified_aht_v2,0.7,Oracle,Oracle,False,,50,0.6971866667270661,0.00013608231462065715,0.00014127551243284104,-0.002813333272933871,137.20037353515625,0.379046665430069,129.62745333333334,,,,,0.0006730276551017696,0.0006857132811104089,5.9920925761779245,0.20219423910608833,0.20602709080399714,
toxicity,llama_31_8B_instruct,20.0,dataset_toxicity_attack_toxic_attack_qwen25_14b_instruct_lm_target_llama_31_8B_instruct_judge_detoxify_20_calibration_upb_unified_aht_v2,0.7,Residual,Residual,False,50.0,50,0.6946466708183289,0.0007955072215783363,0.0008082552104741006,-0.005353329181671085,136.80781204223632,0.3767466676235199,19.039895521073294,,6.334088093411233,0.8,,0.0006730276551017696,0.0006857132811104089,5.9920925761779245,1.1819829624356912,1.1787072421366165,1.0570744715448726
toxicity,llama_31_8B_instruct,20.0,dataset_toxicity_attack_toxic_attack_qwen25_14b_instruct_lm_target_llama_31_8B_instruct_judge_detoxify_20_calibration_upb_unified_aht_v2,0.7,Residual,Residual,False,100.0,50,0.6960999989509582,0.000808386370468871,0.0008074286512420197,-0.003900001049041757,137.05912551879882,0.3780666661262512,19.48617272280787,,5.370558198122862,0.66,,0.0006730276551017696,0.0006857132811104089,5.9920925761779245,1.2011190986596734,1.1775018414905296,0.8962742363951409
toxicity,llama_31_8B_instruct,20.0,dataset_toxicity_attack_toxic_attack_qwen25_14b_instruct_lm_target_llama_31_8B_instruct_judge_detoxify_20_calibration_upb_unified_aht_v2,0.7,Residual,Residual,False,200.0,50,0.6989133322238922,0.0005583209709170059,0.0005483353983542969,-0.0010866677761077748,137.54677307128907,0.3813333338499069,19.875559387294917,,4.923833552711833,0.68,,0.0006730276551017696,0.0006857132811104089,5.9920925761779245,0.8295661652010144,0.7996569608019705,0.8217218759748395
toxicity,llama_31_8B_instruct,20.0,dataset_toxicity_attack_toxic_attack_qwen25_14b_instruct_lm_target_llama_31_8B_instruct_judge_detoxify_20_calibration_upb_unified_aht_v2,0.7,Residual,Residual + CRC,True,50.0,50,0.6912066662311553,0.0015306028129581564,0.001577313475469295,-0.008793333768844613,136.17685989379882,0.3733999997377396,12.965018262673828,,10.163340069660482,1.0,1.0,0.0006730276551017696,0.0006857132811104089,5.9920925761779245,2.2742049325249667,2.3002521883710263,1.6961253419324174
toxicity,llama_31_8B_instruct,20.0,dataset_toxicity_attack_toxic_attack_qwen25_14b_instruct_lm_target_llama_31_8B_instruct_judge_detoxify_20_calibration_upb_unified_aht_v2,0.7,Residual,Residual + CRC,True,100.0,50,0.6943200039863586,0.0011584352325716763,0.001167528882635224,-0.005679996013641331,136.7270524597168,0.37668666660785677,16.217418503986796,,7.883593369670616,1.0,1.0,0.0006730276551017696,0.0006857132811104089,5.9920925761779245,1.7212297649143518,1.7026487816374032,1.3156661499210667
toxicity,llama_31_8B_instruct,20.0,dataset_toxicity_attack_toxic_attack_qwen25_14b_instruct_lm_target_llama_31_8B_instruct_judge_detoxify_20_calibration_upb_unified_aht_v2,0.7,Residual,Residual + CRC,True,200.0,50,0.696486667394638,0.0009375565349243963,0.0009311489102218072,-0.0035133326053619074,137.11483963012697,0.3788400024175644,18.313165733341684,,7.0298432213289095,0.98,1.0,0.0006730276551017696,0.0006857132811104089,5.9920925761779245,1.393043105758599,1.3579274835014898,1.1731866842773175
toxicity,llama_31_8B_instruct,20.0,dataset_toxicity_attack_toxic_attack_qwen25_14b_instruct_lm_target_llama_31_8B_instruct_judge_detoxify_20_calibration_upb_unified_aht_v2,0.7,Soft-prefix,Soft-prefix,False,50.0,50,0.6946866619586944,0.0009455123836931306,0.0009548336971604524,-0.005313338041305515,136.82394088745116,0.37682666540145876,19.082572576387907,,5.488842728030562,0.76,,0.0006730276551017696,0.0006857132811104089,5.9920925761779245,1.4048640892032263,1.392467848390283,0.9160143402743685
toxicity,llama_31_8B_instruct,20.0,dataset_toxicity_attack_toxic_attack_qwen25_14b_instruct_lm_target_llama_31_8B_instruct_judge_detoxify_20_calibration_upb_unified_aht_v2,0.7,Soft-prefix,Soft-prefix,False,100.0,50,0.6990199983119965,0.000594591227986307,0.0005836598067350706,-0.0009800016880034956,137.5976806640625,0.38137999892234803,19.45992141300932,,5.489749185107035,0.68,,0.0006730276551017696,0.0006857132811104089,5.9920925761779245,0.8834573490095261,0.8511717984956071,0.9161656158204233
toxicity,llama_31_8B_instruct,20.0,dataset_toxicity_attack_toxic_attack_qwen25_14b_instruct_lm_target_llama_31_8B_instruct_judge_detoxify_20_calibration_upb_unified_aht_v2,0.7,Soft-prefix,Soft-prefix,False,200.0,50,0.6958266699314117,0.0008657337256530469,0.0008658357350013685,-0.004173330068588221,136.99916076660156,0.3779800021648407,19.886187304780538,,6.263198630545325,0.66,,0.0006730276551017696,0.0006857132811104089,5.9920925761779245,1.2863271205729845,1.2626789634280942,1.0452439696017393
toxicity,llama_31_8B_instruct,20.0,dataset_toxicity_attack_toxic_attack_qwen25_14b_instruct_lm_target_llama_31_8B_instruct_judge_detoxify_20_calibration_upb_unified_aht_v2,0.7,Soft-prefix,Soft-prefix + CRC,True,50.0,50,0.6932066655158997,0.001165083425277217,0.0011879311501845388,-0.006793334484100244,136.49197357177735,0.3754933339357376,13.008850150335991,,8.940504332721634,1.0,1.0,0.0006730276551017696,0.0006857132811104089,5.9920925761779245,1.7311078028451043,1.7324021320702203,1.4920504346453811
toxicity,llama_31_8B_instruct,20.0,dataset_toxicity_attack_toxic_attack_qwen25_14b_instruct_lm_target_llama_31_8B_instruct_judge_detoxify_20_calibration_upb_unified_aht_v2,0.7,Soft-prefix,Soft-prefix + CRC,True,100.0,50,0.6938466680049896,0.0010644136612965938,0.0010809888827114798,-0.006153331995010336,136.65113235473632,0.37586000204086306,16.276483971212485,,7.3844539777669675,0.98,1.0,0.0006730276551017696,0.0006857132811104089,5.9920925761779245,1.5815303475689155,1.576444430186596,1.2323664702919468
toxicity,llama_31_8B_instruct,20.0,dataset_toxicity_attack_toxic_attack_qwen25_14b_instruct_lm_target_llama_31_8B_instruct_judge_detoxify_20_calibration_upb_unified_aht_v2,0.7,Soft-prefix,Soft-prefix + CRC,True,200.0,50,0.6938399982452392,0.0010685045936018724,0.0010850801233484896,-0.006160001754760724,136.63663330078126,0.3762266647815704,18.303647562514712,,7.995134398171603,0.98,1.0,0.0006730276551017696,0.0006857132811104089,5.9920925761779245,1.5876087490644082,1.5824108315232956,1.3342808537299544
toxicity,llama_31_8B_instruct,20.0,dataset_toxicity_attack_toxic_attack_qwen25_14b_instruct_lm_target_llama_31_8B_instruct_judge_detoxify_20_calibration_upb_unified_aht_v2,0.7,Static,Static,False,,50,0.6948866665363311,0.0006730276551017696,0.0006857132811104089,-0.005113333463668823,136.84206634521485,0.3769999986886978,12.96274552649329,,5.9920925761779245,1.0,,0.0006730276551017696,0.0006857132811104089,5.9920925761779245,1.0,1.0,1.0
toxicity,llama_31_8B_instruct,20.0,dataset_toxicity_attack_toxic_attack_qwen25_14b_instruct_lm_target_llama_31_8B_instruct_judge_detoxify_20_calibration_upb_unified_aht_v2,0.8,Endpoint/block,Endpoint/block,False,,50,0.7921133327484131,0.0005122338762810658,0.0005641887190926987,-0.007886667251586932,155.50753997802735,0.5030666655302047,16.342270133667956,,3.744175029685999,1.0,,0.0005971762792314947,0.0006129003435138861,4.807440571607439,0.8577599179596664,0.9205227653456458,0.778829186532009
toxicity,llama_31_8B_instruct,20.0,dataset_toxicity_attack_toxic_attack_qwen25_14b_instruct_lm_target_llama_31_8B_instruct_judge_detoxify_20_calibration_upb_unified_aht_v2,0.8,Endpoint/block,Endpoint/block + CRC,True,50.0,50,0.7929533362388611,0.0005341314769420573,0.0005731043175657653,-0.007046663761138938,155.7201333618164,0.5044866681098938,12.357249390583334,,5.679226275121274,1.0,1.0,0.0005971762792314947,0.0006129003435138861,4.807440571607439,0.8944284887360736,0.9350693365254753,1.1813409215420296
toxicity,llama_31_8B_instruct,20.0,dataset_toxicity_attack_toxic_attack_qwen25_14b_instruct_lm_target_llama_31_8B_instruct_judge_detoxify_20_calibration_upb_unified_aht_v2,0.8,Endpoint/block,Endpoint/block + CRC,True,100.0,50,0.7933133351802826,0.00051533522267099,0.000549740004628817,-0.006686664819717469,155.73367370605467,0.504593335390091,16.235082774,,4.327205227382526,0.98,1.0,0.0005971762792314947,0.0006129003435138861,4.807440571607439,0.8629532695675288,0.896948436147127,0.9001058178313915
toxicity,llama_31_8B_instruct,20.0,dataset_toxicity_attack_toxic_attack_qwen25_14b_instruct_lm_target_llama_31_8B_instruct_judge_detoxify_20_calibration_upb_unified_aht_v2,0.8,Endpoint/block,Endpoint/block + CRC,True,200.0,50,0.7932066655158997,0.0005201357044532298,0.0005558823837770325,-0.006793334484100355,155.75795959472657,0.5046066641807556,17.941502003,,4.317360532189395,0.96,1.0,0.0005971762792314947,0.0006129003435138861,4.807440571607439,0.8709919039694471,0.9069702597816185,0.8980580140059476
toxicity,llama_31_8B_instruct,20.0,dataset_toxicity_attack_toxic_attack_qwen25_14b_instruct_lm_target_llama_31_8B_instruct_judge_detoxify_20_calibration_upb_unified_aht_v2,0.8,Information-gain,Information-gain,False,50.0,50,0.7979266715049743,0.0003736566837987216,0.00037048224117103263,-0.002073328495025728,156.64917449951173,0.510900000333786,19.77064008028555,,3.340673753518085,0.58,,0.0005971762792314947,0.0006129003435138861,4.807440571607439,0.6257058372773612,0.6044738677204524,0.694896526282192
toxicity,llama_31_8B_instruct,20.0,dataset_toxicity_attack_toxic_attack_qwen25_14b_instruct_lm_target_llama_31_8B_instruct_judge_detoxify_20_calibration_upb_unified_aht_v2,0.8,Information-gain,Information-gain,False,100.0,50,0.7983799993991851,0.0002991791320833655,0.0002958199513883387,-0.0016200006008149082,156.78344665527345,0.5122466653585434,19.911201884559013,,3.1586326953532478,0.62,,0.0005971762792314947,0.0006129003435138861,4.807440571607439,0.500989644914193,0.48265587467669047,0.6570300034509031
toxicity,llama_31_8B_instruct,20.0,dataset_toxicity_attack_toxic_attack_qwen25_14b_instruct_lm_target_llama_31_8B_instruct_judge_detoxify_20_calibration_upb_unified_aht_v2,0.8,Information-gain,Information-gain,False,200.0,50,0.7988533318042755,0.00040572874374090995,0.0003989290168171778,-0.0011466681957245095,156.9361407470703,0.5132199990749359,20.005112359715305,,3.541289990869747,0.6,,0.0005971762792314947,0.0006129003435138861,4.807440571607439,0.6794120226326499,0.6508872462528479,0.7366268886992531
toxicity,llama_31_8B_instruct,20.0,dataset_toxicity_attack_toxic_attack_qwen25_14b_instruct_lm_target_llama_31_8B_instruct_judge_detoxify_20_calibration_upb_unified_aht_v2,0.8,Information-gain,Information-gain + CRC,True,50.0,50,0.7928733360767365,0.0007391014604835533,0.0007751087699490292,-0.007126663923263554,155.71050720214845,0.5048133337497711,13.113665885085158,,6.006557119105781,1.0,1.0,0.0005971762792314947,0.0006129003435138861,4.807440571607439,1.2376604466518695,1.2646570982570644,1.2494293022737044
toxicity,llama_31_8B_instruct,20.0,dataset_toxicity_attack_toxic_attack_qwen25_14b_instruct_lm_target_llama_31_8B_instruct_judge_detoxify_20_calibration_upb_unified_aht_v2,0.8,Information-gain,Information-gain + CRC,True,100.0,50,0.7949866664409637,0.0006788567395442202,0.0006904131181274953,-0.005013333559036326,156.14466644287108,0.5074266666173934,16.341900961932467,,4.743844709610864,1.0,1.0,0.0005971762792314947,0.0006129003435138861,4.807440571607439,1.1367778043994645,1.1264688059549979,0.9867713680389165
toxicity,llama_31_8B_instruct,20.0,dataset_toxicity_attack_toxic_attack_qwen25_14b_instruct_lm_target_llama_31_8B_instruct_judge_detoxify_20_calibration_upb_unified_aht_v2,0.8,Information-gain,Information-gain + CRC,True,200.0,50,0.7989199984073639,0.0006995719428939598,0.0006867469074761773,-0.001080001592636104,156.91200042724608,0.5139466667175293,18.29662815230248,,4.73204631816398,1.0,1.0,0.0005971762792314947,0.0006129003435138861,4.807440571607439,1.1714663948042912,1.1204870657094324,0.9843171741136573
toxicity,llama_31_8B_instruct,20.0,dataset_toxicity_attack_toxic_attack_qwen25_14b_instruct_lm_target_llama_31_8B_instruct_judge_detoxify_20_calibration_upb_unified_aht_v2,0.8,Oracle,Oracle,False,,50,0.7979000031948089,9.180163659341879e-05,9.437559044336314e-05,-0.002099996805191129,156.6023208618164,0.5105133360624313,129.62745333333334,,,,,0.0005971762792314947,0.0006129003435138861,4.807440571607439,0.15372619406711563,0.15398195064190714,
toxicity,llama_31_8B_instruct,20.0,dataset_toxicity_attack_toxic_attack_qwen25_14b_instruct_lm_target_llama_31_8B_instruct_judge_detoxify_20_calibration_upb_unified_aht_v2,0.8,Residual,Residual,False,50.0,50,0.7944199979305268,0.0005577452156398412,0.0005777267344223707,-0.005580002069473289,156.0686996459961,0.5067866688966751,19.726721107805215,,3.799343907539781,0.6,,0.0005971762792314947,0.0006129003435138861,4.807440571607439,0.9339708140410444,0.9426112100217505,0.7903049140073746
toxicity,llama_31_8B_instruct,20.0,dataset_toxicity_attack_toxic_attack_qwen25_14b_instruct_lm_target_llama_31_8B_instruct_judge_detoxify_20_calibration_upb_unified_aht_v2,0.8,Residual,Residual,False,100.0,50,0.7962466692924499,0.0005354730131837906,0.0005388510443203533,-0.0037533307075501288,156.40805908203126,0.5095400017499924,19.90772699208192,,3.043592052126905,0.6,,0.0005971762792314947,0.0006129003435138861,4.807440571607439,0.8966749547937336,0.8791821541998286,0.6331002966739191
toxicity,llama_31_8B_instruct,20.0,dataset_toxicity_attack_toxic_attack_qwen25_14b_instruct_lm_target_llama_31_8B_instruct_judge_detoxify_20_calibration_upb_unified_aht_v2,0.8,Residual,Residual,False,200.0,50,0.7988600015640259,0.0004081502006977075,0.0004012867931177767,-0.001139998435974121,156.84412689208983,0.5127933329343796,20.007098187833627,,3.654395938752687,0.62,,0.0005971762792314947,0.0006129003435138861,4.807440571607439,0.6834668671417348,0.6547341625183557,0.7601541577727263
toxicity,llama_31_8B_instruct,20.0,dataset_toxicity_attack_toxic_attack_qwen25_14b_instruct_lm_target_llama_31_8B_instruct_judge_detoxify_20_calibration_upb_unified_aht_v2,0.8,Residual,Residual + CRC,True,50.0,50,0.8004866659641265,0.000621701649561414,0.0006095044603308252,0.0004866659641264981,157.21090698242188,0.5159933316707611,13.095535514484473,,6.051408611988041,1.0,1.0,0.0005971762792314947,0.0006129003435138861,4.807440571607439,1.041068895706107,0.9944593224347182,1.2587589013013347
toxicity,llama_31_8B_instruct,20.0,dataset_toxicity_attack_toxic_attack_qwen25_14b_instruct_lm_target_llama_31_8B_instruct_judge_detoxify_20_calibration_upb_unified_aht_v2,0.8,Residual,Residual + CRC,True,100.0,50,0.7935266637802124,0.0006927716120775392,0.0007208202616504032,-0.006473336219787629,155.8774658203125,0.5056666630506516,16.306123134751864,,5.029838773657296,1.0,1.0,0.0005971762792314947,0.0006129003435138861,4.807440571607439,1.1600789183540008,1.1760806944858109,1.046261248316481
toxicity,llama_31_8B_instruct,20.0,dataset_toxicity_attack_toxic_attack_qwen25_14b_instruct_lm_target_llama_31_8B_instruct_judge_detoxify_20_calibration_upb_unified_aht_v2,0.8,Residual,Residual + CRC,True,200.0,50,0.7975200009346008,0.0005316016940785305,0.0005271200555613406,-0.0024799990653991966,156.6465594482422,0.5118666678667069,18.308266652012136,,4.603962258879075,1.0,1.0,0.0005971762792314947,0.0006129003435138861,4.807440571607439,0.8901922473589338,0.8600420298987775,0.9576742947317748
toxicity,llama_31_8B_instruct,20.0,dataset_toxicity_attack_toxic_attack_qwen25_14b_instruct_lm_target_llama_31_8B_instruct_judge_detoxify_20_calibration_upb_unified_aht_v2,0.8,Soft-prefix,Soft-prefix,False,50.0,50,0.7947999978065491,0.000355006970606895,0.00037494685400665204,-0.005200002193450959,156.06586669921876,0.5065933352708817,19.75009714063162,,3.28563860995614,0.58,,0.0005971762792314947,0.0006129003435138861,4.807440571607439,0.5944760080955541,0.6117582702874715,0.6834486169961198
toxicity,llama_31_8B_instruct,20.0,dataset_toxicity_attack_toxic_attack_qwen25_14b_instruct_lm_target_llama_31_8B_instruct_judge_detoxify_20_calibration_upb_unified_aht_v2,0.8,Soft-prefix,Soft-prefix,False,100.0,50,0.7954533326625824,0.00045215306606769716,0.00046378218862348357,-0.004546667337417598,156.18387237548828,0.5079733347892761,19.889244929229907,,3.5087353547695845,0.6,,0.0005971762792314947,0.0006129003435138861,4.807440571607439,0.7571517519911747,0.7567008136502635,0.7298551698157314
toxicity,llama_31_8B_instruct,20.0,dataset_toxicity_attack_toxic_attack_qwen25_14b_instruct_lm_target_llama_31_8B_instruct_judge_detoxify_20_calibration_upb_unified_aht_v2,0.8,Soft-prefix,Soft-prefix,False,200.0,50,0.7941933345794677,0.0005104085255349234,0.0005339177183302303,-0.00580666542053232,155.92708770751952,0.5059066671133041,19.997831702982364,,4.759091834265402,0.6,,0.0005971762792314947,0.0006129003435138861,4.807440571607439,0.8547032815700036,0.8711330055212047,0.9899429360338674
toxicity,llama_31_8B_instruct,20.0,dataset_toxicity_attack_toxic_attack_qwen25_14b_instruct_lm_target_llama_31_8B_instruct_judge_detoxify_20_calibration_upb_unified_aht_v2,0.8,Soft-prefix,Soft-prefix + CRC,True,50.0,50,0.7943599998950959,0.0004676455090915167,0.000490102200093006,-0.005640000104904175,155.9663198852539,0.5060133332014084,13.201732914413897,,5.504180196786255,1.0,1.0,0.0005971762792314947,0.0006129003435138861,4.807440571607439,0.7830945825465958,0.7996441922077372,1.1449294307024267
toxicity,llama_31_8B_instruct,20.0,dataset_toxicity_attack_toxic_attack_qwen25_14b_instruct_lm_target_llama_31_8B_instruct_judge_detoxify_20_calibration_upb_unified_aht_v2,0.8,Soft-prefix,Soft-prefix + CRC,True,100.0,50,0.7956533360481263,0.0004943897666200778,0.0005033954587981956,-0.004346663951873775,156.25672760009766,0.5083333319425583,16.28021136412424,,4.760234602092042,1.0,1.0,0.0005971762792314947,0.0006129003435138861,4.807440571607439,0.8278791100951083,0.8213332952501283,0.9901806441884702
toxicity,llama_31_8B_instruct,20.0,dataset_toxicity_attack_toxic_attack_qwen25_14b_instruct_lm_target_llama_31_8B_instruct_judge_detoxify_20_calibration_upb_unified_aht_v2,0.8,Soft-prefix,Soft-prefix + CRC,True,200.0,50,0.7932666671276093,0.0006133287782781158,0.000646399974282972,-0.0067333328723907515,155.7597052001953,0.5048599982261658,18.310278231879025,,5.570583980691401,1.0,1.0,0.0005971762792314947,0.0006129003435138861,4.807440571607439,1.0270481256680317,1.0546575493448502,1.1587421410034806
toxicity,llama_31_8B_instruct,20.0,dataset_toxicity_attack_toxic_attack_qwen25_14b_instruct_lm_target_llama_31_8B_instruct_judge_detoxify_20_calibration_upb_unified_aht_v2,0.8,Static,Static,False,,50,0.7947400009632111,0.0005971762792314947,0.0006129003435138861,-0.005259999036788976,156.07353912353517,0.5069200021028518,12.96274552649329,,4.807440571607439,1.0,,0.0005971762792314947,0.0006129003435138861,4.807440571607439,1.0,1.0,1.0
toxicity,llama_31_8B_instruct,20.0,dataset_toxicity_attack_toxic_attack_qwen25_14b_instruct_lm_target_llama_31_8B_instruct_judge_detoxify_20_calibration_upb_unified_aht_v2,0.9,Endpoint/block,Endpoint/block,False,,50,0.8951933300495147,0.0002965037704778624,0.0003136777710812029,-0.004806669950485287,176.68099426269532,0.6748133325576782,16.342270133667956,,2.2683060526343626,1.0,,0.0003062550121330685,0.0003047955205009458,2.8851666308792647,0.9681597320243394,1.0291416703423288,0.7861958572365327
toxicity,llama_31_8B_instruct,20.0,dataset_toxicity_attack_toxic_attack_qwen25_14b_instruct_lm_target_llama_31_8B_instruct_judge_detoxify_20_calibration_upb_unified_aht_v2,0.9,Endpoint/block,Endpoint/block + CRC,True,50.0,50,0.8967333352565765,0.0003376914350962409,0.0003416087049402422,-0.0032666647434235196,176.98779968261718,0.6779999995231628,12.357249390583334,,3.418845679248999,1.0,1.0,0.0003062550121330685,0.0003047955205009458,2.8851666308792647,1.10264786441932,1.1207799392156166,1.1849733885931897
toxicity,llama_31_8B_instruct,20.0,dataset_toxicity_attack_toxic_attack_qwen25_14b_instruct_lm_target_llama_31_8B_instruct_judge_detoxify_20_calibration_upb_unified_aht_v2,0.9,Endpoint/block,Endpoint/block + CRC,True,100.0,50,0.8966933345794678,0.0003057634658281983,0.00031058223271497815,-0.003306665420532262,177.034599609375,0.6780666673183441,16.235082774,,2.601251293317866,0.98,1.0,0.0003062550121330685,0.0003047955205009458,2.8851666308792647,0.9983949771092836,1.0189855553143354,0.901594821414223
toxicity,llama_31_8B_instruct,20.0,dataset_toxicity_attack_toxic_attack_qwen25_14b_instruct_lm_target_llama_31_8B_instruct_judge_detoxify_20_calibration_upb_unified_aht_v2,0.9,Endpoint/block,Endpoint/block + CRC,True,200.0,50,0.8967466711997986,0.0003257258426596856,0.000329795474088712,-0.0032533288002014604,176.9799984741211,0.6777399969100952,17.941502003,,2.5975683568549135,0.96,1.0,0.0003062550121330685,0.0003047955205009458,2.8851666308792647,1.063577181614115,1.082022050542861,0.9003183140459708
toxicity,llama_31_8B_instruct,20.0,dataset_toxicity_attack_toxic_attack_qwen25_14b_instruct_lm_target_llama_31_8B_instruct_judge_detoxify_20_calibration_upb_unified_aht_v2,0.9,Information-gain,Information-gain,False,50.0,50,0.8968399977684021,0.00028274492662492374,0.000287075642196129,-0.003160002231597958,176.98905975341796,0.6783200013637543,19.903057636054776,,2.269260805564999,0.58,,0.0003062550121330685,0.0003047955205009458,2.8851666308792647,0.9232336302207862,0.9418630619121523,0.7865267750145281
toxicity,llama_31_8B_instruct,20.0,dataset_toxicity_attack_toxic_attack_qwen25_14b_instruct_lm_target_llama_31_8B_instruct_judge_detoxify_20_calibration_upb_unified_aht_v2,0.9,Information-gain,Information-gain,False,100.0,50,0.8990199995040894,0.00035602923855990106,0.00034986905476068817,-0.0009800004959106268,177.41683502197264,0.6822066688537598,19.89670539001327,,2.0546517258733523,0.56,,0.0003062550121330685,0.0003047955205009458,2.8851666308792647,1.1625254263763871,1.147881222747834,0.7121431753309825
toxicity,llama_31_8B_instruct,20.0,dataset_toxicity_attack_toxic_attack_qwen25_14b_instruct_lm_target_llama_31_8B_instruct_judge_detoxify_20_calibration_upb_unified_aht_v2,0.9,Information-gain,Information-gain,False,200.0,50,0.8984133303165436,0.0003938076459945199,0.00038844901375902936,-0.001586669683456443,177.31670684814452,0.6814133310317994,20.003055865307605,,2.3320947479343404,0.62,,0.0003062550121330685,0.0003047955205009458,2.8851666308792647,1.2858814726056127,1.27445775161195,0.8083050465697457
toxicity,llama_31_8B_instruct,20.0,dataset_toxicity_attack_toxic_attack_qwen25_14b_instruct_lm_target_llama_31_8B_instruct_judge_detoxify_20_calibration_upb_unified_aht_v2,0.9,Information-gain,Information-gain + CRC,True,50.0,50,0.8985933327674865,0.00037752060896701094,0.0003719489094906978,-0.001406667232513481,177.36128021240233,0.6818333339691162,13.092866662102802,,3.7086277473512634,1.0,1.0,0.0003062550121330685,0.0003047955205009458,2.8851666308792647,1.2327001812560618,1.2203227556605236,1.285411978517527
toxicity,llama_31_8B_instruct,20.0,dataset_toxicity_attack_toxic_attack_qwen25_14b_instruct_lm_target_llama_31_8B_instruct_judge_detoxify_20_calibration_upb_unified_aht_v2,0.9,Information-gain,Information-gain + CRC,True,100.0,50,0.8974199986457825,0.00042682459932661554,0.0004249445143278475,-0.0025800013542175426,177.10315307617188,0.6799933314323425,16.350034927573173,,3.2430884884788753,1.0,1.0,0.0003062550121330685,0.0003047955205009458,2.8851666308792647,1.3936901680523657,1.394195405593334,1.1240558703850434
toxicity,llama_31_8B_instruct,20.0,dataset_toxicity_attack_toxic_attack_qwen25_14b_instruct_lm_target_llama_31_8B_instruct_judge_detoxify_20_calibration_upb_unified_aht_v2,0.9,Information-gain,Information-gain + CRC,True,200.0,50,0.9003733360767364,0.00042486908271869596,0.00041651108089051504,0.0003733360767363969,177.7364407348633,0.6855400037765503,18.285722509784367,,3.0918662202503153,1.0,1.0,0.0003062550121330685,0.0003047955205009458,2.8851666308792647,1.3873049122020227,1.3665262540799794,1.0716421669233218
toxicity,llama_31_8B_instruct,20.0,dataset_toxicity_attack_toxic_attack_qwen25_14b_instruct_lm_target_llama_31_8B_instruct_judge_detoxify_20_calibration_upb_unified_aht_v2,0.9,Oracle,Oracle,False,,50,0.8987866652011871,5.978117403821544e-05,6.0057731891461476e-05,-0.001213334798812915,177.42111999511718,0.6806733345985413,129.62745333333334,,,,,0.0003062550121330685,0.0003047955205009458,2.8851666308792647,0.19520063891147155,0.19704269863531382,
toxicity,llama_31_8B_instruct,20.0,dataset_toxicity_attack_toxic_attack_qwen25_14b_instruct_lm_target_llama_31_8B_instruct_judge_detoxify_20_calibration_upb_unified_aht_v2,0.9,Residual,Residual,False,50.0,50,0.8951999986171723,0.0007258777843595248,0.0007344002419474832,-0.004800001382827768,176.73926605224608,0.6759266698360443,19.87812266288588,,2.922397905319308,0.6,,0.0003062550121330685,0.0003047955205009458,2.8851666308792647,2.3701743827922375,2.4094850237315226,1.0129043757963807
toxicity,llama_31_8B_instruct,20.0,dataset_toxicity_attack_toxic_attack_qwen25_14b_instruct_lm_target_llama_31_8B_instruct_judge_detoxify_20_calibration_upb_unified_aht_v2,0.9,Residual,Residual,False,100.0,50,0.8980266666412353,0.000340792877797376,0.00033787106478624186,-0.001973333358764706,177.3358541870117,0.6812133312225341,19.896127112879412,,2.131698815726944,0.56,,0.0003062550121330685,0.0003047955205009458,2.8851666308792647,1.112774858519869,1.108517160065,0.7388477299410957
toxicity,llama_31_8B_instruct,20.0,dataset_toxicity_attack_toxic_attack_qwen25_14b_instruct_lm_target_llama_31_8B_instruct_judge_detoxify_20_calibration_upb_unified_aht_v2,0.9,Residual,Residual,False,200.0,50,0.900059996843338,0.00028347704496137964,0.00027781110368336256,5.9996843338017136e-05,177.72858123779298,0.6845866680145264,20.005419499409406,,2.3248969133685313,0.62,,0.0003062550121330685,0.0003047955205009458,2.8851666308792647,0.9256241815830535,0.9114671476364447,0.8058102740014051
toxicity,llama_31_8B_instruct,20.0,dataset_toxicity_attack_toxic_attack_qwen25_14b_instruct_lm_target_llama_31_8B_instruct_judge_detoxify_20_calibration_upb_unified_aht_v2,0.9,Residual,Residual + CRC,True,50.0,50,0.9002533328533172,0.00036923170453031297,0.00036191124797427655,0.0002533328533171897,177.76570037841796,0.6850666654109955,13.095059806519071,,4.542983796102769,1.0,1.0,0.0003062550121330685,0.0003047955205009458,2.8851666308792647,1.2056348138063484,1.18739031131251,1.5746001452672695
toxicity,llama_31_8B_instruct,20.0,dataset_toxicity_attack_toxic_attack_qwen25_14b_instruct_lm_target_llama_31_8B_instruct_judge_detoxify_20_calibration_upb_unified_aht_v2,0.9,Residual,Residual + CRC,True,100.0,50,0.8988999998569489,0.00040854548982292507,0.00040158458034117916,-0.0011000001430511164,177.52713989257813,0.6829266667366027,16.323503414830217,,3.72772641954641,1.0,1.0,0.0003062550121330685,0.0003047955205009458,2.8851666308792647,1.3340042567055561,1.3175540758642252,1.2920315865466572
toxicity,llama_31_8B_instruct,20.0,dataset_toxicity_attack_toxic_attack_qwen25_14b_instruct_lm_target_llama_31_8B_instruct_judge_detoxify_20_calibration_upb_unified_aht_v2,0.9,Residual,Residual + CRC,True,200.0,50,0.9016733348369599,0.0003899749648926874,0.0003849755150714172,0.001673334836959861,178.06123321533204,0.688386664390564,18.299556612415884,,3.0428505952656555,1.0,1.0,0.0003062550121330685,0.0003047955205009458,2.8851666308792647,1.2733668003553928,1.2630615910584637,1.054653330140012
toxicity,llama_31_8B_instruct,20.0,dataset_toxicity_attack_toxic_attack_qwen25_14b_instruct_lm_target_llama_31_8B_instruct_judge_detoxify_20_calibration_upb_unified_aht_v2,0.9,Soft-prefix,Soft-prefix,False,50.0,50,0.898913334608078,0.00025623031292587643,0.00025228654834135995,-0.001086665391922037,177.4884469604492,0.682226665019989,19.94957722200705,,1.8172420391982964,0.56,,0.0003062550121330685,0.0003047955205009458,2.8851666308792647,0.8366567167055662,0.827723937434235,0.6298568754222994
toxicity,llama_31_8B_instruct,20.0,dataset_toxicity_attack_toxic_attack_qwen25_14b_instruct_lm_target_llama_31_8B_instruct_judge_detoxify_20_calibration_upb_unified_aht_v2,0.9,Soft-prefix,Soft-prefix,False,100.0,50,0.8980799984931945,0.0002496578195619834,0.000248351068956879,-0.001920001506805491,177.31726013183595,0.6807200038433074,19.889825858827052,,2.0592257157099496,0.58,,0.0003062550121330685,0.0003047955205009458,2.8851666308792647,0.8151958651161815,0.814812069904119,0.7137285221832728
toxicity,llama_31_8B_instruct,20.0,dataset_toxicity_attack_toxic_attack_qwen25_14b_instruct_lm_target_llama_31_8B_instruct_judge_detoxify_20_calibration_upb_unified_aht_v2,0.9,Soft-prefix,Soft-prefix,False,200.0,50,0.8977066671848297,0.0003306832792166375,0.0003293289890334418,-0.0022933328151703014,177.19468017578126,0.6800200009346008,20.00262094351088,,2.804927805874876,0.6,,0.0003062550121330685,0.0003047955205009458,2.8851666308792647,1.0797644646317002,1.0804915652702969,0.9721891886085152
toxicity,llama_31_8B_instruct,20.0,dataset_toxicity_attack_toxic_attack_qwen25_14b_instruct_lm_target_llama_31_8B_instruct_judge_detoxify_20_calibration_upb_unified_aht_v2,0.9,Soft-prefix,Soft-prefix + CRC,True,50.0,50,0.8978266668319702,0.0003058289030699322,0.00030443570206779207,-0.002173333168029812,177.22345336914063,0.67992666721344,13.248996219767058,,3.146347671847776,1.0,1.0,0.0003062550121330685,0.0003047955205009458,2.8851666308792647,0.9986086462384128,0.9988194759799542,1.0905254615706252
toxicity,llama_31_8B_instruct,20.0,dataset_toxicity_attack_toxic_attack_qwen25_14b_instruct_lm_target_llama_31_8B_instruct_judge_detoxify_20_calibration_upb_unified_aht_v2,0.9,Soft-prefix,Soft-prefix + CRC,True,100.0,50,0.8991800034046173,0.00029340224750609804,0.00028820659697241535,-0.0008199965953826771,177.555986328125,0.6829400002956391,16.338917440039676,,2.715704229841488,1.0,1.0,0.0003062550121330685,0.0003047955205009458,2.8851666308792647,0.958032475819903,0.945573597993613,0.9412642586310059
toxicity,llama_31_8B_instruct,20.0,dataset_toxicity_attack_toxic_attack_qwen25_14b_instruct_lm_target_llama_31_8B_instruct_judge_detoxify_20_calibration_upb_unified_aht_v2,0.9,Soft-prefix,Soft-prefix + CRC,True,200.0,50,0.8981600022315979,0.0003604501823949481,0.000356626770534774,-0.0018399977684021573,177.30437927246095,0.6808933317661285,18.314377236207502,,3.2660181198868723,1.0,1.0,0.0003062550121330685,0.0003047955205009458,2.8851666308792647,1.1769609250944493,1.170052532099688,1.1320032905314525
toxicity,llama_31_8B_instruct,20.0,dataset_toxicity_attack_toxic_attack_qwen25_14b_instruct_lm_target_llama_31_8B_instruct_judge_detoxify_20_calibration_upb_unified_aht_v2,0.9,Static,Static,False,,50,0.8978399980068207,0.0003062550121330685,0.0003047955205009458,-0.002160001993179339,177.20523376464843,0.6798266649246216,12.96274552649329,,2.8851666308792647,1.0,,0.0003062550121330685,0.0003047955205009458,2.8851666308792647,1.0,1.0,1.0
toxicity,mini_phi_4_instruct,20.0,dataset_toxicity_attack_toxic_attack_qwen25_14b_instruct_lm_target_mini_phi_4_instruct_judge_detoxify_20_calibration_upb_unified_aht_v2,0.7,Endpoint/block,Endpoint/block,False,,50,0.6982333338260651,0.0004482503497338759,0.00044240645210932405,-0.0017666661739348388,136.50654724121094,0.5444666647911072,18.234351333922845,,2.75195893651046,1.0,,0.0004929767472044406,0.0004945866998802305,3.4067261491988297,0.9092728050071368,0.8944972685607145,0.8078016300657588
toxicity,mini_phi_4_instruct,20.0,dataset_toxicity_attack_toxic_attack_qwen25_14b_instruct_lm_target_mini_phi_4_instruct_judge_detoxify_20_calibration_upb_unified_aht_v2,0.7,Endpoint/block,Endpoint/block + CRC,True,50.0,50,0.697506662607193,0.0004068718782923047,0.0004049511720808281,-0.0024933373928069935,136.43255950927735,0.5440133321285248,12.537914862916669,,4.679403732451735,1.0,1.0,0.0004929767472044406,0.0004945866998802305,3.4067261491988297,0.8253368553376664,0.81876680504933,1.3735778948807507
toxicity,mini_phi_4_instruct,20.0,dataset_toxicity_attack_toxic_attack_qwen25_14b_instruct_lm_target_mini_phi_4_instruct_judge_detoxify_20_calibration_upb_unified_aht_v2,0.7,Endpoint/block,Endpoint/block + CRC,True,100.0,50,0.696946667432785,0.00037600604303281,0.0003778087619381691,-0.0030533325672149614,136.35127990722657,0.5432066679000854,16.267113935750004,,3.6854091717259108,1.0,1.0,0.0004929767472044406,0.0004945866998802305,3.4067261491988297,0.7627257171155741,0.7638878320619208,1.0818037641777047
toxicity,mini_phi_4_instruct,20.0,dataset_toxicity_attack_toxic_attack_qwen25_14b_instruct_lm_target_mini_phi_4_instruct_judge_detoxify_20_calibration_upb_unified_aht_v2,0.7,Endpoint/block,Endpoint/block + CRC,True,200.0,50,0.6971799981594086,0.00036050438305412275,0.000361246705773979,-0.0028200018405913907,136.37658660888673,0.5435599982738495,17.93829096125,,3.804761834117053,1.0,1.0,0.0004929767472044406,0.0004945866998802305,3.4067261491988297,0.7312807046142874,0.7304011730632036,1.1168381805540286
toxicity,mini_phi_4_instruct,20.0,dataset_toxicity_attack_toxic_attack_qwen25_14b_instruct_lm_target_mini_phi_4_instruct_judge_detoxify_20_calibration_upb_unified_aht_v2,0.7,Information-gain,Information-gain,False,50.0,50,0.6974266672134399,0.0002686033685732728,0.00026985334283219207,-0.002573332786560023,136.45446716308595,0.5437399959564209,19.574860084570354,,2.226337875907942,0.62,,0.0004929767472044406,0.0004945866998802305,3.4067261491988297,0.5448601178381366,0.5456138284703975,0.6535124275931357
toxicity,mini_phi_4_instruct,20.0,dataset_toxicity_attack_toxic_attack_qwen25_14b_instruct_lm_target_mini_phi_4_instruct_judge_detoxify_20_calibration_upb_unified_aht_v2,0.7,Information-gain,Information-gain,False,100.0,50,0.7051999986171722,0.0003237505384608011,0.0003443155133101788,0.005199998617172241,137.72972625732422,0.5512200009822845,19.833244861953254,,2.0998294916491744,0.6,,0.0004929767472044406,0.0004945866998802305,3.4067261491988297,0.656725779251693,0.6961681609989887,0.6163775424517165
toxicity,mini_phi_4_instruct,20.0,dataset_toxicity_attack_toxic_attack_qwen25_14b_instruct_lm_target_mini_phi_4_instruct_judge_detoxify_20_calibration_upb_unified_aht_v2,0.7,Information-gain,Information-gain,False,200.0,50,0.7001266634464264,0.000388448418572596,0.0003806954938298048,0.0001266634464264227,136.86903961181642,0.5463799995183944,20.01490296101349,,2.621500306169617,0.52,,0.0004929767472044406,0.0004945866998802305,3.4067261491988297,0.7879649918082323,0.7697244869746687,0.7695072017415087
toxicity,mini_phi_4_instruct,20.0,dataset_toxicity_attack_toxic_attack_qwen25_14b_instruct_lm_target_mini_phi_4_instruct_judge_detoxify_20_calibration_upb_unified_aht_v2,0.7,Information-gain,Information-gain + CRC,True,50.0,50,0.697313334941864,0.00040050076988074355,0.00039970892361773717,-0.002686665058135973,136.3678126525879,0.543480001091957,12.775606617037372,,3.5870913877098514,1.0,1.0,0.0004929767472044406,0.0004945866998802305,3.4067261491988297,0.8124131049829281,0.8081675542721448,1.0529438618227176
toxicity,mini_phi_4_instruct,20.0,dataset_toxicity_attack_toxic_attack_qwen25_14b_instruct_lm_target_mini_phi_4_instruct_judge_detoxify_20_calibration_upb_unified_aht_v2,0.7,Information-gain,Information-gain + CRC,True,100.0,50,0.6981400001049042,0.0003354741936528891,0.0003322243093895876,-0.0018599998950957763,136.56722595214845,0.5443599998950959,16.383941432064795,,3.1660104456684737,1.0,1.0,0.0004929767472044406,0.0004945866998802305,3.4067261491988297,0.6805071345764019,0.6717210743233478,0.9293410468032584
toxicity,mini_phi_4_instruct,20.0,dataset_toxicity_attack_toxic_attack_qwen25_14b_instruct_lm_target_mini_phi_4_instruct_judge_detoxify_20_calibration_upb_unified_aht_v2,0.7,Information-gain,Information-gain + CRC,True,200.0,50,0.7020999968051911,0.0005249805708507627,0.0005188909460155602,0.002099996805191129,137.20691329956054,0.5484133350849152,18.253236887361865,,3.5034765847981975,1.0,1.0,0.0004929767472044406,0.0004945866998802305,3.4067261491988297,1.0649195399738598,1.0491405170038242,1.028399827682692
toxicity,mini_phi_4_instruct,20.0,dataset_toxicity_attack_toxic_attack_qwen25_14b_instruct_lm_target_mini_phi_4_instruct_judge_detoxify_20_calibration_upb_unified_aht_v2,0.7,Oracle,Oracle,False,,50,0.7006266689300538,0.00010951756833495154,0.00010771993091614723,0.0006266689300538086,136.86966064453125,0.5464133310317993,150.19782,,,,,0.0004929767472044406,0.0004945866998802305,3.4067261491988297,0.22215564721054462,0.21779787232902295,
toxicity,mini_phi_4_instruct,20.0,dataset_toxicity_attack_toxic_attack_qwen25_14b_instruct_lm_target_mini_phi_4_instruct_judge_detoxify_20_calibration_upb_unified_aht_v2,0.7,Residual,Residual,False,50.0,50,0.698880000114441,0.00047767234221092464,0.0004693732951103584,-0.0011199998855589977,136.61501358032226,0.544833333492279,19.487319436751847,,2.4806059976510086,0.66,,0.0004929767472044406,0.0004945866998802305,3.4067261491988297,0.9689551179030172,0.9490212640655769,0.7281495162839492
toxicity,mini_phi_4_instruct,20.0,dataset_toxicity_attack_toxic_attack_qwen25_14b_instruct_lm_target_mini_phi_4_instruct_judge_detoxify_20_calibration_upb_unified_aht_v2,0.7,Residual,Residual,False,100.0,50,0.6979733324050903,0.00032874291318014275,0.00032627543645679665,-0.002026667594909659,136.49954010009765,0.5442599976062774,19.805176913228713,,2.2175786998762566,0.6,,0.0004929767472044406,0.0004945866998802305,3.4067261491988297,0.6668527776297144,0.6596931064579937,0.6509412857848206
toxicity,mini_phi_4_instruct,20.0,dataset_toxicity_attack_toxic_attack_qwen25_14b_instruct_lm_target_mini_phi_4_instruct_judge_detoxify_20_calibration_upb_unified_aht_v2,0.7,Residual,Residual,False,200.0,50,0.7004133379459381,0.0003122927150596658,0.0003062177090160248,0.00041333794593811923,136.89827301025392,0.5465266668796539,20.01048677940666,,2.711187953788348,0.52,,0.0004929767472044406,0.0004945866998802305,3.4067261491988297,0.6334836619183501,0.6191385839736061,0.7958338401887532
toxicity,mini_phi_4_instruct,20.0,dataset_toxicity_attack_toxic_attack_qwen25_14b_instruct_lm_target_mini_phi_4_instruct_judge_detoxify_20_calibration_upb_unified_aht_v2,0.7,Residual,Residual + CRC,True,50.0,50,0.6976133346557617,0.00038133955981549535,0.00037940894008457336,-0.002386665344238259,136.42595306396484,0.5437933325767517,12.741403674346708,,4.360701473438746,1.0,1.0,0.0004929767472044406,0.0004945866998802305,3.4067261491988297,0.7735447198635343,0.7671232165694131,1.2800270061226569
toxicity,mini_phi_4_instruct,20.0,dataset_toxicity_attack_toxic_attack_qwen25_14b_instruct_lm_target_mini_phi_4_instruct_judge_detoxify_20_calibration_upb_unified_aht_v2,0.7,Residual,Residual + CRC,True,100.0,50,0.7011266660690307,0.0004815142814996016,0.00047315337230071475,0.0011266660690307795,137.03988723754884,0.5471866685152054,16.379340898645058,,3.2322690205319407,1.0,1.0,0.0004929767472044406,0.0004945866998802305,3.4067261491988297,0.9767484657849685,0.9566641650802458,0.9487903867154345
toxicity,mini_phi_4_instruct,20.0,dataset_toxicity_attack_toxic_attack_qwen25_14b_instruct_lm_target_mini_phi_4_instruct_judge_detoxify_20_calibration_upb_unified_aht_v2,0.7,Residual,Residual + CRC,True,200.0,50,0.7005199992656708,0.0005099055340886204,0.0004999778226431461,0.0005199992656708119,136.89760665893556,0.5466933333873749,18.256552875820084,,3.5077593842277275,1.0,1.0,0.0004929767472044406,0.0004945866998802305,3.4067261491988297,1.0343399297840703,1.0109002582645694,1.0296569875605228
toxicity,mini_phi_4_instruct,20.0,dataset_toxicity_attack_toxic_attack_qwen25_14b_instruct_lm_target_mini_phi_4_instruct_judge_detoxify_20_calibration_upb_unified_aht_v2,0.7,Soft-prefix,Soft-prefix,False,50.0,50,0.6966600036621093,0.0007024013756573454,0.0006995089236813213,-0.003339996337890616,136.26053268432617,0.5430066698789596,19.44048880687162,,2.428155003844162,0.6,,0.0004929767472044406,0.0004945866998802305,3.4067261491988297,1.4248164434539852,1.414330235428318,0.7127532115885508
toxicity,mini_phi_4_instruct,20.0,dataset_toxicity_attack_toxic_attack_qwen25_14b_instruct_lm_target_mini_phi_4_instruct_judge_detoxify_20_calibration_upb_unified_aht_v2,0.7,Soft-prefix,Soft-prefix,False,100.0,50,0.6984466636180877,0.00041215252159819546,0.0004063223250816036,-0.0015533363819122403,136.55285369873047,0.544646664261818,19.8272558960038,,2.399368312459992,0.58,,0.0004929767472044406,0.0004945866998802305,3.4067261491988297,0.8360486045952857,0.8215391258600342,0.704303254027113
toxicity,mini_phi_4_instruct,20.0,dataset_toxicity_attack_toxic_attack_qwen25_14b_instruct_lm_target_mini_phi_4_instruct_judge_detoxify_20_calibration_upb_unified_aht_v2,0.7,Soft-prefix,Soft-prefix,False,200.0,50,0.6980933344364166,0.00035337425648445216,0.00034994214492611755,-0.0019066655635833207,136.5516928100586,0.5445200002193451,20.031975088670855,,3.4013607786060955,0.5,,0.0004929767472044406,0.0004945866998802305,3.4067261491988297,0.7168172910555264,0.7075445923047664,0.9984250654858196
toxicity,mini_phi_4_instruct,20.0,dataset_toxicity_attack_toxic_attack_qwen25_14b_instruct_lm_target_mini_phi_4_instruct_judge_detoxify_20_calibration_upb_unified_aht_v2,0.7,Soft-prefix,Soft-prefix + CRC,True,50.0,50,0.6978399991989136,0.0005935657916354001,0.0005863600792633859,-0.002160000801086359,136.46406600952147,0.5439000010490418,12.77052891633888,,4.400965101527539,1.0,1.0,0.0004929767472044406,0.0004945866998802305,3.4067261491988297,1.2040441968132924,1.185555696110266,1.2918458686685241
toxicity,mini_phi_4_instruct,20.0,dataset_toxicity_attack_toxic_attack_qwen25_14b_instruct_lm_target_mini_phi_4_instruct_judge_detoxify_20_calibration_upb_unified_aht_v2,0.7,Soft-prefix,Soft-prefix + CRC,True,100.0,50,0.6946533346176147,0.0008227300169078121,0.0008348622472808524,-0.005346665382385263,135.91490646362305,0.5411066669225693,16.35779136444905,,3.4102592133836027,1.0,1.0,0.0004929767472044406,0.0004945866998802305,3.4067261491988297,1.6689022790087515,1.687999793530686,1.0010370848815082
toxicity,mini_phi_4_instruct,20.0,dataset_toxicity_attack_toxic_attack_qwen25_14b_instruct_lm_target_mini_phi_4_instruct_judge_detoxify_20_calibration_upb_unified_aht_v2,0.7,Soft-prefix,Soft-prefix + CRC,True,200.0,50,0.6998466658592224,0.0003367266128224555,0.00033001559192473445,-0.00015333414077756125,136.84429962158202,0.5461199975013733,18.293739690546907,,4.163740582843446,1.0,1.0,0.0004929767472044406,0.0004945866998802305,3.4067261491988297,0.6830476583975935,0.6672552901334615,1.2222117072200376
toxicity,mini_phi_4_instruct,20.0,dataset_toxicity_attack_toxic_attack_qwen25_14b_instruct_lm_target_mini_phi_4_instruct_judge_detoxify_20_calibration_upb_unified_aht_v2,0.7,Static,Static,False,,50,0.7033866631984711,0.0004929767472044406,0.0004945866998802305,0.0033866631984711404,137.34063247680663,0.5494066655635834,15.020602147199709,,3.4067261491988297,1.0,,0.0004929767472044406,0.0004945866998802305,3.4067261491988297,1.0,1.0,1.0
toxicity,mini_phi_4_instruct,20.0,dataset_toxicity_attack_toxic_attack_qwen25_14b_instruct_lm_target_mini_phi_4_instruct_judge_detoxify_20_calibration_upb_unified_aht_v2,0.8,Endpoint/block,Endpoint/block,False,,50,0.7997400009632111,0.0003052892219810669,0.00029925103704057677,-0.0002599990367889715,154.829453125,0.6431800043582916,18.234351333922845,,2.410262206034225,1.0,,0.0003323102498861877,0.0003274955550875232,2.9844074125099223,0.9186873473978755,0.9137560262782861,0.807618355299274
toxicity,mini_phi_4_instruct,20.0,dataset_toxicity_attack_toxic_attack_qwen25_14b_instruct_lm_target_mini_phi_4_instruct_judge_detoxify_20_calibration_upb_unified_aht_v2,0.8,Endpoint/block,Endpoint/block + CRC,True,50.0,50,0.799133335351944,0.0004500907627852398,0.0004418400551417251,-0.0008666646480560702,154.746953125,0.6427400028705597,12.537914862916669,,4.07372870907304,1.0,1.0,0.0003323102498861877,0.0003274955550875232,2.9844074125099223,1.3544293711656217,1.3491482503438659,1.3650042189269949
toxicity,mini_phi_4_instruct,20.0,dataset_toxicity_attack_toxic_attack_qwen25_14b_instruct_lm_target_mini_phi_4_instruct_judge_detoxify_20_calibration_upb_unified_aht_v2,0.8,Endpoint/block,Endpoint/block + CRC,True,100.0,50,0.7988533341884613,0.0003585177839042056,0.00035266227070947313,-0.0011466658115387718,154.64294677734375,0.6424133348464965,16.267113935750004,,3.2210119860782265,1.0,1.0,0.0003323102498861877,0.0003274955550875232,2.9844074125099223,1.0788646574308005,1.0768459761697349,1.079280252614477
toxicity,mini_phi_4_instruct,20.0,dataset_toxicity_attack_toxic_attack_qwen25_14b_instruct_lm_target_mini_phi_4_instruct_judge_detoxify_20_calibration_upb_unified_aht_v2,0.8,Endpoint/block,Endpoint/block + CRC,True,200.0,50,0.798673335313797,0.00034713157313029835,0.00034194898085731053,-0.0013266646862030163,154.60900054931642,0.6422333312034607,17.93829096125,,3.328205704205951,1.0,1.0,0.0003323102498861877,0.0003274955550875232,2.9844074125099223,1.0446008609400004,1.0441331967572036,1.115198176446992
toxicity,mini_phi_4_instruct,20.0,dataset_toxicity_attack_toxic_attack_qwen25_14b_instruct_lm_target_mini_phi_4_instruct_judge_detoxify_20_calibration_upb_unified_aht_v2,0.8,Information-gain,Information-gain,False,50.0,50,0.7965600037574768,0.0002734531960547372,0.00027981770628221654,-0.0034399962425232244,154.12946563720703,0.6398200035095215,19.916890913893045,,1.9496328327697958,0.52,,0.0003323102498861877,0.0003274955550875232,2.9844074125099223,0.822885228934081,0.8544168063821056,0.6532730164780456
toxicity,mini_phi_4_instruct,20.0,dataset_toxicity_attack_toxic_attack_qwen25_14b_instruct_lm_target_mini_phi_4_instruct_judge_detoxify_20_calibration_upb_unified_aht_v2,0.8,Information-gain,Information-gain,False,100.0,50,0.8014799976348876,0.0002445630705520213,0.000241862202140254,0.0014799976348875976,155.12071990966797,0.6450266671180725,19.933103522379508,,1.9442051879234912,0.56,,0.0003323102498861877,0.0003274955550875232,2.9844074125099223,0.7359480203688609,0.7385205642733572,0.6514543489517711
toxicity,mini_phi_4_instruct,20.0,dataset_toxicity_attack_toxic_attack_qwen25_14b_instruct_lm_target_mini_phi_4_instruct_judge_detoxify_20_calibration_upb_unified_aht_v2,0.8,Information-gain,Information-gain,False,200.0,50,0.8009599912166595,0.0002579937357022911,0.0002537554441243087,0.0009599912166594615,155.05765350341798,0.6446466672420502,20.020019385078662,,2.536565606036827,0.52,,0.0003323102498861877,0.0003274955550875232,2.9844074125099223,0.7763640627716145,0.77483629985907,0.8499394537770381
toxicity,mini_phi_4_instruct,20.0,dataset_toxicity_attack_toxic_attack_qwen25_14b_instruct_lm_target_mini_phi_4_instruct_judge_detoxify_20_calibration_upb_unified_aht_v2,0.8,Information-gain,Information-gain + CRC,True,50.0,50,0.8003333342075348,0.00046943297349429986,0.0004601554257183267,0.0003333342075347856,155.00411437988282,0.644086663722992,12.838471894165998,,3.6273027954665427,1.0,1.0,0.0003323102498861877,0.0003274955550875232,2.9844074125099223,1.4126346498643212,1.4050738050333236,1.2154181028574573
toxicity,mini_phi_4_instruct,20.0,dataset_toxicity_attack_toxic_attack_qwen25_14b_instruct_lm_target_mini_phi_4_instruct_judge_detoxify_20_calibration_upb_unified_aht_v2,0.8,Information-gain,Information-gain + CRC,True,100.0,50,0.7963066697120667,0.0002863981720378438,0.0002943108972128531,-0.003693330287933394,154.12654693603517,0.6395866703987122,16.3728718242736,,2.8772805994958235,1.0,1.0,0.0003323102498861877,0.0003274955550875232,2.9844074125099223,0.8618397179621506,0.8986714251257502,0.9641044943913996
toxicity,mini_phi_4_instruct,20.0,dataset_toxicity_attack_toxic_attack_qwen25_14b_instruct_lm_target_mini_phi_4_instruct_judge_detoxify_20_calibration_upb_unified_aht_v2,0.8,Information-gain,Information-gain + CRC,True,200.0,50,0.8022733330726624,0.00030210288428233356,0.00030122886985594716,0.002273333072662309,155.37206024169922,0.6461266660690308,18.284211023053267,,3.304640890851244,1.0,1.0,0.0003323102498861877,0.0003274955550875232,2.9844074125099223,0.9090989049714844,0.9197952924137969,1.107302199089501
toxicity,mini_phi_4_instruct,20.0,dataset_toxicity_attack_toxic_attack_qwen25_14b_instruct_lm_target_mini_phi_4_instruct_judge_detoxify_20_calibration_upb_unified_aht_v2,0.8,Oracle,Oracle,False,,50,0.8000466656684876,8.931522580362112e-05,8.753109897216404e-05,4.666566848754439e-05,154.95830688476562,0.6437999975681304,150.19782,,,,,0.0003323102498861877,0.0003274955550875232,2.9844074125099223,0.26877060167181277,0.2672741587249065,
toxicity,mini_phi_4_instruct,20.0,dataset_toxicity_attack_toxic_attack_qwen25_14b_instruct_lm_target_mini_phi_4_instruct_judge_detoxify_20_calibration_upb_unified_aht_v2,0.8,Residual,Residual,False,50.0,50,0.8025400018692017,0.00016097001356624155,0.00016420222279046447,0.002540001869201669,155.46104034423828,0.646433333158493,19.90437205632368,,1.9881949718356646,0.54,,0.0003323102498861877,0.0003274955550875232,2.9844074125099223,0.4843967756678341,0.501387637907273,0.6661942211715555
toxicity,mini_phi_4_instruct,20.0,dataset_toxicity_attack_toxic_attack_qwen25_14b_instruct_lm_target_mini_phi_4_instruct_judge_detoxify_20_calibration_upb_unified_aht_v2,0.8,Residual,Residual,False,100.0,50,0.8000866663455963,0.00021702872301500312,0.0002126956596101621,8.666634559628683e-05,154.89959350585937,0.6437066626548767,19.924075184532683,,2.08522551622148,0.56,,0.0003323102498861877,0.0003274955550875232,2.9844074125099223,0.6530906678001442,0.6494612104073265,0.6987067206309411
toxicity,mini_phi_4_instruct,20.0,dataset_toxicity_attack_toxic_attack_qwen25_14b_instruct_lm_target_mini_phi_4_instruct_judge_detoxify_20_calibration_upb_unified_aht_v2,0.8,Residual,Residual,False,200.0,50,0.8031333315372468,0.00040705237559481207,0.00040872909460522034,0.0031333315372467085,155.58394653320312,0.647260000705719,20.01709609944006,,2.6658371521439443,0.54,,0.0003323102498861877,0.0003274955550875232,2.9844074125099223,1.2249167027927146,1.2480447085640214,0.8932551034987356
toxicity,mini_phi_4_instruct,20.0,dataset_toxicity_attack_toxic_attack_qwen25_14b_instruct_lm_target_mini_phi_4_instruct_judge_detoxify_20_calibration_upb_unified_aht_v2,0.8,Residual,Residual + CRC,True,50.0,50,0.8022866642475128,0.0003032427005078622,0.00030240667987855815,0.002286664247512782,155.41016021728515,0.6460266661643982,12.835106220637204,,4.169265901779069,1.0,1.0,0.0003323102498861877,0.0003274955550875232,2.9844074125099223,0.9125288811034844,0.9233917077065059,1.3970163337292703
toxicity,mini_phi_4_instruct,20.0,dataset_toxicity_attack_toxic_attack_qwen25_14b_instruct_lm_target_mini_phi_4_instruct_judge_detoxify_20_calibration_upb_unified_aht_v2,0.8,Residual,Residual + CRC,True,100.0,50,0.8039266669750214,0.00018721222535511114,0.000198886694380732,0.003926666975021309,155.71526031494142,0.6478400027751923,16.37616206107845,,2.8381133756973043,1.0,1.0,0.0003323102498861877,0.0003274955550875232,2.9844074125099223,0.5633657866985117,0.6072958588020516,0.9509805409947085
toxicity,mini_phi_4_instruct,20.0,dataset_toxicity_attack_toxic_attack_qwen25_14b_instruct_lm_target_mini_phi_4_instruct_judge_detoxify_20_calibration_upb_unified_aht_v2,0.8,Residual,Residual + CRC,True,200.0,50,0.8022333300113678,0.0003688673640694728,0.0003664777797277592,0.002233330011367718,155.28551971435547,0.6458733332157135,18.28668365420793,,3.3683063661117543,1.0,1.0,0.0003323102498861877,0.0003274955550875232,2.9844074125099223,1.1100089876728314,1.1190313090808757,1.12863490151935
toxicity,mini_phi_4_instruct,20.0,dataset_toxicity_attack_toxic_attack_qwen25_14b_instruct_lm_target_mini_phi_4_instruct_judge_detoxify_20_calibration_upb_unified_aht_v2,0.8,Soft-prefix,Soft-prefix,False,50.0,50,0.8011866664886474,0.0002618918947228322,0.0002580622341836544,0.0011866664886474032,155.0755810546875,0.6448666656017303,19.956596940831602,,2.043541382447884,0.54,,0.0003323102498861877,0.0003274955550875232,2.9844074125099223,0.7880945436155733,0.7879869823414465,0.6847394138889507
toxicity,mini_phi_4_instruct,20.0,dataset_toxicity_attack_toxic_attack_qwen25_14b_instruct_lm_target_mini_phi_4_instruct_judge_detoxify_20_calibration_upb_unified_aht_v2,0.8,Soft-prefix,Soft-prefix,False,100.0,50,0.8003133320808411,0.00031258238484221175,0.00030642891413825167,0.00031333208084105557,154.93463287353515,0.6437866711616516,19.941017769958805,,2.2602769029417344,0.56,,0.0003323102498861877,0.0003274955550875232,2.9844074125099223,0.9406341963549649,0.9356735057254701,0.757362045633312
toxicity,mini_phi_4_instruct,20.0,dataset_toxicity_attack_toxic_attack_qwen25_14b_instruct_lm_target_mini_phi_4_instruct_judge_detoxify_20_calibration_upb_unified_aht_v2,0.8,Soft-prefix,Soft-prefix,False,200.0,50,0.8016733336448669,0.0004071268993681668,0.00040178440686784695,0.0016733336448668812,155.2464813232422,0.6452999997138977,20.03656951844617,,3.3353334312035003,0.5,,0.0003323102498861877,0.0003274955550875232,2.9844074125099223,1.2251409624217215,1.226839267361873,1.1175864988213673
toxicity,mini_phi_4_instruct,20.0,dataset_toxicity_attack_toxic_attack_qwen25_14b_instruct_lm_target_mini_phi_4_instruct_judge_detoxify_20_calibration_upb_unified_aht_v2,0.8,Soft-prefix,Soft-prefix + CRC,True,50.0,50,0.8005600035190582,0.00045448280457141506,0.0004457067524213441,0.0005600035190581609,155.01089904785155,0.6442399954795838,12.85340324118444,,3.9475127364509253,1.0,1.0,0.0003323102498861877,0.0003274955550875232,2.9844074125099223,1.3676460618565633,1.3609551198404173,1.3227124151695562
toxicity,mini_phi_4_instruct,20.0,dataset_toxicity_attack_toxic_attack_qwen25_14b_instruct_lm_target_mini_phi_4_instruct_judge_detoxify_20_calibration_upb_unified_aht_v2,0.8,Soft-prefix,Soft-prefix + CRC,True,100.0,50,0.7995200002193451,0.0003474609972524777,0.00034074217709685687,-0.0004799997806549383,154.7917401123047,0.6429466652870178,16.365152138601612,,3.142010606725309,1.0,1.0,0.0003323102498861877,0.0003274955550875232,2.9844074125099223,1.045592175900319,1.0404482497656906,1.0528088737331076
toxicity,mini_phi_4_instruct,20.0,dataset_toxicity_attack_toxic_attack_qwen25_14b_instruct_lm_target_mini_phi_4_instruct_judge_detoxify_20_calibration_upb_unified_aht_v2,0.8,Soft-prefix,Soft-prefix + CRC,True,200.0,50,0.8036599981784821,0.0004269321190519519,0.00043178906333740446,0.00365999817848206,155.65306793212892,0.6474600017070771,18.305577838989162,,4.008960691286703,1.0,1.0,0.0003323102498861877,0.0003274955550875232,2.9844074125099223,1.2847395444412897,1.3184577824942045,1.343302082176213
toxicity,mini_phi_4_instruct,20.0,dataset_toxicity_attack_toxic_attack_qwen25_14b_instruct_lm_target_mini_phi_4_instruct_judge_detoxify_20_calibration_upb_unified_aht_v2,0.8,Static,Static,False,,50,0.8013533329963685,0.0003323102498861877,0.0003274955550875232,0.001353332996368417,155.15749969482422,0.6452266693115234,15.020602147199709,,2.9844074125099223,1.0,,0.0003323102498861877,0.0003274955550875232,2.9844074125099223,1.0,1.0,1.0
toxicity,mini_phi_4_instruct,20.0,dataset_toxicity_attack_toxic_attack_qwen25_14b_instruct_lm_target_mini_phi_4_instruct_judge_detoxify_20_calibration_upb_unified_aht_v2,0.9,Endpoint/block,Endpoint/block,False,,50,0.9017866694927216,0.00022269727580756757,0.00022143551816763808,0.0017866694927215487,177.86441284179688,0.7654333353042603,18.234351333922845,,1.521886550369762,1.0,,0.00018397404835100725,0.00018442902333399024,1.886246402367129,1.2104820098467346,1.2006543989913736,0.8068333747170483
toxicity,mini_phi_4_instruct,20.0,dataset_toxicity_attack_toxic_attack_qwen25_14b_instruct_lm_target_mini_phi_4_instruct_judge_detoxify_20_calibration_upb_unified_aht_v2,0.9,Endpoint/block,Endpoint/block + CRC,True,50.0,50,0.9013333344459533,0.00019843535491425148,0.00019624442856073214,0.0013333344459532936,177.77230560302735,0.764873331785202,12.537914862916669,,2.574136772269986,1.0,1.0,0.00018397404835100725,0.00018442902333399024,1.886246402367129,1.0786051440019042,1.0640647822839948,1.3646874390533468
toxicity,mini_phi_4_instruct,20.0,dataset_toxicity_attack_toxic_attack_qwen25_14b_instruct_lm_target_mini_phi_4_instruct_judge_detoxify_20_calibration_upb_unified_aht_v2,0.9,Endpoint/block,Endpoint/block + CRC,True,100.0,50,0.9015666663646698,0.00019350687795452633,0.00019209118389362342,0.0015666663646697332,177.81620666503906,0.7653066658973694,16.267113935750004,,2.0300564187383934,1.0,1.0,0.00018397404835100725,0.00018442902333399024,1.886246402367129,1.0518161647741273,1.0415453078974315,1.076241373444525
toxicity,mini_phi_4_instruct,20.0,dataset_toxicity_attack_toxic_attack_qwen25_14b_instruct_lm_target_mini_phi_4_instruct_judge_detoxify_20_calibration_upb_unified_aht_v2,0.9,Endpoint/block,Endpoint/block + CRC,True,200.0,50,0.902186666727066,0.00016177407602887642,0.00016332010588355645,0.0021866667270660223,177.9387142944336,0.7658666670322418,17.93829096125,,2.089662688261387,1.0,1.0,0.00018397404835100725,0.00018442902333399024,1.886246402367129,0.8793309571588319,0.8855444925704196,1.1078418416803777
toxicity,mini_phi_4_instruct,20.0,dataset_toxicity_attack_toxic_attack_qwen25_14b_instruct_lm_target_mini_phi_4_instruct_judge_detoxify_20_calibration_upb_unified_aht_v2,0.9,Information-gain,Information-gain,False,50.0,50,0.8976000034809113,0.00020054411203710186,0.00020229321308799808,-0.002399996519088732,176.76106689453124,0.7598666667938232,19.883859323425742,,1.3997970848885148,0.58,,0.00018397404835100725,0.00018442902333399024,1.886246402367129,1.0900673971933275,1.0968621393263946,0.7421072258278936
toxicity,mini_phi_4_instruct,20.0,dataset_toxicity_attack_toxic_attack_qwen25_14b_instruct_lm_target_mini_phi_4_instruct_judge_detoxify_20_calibration_upb_unified_aht_v2,0.9,Information-gain,Information-gain,False,100.0,50,0.8985466718673706,0.00024671544788558853,0.00024389330158896896,-0.001453328132629439,177.01697998046876,0.7610133337974548,19.901433601206044,,1.4804242970502661,0.58,,0.00018397404835100725,0.00018442902333399024,1.886246402367129,1.341033967002106,1.3224236466691708,0.78485201890507
toxicity,mini_phi_4_instruct,20.0,dataset_toxicity_attack_toxic_attack_qwen25_14b_instruct_lm_target_mini_phi_4_instruct_judge_detoxify_20_calibration_upb_unified_aht_v2,0.9,Information-gain,Information-gain,False,200.0,50,0.9026666724681854,0.0001821860228668783,0.0001856534444621188,0.002666672468185416,178.06966674804687,0.7666933298110962,20.014723108682894,,1.816412968794646,0.54,,0.00018397404835100725,0.00018442902333399024,1.886246402367129,0.9902810994259498,1.006638982878043,0.9629775656643553
toxicity,mini_phi_4_instruct,20.0,dataset_toxicity_attack_toxic_attack_qwen25_14b_instruct_lm_target_mini_phi_4_instruct_judge_detoxify_20_calibration_upb_unified_aht_v2,0.9,Information-gain,Information-gain + CRC,True,50.0,50,0.9007466709613801,0.00023025654331733462,0.0002262089299755561,0.000746670961380036,177.6387124633789,0.7640933322906495,12.872993001043067,,2.5392391014941267,1.0,1.0,0.00018397404835100725,0.00018442902333399024,1.886246402367129,1.2515707806680658,1.2265365064906562,1.346186319193256
toxicity,mini_phi_4_instruct,20.0,dataset_toxicity_attack_toxic_attack_qwen25_14b_instruct_lm_target_mini_phi_4_instruct_judge_detoxify_20_calibration_upb_unified_aht_v2,0.9,Information-gain,Information-gain + CRC,True,100.0,50,0.8997933292388915,0.00015470691462677653,0.00015165548913773812,-0.00020667076110847393,177.3304537963867,0.7626133322715759,16.360188895807113,,2.067021028236549,1.0,1.0,0.00018397404835100725,0.00018442902333399024,1.886246402367129,0.8409170533205235,0.8222973065529868,1.0958382879577973
toxicity,mini_phi_4_instruct,20.0,dataset_toxicity_attack_toxic_attack_qwen25_14b_instruct_lm_target_mini_phi_4_instruct_judge_detoxify_20_calibration_upb_unified_aht_v2,0.9,Information-gain,Information-gain + CRC,True,200.0,50,0.8960933327674866,0.0002919184774023796,0.0003013421567199261,-0.003906667232513428,176.380634765625,0.7574866676330566,18.285085775257677,,2.5184991898649205,1.0,1.0,0.00018397404835100725,0.00018442902333399024,1.886246402367129,1.586737260058676,1.6339193868321527,1.3351909839055762
toxicity,mini_phi_4_instruct,20.0,dataset_toxicity_attack_toxic_attack_qwen25_14b_instruct_lm_target_mini_phi_4_instruct_judge_detoxify_20_calibration_upb_unified_aht_v2,0.9,Oracle,Oracle,False,,50,0.9003066670894623,5.2756595143356635e-05,5.179550794424879e-05,0.00030666708946225363,177.63005981445312,0.7635600018501282,150.19782,,,,,0.00018397404835100725,0.00018442902333399024,1.886246402367129,0.28676107101095816,0.280842499775375,
toxicity,mini_phi_4_instruct,20.0,dataset_toxicity_attack_toxic_attack_qwen25_14b_instruct_lm_target_mini_phi_4_instruct_judge_detoxify_20_calibration_upb_unified_aht_v2,0.9,Residual,Residual,False,50.0,50,0.9008066654205322,0.0001187804966545165,0.00011705559582210858,0.0008066654205322044,177.58563415527342,0.7642333292961121,19.888462115202675,,1.453672723478464,0.6,,0.00018397404835100725,0.00018442902333399024,1.886246402367129,0.6456372391604557,0.6346918381177332,0.7706695804186504
toxicity,mini_phi_4_instruct,20.0,dataset_toxicity_attack_toxic_attack_qwen25_14b_instruct_lm_target_mini_phi_4_instruct_judge_detoxify_20_calibration_upb_unified_aht_v2,0.9,Residual,Residual,False,100.0,50,0.9022266685962677,0.00012777979704421336,0.00013018225414093384,0.0022266685962676336,177.99620025634766,0.7661800014972687,19.89628618793137,,1.4551094177380828,0.58,,0.00018397404835100725,0.00018442902333399024,1.886246402367129,0.6945533796180866,0.705866418352069,0.771431248808218
toxicity,mini_phi_4_instruct,20.0,dataset_toxicity_attack_toxic_attack_qwen25_14b_instruct_lm_target_mini_phi_4_instruct_judge_detoxify_20_calibration_upb_unified_aht_v2,0.9,Residual,Residual,False,200.0,50,0.902193330526352,0.0002194832597069897,0.00021990429331067706,0.0021933305263519554,178.0257455444336,0.7664400029182434,20.014033149673455,,1.8692502759411023,0.54,,0.00018397404835100725,0.00018442902333399024,1.886246402367129,1.1930120670510755,1.1923518833174276,0.9909894452788895
toxicity,mini_phi_4_instruct,20.0,dataset_toxicity_attack_toxic_attack_qwen25_14b_instruct_lm_target_mini_phi_4_instruct_judge_detoxify_20_calibration_upb_unified_aht_v2,0.9,Residual,Residual + CRC,True,50.0,50,0.9014199984073639,0.00025823061127029716,0.0002550823945218071,0.0014199984073638428,177.78682678222657,0.7649199986457824,12.882960253913584,,2.8115802188421593,1.0,1.0,0.00018397404835100725,0.00018442902333399024,1.886246402367129,1.4036252046680766,1.3830924759595333,1.4905688966795592
toxicity,mini_phi_4_instruct,20.0,dataset_toxicity_attack_toxic_attack_qwen25_14b_instruct_lm_target_mini_phi_4_instruct_judge_detoxify_20_calibration_upb_unified_aht_v2,0.9,Residual,Residual + CRC,True,100.0,50,0.901060004234314,0.00018322302686445412,0.00018068217530392853,0.0010600042343139604,177.67370513916015,0.7644466638565064,16.360934503362373,,2.073107753059256,1.0,1.0,0.00018397404835100725,0.00018442902333399024,1.886246402367129,0.9959177857242113,0.9796840651090128,1.0990651859998921
toxicity,mini_phi_4_instruct,20.0,dataset_toxicity_attack_toxic_attack_qwen25_14b_instruct_lm_target_mini_phi_4_instruct_judge_detoxify_20_calibration_upb_unified_aht_v2,0.9,Residual,Residual + CRC,True,200.0,50,0.9036266708374023,0.00027646538982661667,0.0002840888233929489,0.0036266708374023127,178.36107940673827,0.7681400001049041,18.291222618319267,,2.4813003145184886,1.0,1.0,0.00018397404835100725,0.00018442902333399024,1.886246402367129,1.502741241520889,1.540369396624091,1.3154698725493137
toxicity,mini_phi_4_instruct,20.0,dataset_toxicity_attack_toxic_attack_qwen25_14b_instruct_lm_target_mini_phi_4_instruct_judge_detoxify_20_calibration_upb_unified_aht_v2,0.9,Soft-prefix,Soft-prefix,False,50.0,50,0.9004199969768524,0.00019686538370508098,0.00019310447349154454,0.0004199969768523548,177.57267303466796,0.7638400030136109,20.031475101827265,,1.429582844371972,0.54,,0.00018397404835100725,0.00018442902333399024,1.886246402367129,1.0700714881779312,1.047039506042623,0.7578982483825704
toxicity,mini_phi_4_instruct,20.0,dataset_toxicity_attack_toxic_attack_qwen25_14b_instruct_lm_target_mini_phi_4_instruct_judge_detoxify_20_calibration_upb_unified_aht_v2,0.9,Soft-prefix,Soft-prefix,False,100.0,50,0.9025666642189026,0.00021656798685190627,0.00021882439232746284,0.0025666642189026145,178.0815267944336,0.7666199934482575,19.940189149121505,,1.6332404549540447,0.54,,0.00018397404835100725,0.00018442902333399024,1.886246402367129,1.1771659578785398,1.1864965089100135,0.8658680291739316
toxicity,mini_phi_4_instruct,20.0,dataset_toxicity_attack_toxic_attack_qwen25_14b_instruct_lm_target_mini_phi_4_instruct_judge_detoxify_20_calibration_upb_unified_aht_v2,0.9,Soft-prefix,Soft-prefix,False,200.0,50,0.9026533341407776,0.00015084326577398692,0.00015486658252112292,0.002653334140777619,178.10747314453124,0.7666400003433228,20.045248798199577,,2.367026085657527,0.5,,0.00018397404835100725,0.00018442902333399024,1.886246402367129,0.8199159997076895,0.8397083046992476,1.2548869981604989
toxicity,mini_phi_4_instruct,20.0,dataset_toxicity_attack_toxic_attack_qwen25_14b_instruct_lm_target_mini_phi_4_instruct_judge_detoxify_20_calibration_upb_unified_aht_v2,0.9,Soft-prefix,Soft-prefix + CRC,True,50.0,50,0.9012800037860871,0.00025783378422970126,0.0002543155182375043,0.0012800037860870583,177.6993328857422,0.7649133348464966,12.96595337920062,,2.5211362659904464,1.0,1.0,0.00018397404835100725,0.00018442902333399024,1.886246402367129,1.4014682317463372,1.3789343653192463,1.3365890388586388
toxicity,mini_phi_4_instruct,20.0,dataset_toxicity_attack_toxic_attack_qwen25_14b_instruct_lm_target_mini_phi_4_instruct_judge_detoxify_20_calibration_upb_unified_aht_v2,0.9,Soft-prefix,Soft-prefix + CRC,True,100.0,50,0.9027133321762085,0.0001848889950400172,0.0001885533866376652,0.002713332176208505,178.07351379394532,0.766913331747055,16.347686866775433,,2.190270749641074,1.0,1.0,0.00018397404835100725,0.00018442902333399024,1.886246402367129,1.0049732377865834,1.0223628755882201,1.1611795505043307
toxicity,mini_phi_4_instruct,20.0,dataset_toxicity_attack_toxic_attack_qwen25_14b_instruct_lm_target_mini_phi_4_instruct_judge_detoxify_20_calibration_upb_unified_aht_v2,0.9,Soft-prefix,Soft-prefix + CRC,True,200.0,50,0.9038200032711029,0.00022686263813118565,0.00023691781035979875,0.0038200032711028786,178.4214929199219,0.7680733346939087,18.32552837058248,,2.8035901641827197,1.0,1.0,0.00018397404835100725,0.00018442902333399024,1.886246402367129,1.2331230418887698,1.2846015560726274,1.4863329417961395
toxicity,mini_phi_4_instruct,20.0,dataset_toxicity_attack_toxic_attack_qwen25_14b_instruct_lm_target_mini_phi_4_instruct_judge_detoxify_20_calibration_upb_unified_aht_v2,0.9,Static,Static,False,,50,0.9020333361625671,0.00018397404835100725,0.00018442902333399024,0.0020333361625670676,177.90163360595704,0.7656466674804687,15.020602147199709,,1.886246402367129,1.0,,0.00018397404835100725,0.00018442902333399024,1.886246402367129,1.0,1.0,1.0
toxicity,qwen25_14b_instruct,20.0,dataset_toxicity_attack_toxic_attack_qwen25_14b_instruct_lm_target_qwen25_14b_instruct_judge_detoxify_20_calibration_upb_unified_aht_v2,0.7,Endpoint/block,Endpoint/block,False,,50,0.6976733362674713,0.00044997498347945544,0.0004463888479341305,-0.0023266637325286554,126.1061801147461,0.3966666674613953,16.440002807151014,,3.30846070864224,1.0,,0.00039617680716380583,0.00039536437492610307,4.900984307426595,1.135793351207977,1.129056830215328,0.6750604574735813
toxicity,qwen25_14b_instruct,20.0,dataset_toxicity_attack_toxic_attack_qwen25_14b_instruct_lm_target_qwen25_14b_instruct_judge_detoxify_20_calibration_upb_unified_aht_v2,0.7,Endpoint/block,Endpoint/block + CRC,True,50.0,50,0.6999133324623108,0.00056550028243688,0.0005541977880502315,-8.66675376891557e-05,126.61540710449219,0.39915999829769133,12.870575342740112,,4.64974340802121,0.96,1.0,0.00039617680716380583,0.00039536437492610307,4.900984307426595,1.4273937096046732,1.4017393149137822,0.9487366447950726
toxicity,qwen25_14b_instruct,20.0,dataset_toxicity_attack_toxic_attack_qwen25_14b_instruct_lm_target_qwen25_14b_instruct_judge_detoxify_20_calibration_upb_unified_aht_v2,0.7,Endpoint/block,Endpoint/block + CRC,True,100.0,50,0.6967799985408782,0.0005241842928514641,0.0005240690163911805,-0.003220001459121713,125.9210137939453,0.3955733335018158,16.456049023576217,,3.6787736027930085,0.94,1.0,0.00039617680716380583,0.00039536437492610307,4.900984307426595,1.3231069648020346,1.325534240380493,0.7506193393066904
toxicity,qwen25_14b_instruct,20.0,dataset_toxicity_attack_toxic_attack_qwen25_14b_instruct_lm_target_qwen25_14b_instruct_judge_detoxify_20_calibration_upb_unified_aht_v2,0.7,Endpoint/block,Endpoint/block + CRC,True,200.0,50,0.6975666642189026,0.0005145499654284028,0.0005101800891434035,-0.00243333578109739,126.05101974487305,0.39639333069324495,17.962891199302604,,3.654891789712356,0.9,1.0,0.00039617680716380583,0.00039536437492610307,4.900984307426595,1.2987887128275373,1.290404805032726,0.7457464787581546
toxicity,qwen25_14b_instruct,20.0,dataset_toxicity_attack_toxic_attack_qwen25_14b_instruct_lm_target_qwen25_14b_instruct_judge_detoxify_20_calibration_upb_unified_aht_v2,0.7,Information-gain,Information-gain,False,50.0,50,0.7003333306312561,0.0004307166323999923,0.00042221340906172607,0.000333330631256179,126.69964080810547,0.3995799994468689,19.202421872547035,,3.3554622372819853,0.74,,0.00039617680716380583,0.00039536437492610307,4.900984307426595,1.0871828552596352,1.0679095938794214,0.6846506797006802
toxicity,qwen25_14b_instruct,20.0,dataset_toxicity_attack_toxic_attack_qwen25_14b_instruct_lm_target_qwen25_14b_instruct_judge_detoxify_20_calibration_upb_unified_aht_v2,0.7,Information-gain,Information-gain,False,100.0,50,0.7031333291530609,0.00048568235679360896,0.00048578646123915834,0.003133329153060971,127.31090057373046,0.40271333396434783,19.22262871459062,,3.2046610563916618,0.74,,0.00039617680716380583,0.00039536437492610307,4.900984307426595,1.225923244398291,1.2287057004818807,0.6538811094611243
toxicity,qwen25_14b_instruct,20.0,dataset_toxicity_attack_toxic_attack_qwen25_14b_instruct_lm_target_qwen25_14b_instruct_judge_detoxify_20_calibration_upb_unified_aht_v2,0.7,Information-gain,Information-gain,False,200.0,50,0.6959066700935364,0.0006158686038773221,0.0006203065815229248,-0.004093329906463605,125.7472462463379,0.3947733330726624,19.679393255404634,,3.750994924740015,0.68,,0.00039617680716380583,0.00039536437492610307,4.900984307426595,1.5545296765004244,1.5689491033147975,0.765355424430972
toxicity,qwen25_14b_instruct,20.0,dataset_toxicity_attack_toxic_attack_qwen25_14b_instruct_lm_target_qwen25_14b_instruct_judge_detoxify_20_calibration_upb_unified_aht_v2,0.7,Information-gain,Information-gain + CRC,True,50.0,50,0.6976333320140838,0.0008392666863932931,0.0008280824700209874,-0.0023666679859161155,126.1633399963379,0.3967733335494995,13.025912856793143,,4.865616022131534,1.0,1.0,0.00039617680716380583,0.00039536437492610307,4.900984307426595,2.1184144836784564,2.0944792260955807,0.9927834322502388
toxicity,qwen25_14b_instruct,20.0,dataset_toxicity_attack_toxic_attack_qwen25_14b_instruct_lm_target_qwen25_14b_instruct_judge_detoxify_20_calibration_upb_unified_aht_v2,0.7,Information-gain,Information-gain + CRC,True,100.0,50,0.70253999710083,0.00044900621690954035,0.0004464776778435751,0.0025399971008300826,127.19659439086914,0.40178666651248934,16.28695904210606,,4.259551809011347,0.98,1.0,0.00039617680716380583,0.00039536437492610307,4.900984307426595,1.1333480627599972,1.1292815088031782,0.8691216991975943
toxicity,qwen25_14b_instruct,20.0,dataset_toxicity_attack_toxic_attack_qwen25_14b_instruct_lm_target_qwen25_14b_instruct_judge_detoxify_20_calibration_upb_unified_aht_v2,0.7,Information-gain,Information-gain + CRC,True,200.0,50,0.7040666651725769,0.0007811654671112062,0.0007820799233948325,0.004066665172576922,127.65946731567382,0.40427999913692475,18.33024343947392,,4.253410993345723,0.94,1.0,0.00039617680716380583,0.00039536437492610307,4.900984307426595,1.9717597117900454,1.9781244163463383,0.8678687232073797
toxicity,qwen25_14b_instruct,20.0,dataset_toxicity_attack_toxic_attack_qwen25_14b_instruct_lm_target_qwen25_14b_instruct_judge_detoxify_20_calibration_upb_unified_aht_v2,0.7,Oracle,Oracle,False,,50,0.6990400016307831,0.00014157209621454332,0.00013966225115915156,-0.0009599983692168967,126.25053955078126,0.39772666394710543,124.05292666666668,,,,,0.00039617680716380583,0.00039536437492610307,4.900984307426595,0.3573457447649327,0.3532494580101093,
toxicity,qwen25_14b_instruct,20.0,dataset_toxicity_attack_toxic_attack_qwen25_14b_instruct_lm_target_qwen25_14b_instruct_judge_detoxify_20_calibration_upb_unified_aht_v2,0.7,Residual,Residual,False,50.0,50,0.6994799971580505,0.0005117603760886154,0.0005017955715224786,-0.0005200028419494185,126.44909332275391,0.3983799999952316,19.07193190334576,,5.994294569636718,0.74,,0.00039617680716380583,0.00039536437492610307,4.900984307426595,1.2917474391099821,1.2691977409858146,1.223079731259984
toxicity,qwen25_14b_instruct,20.0,dataset_toxicity_attack_toxic_attack_qwen25_14b_instruct_lm_target_qwen25_14b_instruct_judge_detoxify_20_calibration_upb_unified_aht_v2,0.7,Residual,Residual,False,100.0,50,0.7034666669368744,0.0005259499657584433,0.0005274487460944929,0.003466666936874474,127.50186614990234,0.4028733330965042,19.159165616233064,,4.96433822330424,0.78,,0.00039617680716380583,0.00039536437492610307,4.900984307426595,1.327563744893781,1.334082632490794,1.0129267738690049
toxicity,qwen25_14b_instruct,20.0,dataset_toxicity_attack_toxic_attack_qwen25_14b_instruct_lm_target_qwen25_14b_instruct_judge_detoxify_20_calibration_upb_unified_aht_v2,0.7,Residual,Residual,False,200.0,50,0.701986665725708,0.0006160632836137227,0.0006076888586471513,0.0019866657257080478,127.23068008422851,0.40150666773319243,19.643580085964484,,5.113995635574394,0.68,,0.00039617680716380583,0.00039536437492610307,4.900984307426595,1.5550210725965117,1.5370349408965678,1.0434629688213892
toxicity,qwen25_14b_instruct,20.0,dataset_toxicity_attack_toxic_attack_qwen25_14b_instruct_lm_target_qwen25_14b_instruct_judge_detoxify_20_calibration_upb_unified_aht_v2,0.7,Residual,Residual + CRC,True,50.0,50,0.6933733344078064,0.0006028558195093786,0.0006347113999899529,-0.0066266655921936035,125.07850006103516,0.39192666709423063,13.06446078964067,,7.362748571555317,0.98,1.0,0.00039617680716380583,0.00039536437492610307,4.900984307426595,1.5216837750426866,1.6053833886995654,1.5022999686814633
toxicity,qwen25_14b_instruct,20.0,dataset_toxicity_attack_toxic_attack_qwen25_14b_instruct_lm_target_qwen25_14b_instruct_judge_detoxify_20_calibration_upb_unified_aht_v2,0.7,Residual,Residual + CRC,True,100.0,50,0.7033466649055481,0.0007976461603728041,0.0007928934031553754,0.0033466649055481357,127.395146484375,0.40294666707515714,16.333751985400806,,6.681168338098121,0.98,1.0,0.00039617680716380583,0.00039536437492610307,4.900984307426595,2.0133590506801275,2.0054750843537024,1.363229898119438
toxicity,qwen25_14b_instruct,20.0,dataset_toxicity_attack_toxic_attack_qwen25_14b_instruct_lm_target_qwen25_14b_instruct_judge_detoxify_20_calibration_upb_unified_aht_v2,0.7,Residual,Residual + CRC,True,200.0,50,0.7025066637992858,0.0005375793557516493,0.0005331111320392667,0.00250666379928588,127.18454788208008,0.40179333329200745,18.368897076615646,,6.08184285949095,0.92,1.0,0.00039617680716380583,0.00039536437492610307,4.900984307426595,1.3569177852689855,1.3484045752450753,1.2409431408043827
toxicity,qwen25_14b_instruct,20.0,dataset_toxicity_attack_toxic_attack_qwen25_14b_instruct_lm_target_qwen25_14b_instruct_judge_detoxify_20_calibration_upb_unified_aht_v2,0.7,Soft-prefix,Soft-prefix,False,50.0,50,0.7010933351516724,0.0005131021112132441,0.0005040354507428619,0.0010933351516724255,126.97633316040039,0.40047999799251555,18.990634979406927,,4.503743208084772,0.76,,0.00039617680716380583,0.00039536437492610307,4.900984307426595,1.2951341470150564,1.2748630951816797,0.9189466698067421
toxicity,qwen25_14b_instruct,20.0,dataset_toxicity_attack_toxic_attack_qwen25_14b_instruct_lm_target_qwen25_14b_instruct_judge_detoxify_20_calibration_upb_unified_aht_v2,0.7,Soft-prefix,Soft-prefix,False,100.0,50,0.6969599986076355,0.0006699802361439958,0.0006658222398866938,-0.0030400013923644886,126.03451309204101,0.39598000049591064,19.10476270359189,,4.64163111792338,0.74,,0.00039617680716380583,0.00039536437492610307,4.900984307426595,1.6911142298821682,1.6840724205642998,0.9470814078897968
toxicity,qwen25_14b_instruct,20.0,dataset_toxicity_attack_toxic_attack_qwen25_14b_instruct_lm_target_qwen25_14b_instruct_judge_detoxify_20_calibration_upb_unified_aht_v2,0.7,Soft-prefix,Soft-prefix,False,200.0,50,0.6972533273696899,0.0005202474950976399,0.0005173867557337811,-0.002746672630310032,125.9714128112793,0.39580666661262515,19.57975153238315,,5.521533725482369,0.68,,0.00039617680716380583,0.00039536437492610307,4.900984307426595,1.3131699930191396,1.3086327159104434,1.1266173036129576
toxicity,qwen25_14b_instruct,20.0,dataset_toxicity_attack_toxic_attack_qwen25_14b_instruct_lm_target_qwen25_14b_instruct_judge_detoxify_20_calibration_upb_unified_aht_v2,0.7,Soft-prefix,Soft-prefix + CRC,True,50.0,50,0.696046667098999,0.00071774617250846,0.0007190200900844271,-0.003953332901000972,125.88073303222656,0.3949666661024094,13.163291381923855,,6.530471738824781,0.98,1.0,0.00039617680716380583,0.00039536437492610307,4.900984307426595,1.8116814501251104,1.8186264005673705,1.3324816667804833
toxicity,qwen25_14b_instruct,20.0,dataset_toxicity_attack_toxic_attack_qwen25_14b_instruct_lm_target_qwen25_14b_instruct_judge_detoxify_20_calibration_upb_unified_aht_v2,0.7,Soft-prefix,Soft-prefix + CRC,True,100.0,50,0.7041733264923096,0.0006563955025632836,0.0006606842465234312,0.004173326492309615,127.74821380615235,0.4039466655254364,16.305219073757456,,5.604663797709574,0.98,1.0,0.00039617680716380583,0.00039536437492610307,4.900984307426595,1.656824656805026,1.6710768304476562,1.1435792171822863
toxicity,qwen25_14b_instruct,20.0,dataset_toxicity_attack_toxic_attack_qwen25_14b_instruct_lm_target_qwen25_14b_instruct_judge_detoxify_20_calibration_upb_unified_aht_v2,0.7,Soft-prefix,Soft-prefix + CRC,True,200.0,50,0.7009666645526886,0.0008358470972252379,0.0008200645956381578,0.0009666645526886786,126.90849273681641,0.40026666581630704,18.352070126025673,,5.953957914816035,0.86,1.0,0.00039617680716380583,0.00039536437492610307,4.900984307426595,2.1097830112999096,2.074199517322305,1.214849414186828
toxicity,qwen25_14b_instruct,20.0,dataset_toxicity_attack_toxic_attack_qwen25_14b_instruct_lm_target_qwen25_14b_instruct_judge_detoxify_20_calibration_upb_unified_aht_v2,0.7,Static,Static,False,,50,0.697333334684372,0.00039617680716380583,0.00039536437492610307,-0.0026666653156279807,125.98781341552734,0.3956866639852524,12.405297849773019,,4.900984307426595,1.0,,0.00039617680716380583,0.00039536437492610307,4.900984307426595,1.0,1.0,1.0
toxicity,qwen25_14b_instruct,20.0,dataset_toxicity_attack_toxic_attack_qwen25_14b_instruct_lm_target_qwen25_14b_instruct_judge_detoxify_20_calibration_upb_unified_aht_v2,0.8,Endpoint/block,Endpoint/block,False,,50,0.7953266680240632,0.0004205330267064337,0.00043396239792961957,-0.00467333197593689,148.74213348388673,0.5138133323192596,18.18427449780002,,2.5041415778226632,1.0,,0.00041686271321177967,0.00040973545401705295,3.8270085151424906,1.008804609715212,1.0591282586728712,0.6543339446239582
toxicity,qwen25_14b_instruct,20.0,dataset_toxicity_attack_toxic_attack_qwen25_14b_instruct_lm_target_qwen25_14b_instruct_judge_detoxify_20_calibration_upb_unified_aht_v2,0.8,Endpoint/block,Endpoint/block + CRC,True,50.0,50,0.7912333357334137,0.0003567810983282213,0.0004264998787246988,-0.008766664266586344,147.77988006591798,0.5085533350706101,12.855688093333333,,4.23677398815895,0.98,1.0,0.00041686271321177967,0.00040973545401705295,3.8270085151424906,0.8558719382200178,1.040915240659033,1.107072004516092
toxicity,qwen25_14b_instruct,20.0,dataset_toxicity_attack_toxic_attack_qwen25_14b_instruct_lm_target_qwen25_14b_instruct_judge_detoxify_20_calibration_upb_unified_aht_v2,0.8,Endpoint/block,Endpoint/block + CRC,True,100.0,50,0.7943600046634675,0.0004097317246514117,0.0004333466375544935,-0.005639995336532588,148.51288665771483,0.5125066643953323,16.388902215166667,,3.247961081628888,0.96,1.0,0.00041686271321177967,0.00040973545401705295,3.8270085151424906,0.9828936761807594,1.0576254344259355,0.8486945008817043
toxicity,qwen25_14b_instruct,20.0,dataset_toxicity_attack_toxic_attack_qwen25_14b_instruct_lm_target_qwen25_14b_instruct_judge_detoxify_20_calibration_upb_unified_aht_v2,0.8,Endpoint/block,Endpoint/block + CRC,True,200.0,50,0.7942333364486694,0.0003991620817035658,0.0004244332485837396,-0.0057666635513305975,148.4545001220703,0.5123800015449524,17.954605758166668,,3.2390207127128745,0.96,1.0,0.00041686271321177967,0.00040973545401705295,3.8270085151424906,0.957538463030582,1.0358714248976728,0.8463583762348321
toxicity,qwen25_14b_instruct,20.0,dataset_toxicity_attack_toxic_attack_qwen25_14b_instruct_lm_target_qwen25_14b_instruct_judge_detoxify_20_calibration_upb_unified_aht_v2,0.8,Information-gain,Information-gain,False,50.0,50,0.7995199990272522,0.0003582816726633707,0.00035134644014394207,-0.0004800009727478072,149.81465393066406,0.5194933331012725,19.711591300095645,,1.9694986280307023,0.68,,0.00041686271321177967,0.00040973545401705295,3.8270085151424906,0.859471622930574,0.8574958224857916,0.5146313681398674
toxicity,qwen25_14b_instruct,20.0,dataset_toxicity_attack_toxic_attack_qwen25_14b_instruct_lm_target_qwen25_14b_instruct_judge_detoxify_20_calibration_upb_unified_aht_v2,0.8,Information-gain,Information-gain,False,100.0,50,0.7982799994945526,0.00024420577295008973,0.00024228005922982747,-0.0017200005054474055,149.51580841064452,0.5177599990367889,19.771671529622118,,1.9078987381589008,0.62,,0.00041686271321177967,0.00040973545401705295,3.8270085151424906,0.5858182207484346,0.5913085061458799,0.4985352738594218
toxicity,qwen25_14b_instruct,20.0,dataset_toxicity_attack_toxic_attack_qwen25_14b_instruct_lm_target_qwen25_14b_instruct_judge_detoxify_20_calibration_upb_unified_aht_v2,0.8,Information-gain,Information-gain,False,200.0,50,0.7952733325958252,0.00036471518209949926,0.0003797622632071982,-0.0047266674041748225,148.73466217041016,0.5135133326053619,19.954180652200975,,2.369714788747683,0.58,,0.00041686271321177967,0.00040973545401705295,3.8270085151424906,0.8749047840942594,0.926847456045121,0.61920813067735
toxicity,qwen25_14b_instruct,20.0,dataset_toxicity_attack_toxic_attack_qwen25_14b_instruct_lm_target_qwen25_14b_instruct_judge_detoxify_20_calibration_upb_unified_aht_v2,0.8,Information-gain,Information-gain + CRC,True,50.0,50,0.8029133367538452,0.0007825343340724668,0.0007753711784323227,0.002913336753845197,150.73640716552734,0.5243266630172729,12.847852320539738,,3.7405795548208953,1.0,1.0,0.00041686271321177967,0.00040973545401705295,3.8270085151424906,1.8771991575915168,1.8923702375046416,0.977416052256059
toxicity,qwen25_14b_instruct,20.0,dataset_toxicity_attack_toxic_attack_qwen25_14b_instruct_lm_target_qwen25_14b_instruct_judge_detoxify_20_calibration_upb_unified_aht_v2,0.8,Information-gain,Information-gain + CRC,True,100.0,50,0.7961866664886474,0.00047050429157944994,0.0004756357182166656,-0.0038133335113526012,149.0328204345703,0.5147599965333939,16.28653669755185,,2.8396416242320455,0.98,1.0,0.00041686271321177967,0.00040973545401705295,3.8270085151424906,1.1286792429919694,1.1608361286618607,0.7420003412577506
toxicity,qwen25_14b_instruct,20.0,dataset_toxicity_attack_toxic_attack_qwen25_14b_instruct_lm_target_qwen25_14b_instruct_judge_detoxify_20_calibration_upb_unified_aht_v2,0.8,Information-gain,Information-gain + CRC,True,200.0,50,0.7967533314228058,0.000363350505760737,0.00036662435249566305,-0.003246668577194245,149.11618774414063,0.5156666660308837,18.217270251158187,,2.950691113261758,1.0,1.0,0.00041686271321177967,0.00040973545401705295,3.8270085151424906,0.8716311011873669,0.8947830823553882,0.7710176503623211
toxicity,qwen25_14b_instruct,20.0,dataset_toxicity_attack_toxic_attack_qwen25_14b_instruct_lm_target_qwen25_14b_instruct_judge_detoxify_20_calibration_upb_unified_aht_v2,0.8,Oracle,Oracle,False,,50,0.7987266647815704,0.00011898712227562523,0.00011822876240860591,-0.0012733352184296498,149.54378631591797,0.5182733315229416,124.05292666666668,,,,,0.00041686271321177967,0.00040973545401705295,3.8270085151424906,0.2854347930494228,0.2885490168094785,
toxicity,qwen25_14b_instruct,20.0,dataset_toxicity_attack_toxic_attack_qwen25_14b_instruct_lm_target_qwen25_14b_instruct_judge_detoxify_20_calibration_upb_unified_aht_v2,0.8,Residual,Residual,False,50.0,50,0.7994933331012726,0.00033435049094994104,0.0003279201924772082,-0.0005066668987274703,149.74758697509765,0.5192200005054474,19.70629930438499,,2.4290985460270598,0.66,,0.00041686271321177967,0.00040973545401705295,3.8270085151424906,0.8020637978721792,0.8003217423883469,0.634725147962368
toxicity,qwen25_14b_instruct,20.0,dataset_toxicity_attack_toxic_attack_qwen25_14b_instruct_lm_target_qwen25_14b_instruct_judge_detoxify_20_calibration_upb_unified_aht_v2,0.8,Residual,Residual,False,100.0,50,0.8000333392620087,0.0003351757336908629,0.00032847333052343693,3.333926200865811e-05,149.86220092773436,0.5199733346700668,19.76442488702703,,2.1058802771080427,0.62,,0.00041686271321177967,0.00040973545401705295,3.8270085151424906,0.804043449001357,0.8016717306327269,0.5502679883714956
toxicity,qwen25_14b_instruct,20.0,dataset_toxicity_attack_toxic_attack_qwen25_14b_instruct_lm_target_qwen25_14b_instruct_judge_detoxify_20_calibration_upb_unified_aht_v2,0.8,Residual,Residual,False,200.0,50,0.7988866710662842,0.000388447032576879,0.00038191759323999013,-0.0011133289337158514,149.6337399291992,0.518326666355133,19.95692637891726,,2.4677151426582706,0.58,,0.00041686271321177967,0.00040973545401705295,3.8270085151424906,0.9318344391707095,0.9321077526869201,0.6448156916542399
toxicity,qwen25_14b_instruct,20.0,dataset_toxicity_attack_toxic_attack_qwen25_14b_instruct_lm_target_qwen25_14b_instruct_judge_detoxify_20_calibration_upb_unified_aht_v2,0.8,Residual,Residual + CRC,True,50.0,50,0.8003200018405914,0.00048648042749808193,0.00047685322012610247,0.00032000184059133296,149.97829986572265,0.5203533339500427,12.828794118006128,,4.816769097517281,1.0,1.0,0.00041686271321177967,0.00040973545401705295,3.8270085151424906,1.1670039369794492,1.163807562784782,1.2586251319950197
toxicity,qwen25_14b_instruct,20.0,dataset_toxicity_attack_toxic_attack_qwen25_14b_instruct_lm_target_qwen25_14b_instruct_judge_detoxify_20_calibration_upb_unified_aht_v2,0.8,Residual,Residual + CRC,True,100.0,50,0.7986266660690308,0.0005210732190481192,0.0005125378007531084,-0.0013733339309692782,149.51857421875,0.5182200002670289,16.292252777253587,,3.321119282298582,0.98,1.0,0.00041686271321177967,0.00040973545401705295,3.8270085151424906,1.2499875919182948,1.250899319861583,0.8678107898526396
toxicity,qwen25_14b_instruct,20.0,dataset_toxicity_attack_toxic_attack_qwen25_14b_instruct_lm_target_qwen25_14b_instruct_judge_detoxify_20_calibration_upb_unified_aht_v2,0.8,Residual,Residual + CRC,True,200.0,50,0.7973400020599365,0.0005527596060427554,0.0005487800029630423,-0.002659997940063552,149.26081939697266,0.5168866664171219,18.219298161118168,,3.2521757040037915,0.98,1.0,0.00041686271321177967,0.00040973545401705295,3.8270085151424906,1.325999156374381,1.3393520076986123,0.8497957846541931
toxicity,qwen25_14b_instruct,20.0,dataset_toxicity_attack_toxic_attack_qwen25_14b_instruct_lm_target_qwen25_14b_instruct_judge_detoxify_20_calibration_upb_unified_aht_v2,0.8,Soft-prefix,Soft-prefix,False,50.0,50,0.7928799998760223,0.000579033072135576,0.0006181468124583069,-0.007120000123977732,148.18369369506837,0.5109533375501633,19.752228334411587,,2.5936679929921427,0.66,,0.00041686271321177967,0.00040973545401705295,3.8270085151424906,1.3890258202138808,1.5086485838557187,0.677727259484703
toxicity,qwen25_14b_instruct,20.0,dataset_toxicity_attack_toxic_attack_qwen25_14b_instruct_lm_target_qwen25_14b_instruct_judge_detoxify_20_calibration_upb_unified_aht_v2,0.8,Soft-prefix,Soft-prefix,False,100.0,50,0.7938333368301391,0.00042486721160160836,0.00045439760202009496,-0.00616666316986092,148.35356506347657,0.5116333371400833,19.769345490819642,,2.597742581526577,0.64,,0.00041686271321177967,0.00040973545401705295,3.8270085151424906,1.0192017614819922,1.1090024003663184,0.6787919523167968
toxicity,qwen25_14b_instruct,20.0,dataset_toxicity_attack_toxic_attack_qwen25_14b_instruct_lm_target_qwen25_14b_instruct_judge_detoxify_20_calibration_upb_unified_aht_v2,0.8,Soft-prefix,Soft-prefix,False,200.0,50,0.7932933342456817,0.00031581691769813554,0.0003544799448843184,-0.0067066657543183306,148.25338012695312,0.5109799998998642,19.961378900481865,,3.4590505787189527,0.54,,0.00041686271321177967,0.00040973545401705295,3.8270085151424906,0.7576041408570173,0.8651434514855655,0.9038523340181703
toxicity,qwen25_14b_instruct,20.0,dataset_toxicity_attack_toxic_attack_qwen25_14b_instruct_lm_target_qwen25_14b_instruct_judge_detoxify_20_calibration_upb_unified_aht_v2,0.8,Soft-prefix,Soft-prefix + CRC,True,50.0,50,0.7953533339500427,0.0004975165495231025,0.0005091577239124665,-0.0046466660499573376,148.7197933959961,0.5139666658639908,12.919388297440165,,4.3887002195070375,1.0,1.0,0.00041686271321177967,0.00040973545401705295,3.8270085151424906,1.1934781734012947,1.242649907203968,1.1467704349603813
toxicity,qwen25_14b_instruct,20.0,dataset_toxicity_attack_toxic_attack_qwen25_14b_instruct_lm_target_qwen25_14b_instruct_judge_detoxify_20_calibration_upb_unified_aht_v2,0.8,Soft-prefix,Soft-prefix + CRC,True,100.0,50,0.7926800012588501,0.0005762040061046674,0.0006182623075530109,-0.007319998741149969,148.10422058105468,0.5105266660451889,16.21991504482584,,3.6801456988234844,0.98,1.0,0.00041686271321177967,0.00040973545401705295,3.8270085151424906,1.3822392548981401,1.5089304610854573,0.9616246434420233
toxicity,qwen25_14b_instruct,20.0,dataset_toxicity_attack_toxic_attack_qwen25_14b_instruct_lm_target_qwen25_14b_instruct_judge_detoxify_20_calibration_upb_unified_aht_v2,0.8,Soft-prefix,Soft-prefix + CRC,True,200.0,50,0.7921266663074493,0.00034238494310209847,0.00039752662767431063,-0.007873333692550721,148.00013275146483,0.5097266668081284,18.220980825527974,,4.050113321055017,0.98,1.0,0.00041686271321177967,0.00040973545401705295,3.8270085151424906,0.8213374145750376,0.9702031488292097,1.0582974417302071
toxicity,qwen25_14b_instruct,20.0,dataset_toxicity_attack_toxic_attack_qwen25_14b_instruct_lm_target_qwen25_14b_instruct_judge_detoxify_20_calibration_upb_unified_aht_v2,0.8,Static,Static,False,,50,0.7989000022411347,0.00041686271321177967,0.00040973545401705295,-0.0010999977588653786,149.60012634277345,0.5186599975824356,12.405297849773019,,3.8270085151424906,1.0,,0.00041686271321177967,0.00040973545401705295,3.8270085151424906,1.0,1.0,1.0
toxicity,qwen25_14b_instruct,20.0,dataset_toxicity_attack_toxic_attack_qwen25_14b_instruct_lm_target_qwen25_14b_instruct_judge_detoxify_20_calibration_upb_unified_aht_v2,0.9,Endpoint/block,Endpoint/block,False,,50,0.8969133341312409,0.0002847565377672268,0.00028858891319724503,-0.003086665868759164,173.40135864257812,0.6633533334732056,18.18427449780002,,1.5368272087111512,1.0,,0.00030673694364209865,0.00030158891494568246,2.335395182881206,0.9283411850757741,0.9568949616375032,0.6580587388277253
toxicity,qwen25_14b_instruct,20.0,dataset_toxicity_attack_toxic_attack_qwen25_14b_instruct_lm_target_qwen25_14b_instruct_judge_detoxify_20_calibration_upb_unified_aht_v2,0.9,Endpoint/block,Endpoint/block + CRC,True,50.0,50,0.8970466673374176,0.0003061090045983944,0.0003087089983223027,-0.002953332662582464,173.52737976074218,0.6639133322238923,12.855688093333333,,2.561051024593209,0.98,1.0,0.00030673694364209865,0.00030158891494568246,2.335395182881206,0.9979528418186336,1.0236085712165601,1.0966242644354558
toxicity,qwen25_14b_instruct,20.0,dataset_toxicity_attack_toxic_attack_qwen25_14b_instruct_lm_target_qwen25_14b_instruct_judge_detoxify_20_calibration_upb_unified_aht_v2,0.9,Endpoint/block,Endpoint/block + CRC,True,100.0,50,0.8967133331298828,0.0003800092128066019,0.00038321120766559593,-0.0032866668701172497,173.35292602539062,0.6628933298587799,16.388902215166667,,1.992660378811716,0.96,1.0,0.00030673694364209865,0.00030158891494568246,2.335395182881206,1.2388765705705065,1.2706408912098577,0.8532433368957053
toxicity,qwen25_14b_instruct,20.0,dataset_toxicity_attack_toxic_attack_qwen25_14b_instruct_lm_target_qwen25_14b_instruct_judge_detoxify_20_calibration_upb_unified_aht_v2,0.9,Endpoint/block,Endpoint/block + CRC,True,200.0,50,0.8957399988174438,0.0004013664089557944,0.0004114866908520585,-0.004260001182556206,173.12890563964845,0.6614333343505859,17.954605758166668,,1.994261798367058,0.96,1.0,0.00030673694364209865,0.00030158891494568246,2.335395182881206,1.3085036454692907,1.3643959391749167,0.8539290536288221
toxicity,qwen25_14b_instruct,20.0,dataset_toxicity_attack_toxic_attack_qwen25_14b_instruct_lm_target_qwen25_14b_instruct_judge_detoxify_20_calibration_upb_unified_aht_v2,0.9,Information-gain,Information-gain,False,50.0,50,0.8983933341503143,0.0001824703629157708,0.0001814023308100016,-0.0016066658496857178,173.82755401611328,0.6657000005245208,19.960228024855553,,1.432346318725762,0.66,,0.00030673694364209865,0.00030158891494568246,2.335395182881206,0.5948757288547467,0.6014887213035433,0.6133207472658475
toxicity,qwen25_14b_instruct,20.0,dataset_toxicity_attack_toxic_attack_qwen25_14b_instruct_lm_target_qwen25_14b_instruct_judge_detoxify_20_calibration_upb_unified_aht_v2,0.9,Information-gain,Information-gain,False,100.0,50,0.8972466659545898,0.0003400217921155582,0.0003408022046388619,-0.0027533340454102273,173.57230010986328,0.6640266680717468,19.870055344841386,,1.3644040744029686,0.62,,0.00030673694364209865,0.00030158891494568246,2.335395182881206,1.1085126821642206,1.1300223176314088,0.584228350047244
toxicity,qwen25_14b_instruct,20.0,dataset_toxicity_attack_toxic_attack_qwen25_14b_instruct_lm_target_qwen25_14b_instruct_judge_detoxify_20_calibration_upb_unified_aht_v2,0.9,Information-gain,Information-gain,False,200.0,50,0.8941799962520599,0.00031131626806179955,0.00033896238632660016,-0.005820003747940117,172.8228274536133,0.6590133368968963,19.949912068370896,,1.7271516480648084,0.54,,0.00030673694364209865,0.00030158891494568246,2.335395182881206,1.014929158403052,1.1239219000726497,0.7395543421195209
toxicity,qwen25_14b_instruct,20.0,dataset_toxicity_attack_toxic_attack_qwen25_14b_instruct_lm_target_qwen25_14b_instruct_judge_detoxify_20_calibration_upb_unified_aht_v2,0.9,Information-gain,Information-gain + CRC,True,50.0,50,0.9013599991798401,0.00041051630326455294,0.00040415557496842737,0.0013599991798400879,174.57661346435546,0.6710533344745636,12.937048053706866,,2.6820511296187983,1.0,1.0,0.00030673694364209865,0.00030158891494568246,2.335395182881206,1.3383334214333968,1.34008763233628,1.1484356691658149
toxicity,qwen25_14b_instruct,20.0,dataset_toxicity_attack_toxic_attack_qwen25_14b_instruct_lm_target_qwen25_14b_instruct_judge_detoxify_20_calibration_upb_unified_aht_v2,0.9,Information-gain,Information-gain + CRC,True,100.0,50,0.8966933286190033,0.0003203257059898979,0.00032485326749200294,-0.0033066713809967174,173.42421478271484,0.6631066691875458,16.289936040060653,,2.125594406026881,1.0,1.0,0.00030673694364209865,0.00030158891494568246,2.335395182881206,1.0443010293655877,1.0771392826241988,0.9101647642368214
toxicity,qwen25_14b_instruct,20.0,dataset_toxicity_attack_toxic_attack_qwen25_14b_instruct_lm_target_qwen25_14b_instruct_judge_detoxify_20_calibration_upb_unified_aht_v2,0.9,Information-gain,Information-gain + CRC,True,200.0,50,0.8956066632270813,0.00043640226620024085,0.0004469756288765159,-0.0043933367729187545,173.00605377197266,0.6610666704177857,18.231858451398367,,2.157823123309252,1.0,1.0,0.00030673694364209865,0.00030158891494568246,2.335395182881206,1.4227248306595766,1.4820691568090898,0.9239648771764268
toxicity,qwen25_14b_instruct,20.0,dataset_toxicity_attack_toxic_attack_qwen25_14b_instruct_lm_target_qwen25_14b_instruct_judge_detoxify_20_calibration_upb_unified_aht_v2,0.9,Oracle,Oracle,False,,50,0.8994133317470551,7.802066626521543e-05,7.680443257892462e-05,-0.0005866682529449552,174.1304797363281,0.6676933312416077,124.05292666666668,,,,,0.00030673694364209865,0.00030158891494568246,2.335395182881206,0.2543569266186929,0.254665966727449,
toxicity,qwen25_14b_instruct,20.0,dataset_toxicity_attack_toxic_attack_qwen25_14b_instruct_lm_target_qwen25_14b_instruct_judge_detoxify_20_calibration_upb_unified_aht_v2,0.9,Residual,Residual,False,50.0,50,0.8983799946308136,0.0002571473857423439,0.0002546288554236898,-0.0016200053691863836,173.89768615722656,0.6663799977302551,20.014080280118836,,1.7098847948570413,0.62,,0.00030673694364209865,0.00030158891494568246,2.335395182881206,0.8383319683930346,0.8442911619266564,0.732160795479391
toxicity,qwen25_14b_instruct,20.0,dataset_toxicity_attack_toxic_attack_qwen25_14b_instruct_lm_target_qwen25_14b_instruct_judge_detoxify_20_calibration_upb_unified_aht_v2,0.9,Residual,Residual,False,100.0,50,0.89882000207901,0.0002523411285985082,0.0002486867011200787,-0.0011799979209899947,173.95359375,0.6667999970912933,19.87217751315697,,1.485265712438,0.62,,0.00030673694364209865,0.00030158891494568246,2.335395182881206,0.8226629815185887,0.8245883346371278,0.6359804641737804
toxicity,qwen25_14b_instruct,20.0,dataset_toxicity_attack_toxic_attack_qwen25_14b_instruct_lm_target_qwen25_14b_instruct_judge_detoxify_20_calibration_upb_unified_aht_v2,0.9,Residual,Residual,False,200.0,50,0.8970133352279663,0.0002803310008821611,0.0002836445473250251,-0.002986664772033687,173.42042083740233,0.663219997882843,19.95559745316949,,1.7857621984899597,0.54,,0.00030673694364209865,0.00030158891494568246,2.335395182881206,0.9139133928688157,0.9405005730270649,0.7646509728117376
toxicity,qwen25_14b_instruct,20.0,dataset_toxicity_attack_toxic_attack_qwen25_14b_instruct_lm_target_qwen25_14b_instruct_judge_detoxify_20_calibration_upb_unified_aht_v2,0.9,Residual,Residual + CRC,True,50.0,50,0.8978533327579499,0.00041654049309322,0.00041281786347944696,-0.0021466672420501487,173.57226684570313,0.6650133299827575,12.926426545885727,,3.5796019766082128,1.0,1.0,0.00030673694364209865,0.00030158891494568246,2.335395182881206,1.357973018011291,1.368809803748249,1.5327607091284712
toxicity,qwen25_14b_instruct,20.0,dataset_toxicity_attack_toxic_attack_qwen25_14b_instruct_lm_target_qwen25_14b_instruct_judge_detoxify_20_calibration_upb_unified_aht_v2,0.9,Residual,Residual + CRC,True,100.0,50,0.8991799986362458,0.00038438644387920907,0.0003773711172381837,-0.0008200013637542636,173.91717987060548,0.6670666646957397,16.299231782125158,,2.37902982948209,1.0,1.0,0.00030673694364209865,0.00030158891494568246,2.335395182881206,1.2531468799132068,1.2512764844362732,1.0186840526694294
toxicity,qwen25_14b_instruct,20.0,dataset_toxicity_attack_toxic_attack_qwen25_14b_instruct_lm_target_qwen25_14b_instruct_judge_detoxify_20_calibration_upb_unified_aht_v2,0.9,Residual,Residual + CRC,True,200.0,50,0.8968000030517578,0.0003966393874230036,0.0003989465801433029,-0.0031999969482422452,173.33048675537108,0.6626266658306121,18.238682707928426,,2.299370243987154,0.98,1.0,0.00030673694364209865,0.00030158891494568246,2.335395182881206,1.2930929763902301,1.3228157945233332,0.984574371327765
toxicity,qwen25_14b_instruct,20.0,dataset_toxicity_attack_toxic_attack_qwen25_14b_instruct_lm_target_qwen25_14b_instruct_judge_detoxify_20_calibration_upb_unified_aht_v2,0.9,Soft-prefix,Soft-prefix,False,50.0,50,0.8957466697692871,0.0002381114649264935,0.00025144005367946,-0.004253330230712948,173.12261291503907,0.6614800000190735,20.11544776630958,,1.488183908973772,0.58,,0.00030673694364209865,0.00030158891494568246,2.335395182881206,0.7762725353497767,0.8337178232321486,0.6372300156660344
toxicity,qwen25_14b_instruct,20.0,dataset_toxicity_attack_toxic_attack_qwen25_14b_instruct_lm_target_qwen25_14b_instruct_judge_detoxify_20_calibration_upb_unified_aht_v2,0.9,Soft-prefix,Soft-prefix,False,100.0,50,0.8967466676235198,0.0003003109437354331,0.0003048888964125782,-0.003253332376480178,173.3813070678711,0.6629600036144256,19.885738968383542,,1.627155655115362,0.62,,0.00030673694364209865,0.00030158891494568246,2.335395182881206,0.9790504533612246,1.0109419852765147,0.6967367523246837
toxicity,qwen25_14b_instruct,20.0,dataset_toxicity_attack_toxic_attack_qwen25_14b_instruct_lm_target_qwen25_14b_instruct_judge_detoxify_20_calibration_upb_unified_aht_v2,0.9,Soft-prefix,Soft-prefix,False,200.0,50,0.8967866671085357,0.0003275544379132268,0.0003313288574263284,-0.0032133328914643045,173.3464599609375,0.6631333339214325,19.960348953617995,,2.1577707346326793,0.56,,0.00030673694364209865,0.00030158891494568246,2.335395182881206,1.0678675806831344,1.0986108607009055,0.9239424447089126
toxicity,qwen25_14b_instruct,20.0,dataset_toxicity_attack_toxic_attack_qwen25_14b_instruct_lm_target_qwen25_14b_instruct_judge_detoxify_20_calibration_upb_unified_aht_v2,0.9,Soft-prefix,Soft-prefix + CRC,True,50.0,50,0.8967933344841004,0.00043623076526239205,0.0004377888536880045,-0.0032066655158996538,173.33669372558595,0.6632000017166138,13.03267784588291,,2.6073037826663144,1.0,1.0,0.00030673694364209865,0.00030158891494568246,2.335395182881206,1.4221657165997816,1.451607907296103,1.1164293742567593
toxicity,qwen25_14b_instruct,20.0,dataset_toxicity_attack_toxic_attack_qwen25_14b_instruct_lm_target_qwen25_14b_instruct_judge_detoxify_20_calibration_upb_unified_aht_v2,0.9,Soft-prefix,Soft-prefix + CRC,True,100.0,50,0.8958066701889038,0.0003339732995096841,0.0003448778484241186,-0.004193329811096214,173.14303314208985,0.6614533340930939,16.27507167336963,,2.21508876714676,1.0,1.0,0.00030673694364209865,0.00030158891494568246,2.335395182881206,1.0887938555564565,1.1435362220996508,0.9484856282070333
toxicity,qwen25_14b_instruct,20.0,dataset_toxicity_attack_toxic_attack_qwen25_14b_instruct_lm_target_qwen25_14b_instruct_judge_detoxify_20_calibration_upb_unified_aht_v2,0.9,Soft-prefix,Soft-prefix + CRC,True,200.0,50,0.8963933336734772,0.00029576275479006105,0.00030285554168513364,-0.003606666326522845,173.29814727783204,0.6626266646385193,18.24652029080452,,2.5464103630042816,0.98,1.0,0.00030673694364209865,0.00030158891494568246,2.335395182881206,0.9642228004174082,1.0041998451424492,1.0903552348098722
toxicity,qwen25_14b_instruct,20.0,dataset_toxicity_attack_toxic_attack_qwen25_14b_instruct_lm_target_qwen25_14b_instruct_judge_detoxify_20_calibration_upb_unified_aht_v2,0.9,Static,Static,False,,50,0.8990066671371459,0.00030673694364209865,0.00030158891494568246,-0.0009933328628540794,173.95913330078125,0.6665466666221619,12.405297849773019,,2.335395182881206,1.0,,0.00030673694364209865,0.00030158891494568246,2.335395182881206,1.0,1.0,1.0
