dataset,model,budget,target,n1,crc,method,seeds,coverage_mean,coverage_var,mean_A_weight,mean_A_weight_minus1,cond_var,seq_path_var,expected_cost,realized_cost,pi_min,focus_lift,target_rate,soft_proxy
autoif,llama_31_8B_instruct,20.0,0.7,50,25,Endpoint/block + terminal residual AHT,50,0.6979733335971833,0.0003191057369302866,1.6500793390976116,0.6608475266136984,2.202825088712328,0.6608475266136984,19.66218379912233,,0.005,,,
autoif,llama_31_8B_instruct,20.0,0.7,50,25,Endpoint/block + terminal residual AHT + CRC,50,0.6996577791372935,0.000492383158992749,2.353546942088921,1.0088362561110233,3.3627875203700777,1.0088362561110233,15.94654319187197,,0.005,,,
autoif,llama_31_8B_instruct,20.0,0.7,50,25,Information-gain + sequential AHT,50,0.7006066644191742,0.00032688304444559784,10.146390787817658,2.9904064625029076,2.745043255085581,0.8235129765256743,20.554932889403673,,0.005,2.0322179666064475,,0.9488555550358229
autoif,llama_31_8B_instruct,20.0,0.7,50,25,Information-gain + sequential AHT + CRC,50,0.7036133325099945,0.0007014936087567129,14.695258109951755,4.551370479663223,5.3175325728390535,1.595259771851716,12.973288722374145,,0.005,1.9858142493821704,,1.8746557712533036
autoif,llama_31_8B_instruct,20.0,0.7,50,25,Oracle,50,0.6991066658496856,0.00013830129716024367,0.3019933333333333,0.0,,,126.15182666666668,,,,,
autoif,llama_31_8B_instruct,20.0,0.7,50,25,Residual + sequential AHT,50,0.6990666615962983,0.0004837233403439343,13.804755988983693,4.034633760350487,3.0750579934110736,0.9225173980233221,20.428438855765165,,0.005,2.087066918537891,,36.49553613754174
autoif,llama_31_8B_instruct,20.0,0.7,50,25,Residual + sequential AHT + CRC,50,0.6975066649913788,0.0006679376289550932,19.661889769762443,5.989319377108809,6.342529607585158,1.9027588822755472,12.984495915703157,,0.005,2.069828828205796,,81.73419530619235
autoif,llama_31_8B_instruct,20.0,0.7,50,25,Soft-prefix DAPRO,50,0.7099933338165283,0.001957820901454788,4.5813617863010885,1.4825942087244386,14.311539287670296,4.293461786301089,20.096111152607595,,0.005,2.2608527497565127,,3.875094754314889
autoif,llama_31_8B_instruct,20.0,0.7,50,25,Soft-prefix DAPRO + CRC,50,0.7004066705703735,0.0036947543126170162,8.940407044680342,3.0151474238064866,28.807423482267808,8.642227044680341,13.208633534173988,,0.005,2.2386723807863156,,7.685365402916368
autoif,llama_31_8B_instruct,20.0,0.7,50,25,Static,50,0.699579998254776,0.0006175908444604399,2.9867999554932125,1.351667488674289,4.505558295580964,1.351667488674289,12.615182854647538,,,,,
autoif,llama_31_8B_instruct,20.0,0.7,100,50,Endpoint/block + terminal residual AHT,50,0.6979733335971833,0.0003191057369302866,1.6500793390976116,0.6608475266136984,2.202825088712328,0.6608475266136984,19.66218379912233,,0.005,,,
autoif,llama_31_8B_instruct,20.0,0.7,100,50,Endpoint/block + terminal residual AHT + CRC,50,0.6996577791372935,0.000492383158992749,2.353546942088921,1.0088362561110233,3.3627875203700777,1.0088362561110233,15.94654319187197,,0.005,,,
autoif,llama_31_8B_instruct,20.0,0.7,100,50,Information-gain + sequential AHT,50,0.7022733354568481,0.00039238861901039044,9.752965682754759,2.900785473723196,2.575613859544004,0.7726841578632012,20.400151265003693,,0.005,2.0397255634660683,,0.8961440138827556
autoif,llama_31_8B_instruct,20.0,0.7,100,50,Information-gain + sequential AHT + CRC,50,0.69874666929245,0.0004974128965607622,12.653164889726398,3.795699489480197,3.9319735775314,1.17959207325942,16.676976958287657,,0.005,2.0241777568950607,,1.359276505091584
autoif,llama_31_8B_instruct,20.0,0.7,100,50,Oracle,50,0.6991066658496856,0.00013830129716024367,0.3019933333333333,0.0,,,126.15182666666668,,,,,
autoif,llama_31_8B_instruct,20.0,0.7,100,50,Residual + sequential AHT,50,0.7016333305835724,0.00023931640553987018,12.926243407115043,3.8013506733900755,2.7130135021690522,0.8139040506507158,20.350253881310707,,0.005,2.0707269181556414,,33.43359942209166
autoif,llama_31_8B_instruct,20.0,0.7,100,50,Residual + sequential AHT + CRC,50,0.6991866672039032,0.0005504362451653042,16.188728589596224,4.816611771528617,4.1700558270522246,1.251016748115667,16.71994391756115,,0.005,2.0782165855559542,,51.752760138725236
autoif,llama_31_8B_instruct,20.0,0.7,100,50,Soft-prefix DAPRO,50,0.6944066679477692,0.0015735430336789014,4.347091616249587,1.3769004156844946,13.477305387498623,4.043191616249588,20.236645106462273,,0.005,2.1913953529827275,,2.72239138695917
autoif,llama_31_8B_instruct,20.0,0.7,100,50,Soft-prefix DAPRO + CRC,50,0.7028666651248932,0.0024085668261567533,6.173623994251253,2.037168207797153,19.59219109194862,5.877657327584586,16.806460516950693,,0.005,2.2494412455347796,,4.8517165203240395
autoif,llama_31_8B_instruct,20.0,0.7,100,50,Static,50,0.699579998254776,0.0006175908444604399,2.9867999554932125,1.351667488674289,4.505558295580964,1.351667488674289,12.615182854647538,,,,,
autoif,llama_31_8B_instruct,20.0,0.7,200,100,Endpoint/block + terminal residual AHT,50,0.6979733335971833,0.0003191057369302866,1.6500793390976116,0.6608475266136984,2.202825088712328,0.6608475266136984,19.66218379912233,,0.005,,,
autoif,llama_31_8B_instruct,20.0,0.7,200,100,Endpoint/block + terminal residual AHT + CRC,50,0.6996577791372935,0.000492383158992749,2.353546942088921,1.0088362561110233,3.3627875203700777,1.0088362561110233,15.94654319187197,,0.005,,,
autoif,llama_31_8B_instruct,20.0,0.7,200,100,Information-gain + sequential AHT,50,0.6954800045490265,0.0004762909887422013,10.425261580895976,3.120206113726338,3.1954105006260307,0.9586231501878092,20.19865645823165,,0.005,2.011857390054652,,1.114005630196056
autoif,llama_31_8B_instruct,20.0,0.7,200,100,Information-gain + sequential AHT + CRC,50,0.7023533308506011,0.000513992760490316,12.290372551493494,3.7489545946889193,3.9002382558700317,1.1700714767610094,18.38390297806429,,0.005,2.027739090126246,,1.4033891527777231
autoif,llama_31_8B_instruct,20.0,0.7,200,100,Oracle,50,0.6991066658496856,0.00013830129716024367,0.3019933333333333,0.0,,,126.15182666666668,,,,,
autoif,llama_31_8B_instruct,20.0,0.7,200,100,Residual + sequential AHT,50,0.69992666721344,0.00035310788027241124,13.42125204768838,4.0070474660482525,3.3086950661061327,0.9926085198318398,20.168567665103325,,0.005,2.017208512024407,,43.07430347780828
autoif,llama_31_8B_instruct,20.0,0.7,200,100,Residual + sequential AHT + CRC,50,0.7025066637992858,0.00040148411870737094,15.561077386203378,4.694893958804295,4.033020116058828,1.2099060348176485,18.382696592228807,,0.005,2.057874285174381,,53.05404059970767
autoif,llama_31_8B_instruct,20.0,0.7,200,100,Soft-prefix DAPRO,50,0.702246664762497,0.001787849463885633,4.44404844277332,1.5068521111018172,13.826272587022176,4.1478817761066535,20.174719724972487,,0.005,2.1237016330804117,,2.8725206703038384
autoif,llama_31_8B_instruct,20.0,0.7,200,100,Soft-prefix DAPRO + CRC,50,0.6965800023078919,0.00274045257411359,5.888884886141151,1.945593209067129,18.623705176026057,5.587111552807817,18.462488735644865,,0.005,2.175868127953962,,3.883975126708624
autoif,llama_31_8B_instruct,20.0,0.7,200,100,Static,50,0.699579998254776,0.0006175908444604399,2.9867999554932125,1.351667488674289,4.505558295580964,1.351667488674289,12.615182854647538,,,,,
autoif,llama_31_8B_instruct,20.0,0.8,50,25,Endpoint/block + terminal residual AHT,50,0.7995133340358734,0.0003101324515931403,1.2594734490243011,0.58276187046507,1.9425395682169,0.58276187046507,19.916421727716507,,0.005,,,
autoif,llama_31_8B_instruct,20.0,0.8,50,25,Endpoint/block + terminal residual AHT + CRC,50,0.7989622251192728,0.0004578113872909532,1.848908175074121,0.9042494241145651,3.01416474704855,0.9042494241145651,15.864132269583333,,0.005,,,
autoif,llama_31_8B_instruct,20.0,0.8,50,25,Information-gain + sequential AHT,50,0.7988733339309693,0.00019013563847451265,8.198947098997904,2.9012094172667644,2.378208714383966,0.7134626143151899,19.097489467422744,,0.005,2.1115788714635184,,0.7800784178040339
autoif,llama_31_8B_instruct,20.0,0.8,50,25,Information-gain + sequential AHT + CRC,50,0.7973200023174286,0.0007560953897105308,10.751614992642544,3.8842796281467673,4.23845726086061,1.271537178258183,12.93340444179273,,0.005,2.1669428624146017,,1.4458112941480445
autoif,llama_31_8B_instruct,20.0,0.8,50,25,Oracle,50,0.7988466715812683,7.98421736330548e-05,0.2411933333333333,0.0,,,126.15182666666668,,,,,
autoif,llama_31_8B_instruct,20.0,0.8,50,25,Residual + sequential AHT,50,0.7982400000095368,0.0003925716612940639,11.935051392059643,4.199513343477943,2.6185263576706417,0.7855579073011925,18.97770546652557,,0.005,2.2024258143586675,,28.663239076400817
autoif,llama_31_8B_instruct,20.0,0.8,50,25,Residual + sequential AHT + CRC,50,0.8020799958705902,0.00038864655861894194,14.712694411833736,5.276438145273729,4.143058531870691,1.2429175595612074,12.928143228041368,,0.005,2.282268149978918,,56.25871467580821
autoif,llama_31_8B_instruct,20.0,0.8,50,25,Soft-prefix DAPRO,50,0.8058466637134551,0.0010016835016754995,2.768311680350467,1.0651313712424695,8.583883378946002,2.5751650136838005,18.973834281120972,,0.005,2.363708872293197,,2.565925720529788
autoif,llama_31_8B_instruct,20.0,0.8,50,25,Soft-prefix DAPRO + CRC,50,0.8086266672611236,0.0011039211600921538,4.413677245702789,1.7426630008677544,14.077524152342628,4.223257245702788,13.080780497474455,,0.005,2.482592916046998,,4.4804390571722505
autoif,llama_31_8B_instruct,20.0,0.8,50,25,Static,50,0.7994000017642975,0.0004808345213544689,1.9986666368842128,0.9868801436156511,3.289600478718837,0.9868801436156511,12.615182854647538,,,,,
autoif,llama_31_8B_instruct,20.0,0.8,100,50,Endpoint/block + terminal residual AHT,50,0.7995133340358734,0.0003101324515931403,1.2594734490243011,0.58276187046507,1.9425395682169,0.58276187046507,19.916421727716507,,0.005,,,
autoif,llama_31_8B_instruct,20.0,0.8,100,50,Endpoint/block + terminal residual AHT + CRC,50,0.7989622251192728,0.0004578113872909532,1.848908175074121,0.9042494241145651,3.01416474704855,0.9042494241145651,15.864132269583333,,0.005,,,
autoif,llama_31_8B_instruct,20.0,0.8,100,50,Information-gain + sequential AHT,50,0.8013266706466675,0.00020472777522695336,8.563208325695646,3.034689838056301,2.2681182178915638,0.6804354653674691,19.467723394064546,,0.005,2.0743312464181405,,0.7777535984710284
autoif,llama_31_8B_instruct,20.0,0.8,100,50,Information-gain + sequential AHT + CRC,50,0.7984066653251648,0.0002778244047772206,9.935555741604736,3.5679225539610657,3.2386055258126394,0.971581657743792,16.5134470905523,,0.005,2.106418713577122,,1.0811300088252318
autoif,llama_31_8B_instruct,20.0,0.8,100,50,Oracle,50,0.7988466715812683,7.98421736330548e-05,0.2411933333333333,0.0,,,126.15182666666668,,,,,
autoif,llama_31_8B_instruct,20.0,0.8,100,50,Residual + sequential AHT,50,0.7971600043773651,0.00040123026683844954,12.014487857828648,4.199524597531493,2.4925658419762744,0.7477697525928824,19.397527605390415,,0.005,2.1406675371181176,,29.65808861128245
autoif,llama_31_8B_instruct,20.0,0.8,100,50,Residual + sequential AHT + CRC,50,0.7983000016212464,0.0005041960386724946,13.503749731239965,4.792591080300119,3.350449727067463,1.005134918120239,16.498710702994426,,0.005,2.1964650532560195,,40.30461710123683
autoif,llama_31_8B_instruct,20.0,0.8,100,50,Soft-prefix DAPRO,50,0.8039733338356018,0.0007095093919479194,2.2287922642554685,0.9042743719852799,6.780151991962673,2.034045597588802,19.419819044469833,,0.005,2.2898055301856393,,2.1335477934272635
autoif,llama_31_8B_instruct,20.0,0.8,100,50,Soft-prefix DAPRO + CRC,50,0.8092666649818421,0.0014587935073513516,3.2458822559528486,1.326117314567089,10.190940853176164,3.0572822559528494,16.511248146975127,,0.005,2.355895188717127,,3.23822811803569
autoif,llama_31_8B_instruct,20.0,0.8,100,50,Static,50,0.7994000017642975,0.0004808345213544689,1.9986666368842128,0.9868801436156511,3.289600478718837,0.9868801436156511,12.615182854647538,,,,,
autoif,llama_31_8B_instruct,20.0,0.8,200,100,Endpoint/block + terminal residual AHT,50,0.7995133340358734,0.0003101324515931403,1.2594734490243011,0.58276187046507,1.9425395682169,0.58276187046507,19.916421727716507,,0.005,,,
autoif,llama_31_8B_instruct,20.0,0.8,200,100,Endpoint/block + terminal residual AHT + CRC,50,0.7989622251192728,0.0004578113872909532,1.848908175074121,0.9042494241145651,3.01416474704855,0.9042494241145651,15.864132269583333,,0.005,,,
autoif,llama_31_8B_instruct,20.0,0.8,200,100,Information-gain + sequential AHT,50,0.8010333347320556,0.00026957926026416725,8.575766837310436,3.0699665528707003,2.5436870118026307,0.7631061035407893,19.870133249320116,,0.005,2.0464559118529277,,0.9065392448094588
autoif,llama_31_8B_instruct,20.0,0.8,200,100,Information-gain + sequential AHT + CRC,50,0.8019466674327851,0.0003440242633071989,10.515855832260408,3.7881398944779274,3.192767557295819,0.9578302671887456,18.443794962253865,,0.005,2.064667730892127,,1.1509824419751358
autoif,llama_31_8B_instruct,20.0,0.8,200,100,Oracle,50,0.7988466715812683,7.98421736330548e-05,0.2411933333333333,0.0,,,126.15182666666668,,,,,
autoif,llama_31_8B_instruct,20.0,0.8,200,100,Residual + sequential AHT,50,0.8034266662597657,0.0004125352663919619,11.491065421592785,4.092425374417451,2.6963991928710116,0.8089197578613035,19.84257893798096,,0.005,2.0914196694265668,,36.736813744323634
autoif,llama_31_8B_instruct,20.0,0.8,200,100,Residual + sequential AHT + CRC,50,0.7998399984836578,0.0003896337740234748,13.68113957777085,4.868875248718867,3.378952661896783,1.0136857985690348,18.45478248724056,,0.005,2.130048810950763,,45.146707168501074
autoif,llama_31_8B_instruct,20.0,0.8,200,100,Soft-prefix DAPRO,50,0.810479998588562,0.0010536648723594212,1.9456217660934325,0.8749200787504249,5.856783664755886,1.7570350994267658,19.902848738965513,,0.005,2.208172081707815,,2.0004564015082593
autoif,llama_31_8B_instruct,20.0,0.8,200,100,Soft-prefix DAPRO + CRC,50,0.8085733318328857,0.0012639956065631016,2.727238522139489,1.1769283910093622,8.455906184909407,2.5367718554728222,18.513936165879812,,0.005,2.2766495129412885,,2.9204444542290537
autoif,llama_31_8B_instruct,20.0,0.8,200,100,Static,50,0.7994000017642975,0.0004808345213544689,1.9986666368842128,0.9868801436156511,3.289600478718837,0.9868801436156511,12.615182854647538,,,,,
autoif,llama_31_8B_instruct,20.0,0.9,50,25,Endpoint/block + terminal residual AHT,50,0.899300000667572,0.0001561326366609301,0.6287342730542071,0.3209542347490052,1.069847449163351,0.3209542347490052,19.916421727716507,,0.005,,,
autoif,llama_31_8B_instruct,20.0,0.9,50,25,Endpoint/block + terminal residual AHT + CRC,50,0.8979888892173767,0.00023340101316529727,0.9294674857794882,0.5013116004945347,1.671038668315116,0.5013116004945347,15.864132269583333,,0.005,,,
autoif,llama_31_8B_instruct,20.0,0.9,50,25,Information-gain + sequential AHT,50,0.9010600030422211,0.0002525200710659268,5.138293383386752,2.1476865018026117,1.863172440288955,0.5589517320866865,20.086401501591055,,0.005,1.4494115964280296,,0.6439613547408511
autoif,llama_31_8B_instruct,20.0,0.9,50,25,Information-gain + sequential AHT + CRC,50,0.8970266652107238,0.00041760020662040065,7.108050721827375,3.001676468075297,3.344603184742441,1.0033809554227322,12.986878869189574,,0.005,1.5743000220619896,,1.1250537628208688
autoif,llama_31_8B_instruct,20.0,0.9,50,25,Oracle,50,0.8991266691684723,5.7550467621660133e-05,0.15253999999999995,0.0,,,126.15182666666668,,,,,
autoif,llama_31_8B_instruct,20.0,0.9,50,25,Residual + sequential AHT,50,0.8999333333969116,0.00020270300594454985,8.185060809932864,3.3818497129219596,2.0433174190825336,0.6129952257247602,20.120785998386054,,0.005,1.474106331620204,,23.307813230808375
autoif,llama_31_8B_instruct,20.0,0.9,50,25,Residual + sequential AHT + CRC,50,0.901013331413269,0.00041458047700572523,10.520750617825064,4.416286767143024,3.469823111983976,1.0409469335951926,13.010868754528506,,0.005,1.6453916441404608,,47.255802475658086
autoif,llama_31_8B_instruct,20.0,0.9,50,25,Soft-prefix DAPRO,50,0.9086799991130828,0.0005493104614102257,1.8211655560619815,0.8062543995524873,5.769885186873272,1.7309655560619814,20.258466227933194,,0.005,1.5688963753821474,,1.9821398331390085
autoif,llama_31_8B_instruct,20.0,0.9,50,25,Soft-prefix DAPRO + CRC,50,0.905053334236145,0.0009408179554764314,4.1299537038529675,1.8005342041201025,13.452490123954336,4.035747037186301,13.095412394018679,,0.005,1.7889983276868415,,4.436336988653678
autoif,llama_31_8B_instruct,20.0,0.9,50,25,Static,50,0.8984533369541168,0.0002386473929208645,1.0060666516751053,0.5475658660115716,1.8252195533719058,0.5475658660115716,12.615182854647538,,,,,
autoif,llama_31_8B_instruct,20.0,0.9,100,50,Endpoint/block + terminal residual AHT,50,0.899300000667572,0.0001561326366609301,0.6287342730542071,0.3209542347490052,1.069847449163351,0.3209542347490052,19.916421727716507,,0.005,,,
autoif,llama_31_8B_instruct,20.0,0.9,100,50,Endpoint/block + terminal residual AHT + CRC,50,0.8979888892173767,0.00023340101316529727,0.9294674857794882,0.5013116004945347,1.671038668315116,0.5013116004945347,15.864132269583333,,0.005,,,
autoif,llama_31_8B_instruct,20.0,0.9,100,50,Information-gain + sequential AHT,50,0.9022400009632111,0.00018615427544875046,5.078742067772147,2.135306952137567,1.7714521931645324,0.5314356579493598,20.133906574128353,,0.005,1.4757984966127955,,0.6150097188579519
autoif,llama_31_8B_instruct,20.0,0.9,100,50,Information-gain + sequential AHT + CRC,50,0.8963866686820984,0.0003046591197366187,6.658540890674525,2.7928645389418723,2.663103264197176,0.7989309792591528,16.60495273523998,,0.005,1.4512404358562712,,0.8990980816840142
autoif,llama_31_8B_instruct,20.0,0.9,100,50,Oracle,50,0.8991266691684723,5.7550467621660133e-05,0.15253999999999995,0.0,,,126.15182666666668,,,,,
autoif,llama_31_8B_instruct,20.0,0.9,100,50,Residual + sequential AHT,50,0.8997866690158844,0.00020186735544100215,7.717581456360278,3.1967919845536845,1.9355719903317814,0.5806715970995344,20.152743344027467,,0.005,1.4892576786953373,,23.862772626283387
autoif,llama_31_8B_instruct,20.0,0.9,100,50,Residual + sequential AHT + CRC,50,0.9017599999904633,0.00022743329632264101,9.20149641961822,3.8471518598249794,2.6500849995028815,0.7950254998508643,16.631482325158196,,0.005,1.4755236952010962,,33.76297889975596
autoif,llama_31_8B_instruct,20.0,0.9,100,50,Soft-prefix DAPRO,50,0.9094999980926514,0.0007590396396721295,1.322827924940101,0.6203327275064094,4.111515305355893,1.2334545916067678,20.238568219496283,,0.005,1.5721157979031488,,1.504764498159106
autoif,llama_31_8B_instruct,20.0,0.9,100,50,Soft-prefix DAPRO + CRC,50,0.9078999972343444,0.0009775114654253883,2.28793469180059,1.0386091771752164,7.324804528224189,2.1974413584672567,16.68641674449918,,0.005,1.5687345969718836,,2.548800903291754
autoif,llama_31_8B_instruct,20.0,0.9,100,50,Static,50,0.8984533369541168,0.0002386473929208645,1.0060666516751053,0.5475658660115716,1.8252195533719058,0.5475658660115716,12.615182854647538,,,,,
autoif,llama_31_8B_instruct,20.0,0.9,200,100,Endpoint/block + terminal residual AHT,50,0.899300000667572,0.0001561326366609301,0.6287342730542071,0.3209542347490052,1.069847449163351,0.3209542347490052,19.916421727716507,,0.005,,,
autoif,llama_31_8B_instruct,20.0,0.9,200,100,Endpoint/block + terminal residual AHT + CRC,50,0.8979888892173767,0.00023340101316529727,0.9294674857794882,0.5013116004945347,1.671038668315116,0.5013116004945347,15.864132269583333,,0.005,,,
autoif,llama_31_8B_instruct,20.0,0.9,200,100,Information-gain + sequential AHT,50,0.9000533330440521,0.0002559699427317547,5.376834714146363,2.264145652699805,1.960291514567137,0.5880874543701411,20.195685949790303,,0.005,1.4876064685801456,,0.7105707989719687
autoif,llama_31_8B_instruct,20.0,0.9,200,100,Information-gain + sequential AHT + CRC,50,0.9021933341026306,0.00021506619713463571,6.349970339121264,2.7080632124384936,2.5254558189044625,0.7576367456713388,18.47423990487723,,0.005,1.4768320801809034,,0.9160250866541356
autoif,llama_31_8B_instruct,20.0,0.9,200,100,Oracle,50,0.8991266691684723,5.7550467621660133e-05,0.15253999999999995,0.0,,,126.15182666666668,,,,,
autoif,llama_31_8B_instruct,20.0,0.9,200,100,Residual + sequential AHT,50,0.9005000030994416,0.00024075389141427585,7.489110558011945,3.1307704853628286,2.1150527419804552,0.6345158225941365,20.205542174925423,,0.005,1.4937349361248007,,30.102612561034256
autoif,llama_31_8B_instruct,20.0,0.9,200,100,Residual + sequential AHT + CRC,50,0.9008133375644684,0.00025739300968056486,8.653489714590325,3.6398652503525915,2.6603550310350794,0.7981065093105237,18.489381646612095,,0.005,1.4899399303687195,,37.17878183448128
autoif,llama_31_8B_instruct,20.0,0.9,200,100,Soft-prefix DAPRO,50,0.9087733340263366,0.0006855032952242942,1.278321801865625,0.6344448213520816,3.9583837839965277,1.1875151351989581,20.248014403947767,,0.005,1.5724955122965147,,1.5018214766349198
autoif,llama_31_8B_instruct,20.0,0.9,200,100,Soft-prefix DAPRO + CRC,50,0.9087466657161712,0.0007177849274438603,1.7502109820379292,0.855892626443142,5.533147717904209,1.6599443153712627,18.518395722509844,,0.005,1.5708964732702069,,2.0952485761735544
autoif,llama_31_8B_instruct,20.0,0.9,200,100,Static,50,0.8984533369541168,0.0002386473929208645,1.0060666516751053,0.5475658660115716,1.8252195533719058,0.5475658660115716,12.615182854647538,,,,,
autoif,qwen25_14b_instruct,20.0,0.7,50,25,Endpoint/block + terminal residual AHT,50,0.6998266661167145,0.0004752208790848184,1.6608951715884575,0.6741289511040843,2.247096503680281,0.6741289511040843,19.301041242967656,,0.005,,,
autoif,qwen25_14b_instruct,20.0,0.7,50,25,Endpoint/block + terminal residual AHT + CRC,50,0.7030755551656087,0.0007307520373023633,2.291839325005684,0.9940914452113564,3.3136381507045214,0.9940914452113564,15.918990444616984,,0.005,,,
autoif,qwen25_14b_instruct,20.0,0.7,50,25,Information-gain + sequential AHT,50,0.7005999994277954,0.0005048297526239155,11.14029590006785,3.380821731417595,2.689671737765678,0.8069015213297034,20.707032506521116,,0.005,2.039493643028179,,1.0096089124983123
autoif,qwen25_14b_instruct,20.0,0.7,50,25,Information-gain + sequential AHT + CRC,50,0.7083133351802826,0.0005629949370973779,16.085355282161707,5.159774877233634,5.109795047368354,1.5329385142105059,13.09153247000172,,0.005,1.9886764529091912,,1.9536102258004688
autoif,qwen25_14b_instruct,20.0,0.7,50,25,Oracle,50,0.6997866714000702,0.00017171769005609538,0.3075866666666666,0.0,,,123.59953999999999,,,,,
autoif,qwen25_14b_instruct,20.0,0.7,50,25,Residual + sequential AHT,50,0.701626672744751,0.00031938156993333554,14.019727939470913,4.26575141782355,2.8180469399926587,0.8454140819977976,20.602618878661193,,0.005,2.119055691716241,,40.444668684236206
autoif,qwen25_14b_instruct,20.0,0.7,50,25,Residual + sequential AHT + CRC,50,0.6968266630172729,0.0010581101030939517,20.39697634345961,6.292915504644121,5.698997856769027,1.709699357030708,13.089246374428146,,0.005,2.0815554156556497,,81.8229618448991
autoif,qwen25_14b_instruct,20.0,0.7,50,25,Soft-prefix DAPRO,50,0.7156933295726776,0.001941160306038369,4.793104471182201,1.6054839256255287,15.028970459496227,4.508691137848868,20.224670437281834,,0.005,2.212162615733648,,3.8348510673025475
autoif,qwen25_14b_instruct,20.0,0.7,50,25,Soft-prefix DAPRO + CRC,50,0.7136800003051758,0.003921654941913951,9.215529300751617,3.199993349114024,29.76371989139428,8.929115967418284,13.03602133379208,,0.005,2.251508953421073,,8.778383410604068
autoif,qwen25_14b_instruct,20.0,0.7,50,25,Static,50,0.6987800037860871,0.0006146647805018861,3.0117332884550105,1.3757136912479646,4.585712304159882,1.3757136912479646,12.359954184177665,,,,,
autoif,qwen25_14b_instruct,20.0,0.7,100,50,Endpoint/block + terminal residual AHT,50,0.6998266661167145,0.0004752208790848184,1.6608951715884575,0.6741289511040843,2.247096503680281,0.6741289511040843,19.301041242967656,,0.005,,,
autoif,qwen25_14b_instruct,20.0,0.7,100,50,Endpoint/block + terminal residual AHT + CRC,50,0.7030755551656087,0.0007307520373023633,2.291839325005684,0.9940914452113564,3.3136381507045214,0.9940914452113564,15.918990444616984,,0.005,,,
autoif,qwen25_14b_instruct,20.0,0.7,100,50,Information-gain + sequential AHT,50,0.7060133302211762,0.0004536915354787204,10.860089424423256,3.358497389210359,2.5614984316925167,0.7684495295077549,20.249299639433108,,0.005,2.0006900135241583,,0.9858681781038403
autoif,qwen25_14b_instruct,20.0,0.7,100,50,Information-gain + sequential AHT + CRC,50,0.7036933350563049,0.00048289713971242634,13.332071026280945,4.164349722693881,3.725077083126138,1.1175231249378414,16.547923097549457,,0.005,2.0317638400002807,,1.4361969074560776
autoif,qwen25_14b_instruct,20.0,0.7,100,50,Oracle,50,0.6997866714000702,0.00017171769005609538,0.3075866666666666,0.0,,,123.59953999999999,,,,,
autoif,qwen25_14b_instruct,20.0,0.7,100,50,Residual + sequential AHT,50,0.6971933341026306,0.0006519142710377263,13.98251533393817,4.2177166939411475,2.886646242741104,0.8659938728223311,20.2226135429958,,0.005,2.0506405016739686,,37.4758134856771
autoif,qwen25_14b_instruct,20.0,0.7,100,50,Residual + sequential AHT + CRC,50,0.7019866669178009,0.0003497367590349427,16.234470368218844,5.027973247191096,3.840811962248966,1.1522435886746898,16.5815342046587,,0.005,2.110056126058175,,55.66979537887883
autoif,qwen25_14b_instruct,20.0,0.7,100,50,Soft-prefix DAPRO,50,0.7082000017166138,0.001570153923179816,4.34055752599053,1.4680703085228446,13.493613975523989,4.048084192657196,19.89980418861644,,0.005,2.150880170624808,,2.9540752261264838
autoif,qwen25_14b_instruct,20.0,0.7,100,50,Soft-prefix DAPRO + CRC,50,0.7142533296346665,0.002835254352496097,5.992870288906923,2.050729556970639,19.02403429635641,5.707210288906923,16.355240005575173,,0.005,2.201328959252941,,4.886088426382697
autoif,qwen25_14b_instruct,20.0,0.7,100,50,Static,50,0.6987800037860871,0.0006146647805018861,3.0117332884550105,1.3757136912479646,4.585712304159882,1.3757136912479646,12.359954184177665,,,,,
autoif,qwen25_14b_instruct,20.0,0.7,200,100,Endpoint/block + terminal residual AHT,50,0.6998266661167145,0.0004752208790848184,1.6608951715884575,0.6741289511040843,2.247096503680281,0.6741289511040843,19.301041242967656,,0.005,,,
autoif,qwen25_14b_instruct,20.0,0.7,200,100,Endpoint/block + terminal residual AHT + CRC,50,0.7030755551656087,0.0007307520373023633,2.291839325005684,0.9940914452113564,3.3136381507045214,0.9940914452113564,15.918990444616984,,0.005,,,
autoif,qwen25_14b_instruct,20.0,0.7,200,100,Information-gain + sequential AHT,50,0.7032466614246369,0.0005252871085499699,11.484315240192496,3.576127987321225,2.9463640742819552,0.8839092222845865,20.157127919081884,,0.005,1.990120178830167,,1.1604799190238293
autoif,qwen25_14b_instruct,20.0,0.7,200,100,Information-gain + sequential AHT + CRC,50,0.7052599954605102,0.0006099875574524422,13.468277995399184,4.251519611372552,3.786596274990767,1.1359788824972301,18.293377032950474,,0.005,1.9906609086211415,,1.4880527522042981
autoif,qwen25_14b_instruct,20.0,0.7,200,100,Oracle,50,0.6997866714000702,0.00017171769005609538,0.3075866666666666,0.0,,,123.59953999999999,,,,,
autoif,qwen25_14b_instruct,20.0,0.7,200,100,Residual + sequential AHT,50,0.7022333312034607,0.0005293253807905147,14.259133172190069,4.423102581428128,3.1491973410726444,0.9447592023217933,20.11927339922745,,0.005,2.016795272896336,,45.12088751336519
autoif,qwen25_14b_instruct,20.0,0.7,200,100,Residual + sequential AHT + CRC,50,0.696726666688919,0.0007565971092837439,16.53116268577927,5.082214689993377,4.073387460980252,1.2220162382940756,18.313616198293037,,0.005,2.03955751955843,,56.657884399877254
autoif,qwen25_14b_instruct,20.0,0.7,200,100,Soft-prefix DAPRO,50,0.7103399980068207,0.0024113579046053262,4.602225678396805,1.6351814936038422,14.372063372433795,4.311619011730139,20.031700186092,,0.005,2.0917601787925633,,2.757358186620641
autoif,qwen25_14b_instruct,20.0,0.7,200,100,Soft-prefix DAPRO + CRC,50,0.7089933335781098,0.0020071855248024115,5.550088451942966,1.9743513192123114,17.531117062032113,5.259335118609633,18.394472025202095,,0.005,2.1383045501603006,,4.097669353044305
autoif,qwen25_14b_instruct,20.0,0.7,200,100,Static,50,0.6987800037860871,0.0006146647805018861,3.0117332884550105,1.3757136912479646,4.585712304159882,1.3757136912479646,12.359954184177665,,,,,
autoif,qwen25_14b_instruct,20.0,0.8,50,25,Endpoint/block + terminal residual AHT,50,0.7993066704273224,0.0004226433948560701,1.268143553459286,0.5982750279867567,1.994250093289189,0.5982750279867567,19.46300965025088,,0.005,,,
autoif,qwen25_14b_instruct,20.0,0.8,50,25,Endpoint/block + terminal residual AHT + CRC,50,0.798851109345754,0.000545250618224024,1.8078309495852154,0.8993820442912177,2.9979401476373924,0.8993820442912177,15.843678297777778,,0.005,,,
autoif,qwen25_14b_instruct,20.0,0.8,50,25,Information-gain + sequential AHT,50,0.7975133335590363,0.0003210305728430878,8.186221349999196,3.078206737938255,2.1853824659676415,0.6556147397902925,19.215155666854322,,0.005,2.3269584745852665,,0.7873205878487358
autoif,qwen25_14b_instruct,20.0,0.8,50,25,Information-gain + sequential AHT + CRC,50,0.8043200016021729,0.0004821857681452638,12.151609191332547,4.736712406253414,4.240737914746046,1.272221374423814,12.699091193388282,,0.005,2.207454939022816,,1.559500761013058
autoif,qwen25_14b_instruct,20.0,0.8,50,25,Oracle,50,0.7999133384227752,0.00012633472102567634,0.24718666666666664,0.0,,,123.59953999999999,,,,,
autoif,qwen25_14b_instruct,20.0,0.8,50,25,Residual + sequential AHT,50,0.799326663017273,0.0002939660455908278,11.697012686048735,4.4119252906277655,2.2784347142859223,0.6835304142857767,19.117724029767743,,0.005,2.4478362420562374,,29.26076838000236
autoif,qwen25_14b_instruct,20.0,0.8,50,25,Residual + sequential AHT + CRC,50,0.8011933326721191,0.0004751841318590012,17.31911253559816,6.652009162936375,4.423758876189121,1.3271276628567363,12.664714075204584,,0.005,2.3478072161957275,,60.51880375143018
autoif,qwen25_14b_instruct,20.0,0.8,50,25,Soft-prefix DAPRO,50,0.8074333310127259,0.0007528627422663993,2.3441493614046434,0.95182490348432,7.172920093571033,2.15187602807131,19.079316431977,,0.005,2.599482694232846,,2.342163317554506
autoif,qwen25_14b_instruct,20.0,0.8,50,25,Soft-prefix DAPRO + CRC,50,0.8084533286094665,0.0021150602469684806,5.560348691682389,2.314555196052293,17.90000675005241,5.370002025015721,12.754696992257776,,0.005,2.569595518110824,,5.769624414341104
autoif,qwen25_14b_instruct,20.0,0.8,50,25,Static,50,0.8005733370780945,0.0004715421637472767,1.9941999702841047,1.005012230147387,3.350040767157956,1.005012230147387,12.359954184177665,,,,,
autoif,qwen25_14b_instruct,20.0,0.8,100,50,Endpoint/block + terminal residual AHT,50,0.7993066704273224,0.0004226433948560701,1.268143553459286,0.5982750279867567,1.994250093289189,0.5982750279867567,19.46300965025088,,0.005,,,
autoif,qwen25_14b_instruct,20.0,0.8,100,50,Endpoint/block + terminal residual AHT + CRC,50,0.798851109345754,0.000545250618224024,1.8078309495852154,0.8993820442912177,2.9979401476373924,0.8993820442912177,15.843678297777778,,0.005,,,
autoif,qwen25_14b_instruct,20.0,0.8,100,50,Information-gain + sequential AHT,50,0.8045000064373017,0.00028699904209064376,8.10338005322586,3.086152191977594,2.010443654410439,0.6031330963231317,19.36356087394961,,0.005,2.289289694547408,,0.7853149936869732
autoif,qwen25_14b_instruct,20.0,0.8,100,50,Information-gain + sequential AHT + CRC,50,0.7999333298206329,0.00039936060593434363,9.967757100887132,3.8210632846190764,2.9620153938411,0.8886046181523299,16.47603206318329,,0.005,2.319083904445814,,1.0987057051694542
autoif,qwen25_14b_instruct,20.0,0.8,100,50,Oracle,50,0.7999133384227752,0.00012633472102567634,0.24718666666666664,0.0,,,123.59953999999999,,,,,
autoif,qwen25_14b_instruct,20.0,0.8,100,50,Residual + sequential AHT,50,0.7988533389568329,0.00031962442477396173,11.129202449884504,4.199555677357846,2.2820349040703225,0.6846104712210968,19.246849399456057,,0.005,2.3925347484936457,,31.05858749026135
autoif,qwen25_14b_instruct,20.0,0.8,100,50,Residual + sequential AHT + CRC,50,0.8003399968147278,0.00032497744150802117,13.36848873400994,5.105622779396647,3.0293680000746703,0.9088104000224011,16.447500980121717,,0.005,2.438598067832054,,40.753604744702855
autoif,qwen25_14b_instruct,20.0,0.8,100,50,Soft-prefix DAPRO,50,0.8027933311462402,0.0012028204337007017,2.095817906037729,0.8755123120556881,6.3320819090146525,1.8996245727043959,19.25975773937214,,0.005,2.602363860829927,,2.042030553430192
autoif,qwen25_14b_instruct,20.0,0.8,100,50,Soft-prefix DAPRO + CRC,50,0.8030400025844574,0.0010400480383007133,2.987309575376845,1.2598988957101696,9.302120806811706,2.790636242043511,16.416231796874598,,0.005,2.588816831853766,,2.976386898526055
autoif,qwen25_14b_instruct,20.0,0.8,100,50,Static,50,0.8005733370780945,0.0004715421637472767,1.9941999702841047,1.005012230147387,3.350040767157956,1.005012230147387,12.359954184177665,,,,,
autoif,qwen25_14b_instruct,20.0,0.8,200,100,Endpoint/block + terminal residual AHT,50,0.7993066704273224,0.0004226433948560701,1.268143553459286,0.5982750279867567,1.994250093289189,0.5982750279867567,19.46300965025088,,0.005,,,
autoif,qwen25_14b_instruct,20.0,0.8,200,100,Endpoint/block + terminal residual AHT + CRC,50,0.798851109345754,0.000545250618224024,1.8078309495852154,0.8993820442912177,2.9979401476373924,0.8993820442912177,15.843678297777778,,0.005,,,
autoif,qwen25_14b_instruct,20.0,0.8,200,100,Information-gain + sequential AHT,50,0.8030266666412353,0.00027705599272860284,8.48677888701589,3.250380102647087,2.304994965191447,0.6914984895574341,19.66987897371098,,0.005,2.320973286657367,,0.9129757394918208
autoif,qwen25_14b_instruct,20.0,0.8,200,100,Information-gain + sequential AHT + CRC,50,0.8050266671180725,0.0003201217792481637,9.947136694134329,3.8401317523298464,2.8554756469259335,0.85664269407778,18.3410603375976,,0.005,2.2765060745262726,,1.1443559257140883
autoif,qwen25_14b_instruct,20.0,0.8,200,100,Oracle,50,0.7999133384227752,0.00012633472102567634,0.24718666666666664,0.0,,,123.59953999999999,,,,,
autoif,qwen25_14b_instruct,20.0,0.8,200,100,Residual + sequential AHT,50,0.8032933306694031,0.00033130927748010303,11.170656131446444,4.2901805849227435,2.5165591142033303,0.7549677342609991,19.62153221400743,,0.005,2.423419284085135,,35.02370436774593
autoif,qwen25_14b_instruct,20.0,0.8,200,100,Residual + sequential AHT + CRC,50,0.799339998960495,0.0003541608810514527,12.764282547041853,4.881901922492865,3.0274905075892264,0.9082471522767679,18.337736790470334,,0.005,2.378490170423571,,45.2377020505462
autoif,qwen25_14b_instruct,20.0,0.8,200,100,Soft-prefix DAPRO,50,0.8093200039863586,0.0006989841739589547,1.7819096288779215,0.8052902399413036,5.307254318481961,1.5921762955445882,19.64227223908042,,0.005,2.5827086074170724,,1.9225906289559487
autoif,qwen25_14b_instruct,20.0,0.8,200,100,Soft-prefix DAPRO + CRC,50,0.8116866683959961,0.0013667775469622368,2.4675244843854993,1.0985756573326335,7.599126059062776,2.279737817718833,18.460163565878695,,0.005,2.5848070540499672,,2.718301225800139
autoif,qwen25_14b_instruct,20.0,0.8,200,100,Static,50,0.8005733370780945,0.0004715421637472767,1.9941999702841047,1.005012230147387,3.350040767157956,1.005012230147387,12.359954184177665,,,,,
autoif,qwen25_14b_instruct,20.0,0.9,50,25,Endpoint/block + terminal residual AHT,50,0.900939998626709,0.00021714145547351233,0.6312354921957017,0.3290929896232461,1.0969766320774872,0.3290929896232461,19.46300965025088,,0.005,,,
autoif,qwen25_14b_instruct,20.0,0.9,50,25,Endpoint/block + terminal residual AHT + CRC,50,0.8995977779229481,0.00023748287635007816,0.9133344100900668,0.5011798678644028,1.6705995595480092,0.5011798678644028,15.843678297777778,,0.005,,,
autoif,qwen25_14b_instruct,20.0,0.9,50,25,Information-gain + sequential AHT,50,0.9018200016021729,0.0002228852696995712,6.359607262256527,2.9236589968210023,2.1405535142542886,0.6421660542762866,19.99786408259436,,0.005,1.4649456655741104,,0.7139220052691349
autoif,qwen25_14b_instruct,20.0,0.9,50,25,Information-gain + sequential AHT + CRC,50,0.9054133296012878,0.00040641061393372694,7.798104018548925,3.6635845506475424,3.4191806204685644,1.0257541861405695,12.75750953381053,,0.005,1.5836428667758222,,1.2082060852876955
autoif,qwen25_14b_instruct,20.0,0.9,50,25,Oracle,50,0.9008466649055481,5.7964724642869956e-05,0.15714666666666663,0.0,,,123.59953999999999,,,,,
autoif,qwen25_14b_instruct,20.0,0.9,50,25,Residual + sequential AHT,50,0.9036066722869873,0.00019778986019610927,9.880598604974281,4.543314451977122,2.2573230038993093,0.6771969011697928,20.0280707518077,,0.005,1.4976737771614699,,24.18511253673819
autoif,qwen25_14b_instruct,20.0,0.9,50,25,Residual + sequential AHT + CRC,50,0.9003133392333984,0.0003200471026726328,12.503166614092454,5.7759868013245805,3.7085902945245706,1.1125770883573711,12.760900588729783,,0.005,1.649538758404563,,46.9694626981518
autoif,qwen25_14b_instruct,20.0,0.9,50,25,Soft-prefix DAPRO,50,0.9065866672992706,0.0007163063076564313,2.0128619248606388,0.9556246595701335,6.398228638424351,1.9194685915273055,20.14362796279653,,0.005,1.6037376358172162,,2.4077159178101377
autoif,qwen25_14b_instruct,20.0,0.9,50,25,Soft-prefix DAPRO + CRC,50,0.9036066675186157,0.0014373952280318319,4.940425562311254,2.299259232181159,16.146529652148626,4.843958895644588,12.820715234373175,,0.005,1.763750360629947,,5.779388325422329
autoif,qwen25_14b_instruct,20.0,0.9,50,25,Static,50,0.9003533339500427,0.00018976601668080858,0.9992666517764331,0.5562148439564081,1.8540494798546938,0.5562148439564081,12.359954184177665,,,,,
autoif,qwen25_14b_instruct,20.0,0.9,100,50,Endpoint/block + terminal residual AHT,50,0.900939998626709,0.00021714145547351233,0.6312354921957017,0.3290929896232461,1.0969766320774872,0.3290929896232461,19.46300965025088,,0.005,,,
autoif,qwen25_14b_instruct,20.0,0.9,100,50,Endpoint/block + terminal residual AHT + CRC,50,0.8995977779229481,0.00023748287635007816,0.9133344100900668,0.5011798678644028,1.6705995595480092,0.5011798678644028,15.843678297777778,,0.005,,,
autoif,qwen25_14b_instruct,20.0,0.9,100,50,Information-gain + sequential AHT,50,0.9037933361530304,0.0002247886455244549,6.300535761616658,2.9119495387903545,1.9761148150002785,0.5928344445000835,20.01442621887875,,0.005,1.4839981930470054,,0.6785105528932717
autoif,qwen25_14b_instruct,20.0,0.9,100,50,Information-gain + sequential AHT + CRC,50,0.9033800029754638,0.00026881184437943983,7.732872203117572,3.5889666265996505,2.837177291088705,0.8511531873266114,16.47016881072557,,0.005,1.4673246558793134,,0.9979347946602489
autoif,qwen25_14b_instruct,20.0,0.9,100,50,Oracle,50,0.9008466649055481,5.7964724642869956e-05,0.15714666666666663,0.0,,,123.59953999999999,,,,,
autoif,qwen25_14b_instruct,20.0,0.9,100,50,Residual + sequential AHT,50,0.9024533331394196,0.0002017676480754098,9.107892888388553,4.178038299254728,2.0561102449689286,0.6168330734906785,20.018725902138275,,0.005,1.5088738089753304,,24.466471268386428
autoif,qwen25_14b_instruct,20.0,0.9,100,50,Residual + sequential AHT + CRC,50,0.9023866653442383,0.0002591126901112152,11.087521483135976,5.1151663693620355,2.895933993962276,0.8687801981886828,16.48510471284612,,0.005,1.4995435881158758,,35.202120822155244
autoif,qwen25_14b_instruct,20.0,0.9,100,50,Soft-prefix DAPRO,50,0.9124333345890046,0.0008094568113721764,1.1483781418355887,0.5839050788334309,3.537393806118629,1.0612181418355886,20.062098397408832,,0.005,1.6108841071623303,,1.5230517428555113
autoif,qwen25_14b_instruct,20.0,0.9,100,50,Soft-prefix DAPRO + CRC,50,0.9061733317375184,0.0008100554835059105,2.5528035986749633,1.237308208953542,8.197656440027655,2.459296932008297,16.494504602162397,,0.005,1.604138846153499,,3.1269041928563017
autoif,qwen25_14b_instruct,20.0,0.9,100,50,Static,50,0.9003533339500427,0.00018976601668080858,0.9992666517764331,0.5562148439564081,1.8540494798546938,0.5562148439564081,12.359954184177665,,,,,
autoif,qwen25_14b_instruct,20.0,0.9,200,100,Endpoint/block + terminal residual AHT,50,0.900939998626709,0.00021714145547351233,0.6312354921957017,0.3290929896232461,1.0969766320774872,0.3290929896232461,19.46300965025088,,0.005,,,
autoif,qwen25_14b_instruct,20.0,0.9,200,100,Endpoint/block + terminal residual AHT + CRC,50,0.8995977779229481,0.00023748287635007816,0.9133344100900668,0.5011798678644028,1.6705995595480092,0.5011798678644028,15.843678297777778,,0.005,,,
autoif,qwen25_14b_instruct,20.0,0.9,200,100,Information-gain + sequential AHT,50,0.8994399952888489,0.00030526272299767393,6.9167533460817925,3.18277240116176,2.198922743763795,0.6596768231291386,20.105088087680834,,0.005,1.499854849032614,,0.7767587110574631
autoif,qwen25_14b_instruct,20.0,0.9,200,100,Information-gain + sequential AHT + CRC,50,0.9035199975967407,0.00026013228457059636,7.762167656574165,3.616881562644514,2.7636608342231814,0.8290982502669544,18.391895902844542,,0.005,1.4857209616751605,,0.9991757125387372
autoif,qwen25_14b_instruct,20.0,0.9,200,100,Oracle,50,0.9008466649055481,5.7964724642869956e-05,0.15714666666666663,0.0,,,123.59953999999999,,,,,
autoif,qwen25_14b_instruct,20.0,0.9,200,100,Residual + sequential AHT,50,0.900460000038147,0.00024762767567460025,9.01315402606146,4.141569497324774,2.249074164603945,0.6747222493811834,20.107950626089977,,0.005,1.516846574843678,,30.98021648999072
autoif,qwen25_14b_instruct,20.0,0.9,200,100,Residual + sequential AHT + CRC,50,0.900880001783371,0.0003566701932604966,10.326394125102116,4.759415313919743,2.7483428414835385,0.8245028524450615,18.401376781948088,,0.005,1.5100497980239276,,37.798808854466245
autoif,qwen25_14b_instruct,20.0,0.9,200,100,Soft-prefix DAPRO,50,0.9091066670417786,0.0007979700933600495,1.0836211928177668,0.5757286725442556,3.3092484205036667,0.9927745261511001,20.15118418009971,,0.005,1.6111789612300902,,1.361233920272933
autoif,qwen25_14b_instruct,20.0,0.9,200,100,Soft-prefix DAPRO + CRC,50,0.9132133388519287,0.0008040575571808855,1.5269138603438026,0.8008494030447085,4.79955731225712,1.439867193677136,18.456625739933344,,0.005,1.6098188410062404,,2.09664746997128
autoif,qwen25_14b_instruct,20.0,0.9,200,100,Static,50,0.9003533339500427,0.00018976601668080858,0.9992666517764331,0.5562148439564081,1.8540494798546938,0.5562148439564081,12.359954184177665,,,,,
red_team_llama_guard,llama_31_8B_instruct,10.0,0.7,50,25,Endpoint/block + terminal residual AHT,50,0.6997533357143402,0.0005440580006067868,1.7177526621828918,0.8667187892441409,2.889062630813803,0.8667187892441409,10.315331686637665,,0.005,,,
red_team_llama_guard,llama_31_8B_instruct,10.0,0.7,50,25,Endpoint/block + terminal residual AHT + CRC,50,0.6996844410896301,0.0012251762139492408,5.383742428140704,3.1256186457230397,10.4187288190768,3.1256186457230397,5.6615091235819515,,0.005,,,
red_team_llama_guard,llama_31_8B_instruct,10.0,0.7,50,25,Information-gain + sequential AHT,50,0.7011000001430512,0.000625960299004483,4.170490443152575,1.651475626444164,3.753723369307728,1.1261170107923184,10.223935087397297,,0.005,2.1210796131216556,,0.8044080451563699
red_team_llama_guard,llama_31_8B_instruct,10.0,0.7,50,25,Information-gain + sequential AHT + CRC,50,0.7018333303928376,0.0023905813644340963,16.824022629665258,8.049758556040159,21.70732675404815,6.512198026214444,2.4595057818004147,,0.005,1.9986747494898671,,5.606060035946536
red_team_llama_guard,llama_31_8B_instruct,10.0,0.7,50,25,Oracle,50,0.7006066632270813,0.00018925037997598163,0.5147933333333333,0.0,,,67.82929333333334,,,,,
red_team_llama_guard,llama_31_8B_instruct,10.0,0.7,50,25,Residual + sequential AHT,50,0.7024733316898346,0.000482091216915498,5.319832220329542,2.174495753701054,4.950082218588852,1.4850246655766555,9.95087064807643,,0.005,2.093724446124435,,39.41688018501201
red_team_llama_guard,llama_31_8B_instruct,10.0,0.7,50,25,Residual + sequential AHT + CRC,50,0.6987933313846588,0.002379174285612651,16.303513933609842,7.987197264085145,21.92820404020561,6.578461212061683,2.497102258013235,,0.005,2.0179089005653803,,168.82769876175132
red_team_llama_guard,llama_31_8B_instruct,10.0,0.7,50,25,Soft-prefix DAPRO,50,0.6931666672229767,0.001628753939441784,4.32755113979448,1.7404969997279125,13.403037132648265,4.02091113979448,10.020587197086963,,0.005,2.41684293567393,,2.428505192026621
red_team_llama_guard,llama_31_8B_instruct,10.0,0.7,50,25,Soft-prefix DAPRO + CRC,50,0.6921466660499572,0.004784304314433511,15.49835046443615,7.745803529435855,50.632057103676054,15.189617131102816,2.5047347342664357,,0.005,2.2294590133697105,,11.530738983369229
red_team_llama_guard,llama_31_8B_instruct,10.0,0.7,50,25,Static,50,0.6954799997806549,0.0015252206659615924,5.32113252999434,3.1249442413423725,10.416480804474574,3.1249442413423725,3.669510267360235,,,,,
red_team_llama_guard,llama_31_8B_instruct,10.0,0.7,100,50,Endpoint/block + terminal residual AHT,50,0.6997533357143402,0.0005440580006067868,1.7177526621828918,0.8667187892441409,2.889062630813803,0.8667187892441409,10.315331686637665,,0.005,,,
red_team_llama_guard,llama_31_8B_instruct,10.0,0.7,100,50,Endpoint/block + terminal residual AHT + CRC,50,0.6996844410896301,0.0012251762139492408,5.383742428140704,3.1256186457230397,10.4187288190768,3.1256186457230397,5.6615091235819515,,0.005,,,
red_team_llama_guard,llama_31_8B_instruct,10.0,0.7,100,50,Information-gain + sequential AHT,50,0.7023600006103515,0.0006122033642046175,3.5725751110303015,1.4402322178183564,3.3738172161092495,1.0121451648327748,10.133452918483156,,0.005,2.1744247866192272,,0.6994469230133947
red_team_llama_guard,llama_31_8B_instruct,10.0,0.7,100,50,Information-gain + sequential AHT + CRC,50,0.7002599990367889,0.0011203687289222124,7.035804997225228,3.022004080865065,7.382134761457007,2.214640428437102,6.270520496734857,,0.005,2.1015175578126604,,1.758307825441936
red_team_llama_guard,llama_31_8B_instruct,10.0,0.7,100,50,Oracle,50,0.7006066632270813,0.00018925037997598163,0.5147933333333333,0.0,,,67.82929333333334,,,,,
red_team_llama_guard,llama_31_8B_instruct,10.0,0.7,100,50,Residual + sequential AHT,50,0.6967666685581207,0.0005841416868625401,4.342455007000804,1.81772485024327,4.515139222060119,1.354541766618036,9.992993786368633,,0.005,2.1578730591852078,,25.94225654201241
red_team_llama_guard,llama_31_8B_instruct,10.0,0.7,100,50,Residual + sequential AHT + CRC,50,0.6982200002670288,0.0010466330091286266,7.7393177838571034,3.3691410596236415,8.363686258799728,2.5091058776399184,6.25969063816043,,0.005,2.075331663005838,,65.54211946149266
red_team_llama_guard,llama_31_8B_instruct,10.0,0.7,100,50,Soft-prefix DAPRO,50,0.7062266671657562,0.0012254668365816977,3.2035783088458105,1.380551153507076,9.701372140597147,2.910411642179144,10.015843701555314,,0.005,2.4741592752057,,1.7523375572576305
red_team_llama_guard,llama_31_8B_instruct,10.0,0.7,100,50,Soft-prefix DAPRO + CRC,50,0.7090000033378601,0.002403891512183431,5.862777820119423,2.6944931144928996,18.571437178175856,5.571431153452757,6.357650981479754,,0.005,2.3839380223510096,,4.153399597583652
red_team_llama_guard,llama_31_8B_instruct,10.0,0.7,100,50,Static,50,0.6954799997806549,0.0015252206659615924,5.32113252999434,3.1249442413423725,10.416480804474574,3.1249442413423725,3.669510267360235,,,,,
red_team_llama_guard,llama_31_8B_instruct,10.0,0.7,200,100,Endpoint/block + terminal residual AHT,50,0.6997533357143402,0.0005440580006067868,1.7177526621828918,0.8667187892441409,2.889062630813803,0.8667187892441409,10.315331686637665,,0.005,,,
red_team_llama_guard,llama_31_8B_instruct,10.0,0.7,200,100,Endpoint/block + terminal residual AHT + CRC,50,0.6996844410896301,0.0012251762139492408,5.383742428140704,3.1256186457230397,10.4187288190768,3.1256186457230397,5.6615091235819515,,0.005,,,
red_team_llama_guard,llama_31_8B_instruct,10.0,0.7,200,100,Information-gain + sequential AHT,50,0.6984133338928222,0.0006450138962998559,4.080065807384195,1.720908262484391,4.2531921652144815,1.2759576495643443,10.043254833730744,,0.005,2.179177159813465,,0.9279784262540295
red_team_llama_guard,llama_31_8B_instruct,10.0,0.7,200,100,Information-gain + sequential AHT + CRC,50,0.7017999982833862,0.0014341268768659674,5.84944424313077,2.559130295913622,6.473609838369647,1.942082951510894,8.173822614310955,,0.005,2.151148498939556,,1.566559162497112
red_team_llama_guard,llama_31_8B_instruct,10.0,0.7,200,100,Oracle,50,0.7006066632270813,0.00018925037997598163,0.5147933333333333,0.0,,,67.82929333333334,,,,,
red_team_llama_guard,llama_31_8B_instruct,10.0,0.7,200,100,Residual + sequential AHT,50,0.699326663017273,0.0005722926467359575,4.330729733027452,1.9197894710853836,5.0228612904878895,1.5068583871463668,10.025285043013964,,0.005,2.157483412445186,,29.466991084748397
red_team_llama_guard,llama_31_8B_instruct,10.0,0.7,200,100,Residual + sequential AHT + CRC,50,0.6988333296775818,0.0007801869807603306,5.966422204157307,2.752260542109215,7.355773536442672,2.2067320609328016,8.195122806890524,,0.005,2.1360097267513143,,48.08706324591456
red_team_llama_guard,llama_31_8B_instruct,10.0,0.7,200,100,Soft-prefix DAPRO,50,0.7042533373832702,0.0016783564358579508,3.4398157649402235,1.619529175702497,10.482252549800746,3.1446757649402235,10.016028165106034,,0.005,2.4740294346009177,,1.818417053348259
red_team_llama_guard,llama_31_8B_instruct,10.0,0.7,200,100,Soft-prefix DAPRO + CRC,50,0.6956066620349884,0.0015911551441675565,5.401950402119656,2.5654536347108268,16.99332356262108,5.097997068786324,8.215542577565067,,0.005,2.436548850294607,,3.3027330082007484
red_team_llama_guard,llama_31_8B_instruct,10.0,0.7,200,100,Static,50,0.6954799997806549,0.0015252206659615924,5.32113252999434,3.1249442413423725,10.416480804474574,3.1249442413423725,3.669510267360235,,,,,
red_team_llama_guard,llama_31_8B_instruct,10.0,0.8,50,25,Endpoint/block + terminal residual AHT,50,0.798653335571289,0.0005769658825224387,1.0856627234173937,0.62118560485292,2.0706186828430666,0.62118560485292,10.284044840452905,,0.005,,,
red_team_llama_guard,llama_31_8B_instruct,10.0,0.8,50,25,Endpoint/block + terminal residual AHT + CRC,50,0.8001888863245646,0.0010764404461731246,3.362050299638141,2.2263949178102833,7.421316392700945,2.2263949178102833,5.670849030845617,,0.005,,,
red_team_llama_guard,llama_31_8B_instruct,10.0,0.8,50,25,Information-gain + sequential AHT,50,0.800133329629898,0.00043851241733732616,2.251956518420009,1.1392459037915943,2.4779138278694934,0.7433741483608479,10.329588234896724,,0.005,2.8372181585075817,,0.5561307719111863
red_team_llama_guard,llama_31_8B_instruct,10.0,0.8,50,25,Information-gain + sequential AHT + CRC,50,0.804233330488205,0.001714159852589348,10.55311635779262,6.230491298309589,15.948599116177386,4.7845797348532155,2.498311998120267,,0.005,2.524676263943886,,4.106287931636572
red_team_llama_guard,llama_31_8B_instruct,10.0,0.8,50,25,Oracle,50,0.7999000012874603,0.00012251822017408847,0.5280866666666667,0.0,,,67.82929333333334,,,,,
red_team_llama_guard,llama_31_8B_instruct,10.0,0.8,50,25,Residual + sequential AHT,50,0.798693333864212,0.0004504120774657167,3.1885261959098057,1.6695811580159698,3.714613068316458,1.1143839204949375,10.183789469568357,,0.005,2.833207827384142,,35.71359772092547
red_team_llama_guard,llama_31_8B_instruct,10.0,0.8,50,25,Residual + sequential AHT + CRC,50,0.8048133337497712,0.001896508747900531,10.598154934825653,6.422325883116809,16.429291604332608,4.928787481299782,2.5416489084923235,,0.005,2.577542684623131,,163.18862738314306
red_team_llama_guard,llama_31_8B_instruct,10.0,0.8,50,25,Soft-prefix DAPRO,50,0.7923066687583923,0.0008005660746360966,2.651326624090443,1.3847790032772633,8.148488746968145,2.444546624090443,9.972553922191395,,0.005,3.272090347631579,,1.700473195800084
red_team_llama_guard,llama_31_8B_instruct,10.0,0.8,50,25,Soft-prefix DAPRO + CRC,50,0.8116400051116943,0.004138951584998617,9.501637403575337,5.95686071855333,31.047013567473346,9.314104070242003,2.580780712252285,,0.005,2.8959278734420475,,8.005112780623326
red_team_llama_guard,llama_31_8B_instruct,10.0,0.8,50,25,Static,50,0.7942266654968262,0.001310242466715213,3.568442157538079,2.3917901751752466,7.972633917250822,2.3917901751752466,3.669510267360235,,,,,
red_team_llama_guard,llama_31_8B_instruct,10.0,0.8,100,50,Endpoint/block + terminal residual AHT,50,0.798653335571289,0.0005769658825224387,1.0856627234173937,0.62118560485292,2.0706186828430666,0.62118560485292,10.284044840452905,,0.005,,,
red_team_llama_guard,llama_31_8B_instruct,10.0,0.8,100,50,Endpoint/block + terminal residual AHT + CRC,50,0.8001888863245646,0.0010764404461731246,3.362050299638141,2.2263949178102833,7.421316392700945,2.2263949178102833,5.670849030845617,,0.005,,,
red_team_llama_guard,llama_31_8B_instruct,10.0,0.8,100,50,Information-gain + sequential AHT,50,0.7981200039386749,0.00037692412917607695,2.140065452675101,1.0968837147358343,2.5033619337784385,0.7510085801335314,10.123322489863979,,0.005,2.8583563445933025,,0.5490897160991043
red_team_llama_guard,llama_31_8B_instruct,10.0,0.8,100,50,Information-gain + sequential AHT + CRC,50,0.8060333323478699,0.0006247132270821,3.7359289373324596,2.0846508373597077,4.958243019090589,1.4874729057271767,6.283557628611296,,0.005,2.7894461766851477,,1.2380276876002463
red_team_llama_guard,llama_31_8B_instruct,10.0,0.8,100,50,Oracle,50,0.7999000012874603,0.00012251822017408847,0.5280866666666667,0.0,,,67.82929333333334,,,,,
red_team_llama_guard,llama_31_8B_instruct,10.0,0.8,100,50,Residual + sequential AHT,50,0.7953533351421356,0.0006131128564137033,2.853517922917703,1.5041615339696555,3.541667219675095,1.0625001659025286,9.987481763816838,,0.005,2.8038908683157397,,28.750608410772863
red_team_llama_guard,llama_31_8B_instruct,10.0,0.8,100,50,Residual + sequential AHT + CRC,50,0.7991666626930237,0.0008891482259640518,4.478736767402352,2.499084783792741,6.045635135359832,1.8136905406079493,6.309171133800768,,0.005,2.7859324489963573,,59.29515258486028
red_team_llama_guard,llama_31_8B_instruct,10.0,0.8,100,50,Soft-prefix DAPRO,50,0.7943199980258941,0.0011227614977640699,2.292880709698048,1.2261915218175854,6.960957921215717,2.0882873763647147,9.956996144853575,,0.005,3.341148275576931,,1.3747855960497903
red_team_llama_guard,llama_31_8B_instruct,10.0,0.8,100,50,Soft-prefix DAPRO + CRC,50,0.7970000004768372,0.0016040044232217701,3.9823091691745303,2.2679792576069935,12.60311945280399,3.780935835841197,6.398598228409864,,0.005,3.2068386796642923,,2.8442867242141427
red_team_llama_guard,llama_31_8B_instruct,10.0,0.8,100,50,Static,50,0.7942266654968262,0.001310242466715213,3.568442157538079,2.3917901751752466,7.972633917250822,2.3917901751752466,3.669510267360235,,,,,
red_team_llama_guard,llama_31_8B_instruct,10.0,0.8,200,100,Endpoint/block + terminal residual AHT,50,0.798653335571289,0.0005769658825224387,1.0856627234173937,0.62118560485292,2.0706186828430666,0.62118560485292,10.284044840452905,,0.005,,,
red_team_llama_guard,llama_31_8B_instruct,10.0,0.8,200,100,Endpoint/block + terminal residual AHT + CRC,50,0.8001888863245646,0.0010764404461731246,3.362050299638141,2.2263949178102833,7.421316392700945,2.2263949178102833,5.670849030845617,,0.005,,,
red_team_llama_guard,llama_31_8B_instruct,10.0,0.8,200,100,Information-gain + sequential AHT,50,0.8004866683483124,0.0004971983709070017,2.339421040048198,1.252556491658406,3.0099325207543273,0.9029797562262982,10.045995713696058,,0.005,2.8703682794764482,,0.6893623427927722
red_team_llama_guard,llama_31_8B_instruct,10.0,0.8,200,100,Information-gain + sequential AHT + CRC,50,0.7983733332157135,0.0006809322800990318,3.578307443427342,1.9984705333266035,4.971624420552059,1.4914873261656176,8.17196830800437,,0.005,2.80903998368424,,1.2055924891914134
red_team_llama_guard,llama_31_8B_instruct,10.0,0.8,200,100,Oracle,50,0.7999000012874603,0.00012251822017408847,0.5280866666666667,0.0,,,67.82929333333334,,,,,
red_team_llama_guard,llama_31_8B_instruct,10.0,0.8,200,100,Residual + sequential AHT,50,0.7977333331108093,0.0006465940610127877,2.8421027140870843,1.5456270492872988,3.770286078607947,1.1310858235823842,10.040705645298438,,0.005,2.7907914943953953,,26.905066700723594
red_team_llama_guard,llama_31_8B_instruct,10.0,0.8,200,100,Residual + sequential AHT + CRC,50,0.794913330078125,0.0008768062359233253,4.008933009945957,2.2623092166061807,5.877459247240873,1.7632377741722618,8.216679920207074,,0.005,2.7589713408894765,,50.13462611414345
red_team_llama_guard,llama_31_8B_instruct,10.0,0.8,200,100,Soft-prefix DAPRO,50,0.8019199979305267,0.0011287824666808433,2.157005145527104,1.2434871879690583,6.530817151757013,1.959245145527104,9.998867678012495,,0.005,3.3396639174292533,,1.371820496467634
red_team_llama_guard,llama_31_8B_instruct,10.0,0.8,200,100,Soft-prefix DAPRO + CRC,50,0.7919666659832001,0.0011493344259773225,3.6423987508358264,2.1179335182638104,11.4499736138972,3.4349920841691595,8.227199002261438,,0.005,3.2706838444121384,,2.431494018365592
red_team_llama_guard,llama_31_8B_instruct,10.0,0.8,200,100,Static,50,0.7942266654968262,0.001310242466715213,3.568442157538079,2.3917901751752466,7.972633917250822,2.3917901751752466,3.669510267360235,,,,,
red_team_llama_guard,llama_31_8B_instruct,10.0,0.9,50,25,Endpoint/block + terminal residual AHT,50,0.9002066695690155,0.0002132014255942811,0.4779662360454826,0.30330616098002094,1.0110205366000697,0.30330616098002094,10.211383481779933,,0.005,,,
red_team_llama_guard,llama_31_8B_instruct,10.0,0.9,50,25,Endpoint/block + terminal residual AHT + CRC,50,0.9028355518976847,0.00046787433671129097,1.3928877009651468,1.0509160356561094,3.5030534521870313,1.0509160356561094,5.705641301598384,,0.005,,,
red_team_llama_guard,llama_31_8B_instruct,10.0,0.9,50,25,Information-gain + sequential AHT,50,0.9001533341407776,0.0002271664355795534,1.0060125756668146,0.6613273418606813,1.3066015171687166,0.39198045515061497,10.147957534877843,,0.005,4.193478091122739,,0.29607685400977546
red_team_llama_guard,llama_31_8B_instruct,10.0,0.9,50,25,Information-gain + sequential AHT + CRC,50,0.9033199989795685,0.0013082132609668552,5.002024457079255,3.751273013616587,9.593145625278247,2.877943687583474,2.5375753328670076,,0.005,3.576716074801088,,2.470731824585743
red_team_llama_guard,llama_31_8B_instruct,10.0,0.9,50,25,Oracle,50,0.8990799975395203,9.336312062185585e-05,0.5001266666666667,0.0,,,67.82929333333334,,,,,
red_team_llama_guard,llama_31_8B_instruct,10.0,0.9,50,25,Residual + sequential AHT,50,0.9010666644573212,0.00025423581082722725,1.6825617219723787,1.1639025719169276,2.0347857873584982,0.6104357362075494,9.95729692071988,,0.005,4.277212786501477,,31.931636817766034
red_team_llama_guard,llama_31_8B_instruct,10.0,0.9,50,25,Residual + sequential AHT + CRC,50,0.9039200019836425,0.0012906507964772595,5.304876308309394,4.054382044807202,9.990341780724556,2.997102534217367,2.6024916517322247,,0.005,3.8450268524796196,,161.41490725724952
red_team_llama_guard,llama_31_8B_instruct,10.0,0.9,50,25,Soft-prefix DAPRO,50,0.9004533326625824,0.00039515071093551015,1.104307312293521,0.7428466439902671,3.351535485422848,1.0054606456268542,9.78019998143162,,0.005,4.640413891651131,,0.999693359438316
red_team_llama_guard,llama_31_8B_instruct,10.0,0.9,50,25,Soft-prefix DAPRO + CRC,50,0.9140533351898193,0.0015036613063021229,4.224193164528825,3.2769344060498096,13.798310548429415,4.139493164528824,2.602374248466315,,0.005,3.9122829381224244,,5.015040943492515
red_team_llama_guard,llama_31_8B_instruct,10.0,0.9,50,25,Static,50,0.8975800013542176,0.0006069469608147132,1.755667796127072,1.3586371345414903,4.528790448471635,1.3586371345414903,3.669510267360235,,,,,
red_team_llama_guard,llama_31_8B_instruct,10.0,0.9,100,50,Endpoint/block + terminal residual AHT,50,0.9002066695690155,0.0002132014255942811,0.4779662360454826,0.30330616098002094,1.0110205366000697,0.30330616098002094,10.211383481779933,,0.005,,,
red_team_llama_guard,llama_31_8B_instruct,10.0,0.9,100,50,Endpoint/block + terminal residual AHT + CRC,50,0.9028355518976847,0.00046787433671129097,1.3928877009651468,1.0509160356561094,3.5030534521870313,1.0509160356561094,5.705641301598384,,0.005,,,
red_team_llama_guard,llama_31_8B_instruct,10.0,0.9,100,50,Information-gain + sequential AHT,50,0.9006199991703033,0.00022104325176878315,0.857350238479692,0.5624379182616823,1.1869160856990593,0.35607482570971777,10.0919846911181,,0.005,4.3620481329633956,,0.27594334609095994
red_team_llama_guard,llama_31_8B_instruct,10.0,0.9,100,50,Information-gain + sequential AHT + CRC,50,0.9012199997901916,0.0002590549241829759,1.8470883596920924,1.2906298810059695,2.7959483498913027,0.8387845049673908,6.39822901735044,,0.005,4.097837379698896,,0.6799046231524416
red_team_llama_guard,llama_31_8B_instruct,10.0,0.9,100,50,Oracle,50,0.8990799975395203,9.336312062185585e-05,0.5001266666666667,0.0,,,67.82929333333334,,,,,
red_team_llama_guard,llama_31_8B_instruct,10.0,0.9,100,50,Residual + sequential AHT,50,0.8997466695308686,0.00027341306313581436,1.3618610100841118,0.9198670169554566,1.7306863512136186,0.5192059053640856,9.96363007338206,,0.005,4.510110597160929,,28.39139241210456
red_team_llama_guard,llama_31_8B_instruct,10.0,0.9,100,50,Residual + sequential AHT + CRC,50,0.9005599999427796,0.00035391117568299137,2.513705944690808,1.7709893448235854,3.413540144632969,1.0240620433898906,6.400531525050585,,0.005,4.182489602377696,,52.827586967196076
red_team_llama_guard,llama_31_8B_instruct,10.0,0.9,100,50,Soft-prefix DAPRO,50,0.906206669807434,0.0002636004405202847,0.8597146002420986,0.588105164920854,2.55422644525144,0.7662679335754319,9.903298798524482,,0.005,4.971234875593886,,0.8690690520239547
red_team_llama_guard,llama_31_8B_instruct,10.0,0.9,100,50,Soft-prefix DAPRO + CRC,50,0.9048733329772949,0.0009678092019581937,1.825347853152091,1.3115511018131119,5.770226177173636,1.7310678531520909,6.401230301793387,,0.005,4.526138141760342,,1.7574151741432937
red_team_llama_guard,llama_31_8B_instruct,10.0,0.9,100,50,Static,50,0.8975800013542176,0.0006069469608147132,1.755667796127072,1.3586371345414903,4.528790448471635,1.3586371345414903,3.669510267360235,,,,,
red_team_llama_guard,llama_31_8B_instruct,10.0,0.9,200,100,Endpoint/block + terminal residual AHT,50,0.9002066695690155,0.0002132014255942811,0.4779662360454826,0.30330616098002094,1.0110205366000697,0.30330616098002094,10.211383481779933,,0.005,,,
red_team_llama_guard,llama_31_8B_instruct,10.0,0.9,200,100,Endpoint/block + terminal residual AHT + CRC,50,0.9028355518976847,0.00046787433671129097,1.3928877009651468,1.0509160356561094,3.5030534521870313,1.0509160356561094,5.705641301598384,,0.005,,,
red_team_llama_guard,llama_31_8B_instruct,10.0,0.9,200,100,Information-gain + sequential AHT,50,0.9009133315086365,0.0002635410014562115,0.8979889073981984,0.6015520576702493,1.3859187346774204,0.41577562040322613,10.033924887814951,,0.005,4.568601489689337,,0.3404635283260803
red_team_llama_guard,llama_31_8B_instruct,10.0,0.9,200,100,Information-gain + sequential AHT + CRC,50,0.8998866653442383,0.0004139891226316997,1.6537283175808526,1.1578005934414808,2.633716704482344,0.7901150113447032,8.169431653175156,,0.005,4.260105827892194,,0.6366952827219613
red_team_llama_guard,llama_31_8B_instruct,10.0,0.9,200,100,Oracle,50,0.8990799975395203,9.336312062185585e-05,0.5001266666666667,0.0,,,67.82929333333334,,,,,
red_team_llama_guard,llama_31_8B_instruct,10.0,0.9,200,100,Residual + sequential AHT,50,0.8992399978637695,0.0002736783429707237,1.2328046681554665,0.8390250269592526,1.7926280110998747,0.5377884033299624,10.011689938720226,,0.005,4.596244910812781,,26.48980772360375
red_team_llama_guard,llama_31_8B_instruct,10.0,0.9,200,100,Residual + sequential AHT + CRC,50,0.8970600032806396,0.000508329783239024,2.2101610655519037,1.5452045771308507,3.2827684678444258,0.9848305403533277,8.15703835790329,,0.005,4.398234125365975,,48.90117636481093
red_team_llama_guard,llama_31_8B_instruct,10.0,0.9,200,100,Soft-prefix DAPRO,50,0.8998933351039886,0.0003388545568389071,0.7979677948432544,0.5402712211302013,2.3302259828108483,0.6990677948432544,9.977152917792447,,0.005,5.14581127416689,,0.6892814401969359
red_team_llama_guard,llama_31_8B_instruct,10.0,0.9,200,100,Soft-prefix DAPRO + CRC,50,0.9074933350086212,0.0005613751635641974,1.4740874317550754,1.0862392385074513,4.607158105850251,1.3821474317550755,8.167723538425946,,0.005,4.841553226620135,,1.5448440486884263
red_team_llama_guard,llama_31_8B_instruct,10.0,0.9,200,100,Static,50,0.8975800013542176,0.0006069469608147132,1.755667796127072,1.3586371345414903,4.528790448471635,1.3586371345414903,3.669510267360235,,,,,
red_team_llama_guard,llama_31_8B_instruct,20.0,0.7,50,25,Endpoint/block + terminal residual AHT,50,0.7013000011444092,0.00034783783221976287,0.8514564737350231,0.3361227519495713,1.1204091731652377,0.3361227519495713,20.63066337327533,,0.005,,,
red_team_llama_guard,llama_31_8B_instruct,20.0,0.7,50,25,Endpoint/block + terminal residual AHT + CRC,50,0.7001044432322184,0.0004428622230581588,1.210129663552077,0.5549190320190746,1.8497301067302483,0.5549190320190746,16.224820292813966,,0.005,,,
red_team_llama_guard,llama_31_8B_instruct,20.0,0.7,50,25,Information-gain + sequential AHT,50,0.7002999973297119,0.00035939791822798173,2.115753631990406,0.731662636321528,1.4847723097554952,0.4454316929266486,20.54853115980628,,0.005,2.1300215127176436,,0.2820839448909576
red_team_llama_guard,llama_31_8B_instruct,20.0,0.7,50,25,Information-gain + sequential AHT + CRC,50,0.6984666633605957,0.000528018314214767,3.207537794350523,1.2221046471464603,2.7000132714730887,0.8100039814419265,13.118445857172562,,0.005,2.0986444635990074,,0.5753037919472268
red_team_llama_guard,llama_31_8B_instruct,20.0,0.7,50,25,Oracle,50,0.7006066632270813,0.00018925037997598163,0.5147933333333333,0.0,,,67.82929333333334,,,,,
red_team_llama_guard,llama_31_8B_instruct,20.0,0.7,50,25,Residual + sequential AHT,50,0.7043066692352294,0.0003103757221378767,3.7185003130032084,1.4055289611633333,2.876631394355698,0.8629894183067094,20.001972932855445,,0.005,2.118166318756583,,22.20687818526116
red_team_llama_guard,llama_31_8B_instruct,20.0,0.7,50,25,Residual + sequential AHT + CRC,50,0.7054133307933808,0.0005596760536029989,4.850017212097535,1.9199404127216309,4.15119771613915,1.2453593148417448,13.023758307966247,,0.005,2.127495573306527,,33.965092476384676
red_team_llama_guard,llama_31_8B_instruct,20.0,0.7,50,25,Soft-prefix DAPRO,50,0.6948599994182587,0.0007652568188188421,2.6980619240012333,0.9762473849132237,7.977295302226333,2.3931885906679,20.16393387817001,,0.005,2.425693718240866,,1.336994101058385
red_team_llama_guard,llama_31_8B_instruct,20.0,0.7,50,25,Soft-prefix DAPRO + CRC,50,0.699646668434143,0.0014537839514107802,3.7474078526725463,1.4629054086528983,11.490203953352932,3.44706118600588,13.073878687366875,,0.005,2.352341164368782,,2.3487995698675843
red_team_llama_guard,llama_31_8B_instruct,20.0,0.7,50,25,Static,50,0.6988133323192597,0.0008271846779410514,2.637652422842048,1.4637781914365484,4.879260638121829,1.4637781914365484,7.33902053472047,,,,,
red_team_llama_guard,llama_31_8B_instruct,20.0,0.7,100,50,Endpoint/block + terminal residual AHT,50,0.7013000011444092,0.00034783783221976287,0.8514564737350231,0.3361227519495713,1.1204091731652377,0.3361227519495713,20.63066337327533,,0.005,,,
red_team_llama_guard,llama_31_8B_instruct,20.0,0.7,100,50,Endpoint/block + terminal residual AHT + CRC,50,0.7001044432322184,0.0004428622230581588,1.210129663552077,0.5549190320190746,1.8497301067302483,0.5549190320190746,16.224820292813966,,0.005,,,
red_team_llama_guard,llama_31_8B_instruct,20.0,0.7,100,50,Information-gain + sequential AHT,50,0.7024133312702179,0.00040021119802828293,1.854341100119959,0.6377465844681383,1.3158069254710505,0.39474207764131514,20.345946111671186,,0.005,2.188341317842611,,0.22092902909313283
red_team_llama_guard,llama_31_8B_instruct,20.0,0.7,100,50,Information-gain + sequential AHT + CRC,50,0.7003866672515869,0.00045545741791502305,2.5624610518798887,0.9396260693995597,2.019896989539536,0.6059690968618607,16.422121903014908,,0.005,2.1274831510819583,,0.41245768849144093
red_team_llama_guard,llama_31_8B_instruct,20.0,0.7,100,50,Oracle,50,0.7006066632270813,0.00018925037997598163,0.5147933333333333,0.0,,,67.82929333333334,,,,,
red_team_llama_guard,llama_31_8B_instruct,20.0,0.7,100,50,Residual + sequential AHT,50,0.69799999833107,0.00040145568254721975,3.0346058184730724,1.132558443068517,2.4387565991627365,0.731626979748821,19.957193484166506,,0.005,2.1681242217747876,,12.278656634316333
red_team_llama_guard,llama_31_8B_instruct,20.0,0.7,100,50,Residual + sequential AHT + CRC,50,0.7026800036430358,0.000391936424296874,4.127525873086477,1.5981431681697413,3.390782389447619,1.0172347168342857,16.33226438802056,,0.005,2.1156423254906476,,26.497636462518575
red_team_llama_guard,llama_31_8B_instruct,20.0,0.7,100,50,Soft-prefix DAPRO,50,0.7041066646575928,0.0005221335171966341,1.9232512276125364,0.7050246050318375,5.425570758708456,1.6276712276125362,20.014321966893956,,0.005,2.4904289965294937,,0.7956063010869328
red_team_llama_guard,llama_31_8B_instruct,20.0,0.7,100,50,Soft-prefix DAPRO + CRC,50,0.697440003156662,0.001172251499507488,3.0102849680283374,1.148409734257964,9.02643878231668,2.7079316346950035,16.51842683296719,,0.005,2.421406184295046,,1.6287077313228937
red_team_llama_guard,llama_31_8B_instruct,20.0,0.7,100,50,Static,50,0.6988133323192597,0.0008271846779410514,2.637652422842048,1.4637781914365484,4.879260638121829,1.4637781914365484,7.33902053472047,,,,,
red_team_llama_guard,llama_31_8B_instruct,20.0,0.7,200,100,Endpoint/block + terminal residual AHT,50,0.7013000011444092,0.00034783783221976287,0.8514564737350231,0.3361227519495713,1.1204091731652377,0.3361227519495713,20.63066337327533,,0.005,,,
red_team_llama_guard,llama_31_8B_instruct,20.0,0.7,200,100,Endpoint/block + terminal residual AHT + CRC,50,0.7001044432322184,0.0004428622230581588,1.210129663552077,0.5549190320190746,1.8497301067302483,0.5549190320190746,16.224820292813966,,0.005,,,
red_team_llama_guard,llama_31_8B_instruct,20.0,0.7,200,100,Information-gain + sequential AHT,50,0.7026800012588501,0.00033193646906121485,1.8589354542304612,0.6540252747913702,1.3794429435368436,0.41383288306105315,20.131083629266485,,0.005,2.205345260901707,,0.23698923385098425
red_team_llama_guard,llama_31_8B_instruct,20.0,0.7,200,100,Information-gain + sequential AHT + CRC,50,0.7026666605472565,0.00042537872593013146,2.1344240739723266,0.7753688165549281,1.6943264071400799,0.508297922142024,18.320522832343297,,0.005,2.1854756351378177,,0.3186110710008784
red_team_llama_guard,llama_31_8B_instruct,20.0,0.7,200,100,Oracle,50,0.7006066632270813,0.00018925037997598163,0.5147933333333333,0.0,,,67.82929333333334,,,,,
red_team_llama_guard,llama_31_8B_instruct,20.0,0.7,200,100,Residual + sequential AHT,50,0.7017866694927215,0.000356570380504205,2.4839138522518653,0.9310862968461319,2.015867243497639,0.6047601730492916,20.04728113482513,,0.005,2.174248284664894,,10.290580926850069
red_team_llama_guard,llama_31_8B_instruct,20.0,0.7,200,100,Residual + sequential AHT + CRC,50,0.6980533349514008,0.0003840513936935812,3.1967558659513404,1.2281674557779174,2.759600490355772,0.8278801471067316,18.315550382829237,,0.005,2.165984645931051,,15.07909476208709
red_team_llama_guard,llama_31_8B_instruct,20.0,0.7,200,100,Soft-prefix DAPRO,50,0.6985399961471558,0.000673527821793506,1.727738049767007,0.652576618211462,4.752882388112246,1.4258647164336735,20.022158910106405,,0.005,2.5046183564942854,,0.5436377592916397
red_team_llama_guard,llama_31_8B_instruct,20.0,0.7,200,100,Soft-prefix DAPRO + CRC,50,0.7033133339881897,0.00040132156352779794,2.156784803195651,0.830417962926137,6.200393788429948,1.8601181365289845,18.26958111997878,,0.005,2.48605032921029,,0.9817420870130629
red_team_llama_guard,llama_31_8B_instruct,20.0,0.7,200,100,Static,50,0.6988133323192597,0.0008271846779410514,2.637652422842048,1.4637781914365484,4.879260638121829,1.4637781914365484,7.33902053472047,,,,,
red_team_llama_guard,llama_31_8B_instruct,20.0,0.8,50,25,Endpoint/block + terminal residual AHT,50,0.7997533309459687,0.0002705795693678664,0.5393397739613449,0.23674154084861868,0.7891384694953958,0.23674154084861868,20.56808968090581,,0.005,,,
red_team_llama_guard,llama_31_8B_instruct,20.0,0.8,50,25,Endpoint/block + terminal residual AHT + CRC,50,0.7979666701952617,0.0003814149205212799,0.7651856057692658,0.3944587158149649,1.3148623860498831,0.3944587158149649,16.269502641640596,,0.005,,,
red_team_llama_guard,llama_31_8B_instruct,20.0,0.8,50,25,Information-gain + sequential AHT,50,0.8004866695404053,0.0002197424023323408,1.132053242079212,0.49884871783227147,0.9664998409824413,0.2899499522947324,20.733677675880834,,0.005,2.863424831457977,,0.1953892494739783
red_team_llama_guard,llama_31_8B_instruct,20.0,0.8,50,25,Information-gain + sequential AHT + CRC,50,0.8001466691493988,0.000293569813113781,1.7691236361914973,0.8678480231671273,1.8502527754293059,0.5550758326287917,13.398810244885526,,0.005,2.6853677269481424,,0.41236874865290707
red_team_llama_guard,llama_31_8B_instruct,20.0,0.8,50,25,Oracle,50,0.7999000012874603,0.00012251822017408847,0.5280866666666667,0.0,,,67.82929333333334,,,,,
red_team_llama_guard,llama_31_8B_instruct,20.0,0.8,50,25,Residual + sequential AHT,50,0.798953331708908,0.0003632471041109118,2.2330475647521073,1.0873595953624255,2.1561364482533247,0.6468409344759976,20.385281636329797,,0.005,2.8800104675432077,,19.639681076619453
red_team_llama_guard,llama_31_8B_instruct,20.0,0.8,50,25,Residual + sequential AHT + CRC,50,0.7944133341312408,0.0006274720035843,3.3635009530281947,1.6996848551285568,3.597574906898829,1.0792724720696487,13.565774592500095,,0.005,2.8001549097845344,,33.48028488677477
red_team_llama_guard,llama_31_8B_instruct,20.0,0.8,50,25,Soft-prefix DAPRO,50,0.7960799968242646,0.000587703425217156,1.507249910240093,0.7024282130834942,4.346277478578087,1.3038832435734262,19.91289887500919,,0.005,3.2711836600722357,,0.8622553590134957
red_team_llama_guard,llama_31_8B_instruct,20.0,0.8,50,25,Soft-prefix DAPRO + CRC,50,0.7993466639518738,0.0009721314543687982,2.232295700565876,1.1080481148887111,6.772052335219587,2.031615700565876,13.588257990546674,,0.005,3.092027431457291,,1.6467332247607893
red_team_llama_guard,llama_31_8B_instruct,20.0,0.8,50,25,Static,50,0.7968800032138824,0.0005652687091732828,1.7619241480378611,1.1176666413928633,3.7255554713095442,1.1176666413928633,7.33902053472047,,,,,
red_team_llama_guard,llama_31_8B_instruct,20.0,0.8,100,50,Endpoint/block + terminal residual AHT,50,0.7997533309459687,0.0002705795693678664,0.5393397739613449,0.23674154084861868,0.7891384694953958,0.23674154084861868,20.56808968090581,,0.005,,,
red_team_llama_guard,llama_31_8B_instruct,20.0,0.8,100,50,Endpoint/block + terminal residual AHT + CRC,50,0.7979666701952617,0.0003814149205212799,0.7651856057692658,0.3944587158149649,1.3148623860498831,0.3944587158149649,16.269502641640596,,0.005,,,
red_team_llama_guard,llama_31_8B_instruct,20.0,0.8,100,50,Information-gain + sequential AHT,50,0.8005333316326141,0.00020785932456365976,1.0633453235871106,0.4650017670170606,0.9116915700548023,0.27350747101644063,20.27445903585076,,0.005,2.8845162507816453,,0.18280063435824995
red_team_llama_guard,llama_31_8B_instruct,20.0,0.8,100,50,Information-gain + sequential AHT + CRC,50,0.8000533366203308,0.0002566456128148408,1.4324047204360553,0.6735130086560056,1.3960251626508577,0.41880754879525733,16.407541328909154,,0.005,2.8567844096053046,,0.29598739861563717
red_team_llama_guard,llama_31_8B_instruct,20.0,0.8,100,50,Oracle,50,0.7999000012874603,0.00012251822017408847,0.5280866666666667,0.0,,,67.82929333333334,,,,,
red_team_llama_guard,llama_31_8B_instruct,20.0,0.8,100,50,Residual + sequential AHT,50,0.7968866670131683,0.00027926815658781893,1.9417649898869294,0.9336090485576011,1.8976796894171215,0.5693039068251364,19.9519342409262,,0.005,2.8313548322078965,,14.38991274549437
red_team_llama_guard,llama_31_8B_instruct,20.0,0.8,100,50,Residual + sequential AHT + CRC,50,0.7991066658496857,0.0003694395315431451,2.4342249466808177,1.2259593916759741,2.6267174523691574,0.788015235710747,16.50164743254399,,0.005,2.873989834847037,,23.963284365123094
red_team_llama_guard,llama_31_8B_instruct,20.0,0.8,100,50,Soft-prefix DAPRO,50,0.7941866672039032,0.00039081711131335904,1.2763596079289472,0.5950493695087838,3.5701764708742685,1.0710529412622807,19.890332918145774,,0.005,3.374171248751726,,0.6631564351689448
red_team_llama_guard,llama_31_8B_instruct,20.0,0.8,100,50,Soft-prefix DAPRO + CRC,50,0.7944933319091797,0.000724042027329926,1.778434791158298,0.856011958761894,5.2444937483054375,1.5733481244916314,16.667927306082486,,0.005,3.2639551944091334,,1.0361595402064128
red_team_llama_guard,llama_31_8B_instruct,20.0,0.8,100,50,Static,50,0.7968800032138824,0.0005652687091732828,1.7619241480378611,1.1176666413928633,3.7255554713095442,1.1176666413928633,7.33902053472047,,,,,
red_team_llama_guard,llama_31_8B_instruct,20.0,0.8,200,100,Endpoint/block + terminal residual AHT,50,0.7997533309459687,0.0002705795693678664,0.5393397739613449,0.23674154084861868,0.7891384694953958,0.23674154084861868,20.56808968090581,,0.005,,,
red_team_llama_guard,llama_31_8B_instruct,20.0,0.8,200,100,Endpoint/block + terminal residual AHT + CRC,50,0.7979666701952617,0.0003814149205212799,0.7651856057692658,0.3944587158149649,1.3148623860498831,0.3944587158149649,16.269502641640596,,0.005,,,
red_team_llama_guard,llama_31_8B_instruct,20.0,0.8,200,100,Information-gain + sequential AHT,50,0.8006466686725616,0.00021831935285133988,1.0308862574619349,0.4547445246823362,0.9177878056313028,0.2753363416893908,20.117926118335777,,0.005,2.9159287765218576,,0.17299161116589043
red_team_llama_guard,llama_31_8B_instruct,20.0,0.8,200,100,Information-gain + sequential AHT + CRC,50,0.8012933361530304,0.0001906649875983797,1.2172506773322203,0.5634240378511727,1.1867705792229981,0.35603117376689936,18.200077449789678,,0.005,2.8790172627835777,,0.2588625083064001
red_team_llama_guard,llama_31_8B_instruct,20.0,0.8,200,100,Oracle,50,0.7999000012874603,0.00012251822017408847,0.5280866666666667,0.0,,,67.82929333333334,,,,,
red_team_llama_guard,llama_31_8B_instruct,20.0,0.8,200,100,Residual + sequential AHT,50,0.798566666841507,0.0003543049182516548,1.6539938153070448,0.7851918609385667,1.6140266578967706,0.48420799736903114,20.095720603257377,,0.005,2.8265023732266887,,9.386305447536762
red_team_llama_guard,llama_31_8B_instruct,20.0,0.8,200,100,Residual + sequential AHT + CRC,50,0.7967333281040192,0.00029256243896078044,2.0262743716907807,0.9965188680169235,2.0962007348510285,0.6288602204553086,18.3158802240697,,0.005,2.82676054513351,,17.33063511422659
red_team_llama_guard,llama_31_8B_instruct,20.0,0.8,200,100,Soft-prefix DAPRO,50,0.7967866683006286,0.00025309636691393453,1.035027384422102,0.48222972687012594,2.774157948073673,0.832247384422102,19.969165381990344,,0.005,3.400089501126503,,0.4774166995445862
red_team_llama_guard,llama_31_8B_instruct,20.0,0.8,200,100,Soft-prefix DAPRO + CRC,50,0.7927466666698456,0.0005462066632528552,1.4657815555109766,0.7104573826683988,4.197316296147701,1.25919488884431,18.27246698947196,,0.005,3.367699348082247,,0.8233541363877666
red_team_llama_guard,llama_31_8B_instruct,20.0,0.8,200,100,Static,50,0.7968800032138824,0.0005652687091732828,1.7619241480378611,1.1176666413928633,3.7255554713095442,1.1176666413928633,7.33902053472047,,,,,
red_team_llama_guard,llama_31_8B_instruct,20.0,0.9,50,25,Endpoint/block + terminal residual AHT,50,0.900066670179367,0.00013618596382346083,0.2379496544735442,0.10999864747522042,0.36666215825073484,0.10999864747522042,20.422766963559866,,0.005,,,
red_team_llama_guard,llama_31_8B_instruct,20.0,0.9,50,25,Endpoint/block + terminal residual AHT + CRC,50,0.8996533334255219,0.00015582237816193844,0.3333342044484021,0.1866709297257602,0.6222364324192008,0.1866709297257602,16.384016133110514,,0.005,,,
red_team_llama_guard,llama_31_8B_instruct,20.0,0.9,50,25,Information-gain + sequential AHT,50,0.9007200014591217,0.0001307409804087932,0.42504746468137894,0.23670658575163128,0.39227238798812714,0.11768171639643811,20.473944559595065,,0.005,4.135200886060083,,0.08855862948813721
red_team_llama_guard,llama_31_8B_instruct,20.0,0.9,50,25,Information-gain + sequential AHT + CRC,50,0.9014266681671143,0.00017134711541302736,0.7789540812794169,0.4995380890630143,0.9892483482867146,0.29677450448601433,13.650135495799264,,0.005,3.896643087866836,,0.23930541368454958
red_team_llama_guard,llama_31_8B_instruct,20.0,0.9,50,25,Oracle,50,0.8990799975395203,9.336312062185585e-05,0.5001266666666667,0.0,,,67.82929333333334,,,,,
red_team_llama_guard,llama_31_8B_instruct,20.0,0.9,50,25,Residual + sequential AHT,50,0.9005266690254211,0.0001479777773242835,0.9617481335270014,0.6304133874535939,0.956043875727778,0.2868131627183334,20.136163071573677,,0.005,4.328948504978989,,13.949162492616106
red_team_llama_guard,llama_31_8B_instruct,20.0,0.9,50,25,Residual + sequential AHT + CRC,50,0.899613332748413,0.0002191354742123797,1.5822117580919552,1.0621934927266727,1.942578294237734,0.5827734882713203,13.516759270302895,,0.005,4.181244917018348,,31.236941852679397
red_team_llama_guard,llama_31_8B_instruct,20.0,0.9,50,25,Soft-prefix DAPRO,50,0.9018533337116241,0.00017983293897669191,0.4858074741048469,0.28781678111941955,1.2946026914606008,0.38838080743818026,19.61002052100686,,0.005,4.551305935279961,,0.4108020524867901
red_team_llama_guard,llama_31_8B_instruct,20.0,0.9,50,25,Soft-prefix DAPRO + CRC,50,0.9064666664600373,0.00033557804195283596,0.9499544604354182,0.6482487938861102,2.856692645895839,0.8570077937687516,13.166670028292952,,0.005,4.221856926833142,,0.9434335778425756
red_team_llama_guard,llama_31_8B_instruct,20.0,0.9,50,25,Static,50,0.8990666663646698,0.00033178245293397936,0.8707679319054527,0.6347355283653608,2.1157850945512027,0.6347355283653608,7.33902053472047,,,,,
red_team_llama_guard,llama_31_8B_instruct,20.0,0.9,100,50,Endpoint/block + terminal residual AHT,50,0.900066670179367,0.00013618596382346083,0.2379496544735442,0.10999864747522042,0.36666215825073484,0.10999864747522042,20.422766963559866,,0.005,,,
red_team_llama_guard,llama_31_8B_instruct,20.0,0.9,100,50,Endpoint/block + terminal residual AHT + CRC,50,0.8996533334255219,0.00015582237816193844,0.3333342044484021,0.1866709297257602,0.6222364324192008,0.1866709297257602,16.384016133110514,,0.005,,,
red_team_llama_guard,llama_31_8B_instruct,20.0,0.9,100,50,Information-gain + sequential AHT,50,0.8990733301639557,8.752070156091813e-05,0.36532828352847907,0.19169214394676665,0.35075473649921945,0.1052264209497658,20.271035398942914,,0.005,4.371672476426689,,0.07395610210874262
red_team_llama_guard,llama_31_8B_instruct,20.0,0.9,100,50,Information-gain + sequential AHT + CRC,50,0.9007733380794525,0.00014988406800954865,0.5301503774549006,0.31554043591742925,0.5759604083813711,0.17278812251441128,16.712736145500376,,0.005,4.122913127994016,,0.13808948130838256
red_team_llama_guard,llama_31_8B_instruct,20.0,0.9,100,50,Oracle,50,0.8990799975395203,9.336312062185585e-05,0.5001266666666667,0.0,,,67.82929333333334,,,,,
red_team_llama_guard,llama_31_8B_instruct,20.0,0.9,100,50,Residual + sequential AHT,50,0.8987000012397766,0.00011418707372088202,0.6933318592728991,0.4229154776903723,0.7048629836428855,0.21145889509286558,20.092733745808925,,0.005,4.5858285862083505,,11.864703946172618
red_team_llama_guard,llama_31_8B_instruct,20.0,0.9,100,50,Residual + sequential AHT + CRC,50,0.9015600037574768,0.0001401924376568901,1.0358785650532294,0.6893016726254524,1.0915794076652796,0.3274738222995838,16.673424611462565,,0.005,4.316518422300059,,17.372123289942138
red_team_llama_guard,llama_31_8B_instruct,20.0,0.9,100,50,Soft-prefix DAPRO,50,0.9009333372116088,0.0001181587373688635,0.4098924672177595,0.23239362961021853,1.0383526685036428,0.31150580055109284,19.695529238387163,,0.005,4.957037496617497,,0.33877163693543233
red_team_llama_guard,llama_31_8B_instruct,20.0,0.9,100,50,Soft-prefix DAPRO + CRC,50,0.9008266651630401,0.00022523462317298494,0.6003687192439175,0.36943529255642943,1.672917953035281,0.5018753859105842,16.456616822665623,,0.005,4.53800106670785,,0.5175776344951923
red_team_llama_guard,llama_31_8B_instruct,20.0,0.9,100,50,Static,50,0.8990666663646698,0.00033178245293397936,0.8707679319054527,0.6347355283653608,2.1157850945512027,0.6347355283653608,7.33902053472047,,,,,
red_team_llama_guard,llama_31_8B_instruct,20.0,0.9,200,100,Endpoint/block + terminal residual AHT,50,0.900066670179367,0.00013618596382346083,0.2379496544735442,0.10999864747522042,0.36666215825073484,0.10999864747522042,20.422766963559866,,0.005,,,
red_team_llama_guard,llama_31_8B_instruct,20.0,0.9,200,100,Endpoint/block + terminal residual AHT + CRC,50,0.8996533334255219,0.00015582237816193844,0.3333342044484021,0.1866709297257602,0.6222364324192008,0.1866709297257602,16.384016133110514,,0.005,,,
red_team_llama_guard,llama_31_8B_instruct,20.0,0.9,200,100,Information-gain + sequential AHT,50,0.9002799987792969,0.00011851411738670318,0.34412148538866527,0.17798829588254533,0.3471971166106793,0.10415913498320375,20.067933332797406,,0.005,4.662598298488888,,0.07512847176496922
red_team_llama_guard,llama_31_8B_instruct,20.0,0.9,200,100,Information-gain + sequential AHT + CRC,50,0.9002733337879181,0.00010261091747581096,0.42512069946066733,0.23951607838289551,0.4694755620570444,0.14084266861711325,18.107958341099653,,0.005,4.367012668708485,,0.1110188658413578
red_team_llama_guard,llama_31_8B_instruct,20.0,0.9,200,100,Oracle,50,0.8990799975395203,9.336312062185585e-05,0.5001266666666667,0.0,,,67.82929333333334,,,,,
red_team_llama_guard,llama_31_8B_instruct,20.0,0.9,200,100,Residual + sequential AHT,50,0.8986266660690307,0.0001721253519358126,0.6016114346075678,0.3581595756122002,0.6107554038439416,0.18322662115318242,20.016708717848314,,0.005,4.697956960493649,,10.342332965049065
red_team_llama_guard,llama_31_8B_instruct,20.0,0.9,200,100,Residual + sequential AHT + CRC,50,0.8991866624355316,0.00013575129143469,0.7725766619843487,0.48387428141161787,0.8332056386185773,0.2499616915855732,18.043947040136143,,0.005,4.578029190748385,,14.331052357111858
red_team_llama_guard,llama_31_8B_instruct,20.0,0.9,200,100,Soft-prefix DAPRO,50,0.8979066693782807,0.0001394922717262751,0.33550012405450674,0.17518722289693417,0.7820893024039113,0.23462679072117335,19.921692825124623,,0.005,5.2718090303821485,,0.22548992409305718
red_team_llama_guard,llama_31_8B_instruct,20.0,0.9,200,100,Soft-prefix DAPRO + CRC,50,0.9012266671657563,0.0001402921701943103,0.4830456135225888,0.28919157719962285,1.2833076006308515,0.3849922801892554,17.89461776470382,,0.005,4.9495563770976965,,0.426639722031871
red_team_llama_guard,llama_31_8B_instruct,20.0,0.9,200,100,Static,50,0.8990666663646698,0.00033178245293397936,0.8707679319054527,0.6347355283653608,2.1157850945512027,0.6347355283653608,7.33902053472047,,,,,
red_team_llama_guard,mini_phi_4_instruct,10.0,0.7,50,25,Endpoint/block + terminal residual AHT,50,0.6990666675567627,0.0008508030126341036,2.6515060852551926,1.679622125007041,5.598740416690137,1.679622125007041,7.78372100943708,,0.005,,,
red_team_llama_guard,mini_phi_4_instruct,10.0,0.7,50,25,Endpoint/block + terminal residual AHT + CRC,50,0.702422221104304,0.0016952553236070863,6.667522887689509,4.608318546820874,15.361061822736247,4.608318546820874,5.434402615951999,,0.005,,,
red_team_llama_guard,mini_phi_4_instruct,10.0,0.7,50,25,Information-gain + sequential AHT,50,0.6973133325576782,0.0006823464843504569,8.407098146419987,3.2432381489366704,4.6064506367889075,1.381935191036672,10.029401800412998,,0.005,2.3339888189462403,,1.710222771402699
red_team_llama_guard,mini_phi_4_instruct,10.0,0.7,50,25,Information-gain + sequential AHT + CRC,50,0.7054533338546753,0.0030009883046433834,26.93709662883939,13.49389538727738,32.730593129564205,9.819177938869263,2.4739923029512707,,0.005,2.3966879425128824,,10.007521685126417
red_team_llama_guard,mini_phi_4_instruct,10.0,0.7,50,25,Oracle,50,0.6991933381557465,0.00017645860401883543,0.6917266666666667,0.0,,,68.42192,,,,,
red_team_llama_guard,mini_phi_4_instruct,10.0,0.7,50,25,Residual + sequential AHT,50,0.6990333330631257,0.000732101064676865,8.847107016941226,3.474083957686872,4.581735863618222,1.3745207590854667,9.888801639312515,,0.005,2.3925750628307823,,56.01116330071899
red_team_llama_guard,mini_phi_4_instruct,10.0,0.7,50,25,Residual + sequential AHT + CRC,50,0.7089066612720489,0.003029261320313244,23.401756024894002,12.74479279284265,31.437604794498096,9.43128143834943,2.465199401279812,,0.005,2.461744465217974,,401.330752804211
red_team_llama_guard,mini_phi_4_instruct,10.0,0.7,50,25,Soft-prefix DAPRO,50,0.710846666097641,0.002836296340472577,4.85493537029147,2.285200021208136,15.222251234304899,4.56667537029147,9.775010877500366,,0.005,2.7011761373362293,,2.7902387201354726
red_team_llama_guard,mini_phi_4_instruct,10.0,0.7,50,25,Soft-prefix DAPRO + CRC,50,0.731839998960495,0.007792377418521612,18.14185102307704,11.438488845496279,59.58399229914569,17.875197689743707,2.4836640407965485,,0.005,2.7090275668448482,,13.976588559358513
red_team_llama_guard,mini_phi_4_instruct,10.0,0.7,50,25,Static,50,0.7003133344650269,0.0016427050059632856,5.96386657779813,4.209959564037752,14.033198546792507,4.209959564037752,3.421096050978303,,,,,
red_team_llama_guard,mini_phi_4_instruct,10.0,0.7,100,50,Endpoint/block + terminal residual AHT,50,0.6990666675567627,0.0008508030126341036,2.6515060852551926,1.679622125007041,5.598740416690137,1.679622125007041,7.78372100943708,,0.005,,,
red_team_llama_guard,mini_phi_4_instruct,10.0,0.7,100,50,Endpoint/block + terminal residual AHT + CRC,50,0.702422221104304,0.0016952553236070863,6.667522887689509,4.608318546820874,15.361061822736247,4.608318546820874,5.434402615951999,,0.005,,,
red_team_llama_guard,mini_phi_4_instruct,10.0,0.7,100,50,Information-gain + sequential AHT,50,0.6984800028800965,0.000639891754156409,7.630065420159635,3.052669318370135,4.698762669266092,1.4096288007798277,9.976538912088161,,0.005,2.411961920982864,,1.5925638742279629
red_team_llama_guard,mini_phi_4_instruct,10.0,0.7,100,50,Information-gain + sequential AHT + CRC,50,0.70018000125885,0.001104241280951908,13.10821704162448,5.642600265410021,10.430855514512407,3.129256654353722,6.2314501353807215,,0.005,2.3576325101094744,,3.549516754234714
red_team_llama_guard,mini_phi_4_instruct,10.0,0.7,100,50,Oracle,50,0.6991933381557465,0.00017645860401883543,0.6917266666666667,0.0,,,68.42192,,,,,
red_team_llama_guard,mini_phi_4_instruct,10.0,0.7,100,50,Residual + sequential AHT,50,0.6987666630744934,0.0007087994244247107,8.152763215346173,3.3111034638555945,4.851193507758094,1.455358052327428,9.898540572065222,,0.005,2.4290553280731357,,57.97707664090734
red_team_llama_guard,mini_phi_4_instruct,10.0,0.7,100,50,Residual + sequential AHT + CRC,50,0.7034400010108948,0.0014899522513116409,11.99207225343618,5.4341119215972675,9.956096237250177,2.9868288711750535,6.2234920034312475,,0.005,2.4131787327047176,,127.30184998993242
red_team_llama_guard,mini_phi_4_instruct,10.0,0.7,100,50,Soft-prefix DAPRO,50,0.7135333323478699,0.0019141902867728727,4.541311600158068,2.2413980779636784,14.185949778304671,4.255784933491401,9.888918129074693,,0.005,2.7350203967699644,,1.9392022404278222
red_team_llama_guard,mini_phi_4_instruct,10.0,0.7,100,50,Soft-prefix DAPRO + CRC,50,0.7185933351516723,0.0039663955202903604,7.723918569234395,4.207996194503836,24.81301745300354,7.443905235901061,6.270665589133514,,0.005,2.7056179680747388,,5.091975803228397
red_team_llama_guard,mini_phi_4_instruct,10.0,0.7,100,50,Static,50,0.7003133344650269,0.0016427050059632856,5.96386657779813,4.209959564037752,14.033198546792507,4.209959564037752,3.421096050978303,,,,,
red_team_llama_guard,mini_phi_4_instruct,10.0,0.7,200,100,Endpoint/block + terminal residual AHT,50,0.6990666675567627,0.0008508030126341036,2.6515060852551926,1.679622125007041,5.598740416690137,1.679622125007041,7.78372100943708,,0.005,,,
red_team_llama_guard,mini_phi_4_instruct,10.0,0.7,200,100,Endpoint/block + terminal residual AHT + CRC,50,0.702422221104304,0.0016952553236070863,6.667522887689509,4.608318546820874,15.361061822736247,4.608318546820874,5.434402615951999,,0.005,,,
red_team_llama_guard,mini_phi_4_instruct,10.0,0.7,200,100,Information-gain + sequential AHT,50,0.6966266655921936,0.0008672500086627051,7.5402249771394985,3.2437315327344947,6.075496825997245,1.8226490477991735,10.082765652362804,,0.005,2.449847156026864,,1.9245282893410751
red_team_llama_guard,mini_phi_4_instruct,10.0,0.7,200,100,Information-gain + sequential AHT + CRC,50,0.7048066639900208,0.0010554787770431294,10.99519255459581,4.95316522520284,9.531258054389049,2.8593774163167147,8.271747954210193,,0.005,2.427072531889176,,3.135518290721269
red_team_llama_guard,mini_phi_4_instruct,10.0,0.7,200,100,Oracle,50,0.6991933381557465,0.00017645860401883543,0.6917266666666667,0.0,,,68.42192,,,,,
red_team_llama_guard,mini_phi_4_instruct,10.0,0.7,200,100,Residual + sequential AHT,50,0.7032399976253509,0.0007832426497488188,8.728606406789979,3.7622613980274275,6.30390689906564,1.8911720697196923,10.041366707796382,,0.005,2.443955745897345,,77.93124509228065
red_team_llama_guard,mini_phi_4_instruct,10.0,0.7,200,100,Residual + sequential AHT + CRC,50,0.7035666644573212,0.0010693482626433313,10.814135384554291,4.987414871180743,9.53854700764598,2.861564102293794,8.274039018713363,,0.005,2.443527986844069,,122.70433805447334
red_team_llama_guard,mini_phi_4_instruct,10.0,0.7,200,100,Soft-prefix DAPRO,50,0.7180466651916504,0.001303968162447138,5.402029968458517,2.825399175209281,17.07009989486172,5.121029968458516,10.039824084760864,,0.005,2.7483031153072517,,2.4974855670763763
red_team_llama_guard,mini_phi_4_instruct,10.0,0.7,200,100,Soft-prefix DAPRO + CRC,50,0.7178266680240631,0.002985479438597173,7.273326640517426,4.05967623059573,23.309399912835865,6.992819973850759,8.291582509941,,0.005,2.7346210604305674,,3.859866922828043
red_team_llama_guard,mini_phi_4_instruct,10.0,0.7,200,100,Static,50,0.7003133344650269,0.0016427050059632856,5.96386657779813,4.209959564037752,14.033198546792507,4.209959564037752,3.421096050978303,,,,,
red_team_llama_guard,mini_phi_4_instruct,10.0,0.8,50,25,Endpoint/block + terminal residual AHT,50,0.7988533389568329,0.00040390091823790857,1.8771895514697237,1.3033423744184074,4.3444745813946914,1.3033423744184074,7.4757573741370615,,0.005,,,
red_team_llama_guard,mini_phi_4_instruct,10.0,0.8,50,25,Endpoint/block + terminal residual AHT + CRC,50,0.8039199995994568,0.0010653059773569787,4.3548295321266774,3.307635321663706,11.025451072212354,3.307635321663706,5.438514196214325,,0.005,,,
red_team_llama_guard,mini_phi_4_instruct,10.0,0.8,50,25,Information-gain + sequential AHT,50,0.7995733332633972,0.0005761860887935654,9.672545616719363,4.818129069287225,6.553125764967631,1.9659377294902893,10.069455900587077,,0.005,2.9430691984777546,,1.2505049130982409
red_team_llama_guard,mini_phi_4_instruct,10.0,0.8,50,25,Information-gain + sequential AHT + CRC,50,0.8057266736030578,0.0026371959314394414,21.282002567522703,12.464834024056142,29.38270360217095,8.814811080651285,2.4903812319402596,,0.005,2.844260077140187,,6.696628733044353
red_team_llama_guard,mini_phi_4_instruct,10.0,0.8,50,25,Oracle,50,0.8000199985504151,9.273201860002108e-05,0.7205800000000001,0.0,,,68.42192,,,,,
red_team_llama_guard,mini_phi_4_instruct,10.0,0.8,50,25,Residual + sequential AHT,50,0.7983599984645844,0.0007159720370892732,13.089208263576275,6.460588910304624,8.581610014957223,2.574483004487167,9.82984168756102,,0.005,2.959151637864831,,63.37509045533182
red_team_llama_guard,mini_phi_4_instruct,10.0,0.8,50,25,Residual + sequential AHT + CRC,50,0.8068000006675721,0.003075700543832155,21.344180164002513,12.67982969982585,29.043012530475313,8.712903759142593,2.4794780052277625,,0.005,2.9240030490374,,357.1659936559313
red_team_llama_guard,mini_phi_4_instruct,10.0,0.8,50,25,Soft-prefix DAPRO,50,0.7966200006008148,0.004315156001130184,7.411371059132952,3.640083539153327,24.029125752665394,7.208737725799619,9.59513037217225,,0.005,3.346306150521392,,3.3411310615173018
red_team_llama_guard,mini_phi_4_instruct,10.0,0.8,50,25,Soft-prefix DAPRO + CRC,50,0.8125999987125396,0.004181601544819511,17.14973699086504,10.867695975467072,56.54196774732791,16.962590324198374,2.487596597813668,,0.005,3.2353847923292376,,9.823966842486392
red_team_llama_guard,mini_phi_4_instruct,10.0,0.8,50,25,Static,50,0.8001999998092652,0.0010151248683845945,4.001333273708821,3.138151216135167,10.460504053783888,3.138151216135167,3.421096050978303,,,,,
red_team_llama_guard,mini_phi_4_instruct,10.0,0.8,100,50,Endpoint/block + terminal residual AHT,50,0.7988533389568329,0.00040390091823790857,1.8771895514697237,1.3033423744184074,4.3444745813946914,1.3033423744184074,7.4757573741370615,,0.005,,,
red_team_llama_guard,mini_phi_4_instruct,10.0,0.8,100,50,Endpoint/block + terminal residual AHT + CRC,50,0.8039199995994568,0.0010653059773569787,4.3548295321266774,3.307635321663706,11.025451072212354,3.307635321663706,5.438514196214325,,0.005,,,
red_team_llama_guard,mini_phi_4_instruct,10.0,0.8,100,50,Information-gain + sequential AHT,50,0.8016200006008148,0.0008318279129688249,9.168353588602146,4.606905101747031,6.295644615971247,1.888693384791374,9.989694398890574,,0.005,3.0410592865208255,,1.1586003287078577
red_team_llama_guard,mini_phi_4_instruct,10.0,0.8,100,50,Information-gain + sequential AHT + CRC,50,0.8028533363342285,0.0010900052505692203,13.195873279158118,6.965449893161076,11.884742348819238,3.565422704645772,6.2625106691630705,,0.005,2.9391851353663303,,2.481273689395544
red_team_llama_guard,mini_phi_4_instruct,10.0,0.8,100,50,Oracle,50,0.8000199985504151,9.273201860002108e-05,0.7205800000000001,0.0,,,68.42192,,,,,
red_team_llama_guard,mini_phi_4_instruct,10.0,0.8,100,50,Residual + sequential AHT,50,0.8016866672039032,0.0005803600759513459,11.600383966328323,5.833517048910057,8.021345604633737,2.4064036813901213,9.90162718174616,,0.005,3.0146406209577004,,55.290030761366005
red_team_llama_guard,mini_phi_4_instruct,10.0,0.8,100,50,Residual + sequential AHT + CRC,50,0.8017733335494995,0.0012127503045967242,14.863650621448965,7.757734989488565,12.62640832187743,3.7879224965632288,6.253038861807246,,0.005,2.9545648320470486,,121.93284019654442
red_team_llama_guard,mini_phi_4_instruct,10.0,0.8,100,50,Soft-prefix DAPRO,50,0.8013199996948243,0.0019937006885053514,6.8450344182583605,3.5175203319257236,22.157381394194534,6.647214418258361,9.823479637741583,,0.005,3.334164682121286,,1.9519568925627107
red_team_llama_guard,mini_phi_4_instruct,10.0,0.8,100,50,Soft-prefix DAPRO + CRC,50,0.8153266668319702,0.004085952029296688,9.538296184173452,5.2381873201399545,31.182009502800394,9.354602850840118,6.25711374505398,,0.005,3.3219991061371896,,4.818481517560432
red_team_llama_guard,mini_phi_4_instruct,10.0,0.8,100,50,Static,50,0.8001999998092652,0.0010151248683845945,4.001333273708821,3.138151216135167,10.460504053783888,3.138151216135167,3.421096050978303,,,,,
red_team_llama_guard,mini_phi_4_instruct,10.0,0.8,200,100,Endpoint/block + terminal residual AHT,50,0.7988533389568329,0.00040390091823790857,1.8771895514697237,1.3033423744184074,4.3444745813946914,1.3033423744184074,7.4757573741370615,,0.005,,,
red_team_llama_guard,mini_phi_4_instruct,10.0,0.8,200,100,Endpoint/block + terminal residual AHT + CRC,50,0.8039199995994568,0.0010653059773569787,4.3548295321266774,3.307635321663706,11.025451072212354,3.307635321663706,5.438514196214325,,0.005,,,
red_team_llama_guard,mini_phi_4_instruct,10.0,0.8,200,100,Information-gain + sequential AHT,50,0.7990733337402344,0.0007395884907393221,9.177496302500767,4.708170299231441,7.241728565907832,2.17251856977235,10.128582956104967,,0.005,3.107307833795222,,1.2962363818042166
red_team_llama_guard,mini_phi_4_instruct,10.0,0.8,200,100,Information-gain + sequential AHT + CRC,50,0.8025066661834717,0.0014130127525992446,11.638794639252621,6.144071696987896,10.46991932372407,3.140975797117221,8.318122923259772,,0.005,3.028064264000105,,2.1870826815117272
red_team_llama_guard,mini_phi_4_instruct,10.0,0.8,200,100,Oracle,50,0.8000199985504151,9.273201860002108e-05,0.7205800000000001,0.0,,,68.42192,,,,,
red_team_llama_guard,mini_phi_4_instruct,10.0,0.8,200,100,Residual + sequential AHT,50,0.8026533317565918,0.0005679045739470107,11.130395228383717,5.741730630350463,8.574889333336614,2.572466800000984,10.08591778231075,,0.005,3.0339537727579944,,65.57919750961722
red_team_llama_guard,mini_phi_4_instruct,10.0,0.8,200,100,Residual + sequential AHT + CRC,50,0.8084733390808105,0.0007583902986497104,12.537145057739343,6.73969131377198,11.140088442825615,3.342026532847685,8.32466028648766,,0.005,3.003542679418887,,107.07465990096861
red_team_llama_guard,mini_phi_4_instruct,10.0,0.8,200,100,Soft-prefix DAPRO,50,0.8051333391666412,0.002216744069752819,6.845272544845419,3.6346792654411155,22.170130705040282,6.651039211512085,10.05431298460568,,0.005,3.3139868328736544,,1.70905722582821
red_team_llama_guard,mini_phi_4_instruct,10.0,0.8,200,100,Soft-prefix DAPRO + CRC,50,0.8142733359336853,0.002419998535887681,8.416825230348289,4.687245855651435,27.43897299004985,8.231691897014956,8.341871976697128,,0.005,3.307365101832866,,3.104298900734439
red_team_llama_guard,mini_phi_4_instruct,10.0,0.8,200,100,Static,50,0.8001999998092652,0.0010151248683845945,4.001333273708821,3.138151216135167,10.460504053783888,3.138151216135167,3.421096050978303,,,,,
red_team_llama_guard,mini_phi_4_instruct,10.0,0.9,50,25,Endpoint/block + terminal residual AHT,50,0.8995200049877167,0.00033311642912088536,1.1008994779345809,0.8418041603706867,2.806013867902289,0.8418041603706867,6.51873676978469,,0.005,,,
red_team_llama_guard,mini_phi_4_instruct,10.0,0.9,50,25,Endpoint/block + terminal residual AHT + CRC,50,0.9000199993451437,0.0006178853975821037,2.2461215283396303,1.8341213866044939,6.113737955348313,1.8341213866044939,5.469022881600613,,0.005,,,
red_team_llama_guard,mini_phi_4_instruct,10.0,0.9,50,25,Information-gain + sequential AHT,50,0.8983066654205323,0.0005560310541625835,4.01371283742736,2.557388972371375,5.214326255599904,1.564297876679971,9.883025611806667,,0.005,5.587943641826423,,0.2532129702031275
red_team_llama_guard,mini_phi_4_instruct,10.0,0.9,50,25,Information-gain + sequential AHT + CRC,50,0.899980000257492,0.0026058521710400078,10.476105923233751,7.227434564251065,19.685085293475673,5.9055255880427024,2.520824632766728,,0.005,4.692477072717703,,2.025717291414557
red_team_llama_guard,mini_phi_4_instruct,10.0,0.9,50,25,Oracle,50,0.8991333329677582,5.652611282057281e-05,0.6714133333333333,0.0,,,68.42192,,,,,
red_team_llama_guard,mini_phi_4_instruct,10.0,0.9,50,25,Residual + sequential AHT,50,0.8987066662311554,0.0010037171570890105,8.093621948762921,5.288519252753238,12.420701451179161,3.726210435353748,9.624950594416541,,0.005,6.370856269092221,,28.168365406874397
red_team_llama_guard,mini_phi_4_instruct,10.0,0.9,50,25,Residual + sequential AHT + CRC,50,0.8924800002574921,0.0031376968834714966,13.242516901758815,9.117053807721646,25.68690788187494,7.706072364562482,2.617437082509396,,0.005,5.269688556118853,,156.9310885733297
red_team_llama_guard,mini_phi_4_instruct,10.0,0.9,50,25,Soft-prefix DAPRO,50,0.9039333355426789,0.0008783674477236624,2.8085901990064595,1.90914762018057,9.04405621891042,2.713216865673126,9.376454119395307,,0.005,6.478399609326733,,0.6062573147836892
red_team_llama_guard,mini_phi_4_instruct,10.0,0.9,50,25,Soft-prefix DAPRO + CRC,50,0.892960000038147,0.002510864214741124,9.464738314601922,6.9083022890656265,31.193149937561962,9.357944981268588,2.529764335071468,,0.005,4.853981620562559,,3.054395622127062
red_team_llama_guard,mini_phi_4_instruct,10.0,0.9,50,25,Static,50,0.8998999989032745,0.0007312302812214113,1.9897333036839964,1.7663432938935568,5.88781097964519,1.7663432938935568,3.421096050978303,,,,,
red_team_llama_guard,mini_phi_4_instruct,10.0,0.9,100,50,Endpoint/block + terminal residual AHT,50,0.8995200049877167,0.00033311642912088536,1.1008994779345809,0.8418041603706867,2.806013867902289,0.8418041603706867,6.51873676978469,,0.005,,,
red_team_llama_guard,mini_phi_4_instruct,10.0,0.9,100,50,Endpoint/block + terminal residual AHT + CRC,50,0.9000199993451437,0.0006178853975821037,2.2461215283396303,1.8341213866044939,6.113737955348313,1.8341213866044939,5.469022881600613,,0.005,,,
red_team_llama_guard,mini_phi_4_instruct,10.0,0.9,100,50,Information-gain + sequential AHT,50,0.9042933344841003,0.0004195948920451776,3.819376518873976,2.4881901384166287,4.982863597435971,1.4948590792307912,9.977925454014422,,0.005,6.259188014934186,,0.20303794050320786
red_team_llama_guard,mini_phi_4_instruct,10.0,0.9,100,50,Information-gain + sequential AHT + CRC,50,0.8959066689014434,0.0007433608020342837,6.4529915393459385,4.247732909228622,9.813235043796244,2.9439705131388734,6.382848283051444,,0.005,5.455518418742306,,0.5685621110910667
red_team_llama_guard,mini_phi_4_instruct,10.0,0.9,100,50,Oracle,50,0.8991333329677582,5.652611282057281e-05,0.6714133333333333,0.0,,,68.42192,,,,,
red_team_llama_guard,mini_phi_4_instruct,10.0,0.9,100,50,Residual + sequential AHT,50,0.9035066616535187,0.0010475837974692078,7.539086150480361,4.946355299849213,11.743607659765791,3.5230822979297383,9.686355272120403,,0.005,6.744096639742073,,19.334782373013574
red_team_llama_guard,mini_phi_4_instruct,10.0,0.9,100,50,Residual + sequential AHT + CRC,50,0.8976933324337005,0.0011554144091000347,9.170584109259575,6.143420378136571,15.891616304808784,4.767484891442635,6.441457139226189,,0.005,6.207065307543834,,48.33046321398954
red_team_llama_guard,mini_phi_4_instruct,10.0,0.9,100,50,Soft-prefix DAPRO,50,0.8952999973297119,0.0012826408139013786,3.0170095736173295,2.055557749539808,9.709943023168877,2.9129829069506625,9.618309128459963,,0.005,7.091238400071164,,0.39229411266516195
red_team_llama_guard,mini_phi_4_instruct,10.0,0.9,100,50,Soft-prefix DAPRO + CRC,50,0.8999666631221771,0.0014998602226189495,4.45091181118046,3.107115787799452,14.505683815045977,4.351705144513794,6.450161014344741,,0.005,6.32313236478212,,1.02853638317465
red_team_llama_guard,mini_phi_4_instruct,10.0,0.9,100,50,Static,50,0.8998999989032745,0.0007312302812214113,1.9897333036839964,1.7663432938935568,5.88781097964519,1.7663432938935568,3.421096050978303,,,,,
red_team_llama_guard,mini_phi_4_instruct,10.0,0.9,200,100,Endpoint/block + terminal residual AHT,50,0.8995200049877167,0.00033311642912088536,1.1008994779345809,0.8418041603706867,2.806013867902289,0.8418041603706867,6.51873676978469,,0.005,,,
red_team_llama_guard,mini_phi_4_instruct,10.0,0.9,200,100,Endpoint/block + terminal residual AHT + CRC,50,0.9000199993451437,0.0006178853975821037,2.2461215283396303,1.8341213866044939,6.113737955348313,1.8341213866044939,5.469022881600613,,0.005,,,
red_team_llama_guard,mini_phi_4_instruct,10.0,0.9,200,100,Information-gain + sequential AHT,50,0.8966466677188873,0.0009047048487983685,4.596899674590157,2.9948006972708447,6.52071674442823,1.956215023328469,10.064616003190219,,0.005,6.370901297050239,,0.26204179498178937
red_team_llama_guard,mini_phi_4_instruct,10.0,0.9,200,100,Information-gain + sequential AHT + CRC,50,0.9007866656780243,0.0009859400188281721,5.689837896416133,3.7767063086796866,8.534905737194823,2.5604717211584465,8.297681821696916,,0.005,6.0930634200490115,,0.4605360280208746
red_team_llama_guard,mini_phi_4_instruct,10.0,0.9,200,100,Oracle,50,0.8991333329677582,5.652611282057281e-05,0.6714133333333333,0.0,,,68.42192,,,,,
red_team_llama_guard,mini_phi_4_instruct,10.0,0.9,200,100,Residual + sequential AHT,50,0.8988733351230621,0.0012451968917334977,7.971058168467452,5.200813724968908,12.577958499489283,3.773387549846784,9.973588164836036,,0.005,6.7270434650493085,,20.31521948801019
red_team_llama_guard,mini_phi_4_instruct,10.0,0.9,200,100,Residual + sequential AHT + CRC,50,0.8968666684627533,0.0008880451872714897,8.939500842688538,5.98339390322513,15.69626767494964,4.708880302484893,8.341805994458191,,0.005,6.558364387698503,,36.16827576808115
red_team_llama_guard,mini_phi_4_instruct,10.0,0.9,200,100,Soft-prefix DAPRO,50,0.9003066694736481,0.0008057405289121393,3.283038227358398,2.2964331499637938,10.613060757861327,3.183918227358398,9.925286927974213,,0.005,7.122128352809528,,0.4333297963973187
red_team_llama_guard,mini_phi_4_instruct,10.0,0.9,200,100,Soft-prefix DAPRO + CRC,50,0.8995733332633972,0.0012464805894342541,4.178838806810227,2.9566255076672023,13.597507133811868,4.079252140143561,8.332440071670021,,0.005,6.889142507124536,,0.71741985755983
red_team_llama_guard,mini_phi_4_instruct,10.0,0.9,200,100,Static,50,0.8998999989032745,0.0007312302812214113,1.9897333036839964,1.7663432938935568,5.88781097964519,1.7663432938935568,3.421096050978303,,,,,
red_team_llama_guard,mini_phi_4_instruct,20.0,0.7,50,25,Endpoint/block + terminal residual AHT,50,0.6979666674137115,0.0005117292934591689,1.3325954208039843,0.7312953024856926,2.437651008285642,0.7312953024856926,15.567442018874162,,0.005,,,
red_team_llama_guard,mini_phi_4_instruct,20.0,0.7,50,25,Endpoint/block + terminal residual AHT + CRC,50,0.6975355553627014,0.0005292155166409424,1.4809743483525657,0.8390098438377248,2.796699479459083,0.8390098438377248,15.472311210681983,,0.005,,,
red_team_llama_guard,mini_phi_4_instruct,20.0,0.7,50,25,Information-gain + sequential AHT,50,0.7005266654491424,0.0004155378969282471,5.4182995480245335,1.9178541367725543,2.027453684030276,0.6082361052090828,20.06278829933974,,0.005,2.3248063730032724,,0.8074703239995173
red_team_llama_guard,mini_phi_4_instruct,20.0,0.7,50,25,Information-gain + sequential AHT + CRC,50,0.7000000011920929,0.000592113337772283,8.409483995949955,3.1406939115192154,4.123726849928614,1.2371180549785843,12.949270886220747,,0.005,2.28470297163509,,1.5743397625273565
red_team_llama_guard,mini_phi_4_instruct,20.0,0.7,50,25,Oracle,50,0.6991933381557465,0.00017645860401883543,0.6917266666666667,0.0,,,68.42192,,,,,
red_team_llama_guard,mini_phi_4_instruct,20.0,0.7,50,25,Residual + sequential AHT,50,0.6990533304214478,0.00036963424608532587,6.833011209219852,2.4215204588224406,2.1320342996609174,0.6396102898982753,19.75482444756225,,0.005,2.3843113197480097,,24.428006867696098
red_team_llama_guard,mini_phi_4_instruct,20.0,0.7,50,25,Residual + sequential AHT + CRC,50,0.7005799973011017,0.000685414332215714,9.448641901994808,3.545564313724775,3.981414347976828,1.1944243043930485,12.886039467521112,,0.005,2.3588479969591836,,50.37425136111849
red_team_llama_guard,mini_phi_4_instruct,20.0,0.7,50,25,Soft-prefix DAPRO,50,0.7065199995040894,0.0011024089479637113,3.203666870163228,1.261959155092,9.702267344988536,2.9106802034965606,19.504088737802395,,0.005,2.699633476398718,,1.5224886065444627
red_team_llama_guard,mini_phi_4_instruct,20.0,0.7,50,25,Soft-prefix DAPRO + CRC,50,0.7126533341407776,0.0016052560304746183,4.883360633126471,2.109084223595693,15.320624332643792,4.5961872997931374,12.901683814185066,,0.005,2.687841647336816,,3.5604136417993777
red_team_llama_guard,mini_phi_4_instruct,20.0,0.7,50,25,Static,50,0.702626667022705,0.00063481027049076,2.960999955877662,1.9907625052682383,6.635875017560794,1.9907625052682383,6.842192101956606,,,,,
red_team_llama_guard,mini_phi_4_instruct,20.0,0.7,100,50,Endpoint/block + terminal residual AHT,50,0.6979666674137115,0.0005117292934591689,1.3325954208039843,0.7312953024856926,2.437651008285642,0.7312953024856926,15.567442018874162,,0.005,,,
red_team_llama_guard,mini_phi_4_instruct,20.0,0.7,100,50,Endpoint/block + terminal residual AHT + CRC,50,0.6975355553627014,0.0005292155166409424,1.4809743483525657,0.8390098438377248,2.796699479459083,0.8390098438377248,15.472311210681983,,0.005,,,
red_team_llama_guard,mini_phi_4_instruct,20.0,0.7,100,50,Information-gain + sequential AHT,50,0.6985333347320557,0.0003771699649528117,4.723785773217414,1.6732702070624077,1.8043363971032602,0.541300919130978,19.922583838821527,,0.005,2.402430924641217,,0.6624077238367336
red_team_llama_guard,mini_phi_4_instruct,20.0,0.7,100,50,Information-gain + sequential AHT + CRC,50,0.7001266694068908,0.0005386436832839947,6.374212615185258,2.3402119681907716,2.8297165112683103,0.848914953380493,16.31006194185991,,0.005,2.3288517740164547,,1.1039552089060924
red_team_llama_guard,mini_phi_4_instruct,20.0,0.7,100,50,Oracle,50,0.6991933381557465,0.00017645860401883543,0.6917266666666667,0.0,,,68.42192,,,,,
red_team_llama_guard,mini_phi_4_instruct,20.0,0.7,100,50,Residual + sequential AHT,50,0.699646668434143,0.00029993837287547613,6.27600682513659,2.233986789045111,2.0126037580394978,0.6037811274118493,19.738681405887867,,0.005,2.4199436220532693,,21.5927674328887
red_team_llama_guard,mini_phi_4_instruct,20.0,0.7,100,50,Residual + sequential AHT + CRC,50,0.699559999704361,0.0004164465444617479,7.4863152395283725,2.743195235828089,2.8021061936318414,0.8406318580895524,16.240180454393066,,0.005,2.387892791800532,,34.08517557695368
red_team_llama_guard,mini_phi_4_instruct,20.0,0.7,100,50,Soft-prefix DAPRO,50,0.7078466641902924,0.0010354478782941886,2.7470760477799536,1.1188478632087726,8.186431270377623,2.455929381113287,19.713501725498674,,0.005,2.7340597365920223,,0.7976802593151976
red_team_llama_guard,mini_phi_4_instruct,20.0,0.7,100,50,Soft-prefix DAPRO + CRC,50,0.7081666600704193,0.0015047176580465114,3.700573501220544,1.5361062455046295,11.362911670735146,3.408873501220544,16.31122268933005,,0.005,2.7009677840179136,,1.9034488532418012
red_team_llama_guard,mini_phi_4_instruct,20.0,0.7,100,50,Static,50,0.702626667022705,0.00063481027049076,2.960999955877662,1.9907625052682383,6.635875017560794,1.9907625052682383,6.842192101956606,,,,,
red_team_llama_guard,mini_phi_4_instruct,20.0,0.7,200,100,Endpoint/block + terminal residual AHT,50,0.6979666674137115,0.0005117292934591689,1.3325954208039843,0.7312953024856926,2.437651008285642,0.7312953024856926,15.567442018874162,,0.005,,,
red_team_llama_guard,mini_phi_4_instruct,20.0,0.7,200,100,Endpoint/block + terminal residual AHT + CRC,50,0.6975355553627014,0.0005292155166409424,1.4809743483525657,0.8390098438377248,2.796699479459083,0.8390098438377248,15.472311210681983,,0.005,,,
red_team_llama_guard,mini_phi_4_instruct,20.0,0.7,200,100,Information-gain + sequential AHT,50,0.7000600028038025,0.0003309057752934608,4.362918257217023,1.5789469126919204,1.847085110550763,0.554125533165229,20.19220950166915,,0.005,2.43662340951171,,0.6225315850815195
red_team_llama_guard,mini_phi_4_instruct,20.0,0.7,200,100,Information-gain + sequential AHT + CRC,50,0.6976800000667572,0.0003810475635403051,5.086576768539404,1.845737164459827,2.195251606347773,0.6585754819043319,18.6006500547085,,0.005,2.4020672488638923,,0.8239158110870447
red_team_llama_guard,mini_phi_4_instruct,20.0,0.7,200,100,Oracle,50,0.6991933381557465,0.00017645860401883543,0.6917266666666667,0.0,,,68.42192,,,,,
red_team_llama_guard,mini_phi_4_instruct,20.0,0.7,200,100,Residual + sequential AHT,50,0.6999600017070771,0.0003076899074866842,6.011645000663894,2.1716952737241626,2.0819395710215916,0.6245818713064774,20.070031358001394,,0.005,2.4304091887708914,,23.13163531678199
red_team_llama_guard,mini_phi_4_instruct,20.0,0.7,200,100,Residual + sequential AHT + CRC,50,0.6975666654109954,0.0003418696586467329,6.3902034688121105,2.3127032863624,2.32704944230777,0.6981148326923311,18.608380253322036,,0.005,2.419723731748908,,27.373159875171538
red_team_llama_guard,mini_phi_4_instruct,20.0,0.7,200,100,Soft-prefix DAPRO,50,0.7059799957275391,0.0009058659054455776,2.6609266681505734,1.1127757955072637,7.892688893835245,2.367806668150573,20.05668537168921,,0.005,2.747404979457374,,0.8484427794169193
red_team_llama_guard,mini_phi_4_instruct,20.0,0.7,200,100,Soft-prefix DAPRO + CRC,50,0.7070399951934815,0.001162379291581671,2.9585748956325584,1.250704475135532,8.889005207664084,2.6667015622992256,18.63899867556013,,0.005,2.7321213399896727,,0.9804641117108035
red_team_llama_guard,mini_phi_4_instruct,20.0,0.7,200,100,Static,50,0.702626667022705,0.00063481027049076,2.960999955877662,1.9907625052682383,6.635875017560794,1.9907625052682383,6.842192101956606,,,,,
red_team_llama_guard,mini_phi_4_instruct,20.0,0.8,50,25,Endpoint/block + terminal residual AHT,50,0.7988866674900055,0.0002613317067691395,0.9362042464997081,0.5677575553450002,1.8925251844833337,0.5677575553450002,14.951514748274123,,0.005,,,
red_team_llama_guard,mini_phi_4_instruct,20.0,0.8,50,25,Endpoint/block + terminal residual AHT + CRC,50,0.798424444993337,0.00029471276928728235,1.001267124352715,0.619170103621244,2.063900345404147,0.619170103621244,15.472524629422338,,0.005,,,
red_team_llama_guard,mini_phi_4_instruct,20.0,0.8,50,25,Information-gain + sequential AHT,50,0.7971066653728485,0.00040439654692013294,6.472091401893194,3.0712701252000794,3.3915595644690346,1.0174678693407104,20.141291874963215,,0.005,2.9450329624601244,,0.6135517305547661
red_team_llama_guard,mini_phi_4_instruct,20.0,0.8,50,25,Information-gain + sequential AHT + CRC,50,0.7967533326148987,0.0009823300821084602,8.840988489141784,4.298795044978783,6.02089827210237,1.806269481630711,12.917120734471675,,0.005,2.858023154037024,,1.1337350141247011
red_team_llama_guard,mini_phi_4_instruct,20.0,0.8,50,25,Oracle,50,0.8000199985504151,9.273201860002108e-05,0.7205800000000001,0.0,,,68.42192,,,,,
red_team_llama_guard,mini_phi_4_instruct,20.0,0.8,50,25,Residual + sequential AHT,50,0.7996466624736785,0.0004331583025197251,11.31397868275772,5.4358490168187,5.857495130374954,1.7572485391124864,19.624763760818155,,0.005,2.960881326121706,,33.514505794687764
red_team_llama_guard,mini_phi_4_instruct,20.0,0.8,50,25,Residual + sequential AHT + CRC,50,0.7966533315181732,0.001032113208715002,13.983666719391698,6.83311304802925,9.695190776939482,2.9085572330818446,12.79981264588835,,0.005,2.9551357838228416,,74.61588019318107
red_team_llama_guard,mini_phi_4_instruct,20.0,0.8,50,25,Soft-prefix DAPRO,50,0.7954466652870178,0.0019137126224141375,5.252146695931226,2.5181733519752956,16.82515565310409,5.047546695931226,19.11332818151947,,0.005,3.35715740125278,,2.2372252113633144
red_team_llama_guard,mini_phi_4_instruct,20.0,0.8,50,25,Soft-prefix DAPRO + CRC,50,0.8108000016212463,0.002424335883086838,6.618198848134833,3.445236400507824,21.43246282711611,6.429738848134833,12.606663758323098,,0.005,3.3800856694105805,,3.7539273677986267
red_team_llama_guard,mini_phi_4_instruct,20.0,0.8,50,25,Static,50,0.8008333325386048,0.0005340191640770543,1.9911333036631351,1.4844023032501712,4.948007677500571,1.4844023032501712,6.842192101956606,,,,,
red_team_llama_guard,mini_phi_4_instruct,20.0,0.8,100,50,Endpoint/block + terminal residual AHT,50,0.7988866674900055,0.0002613317067691395,0.9362042464997081,0.5677575553450002,1.8925251844833337,0.5677575553450002,14.951514748274123,,0.005,,,
red_team_llama_guard,mini_phi_4_instruct,20.0,0.8,100,50,Endpoint/block + terminal residual AHT + CRC,50,0.798424444993337,0.00029471276928728235,1.001267124352715,0.619170103621244,2.063900345404147,0.619170103621244,15.472524629422338,,0.005,,,
red_team_llama_guard,mini_phi_4_instruct,20.0,0.8,100,50,Information-gain + sequential AHT,50,0.8005666673183441,0.0005690259659579246,6.0344982082717875,2.8778836117732123,3.009318909601023,0.9027956728803068,19.95042587186176,,0.005,3.045531801290574,,0.5016548342487098
red_team_llama_guard,mini_phi_4_instruct,20.0,0.8,100,50,Information-gain + sequential AHT + CRC,50,0.7955599987506866,0.0004829133908586434,7.519290396486185,3.613723035707163,4.400347698270429,1.320104309481129,16.413455165788594,,0.005,2.945333421368979,,0.8108771209947956
red_team_llama_guard,mini_phi_4_instruct,20.0,0.8,100,50,Oracle,50,0.8000199985504151,9.273201860002108e-05,0.7205800000000001,0.0,,,68.42192,,,,,
red_team_llama_guard,mini_phi_4_instruct,20.0,0.8,100,50,Residual + sequential AHT,50,0.8030866658687592,0.00035585411851266416,9.818561496362214,4.753346051724905,5.0496803981946785,1.5149041194584039,19.742993600963477,,0.005,3.0184536794867562,,23.770657922511006
red_team_llama_guard,mini_phi_4_instruct,20.0,0.8,100,50,Residual + sequential AHT + CRC,50,0.7975133347511292,0.000667225262566703,11.833229946977056,5.713733026774338,6.730517226619315,2.019155167985795,16.340823152933925,,0.005,2.961061997461074,,42.2150074045417
red_team_llama_guard,mini_phi_4_instruct,20.0,0.8,100,50,Soft-prefix DAPRO,50,0.7993400013446808,0.0015596031639617555,4.249599836314348,2.0398509270193412,13.49799945438116,4.049399836314348,19.555424296682794,,0.005,3.3467819513748736,,1.0679718703489665
red_team_llama_guard,mini_phi_4_instruct,20.0,0.8,100,50,Soft-prefix DAPRO + CRC,50,0.799113336801529,0.00236642021606277,5.7335201021036255,2.820072836242435,18.444711451456527,5.533413435436959,16.132966188401877,,0.005,3.3551116020222067,,2.5850220276821294
red_team_llama_guard,mini_phi_4_instruct,20.0,0.8,100,50,Static,50,0.8008333325386048,0.0005340191640770543,1.9911333036631351,1.4844023032501712,4.948007677500571,1.4844023032501712,6.842192101956606,,,,,
red_team_llama_guard,mini_phi_4_instruct,20.0,0.8,200,100,Endpoint/block + terminal residual AHT,50,0.7988866674900055,0.0002613317067691395,0.9362042464997081,0.5677575553450002,1.8925251844833337,0.5677575553450002,14.951514748274123,,0.005,,,
red_team_llama_guard,mini_phi_4_instruct,20.0,0.8,200,100,Endpoint/block + terminal residual AHT + CRC,50,0.798424444993337,0.00029471276928728235,1.001267124352715,0.619170103621244,2.063900345404147,0.619170103621244,15.472524629422338,,0.005,,,
red_team_llama_guard,mini_phi_4_instruct,20.0,0.8,200,100,Information-gain + sequential AHT,50,0.7998333346843719,0.00027884022061059986,5.583450031138689,2.672776483300299,2.826838570544636,0.8480515711633907,20.322224185703327,,0.005,3.1175482490749395,,0.42133788506384584
red_team_llama_guard,mini_phi_4_instruct,20.0,0.8,200,100,Information-gain + sequential AHT + CRC,50,0.7992866659164428,0.0006358640115928553,6.505486419623331,3.119983259310493,3.4641004220658362,1.039230126619751,18.720720249857887,,0.005,3.0410771963971928,,0.6071453698262917
red_team_llama_guard,mini_phi_4_instruct,20.0,0.8,200,100,Oracle,50,0.8000199985504151,9.273201860002108e-05,0.7205800000000001,0.0,,,68.42192,,,,,
red_team_llama_guard,mini_phi_4_instruct,20.0,0.8,200,100,Residual + sequential AHT,50,0.8033999979496003,0.00022383214565652057,8.981648102385003,4.362467941638667,4.622514517114205,1.3867543551342616,20.197128797455047,,0.005,3.0411549279600867,,20.256034055790998
red_team_llama_guard,mini_phi_4_instruct,20.0,0.8,200,100,Residual + sequential AHT + CRC,50,0.8024133348464966,0.00040220215789860033,9.873439685401644,4.806966850655997,5.441689798938017,1.6325069396814051,18.73903796318321,,0.005,3.0147355553725754,,28.473098596735607
red_team_llama_guard,mini_phi_4_instruct,20.0,0.8,200,100,Soft-prefix DAPRO,50,0.796673332452774,0.0012678023310814294,4.073814098890081,1.9543357916239925,12.900691440744716,3.870207432223414,20.094272912611967,,0.005,3.332997259010904,,0.65970183644879
red_team_llama_guard,mini_phi_4_instruct,20.0,0.8,200,100,Soft-prefix DAPRO + CRC,50,0.8014133358001709,0.0015102201832860329,4.524179779210693,2.2109108093858314,14.41919926403564,4.325759779210692,18.785994547031166,,0.005,3.3411538543364427,,1.2092138855539003
red_team_llama_guard,mini_phi_4_instruct,20.0,0.8,200,100,Static,50,0.8008333325386048,0.0005340191640770543,1.9911333036631351,1.4844023032501712,4.948007677500571,1.4844023032501712,6.842192101956606,,,,,
red_team_llama_guard,mini_phi_4_instruct,20.0,0.9,50,25,Endpoint/block + terminal residual AHT,50,0.9007599997520447,0.00022289820630216447,0.5417126579649726,0.36921389091424806,1.2307129697141603,0.36921389091424806,13.03747353956938,,0.005,,,
red_team_llama_guard,mini_phi_4_instruct,20.0,0.9,50,25,Endpoint/block + terminal residual AHT + CRC,50,0.9017222245534261,0.00019772026284253633,0.49492053901973954,0.3320493757873971,1.106831252624657,0.3320493757873971,15.547281900703123,,0.005,,,
red_team_llama_guard,mini_phi_4_instruct,20.0,0.9,50,25,Information-gain + sequential AHT,50,0.8988533341884613,0.0002980143471084931,2.1767503251723412,1.340571972214289,2.4675498454049816,0.7402649536214945,19.542582381305593,,0.005,5.6478129641631645,,0.0950842570920753
red_team_llama_guard,mini_phi_4_instruct,20.0,0.9,50,25,Information-gain + sequential AHT + CRC,50,0.8957000017166138,0.0005096609183225939,2.8262709999157405,1.7759321301384423,3.681543804957189,1.1044631414871566,12.782951141080662,,0.005,5.14707453499512,,0.23020553451201
red_team_llama_guard,mini_phi_4_instruct,20.0,0.9,50,25,Oracle,50,0.8991333329677582,5.652611282057281e-05,0.6714133333333333,0.0,,,68.42192,,,,,
red_team_llama_guard,mini_phi_4_instruct,20.0,0.9,50,25,Residual + sequential AHT,50,0.9001333343982697,0.0006944943076697143,5.928320883338408,3.781211476332014,7.721927269982711,2.3165781809948127,19.06617917344775,,0.005,6.457645694726669,,14.175396606020106
red_team_llama_guard,mini_phi_4_instruct,20.0,0.9,50,25,Residual + sequential AHT + CRC,50,0.901526665687561,0.000907410874309365,6.069629722345235,3.97055924613608,8.748632751780463,2.6245898255341387,12.468093914050312,,0.005,5.920120233188796,,36.25773639420971
red_team_llama_guard,mini_phi_4_instruct,20.0,0.9,50,25,Soft-prefix DAPRO,50,0.905053334236145,0.0005603326886244169,1.5232544360557947,0.9919711994440576,4.7614925646304265,1.4284477693891278,18.48519162403973,,0.005,6.463825117246582,,0.2993810825564724
red_team_llama_guard,mini_phi_4_instruct,20.0,0.9,50,25,Soft-prefix DAPRO + CRC,50,0.9019866693019867,0.0005360677456698058,2.2131824771288335,1.4745037776966714,7.051741590429446,2.1155224771288332,12.281853512664505,,0.005,5.482072438724794,,0.6469656825385262
red_team_llama_guard,mini_phi_4_instruct,20.0,0.9,50,25,Static,50,0.8996200001239777,0.0003103946112227511,0.9990666517794133,0.842980706774409,2.8099356892480296,0.842980706774409,6.842192101956606,,,,,
red_team_llama_guard,mini_phi_4_instruct,20.0,0.9,100,50,Endpoint/block + terminal residual AHT,50,0.9007599997520447,0.00022289820630216447,0.5417126579649726,0.36921389091424806,1.2307129697141603,0.36921389091424806,13.03747353956938,,0.005,,,
red_team_llama_guard,mini_phi_4_instruct,20.0,0.9,100,50,Endpoint/block + terminal residual AHT + CRC,50,0.9017222245534261,0.00019772026284253633,0.49492053901973954,0.3320493757873971,1.106831252624657,0.3320493757873971,15.547281900703123,,0.005,,,
red_team_llama_guard,mini_phi_4_instruct,20.0,0.9,100,50,Information-gain + sequential AHT,50,0.9017533349990845,0.0002796227767191267,2.1914950729124048,1.3622097021977948,2.4198311229403275,0.7259493368820982,19.85452695549913,,0.005,6.333956112116893,,0.06117533559212188
red_team_llama_guard,mini_phi_4_instruct,20.0,0.9,100,50,Information-gain + sequential AHT + CRC,50,0.8985266709327697,0.00031076685300693145,2.571838853844797,1.607160405935787,3.0535777318979207,0.9160733195693763,16.244550847022783,,0.005,5.632022654978863,,0.1329797609430072
red_team_llama_guard,mini_phi_4_instruct,20.0,0.9,100,50,Oracle,50,0.8991333329677582,5.652611282057281e-05,0.6714133333333333,0.0,,,68.42192,,,,,
red_team_llama_guard,mini_phi_4_instruct,20.0,0.9,100,50,Residual + sequential AHT,50,0.9012800061702728,0.000650509473950761,6.239700254977237,4.015327357769113,8.230946403999939,2.4692839211999815,19.256061254530806,,0.005,6.843512902271654,,8.057672680681796
red_team_llama_guard,mini_phi_4_instruct,20.0,0.9,100,50,Residual + sequential AHT + CRC,50,0.9038266706466674,0.000655502315308592,5.931341916910381,3.8238717341035313,8.04012592667994,2.412037778003982,16.14236755016644,,0.005,6.440344102213578,,16.652771732407817
red_team_llama_guard,mini_phi_4_instruct,20.0,0.9,100,50,Soft-prefix DAPRO,50,0.9011200034618377,0.0004144207108569519,1.454103588756095,0.9538501031050604,4.518811962520316,1.355643588756095,19.07286935869926,,0.005,7.17232979179685,,0.1600524728650235
red_team_llama_guard,mini_phi_4_instruct,20.0,0.9,100,50,Soft-prefix DAPRO + CRC,50,0.9063799977302551,0.0005922673539804267,1.6466697966342565,1.0925519003974542,5.177432655447522,1.5532297966342565,16.042122785106407,,0.005,6.451763438314094,,0.3491715340675625
red_team_llama_guard,mini_phi_4_instruct,20.0,0.9,100,50,Static,50,0.8996200001239777,0.0003103946112227511,0.9990666517794133,0.842980706774409,2.8099356892480296,0.842980706774409,6.842192101956606,,,,,
red_team_llama_guard,mini_phi_4_instruct,20.0,0.9,200,100,Endpoint/block + terminal residual AHT,50,0.9007599997520447,0.00022289820630216447,0.5417126579649726,0.36921389091424806,1.2307129697141603,0.36921389091424806,13.03747353956938,,0.005,,,
red_team_llama_guard,mini_phi_4_instruct,20.0,0.9,200,100,Endpoint/block + terminal residual AHT + CRC,50,0.9017222245534261,0.00019772026284253633,0.49492053901973954,0.3320493757873971,1.106831252624657,0.3320493757873971,15.547281900703123,,0.005,,,
red_team_llama_guard,mini_phi_4_instruct,20.0,0.9,200,100,Information-gain + sequential AHT,50,0.8988199996948242,0.0002990622449563461,2.2825246364772602,1.4204655721178618,2.5459334821511295,0.7637800446453389,20.131321323495154,,0.005,6.519915009019112,,0.05967751662168799
red_team_llama_guard,mini_phi_4_instruct,20.0,0.9,200,100,Information-gain + sequential AHT + CRC,50,0.9029199981689453,0.00027031555130802064,2.425107187282851,1.5279687942402491,2.7715646261371387,0.8314693878411417,18.51108084343899,,0.005,6.315174349470893,,0.08504596063378282
red_team_llama_guard,mini_phi_4_instruct,20.0,0.9,200,100,Oracle,50,0.8991333329677582,5.652611282057281e-05,0.6714133333333333,0.0,,,68.42192,,,,,
red_team_llama_guard,mini_phi_4_instruct,20.0,0.9,200,100,Residual + sequential AHT,50,0.8982466673851013,0.0005034140527015665,6.3012130789085266,4.018181684651774,8.013246715770617,2.403974014731185,19.867190560311542,,0.005,6.893269126688859,,5.88520304643451
red_team_llama_guard,mini_phi_4_instruct,20.0,0.9,200,100,Residual + sequential AHT + CRC,50,0.8978000044822693,0.0008126757682535762,6.448474961063364,4.142334778773224,8.853831669672422,2.656149500901727,18.344406579000665,,0.005,6.820659880785836,,9.762584124958178
red_team_llama_guard,mini_phi_4_instruct,20.0,0.9,200,100,Soft-prefix DAPRO,50,0.9010400009155274,0.00059010700334362,1.459068673637766,0.9589366359366935,4.536051134348108,1.3608153403044327,19.711744903882956,,0.005,7.313795469739031,,0.14264946240969534
red_team_llama_guard,mini_phi_4_instruct,20.0,0.9,200,100,Soft-prefix DAPRO + CRC,50,0.8999466681480408,0.001043702634875093,1.6172272391581382,1.057691250117122,5.060001908304905,1.5180005724914716,18.27814321411586,,0.005,7.149227773231397,,0.19382548484727502
red_team_llama_guard,mini_phi_4_instruct,20.0,0.9,200,100,Static,50,0.8996200001239777,0.0003103946112227511,0.9990666517794133,0.842980706774409,2.8099356892480296,0.842980706774409,6.842192101956606,,,,,
red_team_llama_guard,qwen25_14b_instruct,10.0,0.7,50,25,Endpoint/block + terminal residual AHT,50,0.6998133301734925,0.00039127051366603726,1.4782133462842153,0.7572288896570615,2.524096298856872,0.7572288896570615,9.328617560354106,,0.005,,,
red_team_llama_guard,qwen25_14b_instruct,10.0,0.7,50,25,Endpoint/block + terminal residual AHT + CRC,50,0.6978777766227722,0.0011732713562840364,4.157159331107554,2.4735088421354274,8.245029473784758,2.4735088421354274,5.496762431482775,,0.005,,,
red_team_llama_guard,qwen25_14b_instruct,10.0,0.7,50,25,Information-gain + sequential AHT,50,0.705660001039505,0.0005054942540758846,3.4580046630278285,1.5132903084431053,3.5963034611975515,1.0788910383592654,9.865241549538688,,0.005,2.199549625990228,,0.701241993538523
red_team_llama_guard,qwen25_14b_instruct,10.0,0.7,50,25,Information-gain + sequential AHT + CRC,50,0.6974666643142701,0.0018887800876746805,13.447885151698467,6.751874203984996,18.452268624485427,5.535680587345627,2.4201822124868424,,0.005,2.1870676106898848,,4.60161828000303
red_team_llama_guard,qwen25_14b_instruct,10.0,0.7,50,25,Oracle,50,0.6995599973201752,0.00010800655294330094,0.6219733333333334,0.0,,,49.876173333333334,,,,,
red_team_llama_guard,qwen25_14b_instruct,10.0,0.7,50,25,Residual + sequential AHT,50,0.6964066672325134,0.0006121193630128994,4.477427092379106,1.9738578499059265,4.678116901150065,1.4034350703450194,9.628132334473294,,0.005,2.201982614185161,,26.386538889428007
red_team_llama_guard,qwen25_14b_instruct,10.0,0.7,50,25,Residual + sequential AHT + CRC,50,0.7048866701126099,0.0021828326138225882,12.950341627210127,6.723715439405561,17.764768612478992,5.329430583743698,2.4786009931597475,,0.005,2.185008858313232,,141.21877271216414
red_team_llama_guard,qwen25_14b_instruct,10.0,0.7,50,25,Soft-prefix DAPRO,50,0.7026866626739502,0.001029879545693616,3.4435426683158914,1.5648605680908532,10.487297783275194,3.146189334982558,9.463563742480629,,0.005,2.4468525417937705,,2.3996208956053438
red_team_llama_guard,qwen25_14b_instruct,10.0,0.7,50,25,Soft-prefix DAPRO + CRC,50,0.7112066698074341,0.004416339822228232,11.805250350873177,6.34357135234125,38.38876783624392,11.516630350873177,2.4670963083373256,,0.005,2.3708112232543326,,9.588940384580228
red_team_llama_guard,qwen25_14b_instruct,10.0,0.7,50,25,Static,50,0.6939666676521301,0.0009726133420410839,5.4630418936954355,3.423236024914743,11.41078674971581,3.423236024914743,2.6989162547447036,,,,,
red_team_llama_guard,qwen25_14b_instruct,10.0,0.7,100,50,Endpoint/block + terminal residual AHT,50,0.6998133301734925,0.00039127051366603726,1.4782133462842153,0.7572288896570615,2.524096298856872,0.7572288896570615,9.328617560354106,,0.005,,,
red_team_llama_guard,qwen25_14b_instruct,10.0,0.7,100,50,Endpoint/block + terminal residual AHT + CRC,50,0.6978777766227722,0.0011732713562840364,4.157159331107554,2.4735088421354274,8.245029473784758,2.4735088421354274,5.496762431482775,,0.005,,,
red_team_llama_guard,qwen25_14b_instruct,10.0,0.7,100,50,Information-gain + sequential AHT,50,0.7032266688346863,0.00040852787903004054,3.0380116650779905,1.3353905775626131,3.30593942094813,0.9917818262844391,9.928694430420888,,0.005,2.2694258601638397,,0.584589739591951
red_team_llama_guard,qwen25_14b_instruct,10.0,0.7,100,50,Information-gain + sequential AHT + CRC,50,0.7035800004005432,0.000682402604591793,5.445109154153682,2.5608203869703465,6.487189758210384,1.9461569274631152,6.223693398075649,,0.005,2.20259238177824,,1.4322930606295614
red_team_llama_guard,qwen25_14b_instruct,10.0,0.7,100,50,Oracle,50,0.6995599973201752,0.00010800655294330094,0.6219733333333334,0.0,,,49.876173333333334,,,,,
red_team_llama_guard,qwen25_14b_instruct,10.0,0.7,100,50,Residual + sequential AHT,50,0.7020866644382476,0.0005507608584006535,3.683087261092286,1.6801125559822006,4.222469218751851,1.2667407656255554,9.781838871432903,,0.005,2.2483349115954216,,19.43611067251317
red_team_llama_guard,qwen25_14b_instruct,10.0,0.7,100,50,Residual + sequential AHT + CRC,50,0.7007933354377747,0.0008258041191897703,5.880084189924707,2.7838539367576356,6.974684287282254,2.0924052861846762,6.277223015455914,,0.005,2.205284455782805,,45.8772775653186
red_team_llama_guard,qwen25_14b_instruct,10.0,0.7,100,50,Soft-prefix DAPRO,50,0.6962199985980988,0.0004141524687049906,2.7821155715682595,1.275552111793523,8.260807460783088,2.4782422382349263,9.795317172593569,,0.005,2.487082243476698,,1.6571564672864167
red_team_llama_guard,qwen25_14b_instruct,10.0,0.7,100,50,Soft-prefix DAPRO + CRC,50,0.7071000063419342,0.002049384275362142,4.7582175654212335,2.3752568966811407,14.885969662515222,4.465790898754567,6.395459416895448,,0.005,2.4439387993609656,,3.605536370177102
red_team_llama_guard,qwen25_14b_instruct,10.0,0.7,100,50,Static,50,0.6939666676521301,0.0009726133420410839,5.4630418936954355,3.423236024914743,11.41078674971581,3.423236024914743,2.6989162547447036,,,,,
red_team_llama_guard,qwen25_14b_instruct,10.0,0.7,200,100,Endpoint/block + terminal residual AHT,50,0.6998133301734925,0.00039127051366603726,1.4782133462842153,0.7572288896570615,2.524096298856872,0.7572288896570615,9.328617560354106,,0.005,,,
red_team_llama_guard,qwen25_14b_instruct,10.0,0.7,200,100,Endpoint/block + terminal residual AHT + CRC,50,0.6978777766227722,0.0011732713562840364,4.157159331107554,2.4735088421354274,8.245029473784758,2.4735088421354274,5.496762431482775,,0.005,,,
red_team_llama_guard,qwen25_14b_instruct,10.0,0.7,200,100,Information-gain + sequential AHT,50,0.7012933337688446,0.0003968419521181869,3.0189871548339817,1.3515732335350195,3.489836957973742,1.0469510873921226,10.06853587830132,,0.005,2.298307317748535,,0.6284026852205907
red_team_llama_guard,qwen25_14b_instruct,10.0,0.7,200,100,Information-gain + sequential AHT + CRC,50,0.7028600025177002,0.0004895603773880045,4.084766968307773,1.9072980623628382,4.92271724449925,1.4768151733497747,8.312924472345602,,0.005,2.268421903299242,,1.008892460966208
red_team_llama_guard,qwen25_14b_instruct,10.0,0.7,200,100,Oracle,50,0.6995599973201752,0.00010800655294330094,0.6219733333333334,0.0,,,49.876173333333334,,,,,
red_team_llama_guard,qwen25_14b_instruct,10.0,0.7,200,100,Residual + sequential AHT,50,0.6986133277416229,0.0006296613304424444,3.568646471427403,1.6488034856115448,4.371131071189115,1.3113393213567344,9.979418514963013,,0.005,2.259537046194888,,19.649572352240476
red_team_llama_guard,qwen25_14b_instruct,10.0,0.7,200,100,Residual + sequential AHT + CRC,50,0.7033466637134552,0.0007099047059498183,4.4168035228368225,2.1317507183504856,5.5896663308804815,1.6768998992641446,8.291698523427513,,0.005,2.2474643232391616,,30.734756811965998
red_team_llama_guard,qwen25_14b_instruct,10.0,0.7,200,100,Soft-prefix DAPRO,50,0.7044533348083496,0.0011901938677063813,2.5301558861829303,1.2106613751157582,7.448586287276434,2.2345758861829306,9.956664110887504,,0.005,2.492577510813473,,1.4530299993376021
red_team_llama_guard,qwen25_14b_instruct,10.0,0.7,200,100,Soft-prefix DAPRO + CRC,50,0.6936666655540467,0.00090958252904455,3.6612993829404403,1.7965761531287907,11.180597943134801,3.35417938294044,8.309510336041226,,0.005,2.4811393169548905,,2.418384904908811
red_team_llama_guard,qwen25_14b_instruct,10.0,0.7,200,100,Static,50,0.6939666676521301,0.0009726133420410839,5.4630418936954355,3.423236024914743,11.41078674971581,3.423236024914743,2.6989162547447036,,,,,
red_team_llama_guard,qwen25_14b_instruct,10.0,0.8,50,25,Endpoint/block + terminal residual AHT,50,0.796100001335144,0.00030453632442776785,1.0035713600500427,0.587167261897275,1.9572242063242502,0.587167261897275,9.257075849326442,,0.005,,,
red_team_llama_guard,qwen25_14b_instruct,10.0,0.8,50,25,Endpoint/block + terminal residual AHT + CRC,50,0.7943666684627533,0.0009076937460760196,2.822429341558352,1.9139353027808124,6.379784342602707,1.9139353027808124,5.496826860740254,,0.005,,,
red_team_llama_guard,qwen25_14b_instruct,10.0,0.8,50,25,Information-gain + sequential AHT,50,0.7979400014877319,0.00040786258155633227,2.6520028758020056,1.4430303661183357,3.3667116904498458,1.0100135071349539,9.875365963017359,,0.005,2.836340196484774,,0.5703428339267028
red_team_llama_guard,qwen25_14b_instruct,10.0,0.8,50,25,Information-gain + sequential AHT + CRC,50,0.7794533348083497,0.002230284336376922,10.171156147049349,6.015111161872824,16.748904198888898,5.02467125966667,2.4302707299821518,,0.005,2.7690359973970846,,3.6167716708274007
red_team_llama_guard,qwen25_14b_instruct,10.0,0.8,50,25,Oracle,50,0.7995399975776672,0.00010721036904928458,0.6636266666666667,0.0,,,49.876173333333334,,,,,
red_team_llama_guard,qwen25_14b_instruct,10.0,0.8,50,25,Residual + sequential AHT,50,0.7986666703224182,0.00045656241793453576,3.728693800671518,2.07649270653472,4.793251430827737,1.4379754292483213,9.617144631266148,,0.005,2.7750201088281328,,40.17003703686463
red_team_llama_guard,qwen25_14b_instruct,10.0,0.8,50,25,Residual + sequential AHT + CRC,50,0.788586665391922,0.0028116304112281486,10.215725405149161,6.260233120425617,17.193095833393258,5.157928750017977,2.4797502035591523,,0.005,2.75078453004876,,171.64889950678582
red_team_llama_guard,qwen25_14b_instruct,10.0,0.8,50,25,Soft-prefix DAPRO,50,0.8002333343029022,0.0016459876888617144,2.815794617161865,1.5459359365314282,8.722670946095107,2.616801283828532,9.427884376066357,,0.005,3.0907762265680123,,1.8770771274247477
red_team_llama_guard,qwen25_14b_instruct,10.0,0.8,50,25,Soft-prefix DAPRO + CRC,50,0.7906000006198883,0.002858839125216173,9.406622889401074,5.9049133149145305,30.65849852022581,9.197549556067742,2.4567394949956984,,0.005,2.9908169297429623,,7.1380369589213215
red_team_llama_guard,qwen25_14b_instruct,10.0,0.8,50,25,Static,50,0.7912400019168854,0.0008418687106369403,3.688429051329188,2.638271007661366,8.794236692204553,2.638271007661366,2.6989162547447036,,,,,
red_team_llama_guard,qwen25_14b_instruct,10.0,0.8,100,50,Endpoint/block + terminal residual AHT,50,0.796100001335144,0.00030453632442776785,1.0035713600500427,0.587167261897275,1.9572242063242502,0.587167261897275,9.257075849326442,,0.005,,,
red_team_llama_guard,qwen25_14b_instruct,10.0,0.8,100,50,Endpoint/block + terminal residual AHT + CRC,50,0.7943666684627533,0.0009076937460760196,2.822429341558352,1.9139353027808124,6.379784342602707,1.9139353027808124,5.496826860740254,,0.005,,,
red_team_llama_guard,qwen25_14b_instruct,10.0,0.8,100,50,Information-gain + sequential AHT,50,0.7985933339595794,0.0005207948459326371,2.300974665317109,1.255765619082743,2.999790008940769,0.8999370026822306,9.835986239170373,,0.005,2.934864333576993,,0.505451781366597
red_team_llama_guard,qwen25_14b_instruct,10.0,0.8,100,50,Information-gain + sequential AHT + CRC,50,0.7997599983215332,0.0005243129981230437,3.918938980944464,2.264187586036667,5.6730488249394675,1.70191464748184,6.317527470168813,,0.005,2.8309495984497888,,1.115550253395389
red_team_llama_guard,qwen25_14b_instruct,10.0,0.8,100,50,Oracle,50,0.7995399975776672,0.00010721036904928458,0.6636266666666667,0.0,,,49.876173333333334,,,,,
red_team_llama_guard,qwen25_14b_instruct,10.0,0.8,100,50,Residual + sequential AHT,50,0.7961666715145111,0.0005774297707283716,3.1968586109176176,1.7910956239114204,4.398925469104023,1.319677640731207,9.707687079037527,,0.005,2.8494263437711553,,34.405489805424416
red_team_llama_guard,qwen25_14b_instruct,10.0,0.8,100,50,Residual + sequential AHT + CRC,50,0.7975866675376893,0.0005168913776306663,4.716003057328963,2.7499100586314675,6.9207923626698165,2.076237708800945,6.328334497936644,,0.005,2.7717898872097284,,62.41450722390714
red_team_llama_guard,qwen25_14b_instruct,10.0,0.8,100,50,Soft-prefix DAPRO,50,0.8053799986839294,0.00098623130862264,2.0683376489399814,1.1657508687879687,6.247392163133271,1.8742176489399813,9.628045089449493,,0.005,3.1695555308692316,,1.26279867154379
red_team_llama_guard,qwen25_14b_instruct,10.0,0.8,100,50,Soft-prefix DAPRO + CRC,50,0.8033333361148834,0.0015151927739857959,3.8178152129592218,2.251955009477078,12.072739598752962,3.6218218796258883,6.354467351822465,,0.005,3.0803424708015488,,2.8247738148028496
red_team_llama_guard,qwen25_14b_instruct,10.0,0.8,100,50,Static,50,0.7912400019168854,0.0008418687106369403,3.688429051329188,2.638271007661366,8.794236692204553,2.638271007661366,2.6989162547447036,,,,,
red_team_llama_guard,qwen25_14b_instruct,10.0,0.8,200,100,Endpoint/block + terminal residual AHT,50,0.796100001335144,0.00030453632442776785,1.0035713600500427,0.587167261897275,1.9572242063242502,0.587167261897275,9.257075849326442,,0.005,,,
red_team_llama_guard,qwen25_14b_instruct,10.0,0.8,200,100,Endpoint/block + terminal residual AHT + CRC,50,0.7943666684627533,0.0009076937460760196,2.822429341558352,1.9139353027808124,6.379784342602707,1.9139353027808124,5.496826860740254,,0.005,,,
red_team_llama_guard,qwen25_14b_instruct,10.0,0.8,200,100,Information-gain + sequential AHT,50,0.8010133326053619,0.000331795595701528,2.081360485063583,1.159377229129988,2.944164845183415,0.8832494535550246,10.033182758281072,,0.005,2.956232500924837,,0.5181294060941386
red_team_llama_guard,qwen25_14b_instruct,10.0,0.8,200,100,Information-gain + sequential AHT + CRC,50,0.7977533364295959,0.0005905977047165128,3.0238536773583684,1.724698118326343,4.3710669899695995,1.31132009699088,8.312587934063156,,0.005,2.9264640525043673,,0.8420699221158285
red_team_llama_guard,qwen25_14b_instruct,10.0,0.8,200,100,Oracle,50,0.7995399975776672,0.00010721036904928458,0.6636266666666667,0.0,,,49.876173333333334,,,,,
red_team_llama_guard,qwen25_14b_instruct,10.0,0.8,200,100,Residual + sequential AHT,50,0.799079999923706,0.00043686407211201435,2.5471142806861558,1.4543679187055951,3.804824630238777,1.1414473890716332,9.931230527210555,,0.005,2.839908286803885,,26.166529785595973
red_team_llama_guard,qwen25_14b_instruct,10.0,0.8,200,100,Residual + sequential AHT + CRC,50,0.7983066666126252,0.0005992101740944964,3.615516473634461,2.113977853947521,5.43572984541662,1.630718953624986,8.303974248560088,,0.005,2.8428866026341044,,48.06143653849443
red_team_llama_guard,qwen25_14b_instruct,10.0,0.8,200,100,Soft-prefix DAPRO,50,0.7994933354854584,0.0004087177135931084,1.6863937933694026,0.9687883802666228,4.956045977898009,1.4868137933694028,9.927603354768324,,0.005,3.1944330723080867,,0.9199699142422664
red_team_llama_guard,qwen25_14b_instruct,10.0,0.8,200,100,Soft-prefix DAPRO + CRC,50,0.8055266642570496,0.0011549709440725315,2.6688815339097633,1.5818391181634497,8.248805113032544,2.4746415339097636,8.342674244070338,,0.005,3.156753648409565,,1.772345749902768
red_team_llama_guard,qwen25_14b_instruct,10.0,0.8,200,100,Static,50,0.7912400019168854,0.0008418687106369403,3.688429051329188,2.638271007661366,8.794236692204553,2.638271007661366,2.6989162547447036,,,,,
red_team_llama_guard,qwen25_14b_instruct,10.0,0.9,50,25,Endpoint/block + terminal residual AHT,50,0.8991333329677582,0.00018168710343401,0.5081886289450731,0.34241377901739933,1.1413792633913311,0.34241377901739933,9.139400672262795,,0.005,,,
red_team_llama_guard,qwen25_14b_instruct,10.0,0.9,50,25,Endpoint/block + terminal residual AHT + CRC,50,0.8950977790355682,0.000405366923907781,1.4604511742995006,1.130512671389744,3.768375571299147,1.130512671389744,5.498849179312079,,0.005,,,
red_team_llama_guard,qwen25_14b_instruct,10.0,0.9,50,25,Information-gain + sequential AHT,50,0.8967066705226898,0.0002663339654244804,1.1877467235255883,0.8186662230472712,1.711675960428099,0.5135027881284298,9.857796688167083,,0.005,4.147136372428995,,0.29451698424917394
red_team_llama_guard,qwen25_14b_instruct,10.0,0.9,50,25,Information-gain + sequential AHT + CRC,50,0.8917866706848144,0.0010030013744903553,5.223455197939809,3.927237096162807,10.191720828036965,3.05751624841109,2.373788290181579,,0.005,3.9775108463884465,,2.0527543929117233
red_team_llama_guard,qwen25_14b_instruct,10.0,0.9,50,25,Oracle,50,0.8991866672039032,7.118892213779449e-05,0.6770133333333334,0.0,,,49.876173333333334,,,,,
red_team_llama_guard,qwen25_14b_instruct,10.0,0.9,50,25,Residual + sequential AHT,50,0.8935066652297974,0.00022908047778734476,2.470985905640142,1.745369349034655,3.4253833583403135,1.027615007502094,9.65158472479278,,0.005,4.068697003259629,,42.79470699683572
red_team_llama_guard,qwen25_14b_instruct,10.0,0.9,50,25,Residual + sequential AHT + CRC,50,0.8906799983978272,0.0015523400787630908,6.331514662952926,4.734400884253684,11.877008642348477,3.5631025927045425,2.4139913986425645,,0.005,4.02784814663125,,168.26463109326085
red_team_llama_guard,qwen25_14b_instruct,10.0,0.9,50,25,Soft-prefix DAPRO,50,0.8941266655921936,0.0005768159861702035,1.7556038821376998,1.2335217366935225,5.502857384903443,1.650857215471033,9.219199218667287,,0.005,4.548474405253211,,1.4519388408501768
red_team_llama_guard,qwen25_14b_instruct,10.0,0.9,50,25,Soft-prefix DAPRO + CRC,50,0.9012400043010712,0.0014677871112651639,4.745660758394399,3.6873081595665607,15.492113639092441,4.647634091727733,2.4602036888502785,,0.005,4.173991888810591,,4.274815779160901
red_team_llama_guard,qwen25_14b_instruct,10.0,0.9,50,25,Static,50,0.8977800011634827,0.0004492589558936703,1.810039041254283,1.4739527483247938,4.9131758277493125,1.4739527483247938,2.6989162547447036,,,,,
red_team_llama_guard,qwen25_14b_instruct,10.0,0.9,100,50,Endpoint/block + terminal residual AHT,50,0.8991333329677582,0.00018168710343401,0.5081886289450731,0.34241377901739933,1.1413792633913311,0.34241377901739933,9.139400672262795,,0.005,,,
red_team_llama_guard,qwen25_14b_instruct,10.0,0.9,100,50,Endpoint/block + terminal residual AHT + CRC,50,0.8950977790355682,0.000405366923907781,1.4604511742995006,1.130512671389744,3.768375571299147,1.130512671389744,5.498849179312079,,0.005,,,
red_team_llama_guard,qwen25_14b_instruct,10.0,0.9,100,50,Information-gain + sequential AHT,50,0.8990533375740051,0.00017840970049619206,0.9787367517704192,0.675288999249723,1.4862877159231156,0.44588631477693463,9.848812402817451,,0.005,4.376383117646458,,0.2550805655724709
red_team_llama_guard,qwen25_14b_instruct,10.0,0.9,100,50,Information-gain + sequential AHT + CRC,50,0.896486668586731,0.0003671981833672049,1.9134535299698692,1.390545973869635,3.13075105566965,0.9392253167008948,6.3080460814334085,,0.005,4.119135577478124,,0.5903903791104395
red_team_llama_guard,qwen25_14b_instruct,10.0,0.9,100,50,Oracle,50,0.8991866672039032,7.118892213779449e-05,0.6770133333333334,0.0,,,49.876173333333334,,,,,
red_team_llama_guard,qwen25_14b_instruct,10.0,0.9,100,50,Residual + sequential AHT,50,0.9006333351135254,0.00025089447923937305,1.651896222398254,1.1790344703888427,2.3576088815336824,0.7072826644601048,9.733076826111496,,0.005,4.211658975480853,,33.17298505860321
red_team_llama_guard,qwen25_14b_instruct,10.0,0.9,100,50,Residual + sequential AHT + CRC,50,0.8952866697311401,0.00046330629604061766,3.0774619851444203,2.239849650954334,4.634637565108878,1.390391269532663,6.294027744827636,,0.005,4.044954476681906,,64.07967858569882
red_team_llama_guard,qwen25_14b_instruct,10.0,0.9,100,50,Soft-prefix DAPRO,50,0.8933866703510285,0.0003134664851628195,1.2530272425702276,0.8749232523051657,3.8236463641229808,1.1470939092368944,9.57190439642571,,0.005,4.684250473556072,,0.8795958951903904
red_team_llama_guard,qwen25_14b_instruct,10.0,0.9,100,50,Soft-prefix DAPRO + CRC,50,0.8944666683673859,0.0009063900518463212,2.4690464688363267,1.7814988397144298,7.881532673898867,2.3644598021696606,6.348414135955675,,0.005,4.5143144514783895,,2.125717913288647
red_team_llama_guard,qwen25_14b_instruct,10.0,0.9,100,50,Static,50,0.8977800011634827,0.0004492589558936703,1.810039041254283,1.4739527483247938,4.9131758277493125,1.4739527483247938,2.6989162547447036,,,,,
red_team_llama_guard,qwen25_14b_instruct,10.0,0.9,200,100,Endpoint/block + terminal residual AHT,50,0.8991333329677582,0.00018168710343401,0.5081886289450731,0.34241377901739933,1.1413792633913311,0.34241377901739933,9.139400672262795,,0.005,,,
red_team_llama_guard,qwen25_14b_instruct,10.0,0.9,200,100,Endpoint/block + terminal residual AHT + CRC,50,0.8950977790355682,0.000405366923907781,1.4604511742995006,1.130512671389744,3.768375571299147,1.130512671389744,5.498849179312079,,0.005,,,
red_team_llama_guard,qwen25_14b_instruct,10.0,0.9,200,100,Information-gain + sequential AHT,50,0.8977466702461243,0.00015840627236490923,0.968792486842803,0.6715671668261071,1.5496394342213702,0.46489183026641107,10.04451950293216,,0.005,4.429582203024859,,0.2701338227720882
red_team_llama_guard,qwen25_14b_instruct,10.0,0.9,200,100,Information-gain + sequential AHT + CRC,50,0.9002466678619385,0.0002907247543853828,1.3454047584646194,0.9685771076596231,2.2689529441622023,0.6806858832486608,8.375202467210562,,0.005,4.3507672853591846,,0.4295100360218649
red_team_llama_guard,qwen25_14b_instruct,10.0,0.9,200,100,Oracle,50,0.8991866672039032,7.118892213779449e-05,0.6770133333333334,0.0,,,49.876173333333334,,,,,
red_team_llama_guard,qwen25_14b_instruct,10.0,0.9,200,100,Residual + sequential AHT,50,0.8949533367156982,0.0001761769917322269,1.6293815837713106,1.15033938905245,2.466250619588471,0.7398751858765412,9.956965128996348,,0.005,4.2001782870589315,,28.849924667485716
red_team_llama_guard,qwen25_14b_instruct,10.0,0.9,200,100,Residual + sequential AHT + CRC,50,0.899186669588089,0.00029981933742056094,2.008665228051864,1.4602203010116503,3.128788621741433,0.9386365865224299,8.342353460048198,,0.005,4.187383390944708,,45.79623538703523
red_team_llama_guard,qwen25_14b_instruct,10.0,0.9,200,100,Soft-prefix DAPRO,50,0.8931133317947387,0.00037279204890274523,1.096675936734264,0.7603233038663696,3.300653122447547,0.9901959367342641,9.851793497797713,,0.005,4.742969844777544,,0.7216108989739446
red_team_llama_guard,qwen25_14b_instruct,10.0,0.9,200,100,Soft-prefix DAPRO + CRC,50,0.8958666682243347,0.0005753379310904763,1.6068474393460446,1.1594193236357433,5.011469242264593,1.503440772679378,8.342210895170519,,0.005,4.654092340510181,,1.213772585479887
red_team_llama_guard,qwen25_14b_instruct,10.0,0.9,200,100,Static,50,0.8977800011634827,0.0004492589558936703,1.810039041254283,1.4739527483247938,4.9131758277493125,1.4739527483247938,2.6989162547447036,,,,,
red_team_llama_guard,qwen25_14b_instruct,20.0,0.7,50,25,Endpoint/block + terminal residual AHT,50,0.7021600008010864,0.0002069805899567453,0.7340436856842446,0.27566401310826216,0.9188800436942073,0.27566401310826216,18.65723512070821,,0.005,,,
red_team_llama_guard,qwen25_14b_instruct,20.0,0.7,50,25,Endpoint/block + terminal residual AHT + CRC,50,0.701362220843633,0.0002608648048365435,0.9551577337404967,0.4203800068696976,1.4012666895656587,0.4203800068696976,15.683098461396296,,0.005,,,
red_team_llama_guard,qwen25_14b_instruct,20.0,0.7,50,25,Information-gain + sequential AHT,50,0.6989933323860168,0.00017465522017592823,1.7669258514394925,0.6566215619411183,1.431458226946356,0.42943746808390676,19.810218233730044,,0.005,2.2267810319229717,,0.2194375609494974
red_team_llama_guard,qwen25_14b_instruct,20.0,0.7,50,25,Information-gain + sequential AHT + CRC,50,0.7014999961853028,0.0003260736950706104,2.5006869346734386,1.0416735658947198,2.4155849906519897,0.7246754971955969,12.769729049172438,,0.005,2.217633864738282,,0.5039865839554201
red_team_llama_guard,qwen25_14b_instruct,20.0,0.7,50,25,Oracle,50,0.6995599973201752,0.00010800655294330094,0.6219733333333334,0.0,,,49.876173333333334,,,,,
red_team_llama_guard,qwen25_14b_instruct,20.0,0.7,50,25,Residual + sequential AHT,50,0.6990066623687744,0.0003395441316913546,3.203683369763289,1.304403956228581,2.781296740229953,0.8343890220689858,19.36317432709532,,0.005,2.2126264189659737,,12.54717576091618
red_team_llama_guard,qwen25_14b_instruct,20.0,0.7,50,25,Residual + sequential AHT + CRC,50,0.6982333326339721,0.0006638921763321394,4.3446590848346816,1.860368492545372,4.125893352140958,1.2377680056422873,12.997912699155156,,0.005,2.2111641519572767,,26.875820982633275
red_team_llama_guard,qwen25_14b_instruct,20.0,0.7,50,25,Soft-prefix DAPRO,50,0.7034599983692169,0.000584588953773703,2.1227066224014575,0.849838699226328,6.088088741338192,1.8264266224014574,19.077993963541246,,0.005,2.4575089217228414,,1.3239257401599318
red_team_llama_guard,qwen25_14b_instruct,20.0,0.7,50,25,Soft-prefix DAPRO + CRC,50,0.7035866641998291,0.0015931995109095718,3.3391041271923068,1.4325437056352792,10.144280423974356,3.043284127192307,12.87855498760979,,0.005,2.3876384205619763,,2.4799337688767946
red_team_llama_guard,qwen25_14b_instruct,20.0,0.7,50,25,Static,50,0.697613331079483,0.0006050311156193252,2.69638953044251,1.5995436689417217,5.331812229805739,1.5995436689417217,5.397832509489407,,,,,
red_team_llama_guard,qwen25_14b_instruct,20.0,0.7,100,50,Endpoint/block + terminal residual AHT,50,0.7021600008010864,0.0002069805899567453,0.7340436856842446,0.27566401310826216,0.9188800436942073,0.27566401310826216,18.65723512070821,,0.005,,,
red_team_llama_guard,qwen25_14b_instruct,20.0,0.7,100,50,Endpoint/block + terminal residual AHT + CRC,50,0.701362220843633,0.0002608648048365435,0.9551577337404967,0.4203800068696976,1.4012666895656587,0.4203800068696976,15.683098461396296,,0.005,,,
red_team_llama_guard,qwen25_14b_instruct,20.0,0.7,100,50,Information-gain + sequential AHT,50,0.7008733308315277,0.0001814144054731886,1.5924438858894407,0.5852479261364887,1.2823519111851942,0.3847055733555582,19.808115974967144,,0.005,2.27839124034273,,0.16701126123516036
red_team_llama_guard,qwen25_14b_instruct,20.0,0.7,100,50,Information-gain + sequential AHT + CRC,50,0.700093332529068,0.00023732003287892594,2.0708744041151332,0.8196879611380965,1.8683843525622366,0.5605153057686709,16.216709115590014,,0.005,2.227557383614808,,0.3269928501728366
red_team_llama_guard,qwen25_14b_instruct,20.0,0.7,100,50,Oracle,50,0.6995599973201752,0.00010800655294330094,0.6219733333333334,0.0,,,49.876173333333334,,,,,
red_team_llama_guard,qwen25_14b_instruct,20.0,0.7,100,50,Residual + sequential AHT,50,0.701726666688919,0.0003354499231514774,2.570645736045806,1.0445378151030995,2.3590975233649143,0.7077292570094742,19.50392530301855,,0.005,2.2479762245103756,,7.931116539257424
red_team_llama_guard,qwen25_14b_instruct,20.0,0.7,100,50,Residual + sequential AHT + CRC,50,0.6996266639232636,0.0003281253459088224,3.4043776667914774,1.4248522803577766,3.1755661256667707,0.9526698377000312,16.156719705785363,,0.005,2.2136854560819215,,15.736343564546857
red_team_llama_guard,qwen25_14b_instruct,20.0,0.7,100,50,Soft-prefix DAPRO,50,0.6969466662406921,0.00025506749936283194,1.6371268496366467,0.628930711577556,4.448022832122155,1.3344068496366464,19.533456828482517,,0.005,2.4925066608113666,,0.8114987771365492
red_team_llama_guard,qwen25_14b_instruct,20.0,0.7,100,50,Soft-prefix DAPRO + CRC,50,0.7043333327770234,0.0006976644745870916,2.3507283095619163,0.9831784654582664,6.851805476317498,2.0555416428952498,16.284530718725247,,0.005,2.457768744944174,,1.5551405505785683
red_team_llama_guard,qwen25_14b_instruct,20.0,0.7,100,50,Static,50,0.697613331079483,0.0006050311156193252,2.69638953044251,1.5995436689417217,5.331812229805739,1.5995436689417217,5.397832509489407,,,,,
red_team_llama_guard,qwen25_14b_instruct,20.0,0.7,200,100,Endpoint/block + terminal residual AHT,50,0.7021600008010864,0.0002069805899567453,0.7340436856842446,0.27566401310826216,0.9188800436942073,0.27566401310826216,18.65723512070821,,0.005,,,
red_team_llama_guard,qwen25_14b_instruct,20.0,0.7,200,100,Endpoint/block + terminal residual AHT + CRC,50,0.701362220843633,0.0002608648048365435,0.9551577337404967,0.4203800068696976,1.4012666895656587,0.4203800068696976,15.683098461396296,,0.005,,,
red_team_llama_guard,qwen25_14b_instruct,20.0,0.7,200,100,Information-gain + sequential AHT,50,0.70117999792099,0.00019372890385735582,1.4922772700893276,0.5446209144757248,1.2026628023421269,0.36079884070263807,20.175341905104172,,0.005,2.308271632358557,,0.14518086671403022
red_team_llama_guard,qwen25_14b_instruct,20.0,0.7,200,100,Information-gain + sequential AHT + CRC,50,0.6996266627311707,0.0002166377344410331,1.7297348760162388,0.6559556722512638,1.4829383117285235,0.44488149351855705,18.572067851746194,,0.005,2.2768622856338765,,0.2170787884652824
red_team_llama_guard,qwen25_14b_instruct,20.0,0.7,200,100,Oracle,50,0.6995599973201752,0.00010800655294330094,0.6219733333333334,0.0,,,49.876173333333334,,,,,
red_team_llama_guard,qwen25_14b_instruct,20.0,0.7,200,100,Residual + sequential AHT,50,0.7002266621589661,0.00025671382405209077,2.3344465967589456,0.9375691518414707,2.171756218181584,0.6515268654544752,19.922529142420945,,0.005,2.2579506493348696,,6.292235266834288
red_team_llama_guard,qwen25_14b_instruct,20.0,0.7,200,100,Residual + sequential AHT + CRC,50,0.7011799967288971,0.0003007082724597098,2.6504519163826523,1.0922457098120792,2.5277364544584993,0.7583209363375498,18.4576863083468,,0.005,2.246359370223874,,9.307842272402503
red_team_llama_guard,qwen25_14b_instruct,20.0,0.7,200,100,Soft-prefix DAPRO,50,0.6992533314228058,0.0005668960215661714,1.3803352521149719,0.5275629724030027,3.597473062605462,1.0792419187816387,19.8745512933567,,0.005,2.498254413657706,,0.5556792897052614
red_team_llama_guard,qwen25_14b_instruct,20.0,0.7,200,100,Soft-prefix DAPRO + CRC,50,0.6988866627216339,0.00025843353710893456,1.725419382153615,0.684610037754277,4.749420162734273,1.4248260488202817,18.42730973404213,,0.005,2.489519036337912,,0.9324294858209852
red_team_llama_guard,qwen25_14b_instruct,20.0,0.7,200,100,Static,50,0.697613331079483,0.0006050311156193252,2.69638953044251,1.5995436689417217,5.331812229805739,1.5995436689417217,5.397832509489407,,,,,
red_team_llama_guard,qwen25_14b_instruct,20.0,0.8,50,25,Endpoint/block + terminal residual AHT,50,0.7988400006294251,0.00018816433901934986,0.49520209599081466,0.21330819165109854,0.7110273055036619,0.21330819165109854,18.514151698652885,,0.005,,,
red_team_llama_guard,qwen25_14b_instruct,20.0,0.8,50,25,Endpoint/block + terminal residual AHT + CRC,50,0.7992955565452575,0.00020433635030002228,0.6373630365679066,0.31997743776301524,1.0665914592100507,0.31997743776301524,15.6784067236422,,0.005,,,
red_team_llama_guard,qwen25_14b_instruct,20.0,0.8,50,25,Information-gain + sequential AHT,50,0.8002666711807251,0.00020875273797542487,1.3937874086514503,0.68265533493262,1.4455327899211283,0.43365983697633853,19.707371165423574,,0.005,2.8388784307983337,,0.1951170249177977
red_team_llama_guard,qwen25_14b_instruct,20.0,0.8,50,25,Information-gain + sequential AHT + CRC,50,0.7974200034141541,0.0002992916931662518,2.1166485095272174,1.1207596323831714,2.632435116167404,0.7897305348502214,12.62964394741416,,0.005,2.808127145811153,,0.4672749821914682
red_team_llama_guard,qwen25_14b_instruct,20.0,0.8,50,25,Oracle,50,0.7995399975776672,0.00010721036904928458,0.6636266666666667,0.0,,,49.876173333333334,,,,,
red_team_llama_guard,qwen25_14b_instruct,20.0,0.8,50,25,Residual + sequential AHT,50,0.7972733318805695,0.0002617310465182993,2.8055700076661485,1.4725486189534271,3.0185439618408365,0.9055631885522512,19.173790822892034,,0.005,2.7854613125848595,,22.029656876594622
red_team_llama_guard,qwen25_14b_instruct,20.0,0.8,50,25,Residual + sequential AHT + CRC,50,0.7984800004959106,0.0006614111518510237,3.8880162139547796,2.139320750285295,4.827741746966736,1.4483225240900208,12.892444262640447,,0.005,2.799314382050724,,47.03464789541044
red_team_llama_guard,qwen25_14b_instruct,20.0,0.8,50,25,Soft-prefix DAPRO,50,0.8003600025177002,0.0005813735312581948,1.6061893738112036,0.8185882696776038,4.690986801592901,1.4072960404778703,18.827739531957054,,0.005,3.089016599655723,,0.8860690245495713
red_team_llama_guard,qwen25_14b_instruct,20.0,0.8,50,25,Soft-prefix DAPRO + CRC,50,0.7944200003147125,0.0007467791629681614,2.524602409243135,1.3332947521265979,7.729074697477116,2.3187224092431347,12.621039698036332,,0.005,3.0379512389226306,,1.7133442683833329
red_team_llama_guard,qwen25_14b_instruct,20.0,0.8,50,25,Static,50,0.7940266680717468,0.0004676228557151401,1.822179252989326,1.2307713900963764,4.102571300321255,1.2307713900963764,5.397832509489407,,,,,
red_team_llama_guard,qwen25_14b_instruct,20.0,0.8,100,50,Endpoint/block + terminal residual AHT,50,0.7988400006294251,0.00018816433901934986,0.49520209599081466,0.21330819165109854,0.7110273055036619,0.21330819165109854,18.514151698652885,,0.005,,,
red_team_llama_guard,qwen25_14b_instruct,20.0,0.8,100,50,Endpoint/block + terminal residual AHT + CRC,50,0.7992955565452575,0.00020433635030002228,0.6373630365679066,0.31997743776301524,1.0665914592100507,0.31997743776301524,15.6784067236422,,0.005,,,
red_team_llama_guard,qwen25_14b_instruct,20.0,0.8,100,50,Information-gain + sequential AHT,50,0.7998400020599366,0.00029628680718274706,1.22817761496754,0.5912119963013679,1.2529219089627714,0.37587657268883135,19.627608378100046,,0.005,2.9388678001024373,,0.16506061193537522
red_team_llama_guard,qwen25_14b_instruct,20.0,0.8,100,50,Information-gain + sequential AHT + CRC,50,0.7988733351230621,0.0002592647112704501,1.642390076772024,0.8366596677672261,1.8438208474297486,0.5531462542289245,16.271402910993427,,0.005,2.8387401432150083,,0.27660540321290045
red_team_llama_guard,qwen25_14b_instruct,20.0,0.8,100,50,Oracle,50,0.7995399975776672,0.00010721036904928458,0.6636266666666667,0.0,,,49.876173333333334,,,,,
red_team_llama_guard,qwen25_14b_instruct,20.0,0.8,100,50,Residual + sequential AHT,50,0.7972733318805695,0.000379513349854808,2.3373643301661025,1.218918089741018,2.6235975674310557,0.7870792702293167,19.330265971043243,,0.005,2.8529479871928425,,18.415179230773916
red_team_llama_guard,qwen25_14b_instruct,20.0,0.8,100,50,Residual + sequential AHT + CRC,50,0.7996800005435943,0.0003035326684753067,2.915752672035307,1.5624814968445733,3.3411976673645585,1.0023593002093676,16.200842904872065,,0.005,2.7858978079421344,,26.51172658102978
red_team_llama_guard,qwen25_14b_instruct,20.0,0.8,100,50,Soft-prefix DAPRO,50,0.7995266675949096,0.00043746526178470676,1.2422068337571954,0.6114512817634049,3.475245001412874,1.042573500423862,19.162618281634337,,0.005,3.180316212851537,,0.6447198900668552
red_team_llama_guard,qwen25_14b_instruct,20.0,0.8,100,50,Soft-prefix DAPRO + CRC,50,0.7984266698360443,0.0005051202035135241,1.78510165808262,0.9275088715183201,5.282583304719846,1.5847749914159537,16.170480885765077,,0.005,3.0889376258582235,,1.0445168752507907
red_team_llama_guard,qwen25_14b_instruct,20.0,0.8,100,50,Static,50,0.7940266680717468,0.0004676228557151401,1.822179252989326,1.2307713900963764,4.102571300321255,1.2307713900963764,5.397832509489407,,,,,
red_team_llama_guard,qwen25_14b_instruct,20.0,0.8,200,100,Endpoint/block + terminal residual AHT,50,0.7988400006294251,0.00018816433901934986,0.49520209599081466,0.21330819165109854,0.7110273055036619,0.21330819165109854,18.514151698652885,,0.005,,,
red_team_llama_guard,qwen25_14b_instruct,20.0,0.8,200,100,Endpoint/block + terminal residual AHT + CRC,50,0.7992955565452575,0.00020433635030002228,0.6373630365679066,0.31997743776301524,1.0665914592100507,0.31997743776301524,15.6784067236422,,0.005,,,
red_team_llama_guard,qwen25_14b_instruct,20.0,0.8,200,100,Information-gain + sequential AHT,50,0.7982199954986572,0.00020005265931238676,1.0708966137492515,0.5028192833939124,1.0998034872855604,0.3299410461856681,20.065643361284874,,0.005,2.9649139106878426,,0.13260973713332727
red_team_llama_guard,qwen25_14b_instruct,20.0,0.8,200,100,Information-gain + sequential AHT + CRC,50,0.7976200032234192,0.0003253788093246955,1.3491679737148456,0.661917894809517,1.439259240606465,0.4317777721819395,18.463801395026934,,0.005,2.9358919482594548,,0.20550052103499467
red_team_llama_guard,qwen25_14b_instruct,20.0,0.8,200,100,Oracle,50,0.7995399975776672,0.00010721036904928458,0.6636266666666667,0.0,,,49.876173333333334,,,,,
red_team_llama_guard,qwen25_14b_instruct,20.0,0.8,200,100,Residual + sequential AHT,50,0.7978066718578338,0.00021366023251786576,1.719463170853701,0.8804344327845206,2.042347331287469,0.6127041993862407,19.79903494565782,,0.005,2.844715141613715,,10.084517669855995
red_team_llama_guard,qwen25_14b_instruct,20.0,0.8,200,100,Residual + sequential AHT + CRC,50,0.7984399974346161,0.00043107698547440517,2.3446051953559284,1.23664093381624,2.703959509574764,0.8111878528724291,18.31684338346977,,0.005,2.850344908964435,,20.70801833672056
red_team_llama_guard,qwen25_14b_instruct,20.0,0.8,200,100,Soft-prefix DAPRO,50,0.7975666725635528,0.00020983784752722293,0.9116593467753686,0.42661237147000064,2.36537560036234,0.709612680108702,19.78872787423285,,0.005,3.2076091972806036,,0.3154914080937998
red_team_llama_guard,qwen25_14b_instruct,20.0,0.8,200,100,Soft-prefix DAPRO + CRC,50,0.8032799971103668,0.0006963145329274326,1.2854993336617286,0.649066709284373,3.632131112205762,1.0896393336617287,18.304241200340456,,0.005,3.176277232154197,,0.7158769428098978
red_team_llama_guard,qwen25_14b_instruct,20.0,0.8,200,100,Static,50,0.7940266680717468,0.0004676228557151401,1.822179252989326,1.2307713900963764,4.102571300321255,1.2307713900963764,5.397832509489407,,,,,
red_team_llama_guard,qwen25_14b_instruct,20.0,0.9,50,25,Endpoint/block + terminal residual AHT,50,0.8996199989318847,0.00011323819808268348,0.25349925927865563,0.1274323015413305,0.42477433847110185,0.1274323015413305,18.27880134452559,,0.005,,,
red_team_llama_guard,qwen25_14b_instruct,20.0,0.9,50,25,Endpoint/block + terminal residual AHT + CRC,50,0.8996000031630198,0.00011113047663756079,0.32180606877215967,0.1855987513598339,0.6186625045327797,0.1855987513598339,15.684997066928133,,0.005,,,
red_team_llama_guard,qwen25_14b_instruct,20.0,0.9,50,25,Information-gain + sequential AHT,50,0.8985000026226043,0.0001266269684544191,0.5677662260863601,0.34696449860086154,0.6424660872009504,0.1927398261602851,19.778368552838376,,0.005,4.14680856635954,,0.09810494240792618
red_team_llama_guard,qwen25_14b_instruct,20.0,0.9,50,25,Information-gain + sequential AHT + CRC,50,0.8999933338165284,0.00018746706046461332,0.9455534011418846,0.6461490750859727,1.3278028748478314,0.3983408624543494,12.223323971816885,,0.005,4.100404942280373,,0.24492234833186366
red_team_llama_guard,qwen25_14b_instruct,20.0,0.9,50,25,Oracle,50,0.8991866672039032,7.118892213779449e-05,0.6770133333333334,0.0,,,49.876173333333334,,,,,
red_team_llama_guard,qwen25_14b_instruct,20.0,0.9,50,25,Residual + sequential AHT,50,0.8983866655826569,0.000157888283810512,1.589277413340416,1.0986544061920653,1.8715522703352356,0.5614656811005707,19.279024263354234,,0.005,4.099489983921524,,23.352104510752596
red_team_llama_guard,qwen25_14b_instruct,20.0,0.9,50,25,Residual + sequential AHT + CRC,50,0.8996799993515014,0.00030570952196659455,2.1290169793715474,1.5368057370618473,2.993182039621953,0.8979546118865859,12.380669968857763,,0.005,4.185763443096881,,42.12776334163677
red_team_llama_guard,qwen25_14b_instruct,20.0,0.9,50,25,Soft-prefix DAPRO,50,0.896746666431427,0.0003256578228447429,0.7848107093242578,0.5085024403407822,2.2747023644141926,0.6824107093242577,18.450159815253116,,0.005,4.4464263595634455,,0.5876225166942273
red_team_llama_guard,qwen25_14b_instruct,20.0,0.9,50,25,Soft-prefix DAPRO + CRC,50,0.8945200037956238,0.0003239462588883396,1.2803623220045566,0.8748234786401043,3.9204521844596325,1.1761356553378899,12.397194003671958,,0.005,4.2876266429626035,,1.0104034465887113
red_team_llama_guard,qwen25_14b_instruct,20.0,0.9,50,25,Static,50,0.8971133351325988,0.0002757940690553288,0.9040183716079269,0.6940697523880475,2.3135658412934914,0.6940697523880475,5.397832509489407,,,,,
red_team_llama_guard,qwen25_14b_instruct,20.0,0.9,100,50,Endpoint/block + terminal residual AHT,50,0.8996199989318847,0.00011323819808268348,0.25349925927865563,0.1274323015413305,0.42477433847110185,0.1274323015413305,18.27880134452559,,0.005,,,
red_team_llama_guard,qwen25_14b_instruct,20.0,0.9,100,50,Endpoint/block + terminal residual AHT + CRC,50,0.8996000031630198,0.00011113047663756079,0.32180606877215967,0.1855987513598339,0.6186625045327797,0.1855987513598339,15.684997066928133,,0.005,,,
red_team_llama_guard,qwen25_14b_instruct,20.0,0.9,100,50,Information-gain + sequential AHT,50,0.8999466705322265,0.00012200612591813675,0.4753789722039866,0.28350676160297383,0.5537913223746393,0.16613739671239178,19.64048327793979,,0.005,4.383607791244207,,0.07934547393920938
red_team_llama_guard,qwen25_14b_instruct,20.0,0.9,100,50,Information-gain + sequential AHT + CRC,50,0.8980599999427795,0.00013540000300338266,0.6877783688265624,0.4382155292191279,0.8630912900024594,0.2589273870007378,16.10083449901299,,0.005,4.142928207797464,,0.14142989416561938
red_team_llama_guard,qwen25_14b_instruct,20.0,0.9,100,50,Oracle,50,0.8991866672039032,7.118892213779449e-05,0.6770133333333334,0.0,,,49.876173333333334,,,,,
red_team_llama_guard,qwen25_14b_instruct,20.0,0.9,100,50,Residual + sequential AHT,50,0.8987799978256226,0.00015409352090288414,1.2002346065090053,0.8149842493033241,1.4289557272600006,0.4286867181780002,19.433973386238478,,0.005,4.231456402754459,,17.71042561714594
red_team_llama_guard,qwen25_14b_instruct,20.0,0.9,100,50,Residual + sequential AHT + CRC,50,0.8973000037670136,0.00014854075139586435,1.7299850083214199,1.2038395905990165,2.14042935628711,0.6421288068861329,16.02199481595116,,0.005,4.09672807459385,,27.20463747519818
red_team_llama_guard,qwen25_14b_instruct,20.0,0.9,100,50,Soft-prefix DAPRO,50,0.8964799964427947,0.00023337954557039965,0.6116690810075952,0.3822055234369308,1.6965636033586509,0.5089690810075952,19.015351201669024,,0.005,4.691577189654002,,0.41520736211466697
red_team_llama_guard,qwen25_14b_instruct,20.0,0.9,100,50,Soft-prefix DAPRO + CRC,50,0.8963733327388763,0.00035684636944247115,0.8932556514601317,0.591273633546029,2.633785504867106,0.7901356514601318,15.684391848518542,,0.005,4.442668086228219,,0.6865222926818559
red_team_llama_guard,qwen25_14b_instruct,20.0,0.9,100,50,Static,50,0.8971133351325988,0.0002757940690553288,0.9040183716079269,0.6940697523880475,2.3135658412934914,0.6940697523880475,5.397832509489407,,,,,
red_team_llama_guard,qwen25_14b_instruct,20.0,0.9,200,100,Endpoint/block + terminal residual AHT,50,0.8996199989318847,0.00011323819808268348,0.25349925927865563,0.1274323015413305,0.42477433847110185,0.1274323015413305,18.27880134452559,,0.005,,,
red_team_llama_guard,qwen25_14b_instruct,20.0,0.9,200,100,Endpoint/block + terminal residual AHT + CRC,50,0.8996000031630198,0.00011113047663756079,0.32180606877215967,0.1855987513598339,0.6186625045327797,0.1855987513598339,15.684997066928133,,0.005,,,
red_team_llama_guard,qwen25_14b_instruct,20.0,0.9,200,100,Information-gain + sequential AHT,50,0.8992866659164429,9.588213112804657e-05,0.412822235742889,0.23650912996171794,0.47596785613578807,0.14279035684073638,20.08569463232332,,0.005,4.456801675298139,,0.06706918783215468
red_team_llama_guard,qwen25_14b_instruct,20.0,0.9,200,100,Information-gain + sequential AHT + CRC,50,0.8987333333492279,0.00011764175474544863,0.529579527713815,0.3240982976213846,0.6494327839046476,0.19482983517139427,18.53870459751005,,0.005,4.378001421597478,,0.09930232653954033
red_team_llama_guard,qwen25_14b_instruct,20.0,0.9,200,100,Oracle,50,0.8991866672039032,7.118892213779449e-05,0.6770133333333334,0.0,,,49.876173333333334,,,,,
red_team_llama_guard,qwen25_14b_instruct,20.0,0.9,200,100,Residual + sequential AHT,50,0.8948399984836578,0.0001768174570815178,1.0556562097499187,0.6945958494587634,1.2445526229354231,0.37336578688062694,19.86940666453374,,0.005,4.225938598099066,,12.681941274271985
red_team_llama_guard,qwen25_14b_instruct,20.0,0.9,200,100,Residual + sequential AHT + CRC,50,0.8995866692066192,0.00016747646868964434,1.1964186970469937,0.8156918795358834,1.4512163119048365,0.4353648935714509,18.458172180656316,,0.005,4.2250370611544374,,19.70657237353236
red_team_llama_guard,qwen25_14b_instruct,20.0,0.9,200,100,Soft-prefix DAPRO,50,0.899079999923706,0.00018317266055948713,0.4743345081098591,0.285592800406229,1.2458928048106417,0.3737678414431925,19.60404902433018,,0.005,4.780757595862317,,0.28951756249323657
red_team_llama_guard,qwen25_14b_instruct,20.0,0.9,200,100,Soft-prefix DAPRO + CRC,50,0.8969599997997284,0.000288184471941066,0.6486758687613691,0.4129700057758485,1.8217417847601192,0.5465225354280357,18.21122181764815,,0.005,4.685906760459153,,0.45866065854176696
red_team_llama_guard,qwen25_14b_instruct,20.0,0.9,200,100,Static,50,0.8971133351325988,0.0002757940690553288,0.9040183716079269,0.6940697523880475,2.3135658412934914,0.6940697523880475,5.397832509489407,,,,,
red_team_qwen_judge,gemma3_4b_it,20.0,0.7,50,25,Endpoint/block + terminal residual AHT,50,0.7003933310508728,0.00042083304621299606,1.564048125615632,0.8646427079145032,2.8821423597150106,0.8646427079145032,18.03507012056599,,0.005,,,
red_team_qwen_judge,gemma3_4b_it,20.0,0.7,50,25,Endpoint/block + terminal residual AHT + CRC,50,0.703975557088852,0.0004228591436875299,1.9886205723329984,1.1643291968910734,3.8810973229702443,1.1643291968910734,15.728690055405117,,0.005,,,
red_team_qwen_judge,gemma3_4b_it,20.0,0.7,50,25,Information-gain + sequential AHT,50,0.703326667547226,0.000546179197303112,6.774000566725156,3.0836085884879285,3.641563955600045,1.0924691866800136,20.308071308580296,,0.005,1.8735659590957974,,1.2604074273808747
red_team_qwen_judge,gemma3_4b_it,20.0,0.7,50,25,Information-gain + sequential AHT + CRC,50,0.7047199976444244,0.0007722644716648197,10.95627156997405,5.169842282641963,6.885525936108288,2.0656577808324865,13.210563395359186,,0.005,1.8436288329282489,,2.394373224922306
red_team_qwen_judge,gemma3_4b_it,20.0,0.7,50,25,Oracle,50,0.7044866585731506,0.0001582549852323713,0.6763666666666667,0.0,,,92.66294666666667,,,,,
red_team_qwen_judge,gemma3_4b_it,20.0,0.7,50,25,Residual + sequential AHT,50,0.702053337097168,0.0006062055694800787,8.90691990203234,4.012119264519574,3.9494256105389214,1.1848276831616764,20.188379544841396,,0.005,1.8352742368412627,,56.587107052597915
red_team_qwen_judge,gemma3_4b_it,20.0,0.7,50,25,Residual + sequential AHT + CRC,50,0.7043599998950958,0.0005839038708366952,14.016428479541789,6.522655732171206,7.192493153263565,2.15774794597907,13.26311980752828,,0.005,1.8208267039779549,,106.79155575263101
red_team_qwen_judge,gemma3_4b_it,20.0,0.7,50,25,Soft-prefix DAPRO,50,0.717266663312912,0.0018620996543104408,3.31863304163234,1.6753338201907126,10.106576805441135,3.0319730416323405,20.139468043449927,,0.005,2.020908315520813,,2.343833343457459
red_team_qwen_judge,gemma3_4b_it,20.0,0.7,50,25,Soft-prefix DAPRO + CRC,50,0.7341199958324433,0.0030703891975368655,7.0254511399708415,3.8042708012976125,22.519481577680587,6.755844473304176,13.323991702439637,,0.005,1.9893366458096802,,6.016407543675989
red_team_qwen_judge,gemma3_4b_it,20.0,0.7,50,25,Static,50,0.7036800003051757,0.000942308259838993,3.00313328858316,1.877883235103952,6.25961078367984,1.877883235103952,9.266294804745218,,,,,
red_team_qwen_judge,gemma3_4b_it,20.0,0.7,100,50,Endpoint/block + terminal residual AHT,50,0.7003933310508728,0.00042083304621299606,1.564048125615632,0.8646427079145032,2.8821423597150106,0.8646427079145032,18.03507012056599,,0.005,,,
red_team_qwen_judge,gemma3_4b_it,20.0,0.7,100,50,Endpoint/block + terminal residual AHT + CRC,50,0.703975557088852,0.0004228591436875299,1.9886205723329984,1.1643291968910734,3.8810973229702443,1.1643291968910734,15.728690055405117,,0.005,,,
red_team_qwen_judge,gemma3_4b_it,20.0,0.7,100,50,Information-gain + sequential AHT,50,0.7063866686820984,0.00038523065374427125,5.937193919419757,2.7471178686075852,3.4625495803487603,1.038764874104628,20.153085128258798,,0.005,1.9022342919990327,,1.1924312915733786
red_team_qwen_judge,gemma3_4b_it,20.0,0.7,100,50,Information-gain + sequential AHT + CRC,50,0.7023199963569641,0.0006161765921137134,8.247685687330803,3.8334555157281835,4.998926648288259,1.4996779944864775,16.536172454482184,,0.005,1.8760444899921098,,1.7781354281840063
red_team_qwen_judge,gemma3_4b_it,20.0,0.7,100,50,Oracle,50,0.7044866585731506,0.0001582549852323713,0.6763666666666667,0.0,,,92.66294666666667,,,,,
red_team_qwen_judge,gemma3_4b_it,20.0,0.7,100,50,Residual + sequential AHT,50,0.7035599994659424,0.0003625598713281876,7.5106666891633385,3.41405880155183,3.775614693426202,1.1326844080278604,20.055437662911768,,0.005,1.8448383798033672,,58.33791573891455
red_team_qwen_judge,gemma3_4b_it,20.0,0.7,100,50,Residual + sequential AHT + CRC,50,0.7019000017642975,0.0005587585819824332,10.362024710679579,4.766308415394413,5.294474327848023,1.5883422983544064,16.5061895229637,,0.005,1.8380055891032798,,81.87185314873241
red_team_qwen_judge,gemma3_4b_it,20.0,0.7,100,50,Soft-prefix DAPRO,50,0.719946664571762,0.0018369083728366532,3.0010829997390345,1.5790772898544356,9.059298888019004,2.717789666405701,20.00725369874782,,0.005,2.032004026083336,,1.6180411361346068
red_team_qwen_judge,gemma3_4b_it,20.0,0.7,100,50,Soft-prefix DAPRO + CRC,50,0.7259066653251648,0.0029771248140184722,4.519420260440421,2.3982325745880795,14.137823090356962,4.241346927107089,16.475737467759032,,0.005,2.0221249941356145,,3.1125637550979928
red_team_qwen_judge,gemma3_4b_it,20.0,0.7,100,50,Static,50,0.7036800003051757,0.000942308259838993,3.00313328858316,1.877883235103952,6.25961078367984,1.877883235103952,9.266294804745218,,,,,
red_team_qwen_judge,gemma3_4b_it,20.0,0.7,200,100,Endpoint/block + terminal residual AHT,50,0.7003933310508728,0.00042083304621299606,1.564048125615632,0.8646427079145032,2.8821423597150106,0.8646427079145032,18.03507012056599,,0.005,,,
red_team_qwen_judge,gemma3_4b_it,20.0,0.7,200,100,Endpoint/block + terminal residual AHT + CRC,50,0.703975557088852,0.0004228591436875299,1.9886205723329984,1.1643291968910734,3.8810973229702443,1.1643291968910734,15.728690055405117,,0.005,,,
red_team_qwen_judge,gemma3_4b_it,20.0,0.7,200,100,Information-gain + sequential AHT,50,0.7048599994182587,0.00032887578560913196,5.137447953923188,2.429947171340119,3.634552591439144,1.0903657774317432,20.104907365168437,,0.005,1.9315163437925968,,1.276455360562911
red_team_qwen_judge,gemma3_4b_it,20.0,0.7,200,100,Information-gain + sequential AHT + CRC,50,0.7025266647338867,0.000493809788862736,7.008270606578581,3.302028112176323,4.607614994831779,1.3822844984495335,18.325008919004016,,0.005,1.9040935617444965,,1.6618422186220787
red_team_qwen_judge,gemma3_4b_it,20.0,0.7,200,100,Oracle,50,0.7044866585731506,0.0001582549852323713,0.6763666666666667,0.0,,,92.66294666666667,,,,,
red_team_qwen_judge,gemma3_4b_it,20.0,0.7,200,100,Residual + sequential AHT,50,0.702480000257492,0.000409769523977038,7.041545078705782,3.250253323437734,4.095841803559093,1.228752541067728,20.043773605302217,,0.005,1.8553102184178405,,68.96800714825831
red_team_qwen_judge,gemma3_4b_it,20.0,0.7,200,100,Residual + sequential AHT + CRC,50,0.7017466688156128,0.00044553993642039636,8.621966117470205,4.004307338334514,4.9615960537813235,1.488478816134397,18.30433381558043,,0.005,1.8470799047940605,,83.29295024506006
red_team_qwen_judge,gemma3_4b_it,20.0,0.7,200,100,Soft-prefix DAPRO,50,0.7205266666412353,0.0021485036627482633,3.051088621572287,1.6773313793338749,9.225273183018734,2.7675819549056206,20.02918939563343,,0.005,2.044288403888072,,1.6786851303830344
red_team_qwen_judge,gemma3_4b_it,20.0,0.7,200,100,Soft-prefix DAPRO + CRC,50,0.7218466651439667,0.0021420097546128013,3.7879945370857064,2.054554999200612,11.68620401250791,3.505861203752373,18.343545441371315,,0.005,2.0322302823952536,,2.2143037321048666
red_team_qwen_judge,gemma3_4b_it,20.0,0.7,200,100,Static,50,0.7036800003051757,0.000942308259838993,3.00313328858316,1.877883235103952,6.25961078367984,1.877883235103952,9.266294804745218,,,,,
red_team_qwen_judge,gemma3_4b_it,20.0,0.8,50,25,Endpoint/block + terminal residual AHT,50,0.8008733296394348,0.0001932738760168707,1.0496244136850883,0.6319220897037959,2.10640696567932,0.6319220897037959,17.678195129303187,,0.005,,,
red_team_qwen_judge,gemma3_4b_it,20.0,0.8,50,25,Endpoint/block + terminal residual AHT + CRC,50,0.8036711140473684,0.00025466067149687214,1.3008446941581737,0.8248242667804858,2.749414222601619,0.8248242667804858,15.745833040228897,,0.005,,,
red_team_qwen_judge,gemma3_4b_it,20.0,0.8,50,25,Information-gain + sequential AHT,50,0.8030133318901062,0.000388616636045321,6.196735053859258,3.5049860093322627,3.3385481120084166,1.001564433602525,20.336552315750687,,0.005,2.098595620959714,,1.0313485161756695
red_team_qwen_judge,gemma3_4b_it,20.0,0.8,50,25,Information-gain + sequential AHT + CRC,50,0.8049333345890045,0.0004571426860332538,8.318165952662289,4.818531130510527,6.022175280224743,1.8066525840674228,13.217275692899086,,0.005,2.1165687971148994,,1.872660129636386
red_team_qwen_judge,gemma3_4b_it,20.0,0.8,50,25,Oracle,50,0.8030800020694733,0.00012645154974845878,0.6309066666666666,0.0,,,92.66294666666667,,,,,
red_team_qwen_judge,gemma3_4b_it,20.0,0.8,50,25,Residual + sequential AHT,50,0.8080066668987275,0.00044155794169010727,9.80587183966338,5.586202533380057,3.9097231568490396,1.1729169470547118,20.038473730726416,,0.005,2.0485432683547,,53.55126236579758
red_team_qwen_judge,gemma3_4b_it,20.0,0.8,50,25,Residual + sequential AHT + CRC,50,0.8061866629123687,0.0008944769486858309,12.648742943184638,7.306298543087419,7.242808559445473,2.1728425678336416,13.180775413001102,,0.005,2.0770127753342074,,109.31494349880292
red_team_qwen_judge,gemma3_4b_it,20.0,0.8,50,25,Soft-prefix DAPRO,50,0.80625333070755,0.0012217757267271338,3.4892385801713237,1.9978537485971903,10.975995267237744,3.2927985801713238,19.58797546885936,,0.005,2.2910692898516687,,2.5978739089620713
red_team_qwen_judge,gemma3_4b_it,20.0,0.8,50,25,Soft-prefix DAPRO + CRC,50,0.8097666704654694,0.001768994334005984,5.508834241703834,3.363541766802442,17.718158583457225,5.315447575037167,13.135250889945812,,0.005,2.352141249216261,,4.8490171692788575
red_team_qwen_judge,gemma3_4b_it,20.0,0.8,50,25,Static,50,0.8009799993038178,0.0005813352009440999,2.014666636645794,1.3744902081891508,4.581634027297169,1.3744902081891508,9.266294804745218,,,,,
red_team_qwen_judge,gemma3_4b_it,20.0,0.8,100,50,Endpoint/block + terminal residual AHT,50,0.8008733296394348,0.0001932738760168707,1.0496244136850883,0.6319220897037959,2.10640696567932,0.6319220897037959,17.678195129303187,,0.005,,,
red_team_qwen_judge,gemma3_4b_it,20.0,0.8,100,50,Endpoint/block + terminal residual AHT + CRC,50,0.8036711140473684,0.00025466067149687214,1.3008446941581737,0.8248242667804858,2.749414222601619,0.8248242667804858,15.745833040228897,,0.005,,,
red_team_qwen_judge,gemma3_4b_it,20.0,0.8,100,50,Information-gain + sequential AHT,50,0.8034200036525726,0.00040290150636230034,5.4658714108998545,3.098793864737799,2.9844439163606165,0.8953331749081851,20.19683502025576,,0.005,2.1507065202171294,,0.9393638797045197
red_team_qwen_judge,gemma3_4b_it,20.0,0.8,100,50,Information-gain + sequential AHT + CRC,50,0.8031333327293396,0.0004472335082768411,7.504844693122574,4.293155889360437,4.482222032213532,1.3446666096640598,16.599064670035474,,0.005,2.0993425913962662,,1.4189562220598209
red_team_qwen_judge,gemma3_4b_it,20.0,0.8,100,50,Oracle,50,0.8030800020694733,0.00012645154974845878,0.6309066666666666,0.0,,,92.66294666666667,,,,,
red_team_qwen_judge,gemma3_4b_it,20.0,0.8,100,50,Residual + sequential AHT,50,0.8063666677474975,0.0003034070680690856,8.176441959281425,4.654598588594982,3.4650244082907107,1.0395073224872133,20.04133972029248,,0.005,2.0700672891531884,,51.450545067651525
red_team_qwen_judge,gemma3_4b_it,20.0,0.8,100,50,Residual + sequential AHT + CRC,50,0.8070866644382477,0.0005056407487494653,10.922596731150604,6.2667171465341305,5.007122664205106,1.502136799261532,16.553636422110365,,0.005,2.0498143275454286,,74.6971653598178
red_team_qwen_judge,gemma3_4b_it,20.0,0.8,100,50,Soft-prefix DAPRO,50,0.8080733299255372,0.0006310035881900059,2.3972996181438058,1.3851569980393277,7.339820949368242,2.2019462848104725,19.89180343073971,,0.005,2.2564676048643633,,1.3477347846886796
red_team_qwen_judge,gemma3_4b_it,20.0,0.8,100,50,Soft-prefix DAPRO + CRC,50,0.8066466629505158,0.0013448454184420144,4.172632504712891,2.4454258725103704,13.25441946015408,3.976325838046224,16.456584316230092,,0.005,2.2908405826594476,,3.15936178548231
red_team_qwen_judge,gemma3_4b_it,20.0,0.8,100,50,Static,50,0.8009799993038178,0.0005813352009440999,2.014666636645794,1.3744902081891508,4.581634027297169,1.3744902081891508,9.266294804745218,,,,,
red_team_qwen_judge,gemma3_4b_it,20.0,0.8,200,100,Endpoint/block + terminal residual AHT,50,0.8008733296394348,0.0001932738760168707,1.0496244136850883,0.6319220897037959,2.10640696567932,0.6319220897037959,17.678195129303187,,0.005,,,
red_team_qwen_judge,gemma3_4b_it,20.0,0.8,200,100,Endpoint/block + terminal residual AHT + CRC,50,0.8036711140473684,0.00025466067149687214,1.3008446941581737,0.8248242667804858,2.749414222601619,0.8248242667804858,15.745833040228897,,0.005,,,
red_team_qwen_judge,gemma3_4b_it,20.0,0.8,200,100,Information-gain + sequential AHT,50,0.8027866685390472,0.0003359262101561033,5.316730999949605,3.0299864235176646,3.074162405455787,0.9222487216367361,20.124162138700907,,0.005,2.158566261602227,,1.0202573841562066
red_team_qwen_judge,gemma3_4b_it,20.0,0.8,200,100,Information-gain + sequential AHT + CRC,50,0.8004399979114533,0.0003414713349747696,6.491254368346915,3.7155966104672977,3.9973852279591138,1.199215568387734,18.365322671983424,,0.005,2.1511309660410425,,1.3018053975701056
red_team_qwen_judge,gemma3_4b_it,20.0,0.8,200,100,Oracle,50,0.8030800020694733,0.00012645154974845878,0.6309066666666666,0.0,,,92.66294666666667,,,,,
red_team_qwen_judge,gemma3_4b_it,20.0,0.8,200,100,Residual + sequential AHT,50,0.8057599997520447,0.0002160861512811374,7.750934364721332,4.423374239208915,3.413125781468911,1.0239377344406733,20.052665464410715,,0.005,2.068474901302107,,59.59810860794252
red_team_qwen_judge,gemma3_4b_it,20.0,0.8,200,100,Residual + sequential AHT + CRC,50,0.8027133393287659,0.0004726986411663704,9.180113380757204,5.2357188765877485,4.45420856167514,1.3362625685025418,18.357296752649628,,0.005,2.0710372413591305,,72.45863856808015
red_team_qwen_judge,gemma3_4b_it,20.0,0.8,200,100,Soft-prefix DAPRO,50,0.8116066694259644,0.0009703024061104931,2.2566789438423913,1.3428164905121809,6.882685368363526,2.0648056105090578,19.988855756132498,,0.005,2.232736039478206,,1.2515064760204355
red_team_qwen_judge,gemma3_4b_it,20.0,0.8,200,100,Soft-prefix DAPRO + CRC,50,0.8133533322811126,0.001201748110194491,2.943855340151217,1.7565046873541896,9.178184467170723,2.753455340151217,18.338999077372225,,0.005,2.2550312549590354,,1.7865319908981554
red_team_qwen_judge,gemma3_4b_it,20.0,0.8,200,100,Static,50,0.8009799993038178,0.0005813352009440999,2.014666636645794,1.3744902081891508,4.581634027297169,1.3744902081891508,9.266294804745218,,,,,
red_team_qwen_judge,gemma3_4b_it,20.0,0.9,50,25,Endpoint/block + terminal residual AHT,50,0.9019200050830841,0.00014493681824182794,0.460802330689542,0.28800239172058584,0.960007972401953,0.28800239172058584,16.060536991879136,,0.005,,,
red_team_qwen_judge,gemma3_4b_it,20.0,0.9,50,25,Endpoint/block + terminal residual AHT + CRC,50,0.9017400030295054,0.00015084393061113907,0.527624404731853,0.34213805141700204,1.1404601713900069,0.34213805141700204,15.860734145330555,,0.005,,,
red_team_qwen_judge,gemma3_4b_it,20.0,0.9,50,25,Information-gain + sequential AHT,50,0.9041199958324433,0.0002602846619236862,1.6291460289678712,1.0648799189761617,1.3811479137846496,0.41434437413539493,19.206135953636185,,0.005,3.607198060075045,,0.3191150059102859
red_team_qwen_judge,gemma3_4b_it,20.0,0.9,50,25,Information-gain + sequential AHT + CRC,50,0.9034733366966248,0.00035582339189152293,2.909137419262407,1.9617514408811818,3.0241904369289965,0.907257131078699,12.767355535931149,,0.005,3.3525072792797608,,0.755179927952208
red_team_qwen_judge,gemma3_4b_it,20.0,0.9,50,25,Oracle,50,0.9019533336162567,7.436737213033395e-05,0.4702866666666667,0.0,,,92.66294666666667,,,,,
red_team_qwen_judge,gemma3_4b_it,20.0,0.9,50,25,Residual + sequential AHT,50,0.9047133302688599,0.00029207719724483024,3.7720903481878114,2.5423419838504877,2.88304803929186,0.864914411787558,18.565654974993052,,0.005,3.7230852223605133,,34.399112135899315
red_team_qwen_judge,gemma3_4b_it,20.0,0.9,50,25,Residual + sequential AHT + CRC,50,0.9018666708469391,0.00028878462913866146,5.788542288563929,3.9633889189171954,5.458765581745309,1.637629674523593,12.688178599164619,,0.005,3.4869867653321394,,68.06141945089534
red_team_qwen_judge,gemma3_4b_it,20.0,0.9,50,25,Soft-prefix DAPRO,50,0.90375333070755,0.0005502623119549086,1.3226751570048796,0.8990375625203615,4.081517190016266,1.2244551570048796,18.4061518700417,,0.005,4.074848236335674,,0.7975901998647406
red_team_qwen_judge,gemma3_4b_it,20.0,0.9,50,25,Soft-prefix DAPRO + CRC,50,0.8962066686153412,0.0008062398701024376,2.4735603810716724,1.7089509181213385,7.894779048016686,2.368433714405006,12.472554133254716,,0.005,3.6142294177466954,,1.5618310601407537
red_team_qwen_judge,gemma3_4b_it,20.0,0.9,50,25,Static,50,0.8982400047779083,0.0003848801773465883,1.0330666512727738,0.7638011126917683,2.5460037089725613,0.7638011126917683,9.266294804745218,,,,,
red_team_qwen_judge,gemma3_4b_it,20.0,0.9,100,50,Endpoint/block + terminal residual AHT,50,0.9019200050830841,0.00014493681824182794,0.460802330689542,0.28800239172058584,0.960007972401953,0.28800239172058584,16.060536991879136,,0.005,,,
red_team_qwen_judge,gemma3_4b_it,20.0,0.9,100,50,Endpoint/block + terminal residual AHT + CRC,50,0.9017400030295054,0.00015084393061113907,0.527624404731853,0.34213805141700204,1.1404601713900069,0.34213805141700204,15.860734145330555,,0.005,,,
red_team_qwen_judge,gemma3_4b_it,20.0,0.9,100,50,Information-gain + sequential AHT,50,0.9018400001525879,0.0002441643865798403,1.4233876545037578,0.9239237532635926,1.272754157705753,0.3818262473117259,19.93151970064602,,0.005,4.092615985869824,,0.24004381384317774
red_team_qwen_judge,gemma3_4b_it,20.0,0.9,100,50,Information-gain + sequential AHT + CRC,50,0.9027400004863739,0.00030091268606809873,2.03940140933664,1.354211587135268,1.8810481508996737,0.564314445269902,16.676444223969167,,0.005,3.5963214209572794,,0.4259197063829942
red_team_qwen_judge,gemma3_4b_it,20.0,0.9,100,50,Oracle,50,0.9019533336162567,7.436737213033395e-05,0.4702866666666667,0.0,,,92.66294666666667,,,,,
red_team_qwen_judge,gemma3_4b_it,20.0,0.9,100,50,Residual + sequential AHT,50,0.9007199990749359,0.00020228733773658213,3.0763521579946804,2.0706428993356143,2.761019990508135,0.8283059971524405,19.61923692996421,,0.005,4.122575182938244,,22.628787037114222
red_team_qwen_judge,gemma3_4b_it,20.0,0.9,100,50,Residual + sequential AHT + CRC,50,0.9068400025367737,0.00019025507434247625,3.885970757779896,2.634718129900334,2.822581869921669,0.8467745609765006,16.313563758891426,,0.005,3.712039401178204,,42.041340511724755
red_team_qwen_judge,gemma3_4b_it,20.0,0.9,100,50,Soft-prefix DAPRO,50,0.8961000037193299,0.0005251712446302495,1.11723681674249,0.7530508316818019,3.3716116113638552,1.0114834834091568,19.57275369502114,,0.005,4.344757738174022,,0.46656477206180524
red_team_qwen_judge,gemma3_4b_it,20.0,0.9,100,50,Soft-prefix DAPRO + CRC,50,0.9075799989700317,0.0004206841675375765,1.317580081059004,0.9205444499159746,4.0774224924189015,1.2232267477256706,16.18603292459128,,0.005,4.061078583149902,,0.9783241702810364
red_team_qwen_judge,gemma3_4b_it,20.0,0.9,100,50,Static,50,0.8982400047779083,0.0003848801773465883,1.0330666512727738,0.7638011126917683,2.5460037089725613,0.7638011126917683,9.266294804745218,,,,,
red_team_qwen_judge,gemma3_4b_it,20.0,0.9,200,100,Endpoint/block + terminal residual AHT,50,0.9019200050830841,0.00014493681824182794,0.460802330689542,0.28800239172058584,0.960007972401953,0.28800239172058584,16.060536991879136,,0.005,,,
red_team_qwen_judge,gemma3_4b_it,20.0,0.9,200,100,Endpoint/block + terminal residual AHT + CRC,50,0.9017400030295054,0.00015084393061113907,0.527624404731853,0.34213805141700204,1.1404601713900069,0.34213805141700204,15.860734145330555,,0.005,,,
red_team_qwen_judge,gemma3_4b_it,20.0,0.9,200,100,Information-gain + sequential AHT,50,0.900786669254303,0.00017258855879096974,1.4529119909538881,0.9508252271133523,1.395117812206018,0.4185353436618054,20.017548194941867,,0.005,4.194249313928721,,0.2567814900326278
red_team_qwen_judge,gemma3_4b_it,20.0,0.9,200,100,Information-gain + sequential AHT + CRC,50,0.9039066660404206,0.00019952853162174644,1.5542889061350456,1.0268030495990375,1.477474273578942,0.44324228207368255,18.553792970231118,,0.005,4.071636061326006,,0.33773682165468266
red_team_qwen_judge,gemma3_4b_it,20.0,0.9,200,100,Oracle,50,0.9019533336162567,7.436737213033395e-05,0.4702866666666667,0.0,,,92.66294666666667,,,,,
red_team_qwen_judge,gemma3_4b_it,20.0,0.9,200,100,Residual + sequential AHT,50,0.8974866640567779,0.0004506493978537182,3.4490176452204473,2.3290941993607803,3.713432719187183,1.1140298157561548,19.8586454045759,,0.005,4.196394204262486,,23.86151211981438
red_team_qwen_judge,gemma3_4b_it,20.0,0.9,200,100,Residual + sequential AHT + CRC,50,0.8999733340740204,0.00021520564635804388,3.5060227722542248,2.3793842206978297,3.350385598086061,1.005115679425818,18.528106598576525,,0.005,4.102258491732396,,29.610033303698355
red_team_qwen_judge,gemma3_4b_it,20.0,0.9,200,100,Soft-prefix DAPRO,50,0.8988133382797241,0.0003685177979821916,0.9092051943513091,0.6222510825110456,2.6881284256154747,0.8064385276846424,19.81658965429882,,0.005,4.399672555083072,,0.42520230350304705
red_team_qwen_judge,gemma3_4b_it,20.0,0.9,200,100,Soft-prefix DAPRO + CRC,50,0.8927266705036163,0.0006912593143353953,1.4264196435605156,0.9816495783531284,4.392887700757274,1.3178663102271824,18.47486036635672,,0.005,4.322377002699613,,0.6057523948234913
red_team_qwen_judge,gemma3_4b_it,20.0,0.9,200,100,Static,50,0.8982400047779083,0.0003848801773465883,1.0330666512727738,0.7638011126917683,2.5460037089725613,0.7638011126917683,9.266294804745218,,,,,
red_team_qwen_judge,llama_31_8B_instruct,20.0,0.7,50,25,Endpoint/block + terminal residual AHT,50,0.698860000371933,0.00036605930861849514,1.9704336533728684,0.9233316097052952,3.077772032350984,0.9233316097052952,18.21630187146904,,0.005,,,
red_team_qwen_judge,llama_31_8B_instruct,20.0,0.7,50,25,Endpoint/block + terminal residual AHT + CRC,50,0.6985511104265849,0.0004554868907767368,2.6850299752473066,1.3231595639986886,4.410531879995628,1.3231595639986886,15.61344628779363,,0.005,,,
red_team_qwen_judge,llama_31_8B_instruct,20.0,0.7,50,25,Information-gain + sequential AHT,50,0.7007266652584075,0.0006946564104676201,10.037782748253324,3.0559427173875724,6.187547753527423,1.8562643260582268,19.688486177531033,,0.005,2.057925227767868,,1.302622163469299
red_team_qwen_judge,llama_31_8B_instruct,20.0,0.7,50,25,Information-gain + sequential AHT + CRC,50,0.7013466691970826,0.0013838455660601478,14.214338984132828,4.602315253787299,10.135344556011164,3.040603366803349,12.285001807212016,,0.005,1.9685421214120797,,2.866717272253439
red_team_qwen_judge,llama_31_8B_instruct,20.0,0.7,50,25,Oracle,50,0.7008066594600677,0.00012119761442318514,0.3793133333333333,0.0,,,127.67386666666667,,,,,
red_team_qwen_judge,llama_31_8B_instruct,20.0,0.7,50,25,Residual + sequential AHT,50,0.702260000705719,0.0006593753260810561,13.663027343011636,4.340359677644373,9.343278036869332,2.8029834110608,19.63633068848338,,0.005,2.0693718059151784,,64.30925062810276
red_team_qwen_judge,llama_31_8B_instruct,20.0,0.7,50,25,Residual + sequential AHT + CRC,50,0.7058799993991852,0.0006944976295800296,18.27185225841207,5.987349597650162,13.09937576994879,3.929812730984637,12.387333142154084,,0.005,1.9848836447129967,,134.9580661855524
red_team_qwen_judge,llama_31_8B_instruct,20.0,0.7,50,25,Soft-prefix DAPRO,50,0.6991000020503998,0.002009330227284533,6.686043288901395,2.3664199739927936,21.282144296337982,6.384643288901396,19.346681117492654,,0.005,2.2825882365844796,,2.662145287575983
red_team_qwen_judge,llama_31_8B_instruct,20.0,0.7,50,25,Soft-prefix DAPRO + CRC,50,0.6962933373451233,0.002681844110339389,10.913108850527415,4.176956167942733,35.36507394620249,10.609522183860747,12.163984915772149,,0.005,2.2040266857481456,,6.361535330053781
red_team_qwen_judge,llama_31_8B_instruct,20.0,0.7,50,25,Static,50,0.693606663942337,0.0007691504511730554,3.057266621109844,1.5665425321268154,5.221808440422718,1.5665425321268154,12.767386856915552,,,,,
red_team_qwen_judge,llama_31_8B_instruct,20.0,0.7,100,50,Endpoint/block + terminal residual AHT,50,0.698860000371933,0.00036605930861849514,1.9704336533728684,0.9233316097052952,3.077772032350984,0.9233316097052952,18.21630187146904,,0.005,,,
red_team_qwen_judge,llama_31_8B_instruct,20.0,0.7,100,50,Endpoint/block + terminal residual AHT + CRC,50,0.6985511104265849,0.0004554868907767368,2.6850299752473066,1.3231595639986886,4.410531879995628,1.3231595639986886,15.61344628779363,,0.005,,,
red_team_qwen_judge,llama_31_8B_instruct,20.0,0.7,100,50,Information-gain + sequential AHT,50,0.7068733358383179,0.000508443924516476,9.036545922724114,2.795156797935006,5.670873178443798,1.7012619535331392,19.869374208515968,,0.005,2.0782180346046473,,1.3226721216657176
red_team_qwen_judge,llama_31_8B_instruct,20.0,0.7,100,50,Information-gain + sequential AHT + CRC,50,0.6976133275032044,0.000817679550197794,11.898645657532539,3.7651336259754773,8.073367972107388,2.422010391632216,16.50917137526376,,0.005,2.0490518726906273,,1.877563342070694
red_team_qwen_judge,llama_31_8B_instruct,20.0,0.7,100,50,Oracle,50,0.7008066594600677,0.00012119761442318514,0.3793133333333333,0.0,,,127.67386666666667,,,,,
red_team_qwen_judge,llama_31_8B_instruct,20.0,0.7,100,50,Residual + sequential AHT,50,0.6998800015449524,0.0009424932684901074,13.189446608496532,4.125988901680969,8.838271211816481,2.6514813635449443,19.847449468827687,,0.005,2.0646598263924227,,60.53856480818591
red_team_qwen_judge,llama_31_8B_instruct,20.0,0.7,100,50,Residual + sequential AHT + CRC,50,0.6980666673183441,0.0009278408934948805,15.498515743579173,5.079312314282454,11.436203823747583,3.4308611471242743,16.512257522843832,,0.005,2.059992627059127,,88.27874287598588
red_team_qwen_judge,llama_31_8B_instruct,20.0,0.7,100,50,Soft-prefix DAPRO,50,0.697700002193451,0.002187347890064872,6.248807239965033,2.2568207906176583,19.823424133216776,5.947027239965033,19.587973337161454,,0.005,2.261412689416029,,2.1956247431089677
red_team_qwen_judge,llama_31_8B_instruct,20.0,0.7,100,50,Soft-prefix DAPRO + CRC,50,0.7013800013065338,0.003569179412184653,7.946443088254255,2.923831453365359,25.492588071958625,7.647776421587588,16.577795672096272,,0.005,2.2704709833853203,,3.4385307184941847
red_team_qwen_judge,llama_31_8B_instruct,20.0,0.7,100,50,Static,50,0.693606663942337,0.0007691504511730554,3.057266621109844,1.5665425321268154,5.221808440422718,1.5665425321268154,12.767386856915552,,,,,
red_team_qwen_judge,llama_31_8B_instruct,20.0,0.7,200,100,Endpoint/block + terminal residual AHT,50,0.698860000371933,0.00036605930861849514,1.9704336533728684,0.9233316097052952,3.077772032350984,0.9233316097052952,18.21630187146904,,0.005,,,
red_team_qwen_judge,llama_31_8B_instruct,20.0,0.7,200,100,Endpoint/block + terminal residual AHT + CRC,50,0.6985511104265849,0.0004554868907767368,2.6850299752473066,1.3231595639986886,4.410531879995628,1.3231595639986886,15.61344628779363,,0.005,,,
red_team_qwen_judge,llama_31_8B_instruct,20.0,0.7,200,100,Information-gain + sequential AHT,50,0.7016133320331573,0.0005651487910675693,9.514576542344228,3.1203710104118967,6.9741722659905925,2.0922516797971777,20.06523345011209,,0.005,2.1281957147803316,,1.615367123061941
red_team_qwen_judge,llama_31_8B_instruct,20.0,0.7,200,100,Information-gain + sequential AHT + CRC,50,0.7035333287715911,0.0008051382014196833,11.118366983313638,3.626179278560034,7.944354301564736,2.383306290469421,18.369697007446383,,0.005,2.06510339049935,,2.073821093734149
red_team_qwen_judge,llama_31_8B_instruct,20.0,0.7,200,100,Oracle,50,0.7008066594600677,0.00012119761442318514,0.3793133333333333,0.0,,,127.67386666666667,,,,,
red_team_qwen_judge,llama_31_8B_instruct,20.0,0.7,200,100,Residual + sequential AHT,50,0.7007599973678589,0.0007603719149696698,12.4971086856416,4.139864002175872,9.551607945676542,2.8654823837029624,20.052781439432596,,0.005,2.094288982050669,,70.01292167633098
red_team_qwen_judge,llama_31_8B_instruct,20.0,0.7,200,100,Residual + sequential AHT + CRC,50,0.7009600031375885,0.0009696398542427047,14.503553895480357,4.7089568166258715,10.456759086314387,3.137027725894316,18.370894117124678,,0.005,2.051898981689199,,91.40183336095832
red_team_qwen_judge,llama_31_8B_instruct,20.0,0.7,200,100,Soft-prefix DAPRO,50,0.691360000371933,0.0018788515744683632,6.497920462527702,2.49568735424748,20.63084598620345,6.189253795861036,19.975509744844736,,0.005,2.2537322295654163,,2.176217306814388
red_team_qwen_judge,llama_31_8B_instruct,20.0,0.7,200,100,Soft-prefix DAPRO + CRC,50,0.7009800004959107,0.0018906230168954995,7.444695892219195,2.882868454017252,23.817675196286203,7.145302558885862,18.390684803069487,,0.005,2.2441907180414717,,3.1599718617259662
red_team_qwen_judge,llama_31_8B_instruct,20.0,0.7,200,100,Static,50,0.693606663942337,0.0007691504511730554,3.057266621109844,1.5665425321268154,5.221808440422718,1.5665425321268154,12.767386856915552,,,,,
red_team_qwen_judge,llama_31_8B_instruct,20.0,0.8,50,25,Endpoint/block + terminal residual AHT,50,0.7971466660499573,0.0002533340857105336,1.3722705784423894,0.7268537894592338,2.422845964864113,0.7268537894592338,18.772889212437484,,0.005,,,
red_team_qwen_judge,llama_31_8B_instruct,20.0,0.8,50,25,Endpoint/block + terminal residual AHT + CRC,50,0.7986022210121155,0.0003550748993765822,1.9411350068679898,1.0824358020227036,3.608119340075679,1.0824358020227036,15.436067336305557,,0.005,,,
red_team_qwen_judge,llama_31_8B_instruct,20.0,0.8,50,25,Information-gain + sequential AHT,50,0.8004800033569336,0.0003258193574088043,6.4609578702591595,2.2628446320352027,3.7380655000553156,1.1214196500165947,18.807830494358775,,0.005,1.843689564413167,,1.1805806655416597
red_team_qwen_judge,llama_31_8B_instruct,20.0,0.8,50,25,Information-gain + sequential AHT + CRC,50,0.7971333312988281,0.0006678910928197275,10.253783246970315,3.7143905659415837,6.9274389053989305,2.0782316716196796,12.46133388367583,,0.005,1.8074556252292786,,2.281037462892961
red_team_qwen_judge,llama_31_8B_instruct,20.0,0.8,50,25,Oracle,50,0.7992533314228057,0.00010240165278382848,0.30956666666666666,0.0,,,127.67386666666667,,,,,
red_team_qwen_judge,llama_31_8B_instruct,20.0,0.8,50,25,Residual + sequential AHT,50,0.7982466650009156,0.0009474546869671889,10.435220654069791,3.6655215417015823,6.00581658312627,1.8017449749378813,18.70104349349994,,0.005,1.8767285001918435,,46.87391386915337
red_team_qwen_judge,llama_31_8B_instruct,20.0,0.8,50,25,Residual + sequential AHT + CRC,50,0.7908799982070923,0.0017904159786968704,14.928629450665962,5.317893754395585,9.652186386619679,2.8956559159859037,12.453966991871733,,0.005,1.8408516377767645,,91.23950557960242
red_team_qwen_judge,llama_31_8B_instruct,20.0,0.8,50,25,Soft-prefix DAPRO,50,0.8007533359527588,0.0014140039371374814,3.6620448522609506,1.5440489155694155,11.54350506309206,3.4630515189276174,18.66014299123541,,0.005,2.052341504685562,,2.2367371888426093
red_team_qwen_judge,llama_31_8B_instruct,20.0,0.8,50,25,Soft-prefix DAPRO + CRC,50,0.7994799971580505,0.0011371757245373772,5.694365882090544,2.420746643660415,18.31359738474626,5.494079215423878,12.35597469171887,,0.005,2.0135844685641247,,4.201078963590067
red_team_qwen_judge,llama_31_8B_instruct,20.0,0.8,50,25,Static,50,0.7954733383655548,0.0005132881862267172,2.0386666362881662,1.1361883806113566,3.7872946020378553,1.1361883806113566,12.767386856915552,,,,,
red_team_qwen_judge,llama_31_8B_instruct,20.0,0.8,100,50,Endpoint/block + terminal residual AHT,50,0.7971466660499573,0.0002533340857105336,1.3722705784423894,0.7268537894592338,2.422845964864113,0.7268537894592338,18.772889212437484,,0.005,,,
red_team_qwen_judge,llama_31_8B_instruct,20.0,0.8,100,50,Endpoint/block + terminal residual AHT + CRC,50,0.7986022210121155,0.0003550748993765822,1.9411350068679898,1.0824358020227036,3.608119340075679,1.0824358020227036,15.436067336305557,,0.005,,,
red_team_qwen_judge,llama_31_8B_instruct,20.0,0.8,100,50,Information-gain + sequential AHT,50,0.799773336648941,0.0003552083734747829,6.112625837236279,2.1802683815947703,3.7280344178064917,1.1184103253419475,19.226776981878903,,0.005,1.865868806800066,,1.204857898105844
red_team_qwen_judge,llama_31_8B_instruct,20.0,0.8,100,50,Information-gain + sequential AHT + CRC,50,0.8008133327960968,0.0005818738410366066,7.81092748295085,2.804202350734526,4.898032484971232,1.4694097454913697,16.511759683950356,,0.005,1.842204129039734,,1.6366288528609738
red_team_qwen_judge,llama_31_8B_instruct,20.0,0.8,100,50,Oracle,50,0.7992533314228057,0.00010240165278382848,0.30956666666666666,0.0,,,127.67386666666667,,,,,
red_team_qwen_judge,llama_31_8B_instruct,20.0,0.8,100,50,Residual + sequential AHT,50,0.7996933364868164,0.00030690631355765485,8.920549491681788,3.10372630234487,4.758766486626474,1.4276299459879422,19.181533527639576,,0.005,1.8812447617585266,,45.30782134945159
red_team_qwen_judge,llama_31_8B_instruct,20.0,0.8,100,50,Residual + sequential AHT + CRC,50,0.7956266665458679,0.0013116764157588504,11.736703852730475,4.204151046959998,7.335590403277905,2.2006771209833715,16.491235835577722,,0.005,1.8752883671961866,,63.824910794575835
red_team_qwen_judge,llama_31_8B_instruct,20.0,0.8,100,50,Soft-prefix DAPRO,50,0.8023866665363312,0.0013968362191073426,2.7733053888635175,1.3033530699585953,8.588240185100615,2.576472055530184,19.095137220360826,,0.005,2.042850479386885,,1.6840313205560755
red_team_qwen_judge,llama_31_8B_instruct,20.0,0.8,100,50,Soft-prefix DAPRO + CRC,50,0.7990599989891052,0.0015959443426570557,4.483135679808558,1.9553071278417316,14.275807821584081,4.282742346475224,16.463345395207583,,0.005,2.048364424053392,,2.8355307060038326
red_team_qwen_judge,llama_31_8B_instruct,20.0,0.8,100,50,Static,50,0.7954733383655548,0.0005132881862267172,2.0386666362881662,1.1361883806113566,3.7872946020378553,1.1361883806113566,12.767386856915552,,,,,
red_team_qwen_judge,llama_31_8B_instruct,20.0,0.8,200,100,Endpoint/block + terminal residual AHT,50,0.7971466660499573,0.0002533340857105336,1.3722705784423894,0.7268537894592338,2.422845964864113,0.7268537894592338,18.772889212437484,,0.005,,,
red_team_qwen_judge,llama_31_8B_instruct,20.0,0.8,200,100,Endpoint/block + terminal residual AHT + CRC,50,0.7986022210121155,0.0003550748993765822,1.9411350068679898,1.0824358020227036,3.608119340075679,1.0824358020227036,15.436067336305557,,0.005,,,
red_team_qwen_judge,llama_31_8B_instruct,20.0,0.8,200,100,Information-gain + sequential AHT,50,0.7992600011825561,0.00041803318519773497,6.663824714643645,2.426919588751557,4.22076350319109,1.266229050957327,19.864935771966906,,0.005,1.5480509425349163,,1.6803807695133506
red_team_qwen_judge,llama_31_8B_instruct,20.0,0.8,200,100,Information-gain + sequential AHT + CRC,50,0.7982466685771942,0.0005184345318487767,7.634376812441471,2.828051818882404,5.207832048447812,1.5623496145343436,18.337852600660923,,0.005,1.861247569898575,,1.8474464171012714
red_team_qwen_judge,llama_31_8B_instruct,20.0,0.8,200,100,Oracle,50,0.7992533314228057,0.00010240165278382848,0.30956666666666666,0.0,,,127.67386666666667,,,,,
red_team_qwen_judge,llama_31_8B_instruct,20.0,0.8,200,100,Residual + sequential AHT,50,0.8002333331108094,0.00030964735507559005,9.043036173637251,3.128697493922737,4.54172302861846,1.3625169085855378,19.860303007332497,,0.005,1.5359979582486156,,61.70998017518672
red_team_qwen_judge,llama_31_8B_instruct,20.0,0.8,200,100,Residual + sequential AHT + CRC,50,0.8001399981975555,0.000447968726979862,10.261496846373769,3.7088360504382916,6.321882652086303,1.8965647956258909,18.33658670294516,,0.005,1.8766069259171951,,69.65700210145849
red_team_qwen_judge,llama_31_8B_instruct,20.0,0.8,200,100,Soft-prefix DAPRO,50,0.8033799982070923,0.0008525261168460637,2.302223137643591,1.1954019772099336,7.020610458811969,2.106183137643591,19.844244602283503,,0.005,1.6722694242412153,,1.8590856176666057
red_team_qwen_judge,llama_31_8B_instruct,20.0,0.8,200,100,Soft-prefix DAPRO + CRC,50,0.8073200035095215,0.0016104126711372116,3.3427730410294134,1.6514602121364295,10.503043470098044,3.1509130410294133,18.344921134977902,,0.005,2.0358333759961944,,2.3957530735070645
red_team_qwen_judge,llama_31_8B_instruct,20.0,0.8,200,100,Static,50,0.7954733383655548,0.0005132881862267172,2.0386666362881662,1.1361883806113566,3.7872946020378553,1.1361883806113566,12.767386856915552,,,,,
red_team_qwen_judge,llama_31_8B_instruct,20.0,0.9,50,25,Endpoint/block + terminal residual AHT,50,0.8964400017261505,0.00022557569590342418,0.6970662422839434,0.40875888195371374,1.362529606512379,0.40875888195371374,18.772889212437484,,0.005,,,
red_team_qwen_judge,llama_31_8B_instruct,20.0,0.9,50,25,Endpoint/block + terminal residual AHT + CRC,50,0.8963777792453765,0.000309346183224334,0.9916045870375811,0.6119443826911577,2.0398146089705254,0.6119443826911577,15.436067336305557,,0.005,,,
red_team_qwen_judge,llama_31_8B_instruct,20.0,0.9,50,25,Information-gain + sequential AHT,50,0.8996333336830139,0.0002617244249398475,3.5855202161819677,1.5086995721077585,2.093951474688922,0.6281854424066765,19.71742679846139,,0.005,1.4049287035936533,,0.8542270241719576
red_team_qwen_judge,llama_31_8B_instruct,20.0,0.9,50,25,Information-gain + sequential AHT + CRC,50,0.9023866665363312,0.0004800559608550602,5.889052368391572,2.590467109557959,4.378605230614504,1.3135815691843513,12.662389889262101,,0.005,1.3779994565300147,,1.7546914005589074
red_team_qwen_judge,llama_31_8B_instruct,20.0,0.9,50,25,Oracle,50,0.8989333355426788,5.8780076451067065e-05,0.2083533333333333,0.0,,,127.67386666666667,,,,,
red_team_qwen_judge,llama_31_8B_instruct,20.0,0.9,50,25,Residual + sequential AHT,50,0.8991000020503997,0.0002570759418700825,6.2481080524654615,2.538618219785349,2.7360490501562573,0.8208147150468773,19.731641999238438,,0.005,1.4024126487963122,,31.317110657792163
red_team_qwen_judge,llama_31_8B_instruct,20.0,0.9,50,25,Residual + sequential AHT + CRC,50,0.9034133303165436,0.0004009729373633886,9.407997758109797,4.001293218492099,5.706478172960723,1.7119434518882166,12.654713687121237,,0.005,1.3753890740397292,,76.10240677932677
red_team_qwen_judge,llama_31_8B_instruct,20.0,0.9,50,25,Soft-prefix DAPRO,50,0.9083933353424072,0.0006686017770902584,1.5535737823395777,0.7330745056475724,4.876557052243037,1.4629671156729112,19.638431900485454,,0.005,1.5304049950712835,,1.4043290639398445
red_team_qwen_judge,llama_31_8B_instruct,20.0,0.9,50,25,Soft-prefix DAPRO + CRC,50,0.9029066693782807,0.0007275784756473485,2.9453663893095188,1.388074433450234,9.496087964365062,2.8488263893095187,12.659902149203742,,0.005,1.5386255268990405,,2.5435227532547473
red_team_qwen_judge,llama_31_8B_instruct,20.0,0.9,50,25,Static,50,0.8974133360385895,0.0002749685522109878,1.016466651520133,0.6286309293614536,2.095436431204846,0.6286309293614536,12.767386856915552,,,,,
red_team_qwen_judge,llama_31_8B_instruct,20.0,0.9,100,50,Endpoint/block + terminal residual AHT,50,0.8964400017261505,0.00022557569590342418,0.6970662422839434,0.40875888195371374,1.362529606512379,0.40875888195371374,18.772889212437484,,0.005,,,
red_team_qwen_judge,llama_31_8B_instruct,20.0,0.9,100,50,Endpoint/block + terminal residual AHT + CRC,50,0.8963777792453765,0.000309346183224334,0.9916045870375811,0.6119443826911577,2.0398146089705254,0.6119443826911577,15.436067336305557,,0.005,,,
red_team_qwen_judge,llama_31_8B_instruct,20.0,0.9,100,50,Information-gain + sequential AHT,50,0.9001866698265075,0.0002350483743508594,3.3526680271335643,1.4310495621351587,2.0547285082007596,0.6164185524602279,19.840642110763884,,0.005,1.423788047603041,,0.8802723518484303
red_team_qwen_judge,llama_31_8B_instruct,20.0,0.9,100,50,Information-gain + sequential AHT + CRC,50,0.8991133320331574,0.00029588028234777807,4.5350849736448655,1.9538103692430935,2.943737386883449,0.8831212160650346,16.420688699071402,,0.005,1.4073328608710616,,1.2273205164383278
red_team_qwen_judge,llama_31_8B_instruct,20.0,0.9,100,50,Oracle,50,0.8989333355426788,5.8780076451067065e-05,0.2083533333333333,0.0,,,127.67386666666667,,,,,
red_team_qwen_judge,llama_31_8B_instruct,20.0,0.9,100,50,Residual + sequential AHT,50,0.899060001373291,0.00024069696901988754,5.563483737780117,2.271149069167198,2.4769155014491653,0.7430746504347496,19.8477013536154,,0.005,1.4185304593185841,,31.577956046170996
red_team_qwen_judge,llama_31_8B_instruct,20.0,0.9,100,50,Residual + sequential AHT + CRC,50,0.8977600002288818,0.0003718825058149145,7.247493659143153,2.9868300942917365,3.5641572636156416,1.0692471790846925,16.42496653714249,,0.005,1.4048520489979368,,44.96879530897075
red_team_qwen_judge,llama_31_8B_instruct,20.0,0.9,100,50,Soft-prefix DAPRO,50,0.9074733340740204,0.0005780502103277462,1.2575537355269462,0.6397055046937633,3.887823562867599,1.1663470688602795,19.809967305930932,,0.005,1.5392916271916448,,1.1621682473398947
red_team_qwen_judge,llama_31_8B_instruct,20.0,0.9,100,50,Soft-prefix DAPRO + CRC,50,0.902106671333313,0.00047868229915819634,2.0976094478794782,1.025017881581096,6.668809270709372,2.000642781212812,16.448105492771617,,0.005,1.5308513515859072,,1.8547889233829835
red_team_qwen_judge,llama_31_8B_instruct,20.0,0.9,100,50,Static,50,0.8974133360385895,0.0002749685522109878,1.016466651520133,0.6286309293614536,2.095436431204846,0.6286309293614536,12.767386856915552,,,,,
red_team_qwen_judge,llama_31_8B_instruct,20.0,0.9,200,100,Endpoint/block + terminal residual AHT,50,0.8964400017261505,0.00022557569590342418,0.6970662422839434,0.40875888195371374,1.362529606512379,0.40875888195371374,18.772889212437484,,0.005,,,
red_team_qwen_judge,llama_31_8B_instruct,20.0,0.9,200,100,Endpoint/block + terminal residual AHT + CRC,50,0.8963777792453765,0.000309346183224334,0.9916045870375811,0.6119443826911577,2.0398146089705254,0.6119443826911577,15.436067336305557,,0.005,,,
red_team_qwen_judge,llama_31_8B_instruct,20.0,0.9,200,100,Information-gain + sequential AHT,50,0.8976666712760926,0.00042509285762284255,3.634632616182044,1.5792269122584963,2.4409457131217285,0.7322837139365186,19.955865946474567,,0.005,1.43883476384803,,1.110535659315687
red_team_qwen_judge,llama_31_8B_instruct,20.0,0.9,200,100,Information-gain + sequential AHT + CRC,50,0.8998866653442383,0.00038085088216994724,4.459630627396917,1.9534689180440516,3.048646695029525,0.9145940085088574,18.264451672004135,,0.005,1.4266069977775564,,1.3832059471872034
red_team_qwen_judge,llama_31_8B_instruct,20.0,0.9,200,100,Oracle,50,0.8989333355426788,5.8780076451067065e-05,0.2083533333333333,0.0,,,127.67386666666667,,,,,
red_team_qwen_judge,llama_31_8B_instruct,20.0,0.9,200,100,Residual + sequential AHT,50,0.8978133344650269,0.00033293491691538016,5.471934680845459,2.276722655276339,2.766146150212446,0.8298438450637338,19.956774923145577,,0.005,1.4285317890206763,,40.33502413617336
red_team_qwen_judge,llama_31_8B_instruct,20.0,0.9,200,100,Residual + sequential AHT + CRC,50,0.8983666694164276,0.00027599662439216496,6.613105907138856,2.7740102753358036,3.493579423459372,1.0480738270378116,18.263771163641493,,0.005,1.4214759694937917,,50.168677093475154
red_team_qwen_judge,llama_31_8B_instruct,20.0,0.9,200,100,Soft-prefix DAPRO,50,0.9036666691303253,0.00042459868336406503,1.1920532570494289,0.6813126867417022,3.655444190164763,1.0966332570494288,19.940294154341345,,0.005,1.5455481453403774,,1.0746601963109164
red_team_qwen_judge,llama_31_8B_instruct,20.0,0.9,200,100,Soft-prefix DAPRO + CRC,50,0.9050866723060608,0.0005884117786446753,1.7662374617576269,0.948878921075171,5.574413761414312,1.6723241284242933,18.268177569987767,,0.005,1.5393915874242614,,1.690159135865099
red_team_qwen_judge,llama_31_8B_instruct,20.0,0.9,200,100,Static,50,0.8974133360385895,0.0002749685522109878,1.016466651520133,0.6286309293614536,2.095436431204846,0.6286309293614536,12.767386856915552,,,,,
red_team_qwen_judge,mini_phi_4_instruct,20.0,0.7,50,25,Endpoint/block + terminal residual AHT,50,0.7028199994564056,0.0003690848210494834,1.7263086124989868,0.7791605060240088,2.597201686746696,0.7791605060240088,19.496687003241828,,0.005,,,
red_team_qwen_judge,mini_phi_4_instruct,20.0,0.7,50,25,Endpoint/block + terminal residual AHT + CRC,50,0.7031933315594991,0.0005182418979146625,2.496422734226175,1.2028003623115835,4.009334541038612,1.2028003623115835,15.679024660409526,,0.005,,,
red_team_qwen_judge,mini_phi_4_instruct,20.0,0.7,50,25,Information-gain + sequential AHT,50,0.7022400033473969,0.0005791022368516614,6.925989164310406,2.257861633287929,3.87298903954134,1.161896711862402,20.159909678015097,,0.005,1.8445676099079276,,1.2045997229100238
red_team_qwen_judge,mini_phi_4_instruct,20.0,0.7,50,25,Information-gain + sequential AHT + CRC,50,0.7023800015449524,0.0007548478693986061,10.774467464873391,3.746291634356715,7.35056167532261,2.205168502596783,12.885561725606864,,0.005,1.8463098577739268,,2.4508461448587573
red_team_qwen_judge,mini_phi_4_instruct,20.0,0.7,50,25,Oracle,50,0.7023466682434082,0.00016019024815896467,0.3749466666666666,0.0,,,123.72232,,,,,
red_team_qwen_judge,mini_phi_4_instruct,20.0,0.7,50,25,Residual + sequential AHT,50,0.7054133319854736,0.0006334311709610158,10.27773471872945,3.303381665953782,5.043245305552977,1.5129735916658933,20.151003726837875,,0.005,1.8316555708012512,,58.85253074479928
red_team_qwen_judge,mini_phi_4_instruct,20.0,0.7,50,25,Residual + sequential AHT + CRC,50,0.7110199999809265,0.0008036478847598713,14.45246453092956,4.960293911244352,8.538775325639756,2.561632597691927,12.872141221320874,,0.005,1.853009688949013,,120.1096855540487
red_team_qwen_judge,mini_phi_4_instruct,20.0,0.7,50,25,Soft-prefix DAPRO,50,0.6971133303642273,0.0022296535382658007,5.034096232291547,1.7919233240355137,15.764142996527378,4.729242898958214,19.806832330662147,,0.005,2.0837802656998687,,3.273424517827433
red_team_qwen_judge,mini_phi_4_instruct,20.0,0.7,50,25,Soft-prefix DAPRO + CRC,50,0.7063933348655701,0.00258091484660893,7.758833178147216,2.990049465137466,24.87584392715739,7.462753178147217,12.929498343781683,,0.005,2.07796955999948,,6.101628188019235
red_team_qwen_judge,mini_phi_4_instruct,20.0,0.7,50,25,Static,50,0.6961200010776519,0.00046519616148556604,3.060399954396487,1.524589267756299,5.08196422585433,1.524589267756299,12.372232184360623,,,,,
red_team_qwen_judge,mini_phi_4_instruct,20.0,0.7,100,50,Endpoint/block + terminal residual AHT,50,0.7028199994564056,0.0003690848210494834,1.7263086124989868,0.7791605060240088,2.597201686746696,0.7791605060240088,19.496687003241828,,0.005,,,
red_team_qwen_judge,mini_phi_4_instruct,20.0,0.7,100,50,Endpoint/block + terminal residual AHT + CRC,50,0.7031933315594991,0.0005182418979146625,2.496422734226175,1.2028003623115835,4.009334541038612,1.2028003623115835,15.679024660409526,,0.005,,,
red_team_qwen_judge,mini_phi_4_instruct,20.0,0.7,100,50,Information-gain + sequential AHT,50,0.7029400038719177,0.0004615041533581951,6.2155681508106895,2.0671575575723242,3.7038839591628756,1.1111651877488626,20.200980085585535,,0.005,1.8909854729797742,,1.1399341600379196
red_team_qwen_judge,mini_phi_4_instruct,20.0,0.7,100,50,Information-gain + sequential AHT + CRC,50,0.7056533360481262,0.0006719002000506773,8.270438103369205,2.8138951899262814,5.161195853927872,1.5483587561783616,16.575244750579273,,0.005,1.839619663710956,,1.739198724394969
red_team_qwen_judge,mini_phi_4_instruct,20.0,0.7,100,50,Oracle,50,0.7023466682434082,0.00016019024815896467,0.3749466666666666,0.0,,,123.72232,,,,,
red_team_qwen_judge,mini_phi_4_instruct,20.0,0.7,100,50,Residual + sequential AHT,50,0.7057799994945526,0.0004362522111489122,8.81326788909435,2.882406323309665,4.576043797426164,1.372813139227849,20.19118318689597,,0.005,1.8643480000508965,,53.13073577032309
red_team_qwen_judge,mini_phi_4_instruct,20.0,0.7,100,50,Residual + sequential AHT + CRC,50,0.7062466645240784,0.000590026376365303,11.7452117744804,3.9035015313134545,6.41296100370626,1.9238883011118781,16.59405195648016,,0.005,1.8267570738065748,,82.48165968268448
red_team_qwen_judge,mini_phi_4_instruct,20.0,0.7,100,50,Soft-prefix DAPRO,50,0.6965466666221619,0.002079899199037299,4.23838032402816,1.5779438358186826,13.109201080093866,3.93276032402816,19.886311956334136,,0.005,2.0825330446222536,,2.294930462239802
red_team_qwen_judge,mini_phi_4_instruct,20.0,0.7,100,50,Soft-prefix DAPRO + CRC,50,0.6996533346176147,0.0023908841230889976,6.092074955184184,2.270843108825496,19.299138739502833,5.78974162185085,16.584010693596184,,0.005,2.0752683807962695,,4.149029701675982
red_team_qwen_judge,mini_phi_4_instruct,20.0,0.7,100,50,Static,50,0.6961200010776519,0.00046519616148556604,3.060399954396487,1.524589267756299,5.08196422585433,1.524589267756299,12.372232184360623,,,,,
red_team_qwen_judge,mini_phi_4_instruct,20.0,0.7,200,100,Endpoint/block + terminal residual AHT,50,0.7028199994564056,0.0003690848210494834,1.7263086124989868,0.7791605060240088,2.597201686746696,0.7791605060240088,19.496687003241828,,0.005,,,
red_team_qwen_judge,mini_phi_4_instruct,20.0,0.7,200,100,Endpoint/block + terminal residual AHT + CRC,50,0.7031933315594991,0.0005182418979146625,2.496422734226175,1.2028003623115835,4.009334541038612,1.2028003623115835,15.679024660409526,,0.005,,,
red_team_qwen_judge,mini_phi_4_instruct,20.0,0.7,200,100,Information-gain + sequential AHT,50,0.7045000004768371,0.0004366044309299363,6.263292181130099,2.1863741084159476,4.257005216665286,1.2771015649995858,20.028868513141948,,0.005,1.871952207086373,,1.4473541271910568
red_team_qwen_judge,mini_phi_4_instruct,20.0,0.7,200,100,Information-gain + sequential AHT + CRC,50,0.7027400028705597,0.0005205862768448935,7.967167204848766,2.790256438349626,5.468948248386587,1.640684474515976,18.125050131424878,,0.005,1.883459786087743,,1.8702836825552251
red_team_qwen_judge,mini_phi_4_instruct,20.0,0.7,200,100,Oracle,50,0.7023466682434082,0.00016019024815896467,0.3749466666666666,0.0,,,123.72232,,,,,
red_team_qwen_judge,mini_phi_4_instruct,20.0,0.7,200,100,Residual + sequential AHT,50,0.7040600013732911,0.0005045200019050611,8.810843942167137,2.948482589993043,5.127722510626223,1.538316753187867,20.01517302932333,,0.005,1.8187927152739762,,65.66100122731436
red_team_qwen_judge,mini_phi_4_instruct,20.0,0.7,200,100,Residual + sequential AHT + CRC,50,0.7055466675758362,0.00047777216113046835,10.578730302701667,3.5961351749937904,6.303367877358711,1.8910103632076132,18.125801980403494,,0.005,1.8573454774566704,,85.87269960207004
red_team_qwen_judge,mini_phi_4_instruct,20.0,0.7,200,100,Soft-prefix DAPRO,50,0.7083933329582215,0.001464805756614904,3.910863912671264,1.5657940314180467,12.058568597793101,3.6175705793379302,19.922216173722013,,0.005,2.0210151397207903,,2.341157515200363
red_team_qwen_judge,mini_phi_4_instruct,20.0,0.7,200,100,Soft-prefix DAPRO + CRC,50,0.701966667175293,0.0017060327007703035,5.310242468325927,2.1046305281344244,16.696363783308644,5.008909134992593,18.143667901735874,,0.005,2.071337157963819,,3.423644681362683
red_team_qwen_judge,mini_phi_4_instruct,20.0,0.7,200,100,Static,50,0.6961200010776519,0.00046519616148556604,3.060399954396487,1.524589267756299,5.08196422585433,1.524589267756299,12.372232184360623,,,,,
red_team_qwen_judge,mini_phi_4_instruct,20.0,0.8,50,25,Endpoint/block + terminal residual AHT,50,0.8002866661548614,0.0002383991834573697,0.8780308017105495,0.4058247869648828,1.3527492898829425,0.4058247869648828,19.179667238227154,,0.005,,,
red_team_qwen_judge,mini_phi_4_instruct,20.0,0.8,50,25,Endpoint/block + terminal residual AHT + CRC,50,0.7992244438330333,0.00031173527205648996,1.2480760343883472,0.6274964086937695,2.091654695645899,0.6274964086937695,16.14991812860974,,0.005,,,
red_team_qwen_judge,mini_phi_4_instruct,20.0,0.8,50,25,Information-gain + sequential AHT,50,0.7988933336734771,0.0003788409326736785,4.6747377524999925,1.89080617299445,2.9059870482731585,0.8717961144819475,19.023527647083906,,0.005,2.1338098434636312,,0.9631373964766341
red_team_qwen_judge,mini_phi_4_instruct,20.0,0.8,50,25,Information-gain + sequential AHT + CRC,50,0.7992133283615113,0.00045814854767342524,7.891673741618069,3.292032669122252,5.532102158778571,1.659630647633571,12.744338752948325,,0.005,2.1061994883325212,,1.9832816393733137
red_team_qwen_judge,mini_phi_4_instruct,20.0,0.8,50,25,Oracle,50,0.8009600007534027,0.00014263319707043788,0.3246066666666666,0.0,,,123.72232,,,,,
red_team_qwen_judge,mini_phi_4_instruct,20.0,0.8,50,25,Residual + sequential AHT,50,0.7973333394527435,0.0005422947786792252,7.616761647159667,3.0503103131890015,4.263478787265009,1.2790436361795026,18.925919014645263,,0.005,2.150931114289244,,47.628998943514176
red_team_qwen_judge,mini_phi_4_instruct,20.0,0.8,50,25,Residual + sequential AHT + CRC,50,0.7974866652488708,0.000749597174577916,11.874101975272305,4.927039732903723,7.770058632176366,2.3310175896529097,12.772830778358246,,0.005,2.144802530736211,,102.17273490323132
red_team_qwen_judge,mini_phi_4_instruct,20.0,0.8,50,25,Soft-prefix DAPRO,50,0.7978533339500428,0.0016950257217852678,3.354902422667432,1.4583273081725465,10.506341408891439,3.151902422667432,18.688058899537385,,0.005,2.3928725556350794,,2.2317039554346043
red_team_qwen_judge,mini_phi_4_instruct,20.0,0.8,50,25,Soft-prefix DAPRO + CRC,50,0.8106666684150696,0.002107732931210851,5.837221272094565,2.7350118545626287,18.82378201809299,5.6471346054278975,12.589871230605421,,0.005,2.3909032700201167,,4.914721981012104
red_team_qwen_judge,mini_phi_4_instruct,20.0,0.8,50,25,Static,50,0.7913866651058197,0.0003377203451671289,2.0907333021789793,1.1510408374161398,3.8368027913871328,1.1510408374161398,12.372232184360623,,,,,
red_team_qwen_judge,mini_phi_4_instruct,20.0,0.8,100,50,Endpoint/block + terminal residual AHT,50,0.8002866661548614,0.0002383991834573697,0.8780308017105495,0.4058247869648828,1.3527492898829425,0.4058247869648828,19.179667238227154,,0.005,,,
red_team_qwen_judge,mini_phi_4_instruct,20.0,0.8,100,50,Endpoint/block + terminal residual AHT + CRC,50,0.7992244438330333,0.00031173527205648996,1.2480760343883472,0.6274964086937695,2.091654695645899,0.6274964086937695,16.14991812860974,,0.005,,,
red_team_qwen_judge,mini_phi_4_instruct,20.0,0.8,100,50,Information-gain + sequential AHT,50,0.7996666669845581,0.0003176645262931401,3.9383846385599623,1.6100328376382944,2.644145924822214,0.7932437774466642,19.440998842416036,,0.005,2.36147210477165,,0.8747599284164917
red_team_qwen_judge,mini_phi_4_instruct,20.0,0.8,100,50,Information-gain + sequential AHT + CRC,50,0.7991066682338714,0.0004697207689874454,5.763905016054136,2.375993613860009,3.845251941201726,1.1535755823605178,16.572105430469474,,0.005,2.126901948142578,,1.3201682239162311
red_team_qwen_judge,mini_phi_4_instruct,20.0,0.8,100,50,Oracle,50,0.8009600007534027,0.00014263319707043788,0.3246066666666666,0.0,,,123.72232,,,,,
red_team_qwen_judge,mini_phi_4_instruct,20.0,0.8,100,50,Residual + sequential AHT,50,0.7973933303356171,0.0003780257059813969,6.154495742513103,2.4535985290690636,3.5022207369961573,1.0506662210988473,19.416958014394716,,0.005,2.3656924849485987,,40.42165168326816
red_team_qwen_judge,mini_phi_4_instruct,20.0,0.8,100,50,Residual + sequential AHT + CRC,50,0.7960999989509583,0.0005770667754628837,8.668650394201773,3.533778420584304,5.2672011005056785,1.5801603301517035,16.6286429538722,,0.005,2.144310850014884,,62.490281820723965
red_team_qwen_judge,mini_phi_4_instruct,20.0,0.8,100,50,Soft-prefix DAPRO,50,0.8034333336353302,0.0010949081286187438,2.4074268782207975,1.1498264546685213,7.366800705180435,2.210040211554131,19.19644654112895,,0.005,2.6185762383551516,,1.6611519820312888
red_team_qwen_judge,mini_phi_4_instruct,20.0,0.8,100,50,Soft-prefix DAPRO + CRC,50,0.8036666679382324,0.0015383900021644517,3.657727867446747,1.6848219934046127,11.534715113711378,3.4604145341134136,16.52237718368903,,0.005,2.383563495814708,,2.763923626025773
red_team_qwen_judge,mini_phi_4_instruct,20.0,0.8,100,50,Static,50,0.7913866651058197,0.0003377203451671289,2.0907333021789793,1.1510408374161398,3.8368027913871328,1.1510408374161398,12.372232184360623,,,,,
red_team_qwen_judge,mini_phi_4_instruct,20.0,0.8,200,100,Endpoint/block + terminal residual AHT,50,0.8002866661548614,0.0002383991834573697,0.8780308017105495,0.4058247869648828,1.3527492898829425,0.4058247869648828,19.179667238227154,,0.005,,,
red_team_qwen_judge,mini_phi_4_instruct,20.0,0.8,200,100,Endpoint/block + terminal residual AHT + CRC,50,0.7992244438330333,0.00031173527205648996,1.2480760343883472,0.6274964086937695,2.091654695645899,0.6274964086937695,16.14991812860974,,0.005,,,
red_team_qwen_judge,mini_phi_4_instruct,20.0,0.8,200,100,Information-gain + sequential AHT,50,0.8025466680526734,0.00034203506468344374,3.9944729558789245,1.6933064752870437,2.9348062381944606,0.8804418714583383,19.77218176610351,,0.005,2.3817441202741456,,1.0667879027055471
red_team_qwen_judge,mini_phi_4_instruct,20.0,0.8,200,100,Information-gain + sequential AHT + CRC,50,0.8017066645622254,0.0003860617950461722,4.87384240396078,2.061465109836372,3.6119266249265247,1.0835779874779574,18.322753564605378,,0.005,2.345509359713748,,1.342558488296053
red_team_qwen_judge,mini_phi_4_instruct,20.0,0.8,200,100,Oracle,50,0.8009600007534027,0.00014263319707043788,0.3246066666666666,0.0,,,123.72232,,,,,
red_team_qwen_judge,mini_phi_4_instruct,20.0,0.8,200,100,Residual + sequential AHT,50,0.7997466659545899,0.0003233949035398017,6.213600663043385,2.5512666652170153,3.8180758827939223,1.1454227648381765,19.75242154980469,,0.005,2.3708596431638664,,48.258367514076774
red_team_qwen_judge,mini_phi_4_instruct,20.0,0.8,200,100,Residual + sequential AHT + CRC,50,0.7995533323287964,0.0004120751575188979,7.123673155723554,2.9213022661004295,4.444306541332581,1.333291962399774,18.31958336441951,,0.005,2.3493097763722686,,61.03232636086552
red_team_qwen_judge,mini_phi_4_instruct,20.0,0.8,200,100,Soft-prefix DAPRO,50,0.7975666677951813,0.0011083550530833985,2.5328743451370297,1.2609111769805341,7.7678922615678765,2.3303676784703633,19.66620004294254,,0.005,2.6004852448362663,,1.6003897323594842
red_team_qwen_judge,mini_phi_4_instruct,20.0,0.8,200,100,Soft-prefix DAPRO + CRC,50,0.8023600006103515,0.0014008474945437252,3.167263946257147,1.583585080798983,9.896235376412712,2.968870612923814,18.269912740020587,,0.005,2.5976763088514905,,2.310404655889296
red_team_qwen_judge,mini_phi_4_instruct,20.0,0.8,200,100,Static,50,0.7913866651058197,0.0003377203451671289,2.0907333021789793,1.1510408374161398,3.8368027913871328,1.1510408374161398,12.372232184360623,,,,,
red_team_qwen_judge,mini_phi_4_instruct,20.0,0.9,50,25,Endpoint/block + terminal residual AHT,50,0.899166669845581,0.00023529377550899795,0.6370271730251649,0.37173625887978423,1.2391208629326143,0.37173625887978423,19.732788936536927,,0.005,,,
red_team_qwen_judge,mini_phi_4_instruct,20.0,0.9,50,25,Endpoint/block + terminal residual AHT + CRC,50,0.9005777756373088,0.00030875555361968056,0.9261453498644969,0.5750939925296205,1.9169799750987349,0.5750939925296205,15.543122662527779,,0.005,,,
red_team_qwen_judge,mini_phi_4_instruct,20.0,0.9,50,25,Information-gain + sequential AHT,50,0.8982800030708313,0.0002755253498556943,3.248043319127605,1.6659659220694265,1.9097932925428174,0.5729379877628452,19.708507321324188,,0.005,1.5268344939269236,,0.6780833083453828
red_team_qwen_judge,mini_phi_4_instruct,20.0,0.9,50,25,Information-gain + sequential AHT + CRC,50,0.8986466658115387,0.0005322466836122906,5.053104525305398,2.6352593335804158,3.4614683044945975,1.0384404913483793,12.753276139090273,,0.005,1.6383706005736558,,1.2615372372535405
red_team_qwen_judge,mini_phi_4_instruct,20.0,0.9,50,25,Oracle,50,0.9010466647148132,6.102950383660371e-05,0.22854666666666662,0.0,,,123.72232,,,,,
red_team_qwen_judge,mini_phi_4_instruct,20.0,0.9,50,25,Residual + sequential AHT,50,0.9007400023937225,0.0003533346728425794,6.121035023733046,3.120824499755321,2.5486653995308073,0.7645996198592421,19.715820871155582,,0.005,1.5188977485608381,,30.788350410548986
red_team_qwen_judge,mini_phi_4_instruct,20.0,0.9,50,25,Residual + sequential AHT + CRC,50,0.8992400014400482,0.0005487847543034512,8.725034659836592,4.46779389338203,4.507262697406617,1.352178809221985,12.733062264066342,,0.005,1.656301269815213,,57.77178156231499
red_team_qwen_judge,mini_phi_4_instruct,20.0,0.9,50,25,Soft-prefix DAPRO,50,0.9122733330726623,0.0005518895579536561,1.6915862034110127,0.9461347005318872,5.3456651224811536,1.603699536744346,19.705344629565925,,0.005,1.6348708246395096,,1.7658953558563437
red_team_qwen_judge,mini_phi_4_instruct,20.0,0.9,50,25,Soft-prefix DAPRO + CRC,50,0.9068799984455108,0.0012276362440507504,2.9340527950160125,1.648421461532063,9.471975983386706,2.841592795016012,12.764147184845207,,0.005,1.8027064297355266,,2.954318270387511
red_team_qwen_judge,mini_phi_4_instruct,20.0,0.9,50,25,Static,50,0.8961666691303253,0.0001956156542157717,1.044799984431267,0.6504422687514908,2.1681408958383024,0.6504422687514908,12.372232184360623,,,,,
red_team_qwen_judge,mini_phi_4_instruct,20.0,0.9,100,50,Endpoint/block + terminal residual AHT,50,0.899166669845581,0.00023529377550899795,0.6370271730251649,0.37173625887978423,1.2391208629326143,0.37173625887978423,19.732788936536927,,0.005,,,
red_team_qwen_judge,mini_phi_4_instruct,20.0,0.9,100,50,Endpoint/block + terminal residual AHT + CRC,50,0.9005777756373088,0.00030875555361968056,0.9261453498644969,0.5750939925296205,1.9169799750987349,0.5750939925296205,15.543122662527779,,0.005,,,
red_team_qwen_judge,mini_phi_4_instruct,20.0,0.9,100,50,Information-gain + sequential AHT,50,0.8985600030422211,0.0002476074821429966,2.866525732320793,1.4840007122211927,1.8200704637537637,0.5460211391261292,19.888923606261454,,0.005,1.4764122576365306,,0.6956415004475541
red_team_qwen_judge,mini_phi_4_instruct,20.0,0.9,100,50,Information-gain + sequential AHT + CRC,50,0.8979933369159698,0.0003291632316618663,4.1970101144009755,2.177135802214908,2.6763144025570647,0.8028943207671193,16.359831761865465,,0.005,1.5286049555645493,,0.9873631731455768
red_team_qwen_judge,mini_phi_4_instruct,20.0,0.9,100,50,Oracle,50,0.9010466647148132,6.102950383660371e-05,0.22854666666666662,0.0,,,123.72232,,,,,
red_team_qwen_judge,mini_phi_4_instruct,20.0,0.9,100,50,Residual + sequential AHT,50,0.9003333306312561,0.00034909306859241015,4.869200330889356,2.4944831369851967,2.1830922436281064,0.654927673088432,19.899363962015226,,0.005,1.4492556266636245,,31.618140413538423
red_team_qwen_judge,mini_phi_4_instruct,20.0,0.9,100,50,Residual + sequential AHT + CRC,50,0.8995466685295105,0.0005412733570402482,7.039918438232693,3.6037406353165564,3.3318344647599285,0.9995503394279786,16.345892484414026,,0.005,1.520848104237639,,44.849517241690485
red_team_qwen_judge,mini_phi_4_instruct,20.0,0.9,100,50,Soft-prefix DAPRO,50,0.9072533345222473,0.0003065466860341039,1.2205775827441838,0.6924051882131615,3.757703053591724,1.1273109160775172,19.854173994639858,,0.005,1.5725818163126142,,1.2387519367548652
red_team_qwen_judge,mini_phi_4_instruct,20.0,0.9,100,50,Soft-prefix DAPRO + CRC,50,0.909213330745697,0.0005301576501098251,2.2165864068566625,1.2504414669132629,7.082754689522209,2.1248264068566627,16.331313944676676,,0.005,1.6352028357688622,,2.3614586220093803
red_team_qwen_judge,mini_phi_4_instruct,20.0,0.9,100,50,Static,50,0.8961666691303253,0.0001956156542157717,1.044799984431267,0.6504422687514908,2.1681408958383024,0.6504422687514908,12.372232184360623,,,,,
red_team_qwen_judge,mini_phi_4_instruct,20.0,0.9,200,100,Endpoint/block + terminal residual AHT,50,0.899166669845581,0.00023529377550899795,0.6370271730251649,0.37173625887978423,1.2391208629326143,0.37173625887978423,19.732788936536927,,0.005,,,
red_team_qwen_judge,mini_phi_4_instruct,20.0,0.9,200,100,Endpoint/block + terminal residual AHT + CRC,50,0.9005777756373088,0.00030875555361968056,0.9261453498644969,0.5750939925296205,1.9169799750987349,0.5750939925296205,15.543122662527779,,0.005,,,
red_team_qwen_judge,mini_phi_4_instruct,20.0,0.9,200,100,Information-gain + sequential AHT,50,0.8981466662883758,0.00038475814198217885,2.996121561427976,1.5802722815085226,2.184951195299858,0.6554853585899575,19.946317731813522,,0.005,1.4933281762493977,,0.885845688551173
red_team_qwen_judge,mini_phi_4_instruct,20.0,0.9,200,100,Information-gain + sequential AHT + CRC,50,0.8981466686725617,0.0003501005376911494,3.8535093986753104,2.043139526999516,2.748598419480475,0.8245795258441426,18.215895210687325,,0.005,1.478960825917878,,1.1018956396182549
red_team_qwen_judge,mini_phi_4_instruct,20.0,0.9,200,100,Oracle,50,0.9010466647148132,6.102950383660371e-05,0.22854666666666662,0.0,,,123.72232,,,,,
red_team_qwen_judge,mini_phi_4_instruct,20.0,0.9,200,100,Residual + sequential AHT,50,0.8988066709041596,0.00030629976429571754,4.657805542827158,2.4022918785815843,2.446960726044194,0.7340882178132582,19.950656941412696,,0.005,1.4568048838736587,,41.333246399438174
red_team_qwen_judge,mini_phi_4_instruct,20.0,0.9,200,100,Residual + sequential AHT + CRC,50,0.8990999960899353,0.0003647675862390662,5.9265976518115515,3.068027100254249,3.1011244703197733,0.9303373410959321,18.21627578944317,,0.005,1.4523673672452981,,50.80613862428243
red_team_qwen_judge,mini_phi_4_instruct,20.0,0.9,200,100,Soft-prefix DAPRO,50,0.9071199989318848,0.00042512349235033597,1.1269510545398018,0.6794934025217689,3.4475924040215613,1.0342777212064684,19.931497877888027,,0.005,1.5791677892847127,,1.2086295206297364
red_team_qwen_judge,mini_phi_4_instruct,20.0,0.9,200,100,Soft-prefix DAPRO + CRC,50,0.9060466706752777,0.000444335622234076,1.6792160094238597,0.98479645521884,5.282408920301753,1.584722676090526,18.23394494617533,,0.005,1.5730141449192319,,1.7916800476271117
red_team_qwen_judge,mini_phi_4_instruct,20.0,0.9,200,100,Static,50,0.8961666691303253,0.0001956156542157717,1.044799984431267,0.6504422687514908,2.1681408958383024,0.6504422687514908,12.372232184360623,,,,,
red_team_qwen_judge,qwen25_14b_instruct,20.0,0.7,50,25,Endpoint/block + terminal residual AHT,50,0.7033199965953827,0.0004124216052857778,1.4643446983866248,0.7882727209949764,2.627575736649921,0.7882727209949764,19.783607832854635,,0.005,,,
red_team_qwen_judge,qwen25_14b_instruct,20.0,0.7,50,25,Endpoint/block + terminal residual AHT + CRC,50,0.7026911107699076,0.000501748040308591,2.0616953906288256,1.1933139837435254,3.9777132791450853,1.1933139837435254,15.76935431744554,,0.005,,,
red_team_qwen_judge,qwen25_14b_instruct,20.0,0.7,50,25,Information-gain + sequential AHT,50,0.7059133338928223,0.00036294256373821593,6.552971284026139,3.167187689536454,3.4140976584529175,1.0242292975358753,20.370368732919026,,0.005,1.7959883214802561,,1.1530662049505964
red_team_qwen_judge,qwen25_14b_instruct,20.0,0.7,50,25,Information-gain + sequential AHT + CRC,50,0.7023799979686737,0.0006060227193099423,11.139040311393224,5.509667737576029,6.932048072529806,2.079614421758942,12.971138849646847,,0.005,1.763518333597725,,2.3803108290096544
red_team_qwen_judge,qwen25_14b_instruct,20.0,0.7,50,25,Oracle,50,0.7033266663551331,0.00012558943692609717,0.6489466666666667,0.0,,,96.29994666666666,,,,,
red_team_qwen_judge,qwen25_14b_instruct,20.0,0.7,50,25,Residual + sequential AHT,50,0.7047533309459686,0.0005554230754867152,10.977039224446406,5.286021904879764,4.233456763326325,1.2700370289978975,20.19453930043818,,0.005,1.742722190413624,,57.68685652511574
red_team_qwen_judge,qwen25_14b_instruct,20.0,0.7,50,25,Residual + sequential AHT + CRC,50,0.702626668214798,0.0005310777853921841,15.990873496486607,7.849347684425158,7.90210337330069,2.370631011990207,12.915985445065923,,0.005,1.7309066577494343,,113.62990195288072
red_team_qwen_judge,qwen25_14b_instruct,20.0,0.7,50,25,Soft-prefix DAPRO,50,0.7082466673851013,0.0014568834655312509,3.9061414150433893,1.9749771159746623,12.03882693903352,3.611648081710056,19.92479235370997,,0.005,1.9081238184267604,,2.573902377364539
red_team_qwen_judge,qwen25_14b_instruct,20.0,0.7,50,25,Soft-prefix DAPRO + CRC,50,0.7262800002098083,0.0032163370458803153,7.527307570014474,4.068291434955898,24.168980788937137,7.2506942366811415,12.986281538500675,,0.005,1.8925729309346786,,5.748561901216281
red_team_qwen_judge,qwen25_14b_instruct,20.0,0.7,50,25,Static,50,0.7045066642761231,0.0006201778621212038,2.989066622126103,1.8371019945652127,6.123673315217376,1.8371019945652127,9.629994810164769,,,,,
red_team_qwen_judge,qwen25_14b_instruct,20.0,0.7,100,50,Endpoint/block + terminal residual AHT,50,0.7033199965953827,0.0004124216052857778,1.4643446983866248,0.7882727209949764,2.627575736649921,0.7882727209949764,19.783607832854635,,0.005,,,
red_team_qwen_judge,qwen25_14b_instruct,20.0,0.7,100,50,Endpoint/block + terminal residual AHT + CRC,50,0.7026911107699076,0.000501748040308591,2.0616953906288256,1.1933139837435254,3.9777132791450853,1.1933139837435254,15.76935431744554,,0.005,,,
red_team_qwen_judge,qwen25_14b_instruct,20.0,0.7,100,50,Information-gain + sequential AHT,50,0.7034600019454956,0.0003565618881949886,5.646454212754617,2.7444890836877893,3.311579620200484,0.9934738860601452,20.101669847374318,,0.005,1.8135211001396285,,1.1393591548186888
red_team_qwen_judge,qwen25_14b_instruct,20.0,0.7,100,50,Information-gain + sequential AHT + CRC,50,0.7038066709041595,0.0005002632407384391,8.177846432634494,4.033471352520741,4.835243895540503,1.450573168662151,16.38652760901168,,0.005,1.798285815722727,,1.6740693510175175
red_team_qwen_judge,qwen25_14b_instruct,20.0,0.7,100,50,Oracle,50,0.7033266663551331,0.00012558943692609717,0.6489466666666667,0.0,,,96.29994666666666,,,,,
red_team_qwen_judge,qwen25_14b_instruct,20.0,0.7,100,50,Residual + sequential AHT,50,0.70450000166893,0.0004674344014940456,9.187188649690746,4.441993235913073,3.9649695066329467,1.1894908519898841,20.037075971999133,,0.005,1.7447419533971833,,59.74784072226082
red_team_qwen_judge,qwen25_14b_instruct,20.0,0.7,100,50,Residual + sequential AHT + CRC,50,0.7074533343315125,0.0006172234873557686,12.871137682343155,6.325556110918875,5.689736008070505,1.7069208024211517,16.421362325657665,,0.005,1.7455424328294782,,84.28070572267275
red_team_qwen_judge,qwen25_14b_instruct,20.0,0.7,100,50,Soft-prefix DAPRO,50,0.7162799966335297,0.001737670714024622,3.514481240057463,1.840239833973852,10.755759689080433,3.22672790672413,19.92608471671851,,0.005,1.9268901712423527,,1.801522970083042
red_team_qwen_judge,qwen25_14b_instruct,20.0,0.7,100,50,Soft-prefix DAPRO + CRC,50,0.7242866694927216,0.00250904769859854,5.473361230684259,2.9295941192415014,17.313715213391973,5.194114564017591,16.42070992190449,,0.005,1.9094718357666178,,3.3847735427774266
red_team_qwen_judge,qwen25_14b_instruct,20.0,0.7,100,50,Static,50,0.7045066642761231,0.0006201778621212038,2.989066622126103,1.8371019945652127,6.123673315217376,1.8371019945652127,9.629994810164769,,,,,
red_team_qwen_judge,qwen25_14b_instruct,20.0,0.7,200,100,Endpoint/block + terminal residual AHT,50,0.7033199965953827,0.0004124216052857778,1.4643446983866248,0.7882727209949764,2.627575736649921,0.7882727209949764,19.783607832854635,,0.005,,,
red_team_qwen_judge,qwen25_14b_instruct,20.0,0.7,200,100,Endpoint/block + terminal residual AHT + CRC,50,0.7026911107699076,0.000501748040308591,2.0616953906288256,1.1933139837435254,3.9777132791450853,1.1933139837435254,15.76935431744554,,0.005,,,
red_team_qwen_judge,qwen25_14b_instruct,20.0,0.7,200,100,Information-gain + sequential AHT,50,0.7041733300685883,0.0005717109969946773,5.569696630992446,2.7676633080948294,3.68893117622502,1.106679352867506,20.030031349966762,,0.005,1.830193160946918,,1.3004194620433678
red_team_qwen_judge,qwen25_14b_instruct,20.0,0.7,200,100,Information-gain + sequential AHT + CRC,50,0.7017066645622253,0.0004986287322960235,7.026199475542998,3.482543931235424,4.558852476790624,1.3676557430371872,18.283020029173116,,0.005,1.8154688744237135,,1.6299580425966003
red_team_qwen_judge,qwen25_14b_instruct,20.0,0.7,200,100,Oracle,50,0.7033266663551331,0.00012558943692609717,0.6489466666666667,0.0,,,96.29994666666666,,,,,
red_team_qwen_judge,qwen25_14b_instruct,20.0,0.7,200,100,Residual + sequential AHT,50,0.7017866659164429,0.0005585750043410472,8.796183179011633,4.277171473534715,4.31411110889214,1.2942333326676418,19.999696343863853,,0.005,1.74472016863495,,71.68400595008139
red_team_qwen_judge,qwen25_14b_instruct,20.0,0.7,200,100,Residual + sequential AHT + CRC,50,0.7034000051021576,0.0006062538958291436,10.68273421440088,5.233509641423976,5.202252525212065,1.5606757575636192,18.27925418791025,,0.005,1.7474014103784312,,86.75497852484196
red_team_qwen_judge,qwen25_14b_instruct,20.0,0.7,200,100,Soft-prefix DAPRO,50,0.7182199990749359,0.001812415390968143,3.42781565728704,1.854552622075965,10.476452190956802,3.1429356572870404,19.954198954147717,,0.005,1.9439022544136273,,1.952012694038635
red_team_qwen_judge,qwen25_14b_instruct,20.0,0.7,200,100,Soft-prefix DAPRO + CRC,50,0.7175400006771088,0.001961773138256759,4.44575089955814,2.4083643788978275,13.864814109638248,4.159444232891475,18.26545006986266,,0.005,1.9276493633437792,,2.492309903771643
red_team_qwen_judge,qwen25_14b_instruct,20.0,0.7,200,100,Static,50,0.7045066642761231,0.0006201778621212038,2.989066622126103,1.8371019945652127,6.123673315217376,1.8371019945652127,9.629994810164769,,,,,
red_team_qwen_judge,qwen25_14b_instruct,20.0,0.8,50,25,Endpoint/block + terminal residual AHT,50,0.7994266617298126,0.00035112490723847566,0.9838441527089415,0.5748434014726714,1.9161446715755712,0.5748434014726714,19.463818846547746,,0.005,,,
red_team_qwen_judge,qwen25_14b_instruct,20.0,0.8,50,25,Endpoint/block + terminal residual AHT + CRC,50,0.8003355546792348,0.00044663766240992444,1.3496776153922565,0.8454977102798423,2.8183257009328075,0.8454977102798423,15.856048689531633,,0.005,,,
red_team_qwen_judge,qwen25_14b_instruct,20.0,0.8,50,25,Information-gain + sequential AHT,50,0.8026733350753784,0.00040939899087037826,4.3184267134595276,2.4236307336299445,2.687887932360992,0.8063663797082975,20.89498967146535,,0.005,2.1441005872742576,,0.8766506617452076
red_team_qwen_judge,qwen25_14b_instruct,20.0,0.8,50,25,Information-gain + sequential AHT + CRC,50,0.8049466633796691,0.0006739334773939676,6.820389385872293,3.957891921934609,5.191673177528072,1.5575019532584216,13.268559223697428,,0.005,2.1542943899089027,,1.782115639439509
red_team_qwen_judge,qwen25_14b_instruct,20.0,0.8,50,25,Oracle,50,0.8032933282852173,0.00010757658549245125,0.5920533333333333,0.0,,,96.29994666666666,,,,,
red_team_qwen_judge,qwen25_14b_instruct,20.0,0.8,50,25,Residual + sequential AHT,50,0.8014933347702027,0.0005282733633202552,8.001673110742308,4.481060597821393,3.752378819130647,1.1257136457391943,20.53580907808118,,0.005,2.0825505859077023,,51.959975680995775
red_team_qwen_judge,qwen25_14b_instruct,20.0,0.8,50,25,Residual + sequential AHT + CRC,50,0.7988733339309693,0.0008933010065331362,11.762455323644975,6.729714407261735,7.413765160324113,2.224129548097234,13.218262551952236,,0.005,2.103824141716237,,114.53594460552584
red_team_qwen_judge,qwen25_14b_instruct,20.0,0.8,50,25,Soft-prefix DAPRO,50,0.8115666663646698,0.000822636146918747,2.4030757053028156,1.4034643350127343,7.370385684342718,2.211115705302815,20.135736305452347,,0.005,2.3337015650944593,,1.9417705539373427
red_team_qwen_judge,qwen25_14b_instruct,20.0,0.8,50,25,Soft-prefix DAPRO + CRC,50,0.807793333530426,0.0021665164945733574,5.443797983088049,3.312770520444325,17.497415499182388,5.249224649754716,13.603915606872064,,0.005,2.4099617658859325,,4.8788591832154315
red_team_qwen_judge,qwen25_14b_instruct,20.0,0.8,50,25,Static,50,0.8054333329200745,0.00056040015485801,1.9738666372537617,1.3270376285847114,4.423458761949038,1.3270376285847114,9.629994810164769,,,,,
red_team_qwen_judge,qwen25_14b_instruct,20.0,0.8,100,50,Endpoint/block + terminal residual AHT,50,0.7994266617298126,0.00035112490723847566,0.9838441527089415,0.5748434014726714,1.9161446715755712,0.5748434014726714,19.463818846547746,,0.005,,,
red_team_qwen_judge,qwen25_14b_instruct,20.0,0.8,100,50,Endpoint/block + terminal residual AHT + CRC,50,0.8003355546792348,0.00044663766240992444,1.3496776153922565,0.8454977102798423,2.8183257009328075,0.8454977102798423,15.856048689531633,,0.005,,,
red_team_qwen_judge,qwen25_14b_instruct,20.0,0.8,100,50,Information-gain + sequential AHT,50,0.8011399984359742,0.0003920682566603127,4.28326631488043,2.408255484248601,2.713205116238007,0.8139615348714022,20.36108447510338,,0.005,2.129435171063923,,0.8954263035549404
red_team_qwen_judge,qwen25_14b_instruct,20.0,0.8,100,50,Information-gain + sequential AHT + CRC,50,0.8019133329391479,0.000497600243674403,5.5719798299111485,3.1854488847401625,3.8623681604951985,1.1587104481485597,16.4732017472733,,0.005,2.1430357587882236,,1.291943687161541
red_team_qwen_judge,qwen25_14b_instruct,20.0,0.8,100,50,Oracle,50,0.8032933282852173,0.00010757658549245125,0.5920533333333333,0.0,,,96.29994666666666,,,,,
red_team_qwen_judge,qwen25_14b_instruct,20.0,0.8,100,50,Residual + sequential AHT,50,0.8019000029563904,0.0003057244269770044,7.176996250295336,4.030788861822012,3.358201205276379,1.0074603615829139,20.229328647265998,,0.005,2.0589827894025325,,52.07164080191068
red_team_qwen_judge,qwen25_14b_instruct,20.0,0.8,100,50,Residual + sequential AHT + CRC,50,0.8003600013256073,0.0007000356960155606,9.268868003640186,5.2383705032411525,4.905113365839921,1.4715340097519762,16.45747848410808,,0.005,2.0823300328456607,,75.75911514632833
red_team_qwen_judge,qwen25_14b_instruct,20.0,0.8,100,50,Soft-prefix DAPRO,50,0.8093999993801116,0.0006849025211812682,2.181501597800537,1.2598336653514552,6.626871992668457,1.9880615978005372,20.05428540338294,,0.005,2.2739798885103215,,1.3442876478561652
red_team_qwen_judge,qwen25_14b_instruct,20.0,0.8,100,50,Soft-prefix DAPRO + CRC,50,0.8059399998188019,0.0018705246105059322,3.3218747351665727,1.9678616826360906,10.418271339444132,3.1254814018332397,16.408180256198353,,0.005,2.3320444505422513,,2.5049972243901606
red_team_qwen_judge,qwen25_14b_instruct,20.0,0.8,100,50,Static,50,0.8054333329200745,0.00056040015485801,1.9738666372537617,1.3270376285847114,4.423458761949038,1.3270376285847114,9.629994810164769,,,,,
red_team_qwen_judge,qwen25_14b_instruct,20.0,0.8,200,100,Endpoint/block + terminal residual AHT,50,0.7994266617298126,0.00035112490723847566,0.9838441527089415,0.5748434014726714,1.9161446715755712,0.5748434014726714,19.463818846547746,,0.005,,,
red_team_qwen_judge,qwen25_14b_instruct,20.0,0.8,200,100,Endpoint/block + terminal residual AHT + CRC,50,0.8003355546792348,0.00044663766240992444,1.3496776153922565,0.8454977102798423,2.8183257009328075,0.8454977102798423,15.856048689531633,,0.005,,,
red_team_qwen_judge,qwen25_14b_instruct,20.0,0.8,200,100,Information-gain + sequential AHT,50,0.8020866680145263,0.00034462477288063387,4.187725178951526,2.3897489036022295,2.9650460364156985,0.8895138109247097,20.118439724437348,,0.005,2.1215825475020744,,1.0194960079691577
red_team_qwen_judge,qwen25_14b_instruct,20.0,0.8,200,100,Information-gain + sequential AHT + CRC,50,0.7981333374977112,0.0005843265350436024,5.434195861115631,3.0998043624265588,3.82329553529067,1.146988660587201,18.207165220659828,,0.005,2.128841331612136,,1.306930332994069
red_team_qwen_judge,qwen25_14b_instruct,20.0,0.8,200,100,Oracle,50,0.8032933282852173,0.00010757658549245125,0.5920533333333333,0.0,,,96.29994666666666,,,,,
red_team_qwen_judge,qwen25_14b_instruct,20.0,0.8,200,100,Residual + sequential AHT,50,0.8013333332538605,0.0004173242106948519,6.91149431819963,3.9077832696445425,3.500504672894024,1.050151401868207,20.04733114906428,,0.005,2.0395798581682594,,62.369676499594505
red_team_qwen_judge,qwen25_14b_instruct,20.0,0.8,200,100,Residual + sequential AHT + CRC,50,0.8003133296966553,0.0005818476221703539,8.358650871441176,4.746002680495012,4.471970836999947,1.3415912510999843,18.233617535678132,,0.005,2.0591278192454165,,76.41832497201386
red_team_qwen_judge,qwen25_14b_instruct,20.0,0.8,200,100,Soft-prefix DAPRO,50,0.8126266658306122,0.001257463547394905,2.3070595518891954,1.3656398524193776,7.056998506297317,2.1170995518891953,19.92096267810319,,0.005,2.2332535200723003,,1.3122592198279097
red_team_qwen_judge,qwen25_14b_instruct,20.0,0.8,200,100,Soft-prefix DAPRO + CRC,50,0.8079000008106232,0.0009226090163701324,2.680665463004248,1.6051112984689868,8.28712932112527,2.486138796337581,18.23015241522281,,0.005,2.2718540460357195,,1.8485324813917594
red_team_qwen_judge,qwen25_14b_instruct,20.0,0.8,200,100,Static,50,0.8054333329200745,0.00056040015485801,1.9738666372537617,1.3270376285847114,4.423458761949038,1.3270376285847114,9.629994810164769,,,,,
red_team_qwen_judge,qwen25_14b_instruct,20.0,0.9,50,25,Endpoint/block + terminal residual AHT,50,0.9001066672801972,0.00024076398402333977,0.6050151578043115,0.392515583054569,1.3083852768485635,0.392515583054569,19.150392983543533,,0.005,,,
red_team_qwen_judge,qwen25_14b_instruct,20.0,0.9,50,25,Endpoint/block + terminal residual AHT + CRC,50,0.9013422242800395,0.00021270393330158124,0.6421155709087731,0.43320078811496254,1.4440026270498751,0.43320078811496254,15.988517181405722,,0.005,,,
red_team_qwen_judge,qwen25_14b_instruct,20.0,0.9,50,25,Information-gain + sequential AHT,50,0.8972733330726623,0.00017659721945910458,2.1781842429458806,1.378009163161394,1.6343309258417416,0.49029927775252247,19.16853664749826,,0.005,2.8884572365284797,,0.4440222306789368
red_team_qwen_judge,qwen25_14b_instruct,20.0,0.9,50,25,Information-gain + sequential AHT + CRC,50,0.9009933304786683,0.0003397481435824853,3.053926806285196,1.9913326876293365,2.7956535379100966,0.838696061373029,13.2847313900132,,0.005,2.852565253723831,,0.8442687472038437
red_team_qwen_judge,qwen25_14b_instruct,20.0,0.9,50,25,Oracle,50,0.9006799972057342,6.757360616501087e-05,0.41531999999999997,0.0,,,96.29994666666666,,,,,
red_team_qwen_judge,qwen25_14b_instruct,20.0,0.9,50,25,Residual + sequential AHT,50,0.8980999994277954,0.0003441461895471844,5.03113565366695,3.2337628424235425,3.1311128205392795,0.9393338461617838,18.899528055003564,,0.005,2.955369549801126,,30.613521766013324
red_team_qwen_judge,qwen25_14b_instruct,20.0,0.9,50,25,Residual + sequential AHT + CRC,50,0.9010200035572052,0.0003403693808846311,6.16431654002703,4.005607436721946,4.042159210547653,1.2126477631642958,13.167899276127809,,0.005,2.939036598635548,,57.52378007734446
red_team_qwen_judge,qwen25_14b_instruct,20.0,0.9,50,25,Soft-prefix DAPRO,50,0.8986666631698609,0.0005695826098797445,1.3084717602163545,0.8508645023036745,4.022372534054514,1.2067117602163544,18.908458559050892,,0.005,3.186511279070069,,0.8871031147434251
red_team_qwen_judge,qwen25_14b_instruct,20.0,0.9,50,25,Soft-prefix DAPRO + CRC,50,0.8940199995040894,0.0011413941757345532,2.7726470679210604,1.827764287810001,8.887134670847978,2.6661404012543937,12.809494784867077,,0.005,3.107155271093893,,1.8232750342811233
red_team_qwen_judge,qwen25_14b_instruct,20.0,0.9,50,25,Static,50,0.9035333323478699,0.0002901543725745775,0.9710666521966459,0.7045032038387733,2.348344012795911,0.7045032038387733,9.629994810164769,,,,,
red_team_qwen_judge,qwen25_14b_instruct,20.0,0.9,100,50,Endpoint/block + terminal residual AHT,50,0.9001066672801972,0.00024076398402333977,0.6050151578043115,0.392515583054569,1.3083852768485635,0.392515583054569,19.150392983543533,,0.005,,,
red_team_qwen_judge,qwen25_14b_instruct,20.0,0.9,100,50,Endpoint/block + terminal residual AHT + CRC,50,0.9013422242800395,0.00021270393330158124,0.6421155709087731,0.43320078811496254,1.4440026270498751,0.43320078811496254,15.988517181405722,,0.005,,,
red_team_qwen_judge,qwen25_14b_instruct,20.0,0.9,100,50,Information-gain + sequential AHT,50,0.901839998960495,0.00016534807391325757,1.697734022484782,1.0785015480969973,1.301690593627558,0.3905071780882674,19.38043082185601,,0.005,2.9984262307019622,,0.40580961104667
red_team_qwen_judge,qwen25_14b_instruct,20.0,0.9,100,50,Information-gain + sequential AHT + CRC,50,0.8987933313846588,0.00024486125899623274,2.5897142776874733,1.6647779515557624,2.059590371845035,0.6178771115535104,16.290686640662592,,0.005,2.8827145078123526,,0.6165429219307743
red_team_qwen_judge,qwen25_14b_instruct,20.0,0.9,100,50,Oracle,50,0.9006799972057342,6.757360616501087e-05,0.41531999999999997,0.0,,,96.29994666666666,,,,,
red_team_qwen_judge,qwen25_14b_instruct,20.0,0.9,100,50,Residual + sequential AHT,50,0.8987533342838288,0.0004385070580300863,4.144386173767345,2.6711514927741082,2.8409885151805736,0.852296554554172,19.28120725668222,,0.005,3.0340444705935177,,26.761023927094058
red_team_qwen_judge,qwen25_14b_instruct,20.0,0.9,100,50,Residual + sequential AHT + CRC,50,0.8973466670513153,0.00047659394684448165,5.711113793365886,3.6882795602649274,3.8161365488910945,1.1448409646673283,16.183834256488055,,0.005,2.9490577575119907,,40.97814499556295
red_team_qwen_judge,qwen25_14b_instruct,20.0,0.9,100,50,Soft-prefix DAPRO,50,0.899893330335617,0.0005391991815810468,1.000234979965766,0.6481109385705092,2.9982054887747758,0.8994616466324326,19.28674362736772,,0.005,3.250903748713812,,0.6288961653944566
red_team_qwen_judge,qwen25_14b_instruct,20.0,0.9,100,50,Soft-prefix DAPRO + CRC,50,0.899359998703003,0.0005959449395948881,1.6320199846782812,1.086277829053931,5.103222171149827,1.530966651344948,16.169873340604433,,0.005,3.1783172426800057,,1.1633801985976453
red_team_qwen_judge,qwen25_14b_instruct,20.0,0.9,100,50,Static,50,0.9035333323478699,0.0002901543725745775,0.9710666521966459,0.7045032038387733,2.348344012795911,0.7045032038387733,9.629994810164769,,,,,
red_team_qwen_judge,qwen25_14b_instruct,20.0,0.9,200,100,Endpoint/block + terminal residual AHT,50,0.9001066672801972,0.00024076398402333977,0.6050151578043115,0.392515583054569,1.3083852768485635,0.392515583054569,19.150392983543533,,0.005,,,
red_team_qwen_judge,qwen25_14b_instruct,20.0,0.9,200,100,Endpoint/block + terminal residual AHT + CRC,50,0.9013422242800395,0.00021270393330158124,0.6421155709087731,0.43320078811496254,1.4440026270498751,0.43320078811496254,15.988517181405722,,0.005,,,
red_team_qwen_judge,qwen25_14b_instruct,20.0,0.9,200,100,Information-gain + sequential AHT,50,0.9017333376407624,0.00016797725932051909,1.5348603044978844,0.985331896715103,1.358087110526876,0.40742613315806275,19.502705355945867,,0.005,3.354939782206695,,0.4159406970344836
red_team_qwen_judge,qwen25_14b_instruct,20.0,0.9,200,100,Information-gain + sequential AHT + CRC,50,0.898993330001831,0.0002532582412548169,2.238736752654803,1.4443960959857953,1.8734850070706763,0.5620455021212029,18.148360779698972,,0.005,2.991274322753896,,0.5745021520669773
red_team_qwen_judge,qwen25_14b_instruct,20.0,0.9,200,100,Oracle,50,0.9006799972057342,6.757360616501087e-05,0.41531999999999997,0.0,,,96.29994666666666,,,,,
red_team_qwen_judge,qwen25_14b_instruct,20.0,0.9,200,100,Residual + sequential AHT,50,0.9009466671943664,0.00028809672120026054,3.3807319207758173,2.1839179686367682,2.4916025823065993,0.7474807746919797,19.441576948328716,,0.005,3.367324851394057,,28.360778636171407
red_team_qwen_judge,qwen25_14b_instruct,20.0,0.9,200,100,Residual + sequential AHT + CRC,50,0.8982133340835571,0.0005270783026139907,4.667902622956915,3.0339399966297638,3.4902309822442534,1.047069294673276,18.112864239932307,,0.005,3.0267950944636453,,37.708760787457756
red_team_qwen_judge,qwen25_14b_instruct,20.0,0.9,200,100,Soft-prefix DAPRO,50,0.9018666660785675,0.00039586844741004067,0.804095933874396,0.5294434104785836,2.351342001803542,0.7054026005410625,19.499707631226222,,0.005,3.5220423407761583,,0.5179397671134631
red_team_qwen_judge,qwen25_14b_instruct,20.0,0.9,200,100,Soft-prefix DAPRO + CRC,50,0.9002933323383331,0.000633485575829238,1.1570444793476014,0.7704825966190288,3.5235260422697827,1.0570578126809347,18.143788509970612,,0.005,3.2425365826812094,,0.8417071261321577
red_team_qwen_judge,qwen25_14b_instruct,20.0,0.9,200,100,Static,50,0.9035333323478699,0.0002901543725745775,0.9710666521966459,0.7045032038387733,2.348344012795911,0.7045032038387733,9.629994810164769,,,,,
toxicity,gemma3_4b_it,20.0,0.7,50,25,Endpoint/block + terminal residual AHT,50,0.7012133383750916,0.0003711462199511952,1.7557077044229268,0.907358804659662,3.02452934886554,0.907358804659662,16.000493959021156,,0.005,,,
toxicity,gemma3_4b_it,20.0,0.7,50,25,Endpoint/block + terminal residual AHT + CRC,50,0.7005577798684438,0.00045532805137244516,1.9746010615304017,1.047467413185153,3.491558043950509,1.047467413185153,15.94076095076437,,0.005,,,
toxicity,gemma3_4b_it,20.0,0.7,50,25,Information-gain + sequential AHT,50,0.6963733351230621,0.0003751548489116132,9.711916430435814,2.828731195156109,4.9880243764442715,1.4964073129332818,20.699258013145883,,0.005,2.4745031009131138,,0.6796826581528268
toxicity,gemma3_4b_it,20.0,0.7,50,25,Information-gain + sequential AHT + CRC,50,0.7052066683769226,0.0012078772899253257,12.232947661639336,3.8532146033341235,7.493850206402239,2.248155061920672,13.117505169548085,,0.005,2.3451436978405154,,1.3227353491381466
toxicity,gemma3_4b_it,20.0,0.7,50,25,Oracle,50,0.6996266686916351,0.00011934525622334216,0.5126533333333333,0.0,,,95.06343333333334,,,,,
toxicity,gemma3_4b_it,20.0,0.7,50,25,Residual + sequential AHT,50,0.6952666676044464,0.001271274445966532,13.347906948591095,4.026652025560195,7.7806345782194555,2.334190373465837,20.614837968828216,,0.005,2.473183506596384,,33.486196260275044
toxicity,gemma3_4b_it,20.0,0.7,50,25,Residual + sequential AHT + CRC,50,0.7033666682243347,0.00119955679252974,16.08835136939582,5.2105021701646175,10.659238217791348,3.1977714653374045,13.039861172450815,,0.005,2.395327932241227,,66.52461772205871
toxicity,gemma3_4b_it,20.0,0.7,50,25,Soft-prefix DAPRO,50,0.7002800023555755,0.0026432031172547573,6.397633686365535,2.0876259256335037,20.327356732329562,6.098207019698869,20.24007203815283,,0.005,2.795983386501258,,2.027434115699828
toxicity,gemma3_4b_it,20.0,0.7,50,25,Soft-prefix DAPRO + CRC,50,0.7082999980449677,0.0034527857750649136,9.207019615736497,3.306310795447162,29.72119871912166,8.916359615736498,12.897650771597114,,0.005,2.7393788285164438,,4.605224624821526
toxicity,gemma3_4b_it,20.0,0.7,50,25,Static,50,0.700593330860138,0.0006060057667498567,2.9956666220277555,1.8477883448228782,6.1592944827429275,1.8477883448228782,9.506343474988888,,,,,
toxicity,gemma3_4b_it,20.0,0.7,100,50,Endpoint/block + terminal residual AHT,50,0.7012133383750916,0.0003711462199511952,1.7557077044229268,0.907358804659662,3.02452934886554,0.907358804659662,16.000493959021156,,0.005,,,
toxicity,gemma3_4b_it,20.0,0.7,100,50,Endpoint/block + terminal residual AHT + CRC,50,0.7005577798684438,0.00045532805137244516,1.9746010615304017,1.047467413185153,3.491558043950509,1.047467413185153,15.94076095076437,,0.005,,,
toxicity,gemma3_4b_it,20.0,0.7,100,50,Information-gain + sequential AHT,50,0.7039933323860168,0.00043217918555084697,8.881460376018634,2.646910497753226,4.622990857078576,1.3868972571235727,20.382720354057746,,0.005,2.5021068514859497,,0.5917351869446607
toxicity,gemma3_4b_it,20.0,0.7,100,50,Information-gain + sequential AHT + CRC,50,0.69617999792099,0.0006340282598962842,11.230685822303792,3.4081947168298883,6.488154925461223,1.9464464776383668,16.538025968349057,,0.005,2.4693682566053545,,0.9429227024856576
toxicity,gemma3_4b_it,20.0,0.7,100,50,Oracle,50,0.6996266686916351,0.00011934525622334216,0.5126533333333333,0.0,,,95.06343333333334,,,,,
toxicity,gemma3_4b_it,20.0,0.7,100,50,Residual + sequential AHT,50,0.7033999955654144,0.0005699907507953582,12.048650752995743,3.6545509889569248,6.812579912246758,2.043773973674027,20.27473683654955,,0.005,2.4558680827320716,,25.84679114592483
toxicity,gemma3_4b_it,20.0,0.7,100,50,Residual + sequential AHT + CRC,50,0.700626665353775,0.0010743113974115816,13.757442614496508,4.372603164942678,8.94538473538466,2.683615420615398,16.51599564180084,,0.005,2.4678585020846215,,44.29597215675956
toxicity,gemma3_4b_it,20.0,0.7,100,50,Soft-prefix DAPRO,50,0.6981200015544892,0.0028157720099893225,6.257356901316997,2.0398729983735064,19.85392300438999,5.956176901316996,20.031871594355707,,0.005,2.731315090810312,,1.5574864992649156
toxicity,gemma3_4b_it,20.0,0.7,100,50,Soft-prefix DAPRO + CRC,50,0.7051733326911926,0.0025888585669710715,7.145619709264723,2.516265645642159,22.83837680866019,6.851513042598056,16.466654188285744,,0.005,2.7872064763480995,,2.5463722758481087
toxicity,gemma3_4b_it,20.0,0.7,100,50,Static,50,0.700593330860138,0.0006060057667498567,2.9956666220277555,1.8477883448228782,6.1592944827429275,1.8477883448228782,9.506343474988888,,,,,
toxicity,gemma3_4b_it,20.0,0.7,200,100,Endpoint/block + terminal residual AHT,50,0.7012133383750916,0.0003711462199511952,1.7557077044229268,0.907358804659662,3.02452934886554,0.907358804659662,16.000493959021156,,0.005,,,
toxicity,gemma3_4b_it,20.0,0.7,200,100,Endpoint/block + terminal residual AHT + CRC,50,0.7005577798684438,0.00045532805137244516,1.9746010615304017,1.047467413185153,3.491558043950509,1.047467413185153,15.94076095076437,,0.005,,,
toxicity,gemma3_4b_it,20.0,0.7,200,100,Information-gain + sequential AHT,50,0.6940866649150849,0.0006030240650079998,8.881531042006204,2.663015755528816,5.028499349240995,1.5085498047722985,20.11015158846071,,0.005,2.528760358091059,,0.6248811540387165
toxicity,gemma3_4b_it,20.0,0.7,200,100,Information-gain + sequential AHT + CRC,50,0.7028133320808411,0.0004792843059765208,10.079103183383175,3.118276863635736,5.864264291696656,1.7592792875089966,18.218686896319554,,0.005,2.497729886898821,,0.8411909325653592
toxicity,gemma3_4b_it,20.0,0.7,200,100,Oracle,50,0.6996266686916351,0.00011934525622334216,0.5126533333333333,0.0,,,95.06343333333334,,,,,
toxicity,gemma3_4b_it,20.0,0.7,200,100,Residual + sequential AHT,50,0.7058133327960968,0.0006339189340042816,11.182599429536694,3.4532768163890757,6.666882949224944,2.000064884767483,20.032708971591394,,0.005,2.4278204848707468,,27.622670331542505
toxicity,gemma3_4b_it,20.0,0.7,200,100,Residual + sequential AHT + CRC,50,0.7042933332920075,0.0006912182010530279,12.453502106611541,3.9181055062563606,7.791524431520649,2.337457329456195,18.19052673091977,,0.005,2.452012141205969,,35.91457484064196
toxicity,gemma3_4b_it,20.0,0.7,200,100,Soft-prefix DAPRO,50,0.698160001039505,0.0023683819552238524,6.278521787897244,2.0657370940405198,19.921694848546366,5.97650845456391,19.909764746383836,,0.005,2.6946732704099765,,1.307742624331874
toxicity,gemma3_4b_it,20.0,0.7,200,100,Soft-prefix DAPRO + CRC,50,0.7025466680526733,0.0028977446003254706,6.942952641703068,2.3935011125186847,22.156019916788,6.6468059750364,18.14778923884915,,0.005,2.72486400869008,,2.020018472923183
toxicity,gemma3_4b_it,20.0,0.7,200,100,Static,50,0.700593330860138,0.0006060057667498567,2.9956666220277555,1.8477883448228782,6.1592944827429275,1.8477883448228782,9.506343474988888,,,,,
toxicity,gemma3_4b_it,20.0,0.8,50,25,Endpoint/block + terminal residual AHT,50,0.7991866683959961,0.0003302683734089163,1.2276066011228937,0.6750694911107544,2.2502316370358484,0.6750694911107544,15.14512241616897,,0.005,,,
toxicity,gemma3_4b_it,20.0,0.8,50,25,Endpoint/block + terminal residual AHT + CRC,50,0.7983799997965495,0.00035951086871529854,1.3031675925547925,0.727270984130475,2.42423661376825,0.727270984130475,16.060823552154865,,0.005,,,
toxicity,gemma3_4b_it,20.0,0.8,50,25,Information-gain + sequential AHT,50,0.7977866673469544,0.00037874252476257356,5.9559497651428615,2.3082293681623756,3.756695422636075,1.1270086267908226,19.708159995764365,,0.005,3.3892752060419276,,0.3766950687886104
toxicity,gemma3_4b_it,20.0,0.8,50,25,Information-gain + sequential AHT + CRC,50,0.7994933354854584,0.0007980330199755586,8.097093901553496,3.216693967572888,5.65117912232749,1.6953537366982472,13.263932508426159,,0.005,2.9966787583512717,,0.891573169374672
toxicity,gemma3_4b_it,20.0,0.8,50,25,Oracle,50,0.8002133357524872,9.789002079344402e-05,0.4761066666666667,0.0,,,95.06343333333334,,,,,
toxicity,gemma3_4b_it,20.0,0.8,50,25,Residual + sequential AHT,50,0.7986733329296112,0.0005056258108245341,9.969344506147968,4.171078178322464,8.309424174527738,2.4928272523583215,19.4890641822833,,0.005,3.574818821196341,,23.602839462689886
toxicity,gemma3_4b_it,20.0,0.8,50,25,Residual + sequential AHT + CRC,50,0.7991799998283386,0.0009785002399631156,12.903966122122677,5.318366382383066,10.095339959595755,3.0286019878787265,13.203888346275878,,0.005,3.188026410957057,,60.77002227581741
toxicity,gemma3_4b_it,20.0,0.8,50,25,Soft-prefix DAPRO,50,0.8066733336448669,0.0009940294317531736,4.0447428120449045,1.8535508104279925,12.840431595705235,3.8521294787115705,19.174638465527828,,0.005,4.021006420064218,,1.78181914799096
toxicity,gemma3_4b_it,20.0,0.8,50,25,Soft-prefix DAPRO + CRC,50,0.8005000054836273,0.0020663863713479367,6.337229863410468,2.8016327706539608,20.460032878034898,6.138009863410469,13.126314014187244,,0.005,3.6252011185406525,,3.3763307925599766
toxicity,gemma3_4b_it,20.0,0.8,50,25,Static,50,0.8006066703796386,0.0005118625712670441,1.9936666369587186,1.3512122146878927,4.504040715626308,1.3512122146878927,9.506343474988888,,,,,
toxicity,gemma3_4b_it,20.0,0.8,100,50,Endpoint/block + terminal residual AHT,50,0.7991866683959961,0.0003302683734089163,1.2276066011228937,0.6750694911107544,2.2502316370358484,0.6750694911107544,15.14512241616897,,0.005,,,
toxicity,gemma3_4b_it,20.0,0.8,100,50,Endpoint/block + terminal residual AHT + CRC,50,0.7983799997965495,0.00035951086871529854,1.3031675925547925,0.727270984130475,2.42423661376825,0.727270984130475,16.060823552154865,,0.005,,,
toxicity,gemma3_4b_it,20.0,0.8,100,50,Information-gain + sequential AHT,50,0.7990266704559326,0.00045950041113402976,5.655649897458725,2.221299602040962,3.6734647784350485,1.1020394335305146,20.004339798295362,,0.005,3.6998351121691373,,0.28514947876988445
toxicity,gemma3_4b_it,20.0,0.8,100,50,Information-gain + sequential AHT + CRC,50,0.7991666674613953,0.0005906359997836997,6.84488093844124,2.7230533112108155,4.704150779461118,1.4112452338383354,16.600330773482867,,0.005,3.3775978871912717,,0.5163192022287232
toxicity,gemma3_4b_it,20.0,0.8,100,50,Oracle,50,0.8002133357524872,9.789002079344402e-05,0.4761066666666667,0.0,,,95.06343333333334,,,,,
toxicity,gemma3_4b_it,20.0,0.8,100,50,Residual + sequential AHT,50,0.7978466641902924,0.0011007264374080434,8.795449607279686,3.7400725737048077,7.8708670052524905,2.361260101575747,19.85432702182885,,0.005,3.8455772771048062,,15.997823383643901
toxicity,gemma3_4b_it,20.0,0.8,100,50,Residual + sequential AHT + CRC,50,0.7963466632366181,0.0007218048894436006,10.76352942021341,4.610867514734876,9.701789684633448,2.9105369053900345,16.47407013280396,,0.005,3.5612962850856364,,30.039948019683784
toxicity,gemma3_4b_it,20.0,0.8,100,50,Soft-prefix DAPRO,50,0.7908533298969269,0.001612114436002134,4.232070304343738,2.0225449473287544,13.407212125590238,4.022163637677071,19.756511978161612,,0.005,4.38066437069402,,0.927046796242964
toxicity,gemma3_4b_it,20.0,0.8,100,50,Soft-prefix DAPRO + CRC,50,0.8056866681575775,0.0011185779129476439,4.79031210728527,2.249874200063132,15.319907024284232,4.59597210728527,16.41524119629338,,0.005,4.005339904124863,,2.082734776585868
toxicity,gemma3_4b_it,20.0,0.8,100,50,Static,50,0.8006066703796386,0.0005118625712670441,1.9936666369587186,1.3512122146878927,4.504040715626308,1.3512122146878927,9.506343474988888,,,,,
toxicity,gemma3_4b_it,20.0,0.8,200,100,Endpoint/block + terminal residual AHT,50,0.7991866683959961,0.0003302683734089163,1.2276066011228937,0.6750694911107544,2.2502316370358484,0.6750694911107544,15.14512241616897,,0.005,,,
toxicity,gemma3_4b_it,20.0,0.8,200,100,Endpoint/block + terminal residual AHT + CRC,50,0.7983799997965495,0.00035951086871529854,1.3031675925547925,0.727270984130475,2.42423661376825,0.727270984130475,16.060823552154865,,0.005,,,
toxicity,gemma3_4b_it,20.0,0.8,200,100,Information-gain + sequential AHT,50,0.8018666672706604,0.000599886631587424,5.399419945220518,2.1953680769069424,3.8622154857026003,1.15866464571078,20.0666539722875,,0.005,3.9228645621592566,,0.28477466172278804
toxicity,gemma3_4b_it,20.0,0.8,200,100,Information-gain + sequential AHT + CRC,50,0.7978466713428497,0.00044466749234042493,6.517393047561605,2.6450157964932925,4.777321972499157,1.4331965917497473,18.18886113084015,,0.005,3.6823636423700776,,0.42613436957141526
toxicity,gemma3_4b_it,20.0,0.8,200,100,Oracle,50,0.8002133357524872,9.789002079344402e-05,0.4761066666666667,0.0,,,95.06343333333334,,,,,
toxicity,gemma3_4b_it,20.0,0.8,200,100,Residual + sequential AHT,50,0.803693333864212,0.0009109198014773275,8.042690239795336,3.4798293758110526,7.180932026006227,2.1542796078018682,19.96587016090224,,0.005,3.97139613211052,,16.281044494142847
toxicity,gemma3_4b_it,20.0,0.8,200,100,Residual + sequential AHT + CRC,50,0.7982800018787384,0.0010699019322523203,9.074715837602524,3.9939973029557665,8.838382673175378,2.6515148019526134,18.114504070990918,,0.005,3.8268546193349,,22.761342732705657
toxicity,gemma3_4b_it,20.0,0.8,200,100,Soft-prefix DAPRO,50,0.7935200023651123,0.0024620056822658243,4.071561471121232,2.009060536102023,12.88349379262633,3.8650481377878987,19.937750612073142,,0.005,4.514439413871806,,0.6824332141538386
toxicity,gemma3_4b_it,20.0,0.8,200,100,Soft-prefix DAPRO + CRC,50,0.796933331489563,0.0017680139577440183,4.585029662648279,2.2642582368471142,14.606498875494264,4.381949662648279,18.12035285791457,,0.005,4.356893336278724,,1.1666600032789198
toxicity,gemma3_4b_it,20.0,0.8,200,100,Static,50,0.8006066703796386,0.0005118625712670441,1.9936666369587186,1.3512122146878927,4.504040715626308,1.3512122146878927,9.506343474988888,,,,,
toxicity,gemma3_4b_it,20.0,0.9,50,25,Endpoint/block + terminal residual AHT,50,0.8983466672897339,0.000197441965499391,0.5587087445712435,0.3926854113445886,1.3089513711486291,0.3926854113445886,17.07837127383486,,0.005,,,
toxicity,gemma3_4b_it,20.0,0.9,50,25,Endpoint/block + terminal residual AHT + CRC,50,0.8991244423389435,0.00017140432641570542,0.668483389919308,0.48807579496207276,1.6269193165402427,0.48807579496207276,15.878642698555556,,0.005,,,
toxicity,gemma3_4b_it,20.0,0.9,50,25,Information-gain + sequential AHT,50,0.8998133385181427,0.00016576037115150966,2.2302413444753366,1.140176845872973,1.6508289291729117,0.49524867875187345,19.540699160549227,,0.005,2.2468143724720018,,0.3077204660156606
toxicity,gemma3_4b_it,20.0,0.9,50,25,Information-gain + sequential AHT + CRC,50,0.8981533336639405,0.0003256790408941385,3.788881103754366,1.9929566074558709,3.2847795087256215,0.9854338526176865,12.782911236640588,,0.005,2.287475655879317,,0.5927090507247427
toxicity,gemma3_4b_it,20.0,0.9,50,25,Oracle,50,0.8987733328342438,6.328538719544845e-05,0.3964933333333333,0.0,,,95.06343333333334,,,,,
toxicity,gemma3_4b_it,20.0,0.9,50,25,Residual + sequential AHT,50,0.8985533332824707,0.0002752272444429025,4.274145252254411,2.1441426895066242,2.2129987094232844,0.6638996128269852,19.505957574587867,,0.005,2.4025694342956427,,17.499993915096724
toxicity,gemma3_4b_it,20.0,0.9,50,25,Residual + sequential AHT + CRC,50,0.9016866672039032,0.00033463220146146,6.82634130729414,3.583521207908209,4.6166557730893,1.3849967319267902,12.703215198825797,,0.005,2.4748109852739972,,37.192709537088845
toxicity,gemma3_4b_it,20.0,0.9,50,25,Soft-prefix DAPRO,50,0.9085199987888336,0.00046939311995002,1.2098097314938794,0.6959748715661278,3.730232438312931,1.1190697314938793,19.619039720540876,,0.005,2.588243805301117,,0.8188276871146014
toxicity,gemma3_4b_it,20.0,0.9,50,25,Soft-prefix DAPRO + CRC,50,0.9110733366012573,0.0011364415429803007,2.130093486634935,1.2403922840801003,6.806600511005338,2.0419801533016018,12.680375141759644,,0.005,2.6811612563757476,,1.570805086853117
toxicity,gemma3_4b_it,20.0,0.9,50,25,Static,50,0.9000866675376892,0.0002906703144579726,0.9824666520267726,0.7594900995710074,2.5316336652366918,0.7594900995710074,9.506343474988888,,,,,
toxicity,gemma3_4b_it,20.0,0.9,100,50,Endpoint/block + terminal residual AHT,50,0.8983466672897339,0.000197441965499391,0.5587087445712435,0.3926854113445886,1.3089513711486291,0.3926854113445886,17.07837127383486,,0.005,,,
toxicity,gemma3_4b_it,20.0,0.9,100,50,Endpoint/block + terminal residual AHT + CRC,50,0.8991244423389435,0.00017140432641570542,0.668483389919308,0.48807579496207276,1.6269193165402427,0.48807579496207276,15.878642698555556,,0.005,,,
toxicity,gemma3_4b_it,20.0,0.9,100,50,Information-gain + sequential AHT,50,0.8992533326148987,0.00018183480932491781,2.1738011456520616,1.111151477970563,1.4604010605251523,0.4381203181575457,19.948162423903216,,0.005,1.884724928750101,,0.3122614431407182
toxicity,gemma3_4b_it,20.0,0.9,100,50,Information-gain + sequential AHT + CRC,50,0.8980200016498565,0.00026440098866379593,2.7989339306452,1.4529497894970778,2.2122840740871768,0.6636852222261531,16.421839990542495,,0.005,2.247989595263059,,0.4249701455214403
toxicity,gemma3_4b_it,20.0,0.9,100,50,Oracle,50,0.8987733328342438,6.328538719544845e-05,0.3964933333333333,0.0,,,95.06343333333334,,,,,
toxicity,gemma3_4b_it,20.0,0.9,100,50,Residual + sequential AHT,50,0.8986999988555908,0.00018700331277951037,3.6566068351644954,1.8288818546098418,1.6070291952076332,0.48210875856228996,19.960769263424307,,0.005,1.908646165777986,,15.33515553267207
toxicity,gemma3_4b_it,20.0,0.9,100,50,Residual + sequential AHT + CRC,50,0.8995733308792114,0.00024731085964348724,4.712971974755257,2.419263356420395,2.7086603938093714,0.8125981181428115,16.344812529412934,,0.005,2.4026741650939245,,23.77057700610248
toxicity,gemma3_4b_it,20.0,0.9,100,50,Soft-prefix DAPRO,50,0.9071399986743927,0.0004072339251554114,0.9709036116512872,0.5781529760023537,2.9297898166154024,0.8789369449846207,19.990558402680183,,0.005,2.0604724611348164,,0.7120674884941256
toxicity,gemma3_4b_it,20.0,0.9,100,50,Soft-prefix DAPRO + CRC,50,0.913673335313797,0.0006487640102523797,1.4435860117244337,0.8766534062684211,4.525397816859223,1.3576193450577672,16.365967872271014,,0.005,2.5873480312435855,,1.0589240522004204
toxicity,gemma3_4b_it,20.0,0.9,100,50,Static,50,0.9000866675376892,0.0002906703144579726,0.9824666520267726,0.7594900995710074,2.5316336652366918,0.7594900995710074,9.506343474988888,,,,,
toxicity,gemma3_4b_it,20.0,0.9,200,100,Endpoint/block + terminal residual AHT,50,0.8983466672897339,0.000197441965499391,0.5587087445712435,0.3926854113445886,1.3089513711486291,0.3926854113445886,17.07837127383486,,0.005,,,
toxicity,gemma3_4b_it,20.0,0.9,200,100,Endpoint/block + terminal residual AHT + CRC,50,0.8991244423389435,0.00017140432641570542,0.668483389919308,0.48807579496207276,1.6269193165402427,0.48807579496207276,15.878642698555556,,0.005,,,
toxicity,gemma3_4b_it,20.0,0.9,200,100,Information-gain + sequential AHT,50,0.8953466701507569,0.00016656216801372816,2.0107967813824223,1.0475795876771619,1.5421212247250853,0.46263636741752556,19.92466067638738,,0.005,1.9259568292327276,,0.3196149678349316
toxicity,gemma3_4b_it,20.0,0.9,200,100,Information-gain + sequential AHT + CRC,50,0.8994133341312408,0.00024395713692839524,2.7597869042770937,1.4423914255014634,1.9894037538173788,0.5968211261452135,18.17036461345814,,0.005,1.887606105360219,,0.4381523425907875
toxicity,gemma3_4b_it,20.0,0.9,200,100,Oracle,50,0.8987733328342438,6.328538719544845e-05,0.3964933333333333,0.0,,,95.06343333333334,,,,,
toxicity,gemma3_4b_it,20.0,0.9,200,100,Residual + sequential AHT,50,0.8990066611766815,0.00019419267859894167,3.202347785472925,1.6412590070175332,1.6320722169868358,0.4896216650960507,19.930452101024827,,0.005,1.9287566404656546,,17.84180508505472
toxicity,gemma3_4b_it,20.0,0.9,200,100,Residual + sequential AHT + CRC,50,0.8989666652679443,0.00023094453593482299,4.139625606256305,2.1227167864208347,2.1411216884179036,0.6423365065253711,18.1768562366144,,0.005,1.911269212690101,,22.190836075674824
toxicity,gemma3_4b_it,20.0,0.9,200,100,Soft-prefix DAPRO,50,0.9073200058937073,0.0003107479889348787,0.8591640507045781,0.5550259874599789,2.5604579467930386,0.7681373840379115,19.93794154906911,,0.005,2.0737518103761685,,0.6181289066000403
toxicity,gemma3_4b_it,20.0,0.9,200,100,Soft-prefix DAPRO + CRC,50,0.9116600048542023,0.00037691360565569036,1.2025606991100424,0.7486515505354926,3.718091219255697,1.115427365776709,18.182573495347548,,0.005,2.061522963655718,,0.9475847085202304
toxicity,gemma3_4b_it,20.0,0.9,200,100,Static,50,0.9000866675376892,0.0002906703144579726,0.9824666520267726,0.7594900995710074,2.5316336652366918,0.7594900995710074,9.506343474988888,,,,,
toxicity,llama_31_8B_instruct,20.0,0.7,50,25,Endpoint/block + terminal residual AHT,50,0.695586667060852,0.0006955581793169519,2.3947681460644112,1.3834921882612736,4.611640627537579,1.3834921882612736,16.342270133667956,,0.005,,,
toxicity,llama_31_8B_instruct,20.0,0.7,50,25,Endpoint/block + terminal residual AHT + CRC,50,0.6957733333110809,0.0007094798989298433,2.982039537740678,1.7763134515733654,5.921044838577884,1.7763134515733654,15.511278055861112,,0.005,,,
toxicity,llama_31_8B_instruct,20.0,0.7,50,25,Information-gain + sequential AHT,50,0.69450000166893,0.0005608990837790018,11.137236037140795,1.7611242571992025,4.696018088749177,1.4088054266247534,19.130590684743265,,0.005,1.7733349514024843,,0.8037583540743435
toxicity,llama_31_8B_instruct,20.0,0.7,50,25,Information-gain + sequential AHT + CRC,50,0.6934799993038178,0.0004475425509580743,15.56452529737358,2.8625821852154743,8.149530919865304,2.4448592759595913,12.962550804122976,,0.005,1.905841979621621,,1.4611140659388298
toxicity,llama_31_8B_instruct,20.0,0.7,50,25,Oracle,50,0.6971866667270661,0.00013608231462065702,0.3172266666666666,0.0,,,129.62745333333334,,,,,
toxicity,llama_31_8B_instruct,20.0,0.7,50,25,Residual + sequential AHT,50,0.6946466708183289,0.0007955072215783356,13.341503680478743,2.357338207969545,6.334088093411233,1.90022642802337,19.03989552107329,,0.005,1.8533424673863206,,22.6107000377123
toxicity,llama_31_8B_instruct,20.0,0.7,50,25,Residual + sequential AHT + CRC,50,0.6912066662311553,0.0015306028129581574,18.790685621510175,3.5987887400804595,10.163340069660483,3.0490020208981448,12.965018262673828,,0.005,1.9984314398814067,,43.769201469171634
toxicity,llama_31_8B_instruct,20.0,0.7,50,25,Soft-prefix DAPRO,50,0.7065733349323273,0.0016306983495592464,5.436063707122704,1.74168474679062,17.1516345792979,5.145490373789371,19.082572576387907,,0.005,2.029776698362001,,2.3960091003563395
toxicity,llama_31_8B_instruct,20.0,0.7,50,25,Soft-prefix DAPRO + CRC,50,0.697113333940506,0.0032287510920260944,10.079498450486826,2.893453800206527,32.59861705717831,9.779585117153493,13.008850150335988,,0.005,2.17576770323052,,4.859602612479976
toxicity,llama_31_8B_instruct,20.0,0.7,50,25,Static,50,0.6948866665363311,0.0006730276551017706,3.018199955025316,1.7976277728533774,5.9920925761779245,1.7976277728533774,12.96274552649329,,,,,
toxicity,llama_31_8B_instruct,20.0,0.7,100,50,Endpoint/block + terminal residual AHT,50,0.695586667060852,0.0006955581793169519,2.3947681460644112,1.3834921882612736,4.611640627537579,1.3834921882612736,16.342270133667956,,0.005,,,
toxicity,llama_31_8B_instruct,20.0,0.7,100,50,Endpoint/block + terminal residual AHT + CRC,50,0.6957733333110809,0.0007094798989298433,2.982039537740678,1.7763134515733654,5.921044838577884,1.7763134515733654,15.511278055861112,,0.005,,,
toxicity,llama_31_8B_instruct,20.0,0.7,100,50,Information-gain + sequential AHT,50,0.696706668138504,0.000594021010833183,10.234398953501085,1.630957333736137,4.260299613430559,1.2780898840291677,19.519726930178344,,0.005,1.611796385438664,,0.8142983897789086
toxicity,llama_31_8B_instruct,20.0,0.7,100,50,Information-gain + sequential AHT + CRC,50,0.6915200018882751,0.0006867536936278055,13.516498217909378,2.2971738743305545,6.279953720649292,1.8839861161947877,16.249336723368412,,0.005,1.770323398267151,,1.1378841667526998
toxicity,llama_31_8B_instruct,20.0,0.7,100,50,Oracle,50,0.6971866667270661,0.00013608231462065702,0.3172266666666666,0.0,,,129.62745333333334,,,,,
toxicity,llama_31_8B_instruct,20.0,0.7,100,50,Residual + sequential AHT,50,0.6960999989509582,0.0008083863704688703,11.29096824780746,2.002414179977237,5.370558198122862,1.6111674594368586,19.486172722807865,,0.005,1.6656443707153676,,23.129787907443674
toxicity,llama_31_8B_instruct,20.0,0.7,100,50,Residual + sequential AHT + CRC,50,0.6943200039863586,0.001158435232571675,15.118439107427548,2.8641872657631198,7.883593369670616,2.365078010901185,16.2174185039868,,0.005,1.8493831308977098,,32.14437353835172
toxicity,llama_31_8B_instruct,20.0,0.7,100,50,Soft-prefix DAPRO,50,0.70867999792099,0.001314013202674162,4.1104133467192145,1.7532168125315744,12.739688933508491,3.8219066800525474,19.45992141300932,,0.005,1.8088217292799735,,1.8786296212927507
toxicity,llama_31_8B_instruct,20.0,0.7,100,50,Soft-prefix DAPRO + CRC,50,0.7025999999046326,0.0026311561334379585,6.718488879952826,2.292653912130766,21.408274044287197,6.42248221328616,16.276483971212485,,0.005,2.0229591702028165,,3.078955026251698
toxicity,llama_31_8B_instruct,20.0,0.7,100,50,Static,50,0.6948866665363311,0.0006730276551017706,3.018199955025316,1.7976277728533774,5.9920925761779245,1.7976277728533774,12.96274552649329,,,,,
toxicity,llama_31_8B_instruct,20.0,0.7,200,100,Endpoint/block + terminal residual AHT,50,0.695586667060852,0.0006955581793169519,2.3947681460644112,1.3834921882612736,4.611640627537579,1.3834921882612736,16.342270133667956,,0.005,,,
toxicity,llama_31_8B_instruct,20.0,0.7,200,100,Endpoint/block + terminal residual AHT + CRC,50,0.6957733333110809,0.0007094798989298433,2.982039537740678,1.7763134515733654,5.921044838577884,1.7763134515733654,15.511278055861112,,0.005,,,
toxicity,llama_31_8B_instruct,20.0,0.7,200,100,Information-gain + sequential AHT,50,0.6963266718387604,0.0008140385681229369,10.38782379828698,1.7647080890415408,4.661522178777914,1.3984566536333742,19.87960304217795,,0.005,1.4832234712010663,,1.035115770571448
toxicity,llama_31_8B_instruct,20.0,0.7,200,100,Information-gain + sequential AHT + CRC,50,0.6994866681098938,0.0008695700069851921,12.695513717474928,2.234427785990931,5.994531393444379,1.7983594180333136,18.29654165784007,,0.005,1.6111859013025345,,1.2679403168467511
toxicity,llama_31_8B_instruct,20.0,0.7,200,100,Oracle,50,0.6971866667270661,0.00013608231462065702,0.3172266666666666,0.0,,,129.62745333333334,,,,,
toxicity,llama_31_8B_instruct,20.0,0.7,200,100,Residual + sequential AHT,50,0.6989133322238922,0.0005583209709170058,10.67711776369344,1.8555642300689117,4.923833552711833,1.4771500658135497,19.875559387294917,,0.005,1.5047914395665307,,31.229637491505482
toxicity,llama_31_8B_instruct,20.0,0.7,200,100,Residual + sequential AHT + CRC,50,0.696486667394638,0.0009375565349243956,13.218568843524075,2.550142216842515,7.029843221328907,2.1089529663986726,18.313165733341684,,0.005,1.6643959657896716,,37.14527305316594
toxicity,llama_31_8B_instruct,20.0,0.7,200,100,Soft-prefix DAPRO,50,0.7110799980163575,0.0009725196077169231,3.5555735523622722,1.8574542571736523,10.89717850787424,3.2691535523622726,19.886187304780538,,0.005,1.6160329706862613,,2.07764224862574
toxicity,llama_31_8B_instruct,20.0,0.7,200,100,Soft-prefix DAPRO + CRC,50,0.7054133307933808,0.0017100204292868884,5.257994874101882,2.4497681797019704,16.553538469228496,4.966061540768548,18.303647562514715,,0.005,1.8050601702569284,,2.6915281835555493
toxicity,llama_31_8B_instruct,20.0,0.7,200,100,Static,50,0.6948866665363311,0.0006730276551017706,3.018199955025316,1.7976277728533774,5.9920925761779245,1.7976277728533774,12.96274552649329,,,,,
toxicity,llama_31_8B_instruct,20.0,0.8,50,25,Endpoint/block + terminal residual AHT,50,0.7921133327484131,0.0005122338762810659,1.6327095445846966,1.1232525089057996,3.744175029685999,1.1232525089057996,16.342270133667956,,0.005,,,
toxicity,llama_31_8B_instruct,20.0,0.8,50,25,Endpoint/block + terminal residual AHT + CRC,50,0.7931577789783478,0.0005162009196121444,2.0207783436995994,1.4323792034693197,4.774597344897733,1.4323792034693197,15.511278055861112,,0.005,,,
toxicity,llama_31_8B_instruct,20.0,0.8,50,25,Information-gain + sequential AHT,50,0.7979266715049743,0.0003736566837987214,7.121268976064805,1.3494297091874483,3.340673753518085,1.0022021260554255,19.77064008028555,,0.005,1.4056842166603027,,0.6864721015141052
toxicity,llama_31_8B_instruct,20.0,0.8,50,25,Information-gain + sequential AHT + CRC,50,0.7928733360767365,0.0007391014604835544,10.733210716965866,2.2604109181649914,6.006557119105781,1.8019671357317344,13.113665885085158,,0.005,1.3878268304601042,,1.2068386923769814
toxicity,llama_31_8B_instruct,20.0,0.8,50,25,Oracle,50,0.7979000031948089,9.180163659341883e-05,0.28745333333333334,0.0,,,129.62745333333334,,,,,
toxicity,llama_31_8B_instruct,20.0,0.8,50,25,Residual + sequential AHT,50,0.7944199979305268,0.0005577452156398408,9.801331268685246,1.668664538811292,3.7993439075397806,1.1398031722619342,19.72672110780522,,0.005,1.4559811897295742,,23.115722849393556
toxicity,llama_31_8B_instruct,20.0,0.8,50,25,Residual + sequential AHT + CRC,50,0.8004866659641265,0.0006217016495614142,13.479748538761545,2.514715685946795,6.051408611988043,1.8154225835964126,13.095535514484473,,0.005,1.4322898293316504,,41.01845084407657
toxicity,llama_31_8B_instruct,20.0,0.8,50,25,Soft-prefix DAPRO,50,0.8082133340835571,0.0010310464606850037,3.4250818569804506,1.1173302528099256,10.782606189934835,3.234781856980451,19.75009714063162,,0.005,1.5560533802480068,,2.0764134857725476
toxicity,llama_31_8B_instruct,20.0,0.8,50,25,Soft-prefix DAPRO + CRC,50,0.8088800024986267,0.0016466885602644226,5.703638546055784,1.8001133747217557,18.382595153519283,5.514778546055783,13.201732914413897,,0.005,1.5440626089118685,,3.6898195275441656
toxicity,llama_31_8B_instruct,20.0,0.8,50,25,Static,50,0.7947400009632111,0.0005971762792314947,2.0276666364520795,1.442232171482232,4.80744057160744,1.442232171482232,12.96274552649329,,,,,
toxicity,llama_31_8B_instruct,20.0,0.8,100,50,Endpoint/block + terminal residual AHT,50,0.7921133327484131,0.0005122338762810659,1.6327095445846966,1.1232525089057996,3.744175029685999,1.1232525089057996,16.342270133667956,,0.005,,,
toxicity,llama_31_8B_instruct,20.0,0.8,100,50,Endpoint/block + terminal residual AHT + CRC,50,0.7931577789783478,0.0005162009196121444,2.0207783436995994,1.4323792034693197,4.774597344897733,1.4323792034693197,15.511278055861112,,0.005,,,
toxicity,llama_31_8B_instruct,20.0,0.8,100,50,Information-gain + sequential AHT,50,0.7983799993991851,0.0002991791320833659,7.0875449164354345,1.3260983847740655,3.1586326953532478,0.9475898086059743,19.911201884559013,,0.005,1.34775866050962,,0.6766726895951544
toxicity,llama_31_8B_instruct,20.0,0.8,100,50,Information-gain + sequential AHT + CRC,50,0.7949866664409637,0.0006788567395442208,9.163273296918948,1.8579439770961204,4.7438447096108645,1.4231534128832593,16.341900961932467,,0.005,1.407979118636018,,0.9770533044454681
toxicity,llama_31_8B_instruct,20.0,0.8,100,50,Oracle,50,0.7979000031948089,9.180163659341883e-05,0.28745333333333334,0.0,,,129.62745333333334,,,,,
toxicity,llama_31_8B_instruct,20.0,0.8,100,50,Residual + sequential AHT,50,0.7962466692924499,0.0005354730131837903,8.239397103188823,1.3993776565603193,3.043592052126905,0.9130776156380714,19.90772699208192,,0.005,1.3777668647558254,,19.48370526541378
toxicity,llama_31_8B_instruct,20.0,0.8,100,50,Residual + sequential AHT + CRC,50,0.7935266637802124,0.0006927716120775388,11.236900673533423,2.0906473420077667,5.029838773657296,1.5089516320971887,16.306123134751864,,0.005,1.4576110753999947,,32.21043261656105
toxicity,llama_31_8B_instruct,20.0,0.8,100,50,Soft-prefix DAPRO,50,0.8095933353900909,0.0009023641716737544,2.6206907634759005,1.0995682300032825,8.108746989364114,2.432624096809234,19.889244929229907,,0.005,1.4709115270414108,,1.5884727427566747
toxicity,llama_31_8B_instruct,20.0,0.8,100,50,Soft-prefix DAPRO + CRC,50,0.8074266695976258,0.0010568530892721365,4.37867781818188,1.5779452311033628,13.959903838384044,4.187971151515213,16.28021136412424,,0.005,1.5561787589911333,,2.6819321627319685
toxicity,llama_31_8B_instruct,20.0,0.8,100,50,Static,50,0.7947400009632111,0.0005971762792314947,2.0276666364520795,1.442232171482232,4.80744057160744,1.442232171482232,12.96274552649329,,,,,
toxicity,llama_31_8B_instruct,20.0,0.8,200,100,Endpoint/block + terminal residual AHT,50,0.7921133327484131,0.0005122338762810659,1.6327095445846966,1.1232525089057996,3.744175029685999,1.1232525089057996,16.342270133667956,,0.005,,,
toxicity,llama_31_8B_instruct,20.0,0.8,200,100,Endpoint/block + terminal residual AHT + CRC,50,0.7931577789783478,0.0005162009196121444,2.0207783436995994,1.4323792034693197,4.774597344897733,1.4323792034693197,15.511278055861112,,0.005,,,
toxicity,llama_31_8B_instruct,20.0,0.8,200,100,Information-gain + sequential AHT,50,0.7988533318042755,0.00040572874374090887,7.066622688682142,1.4592602176749725,3.5412899908697466,1.062386997260924,20.005112359715305,,0.005,1.3631401391358693,,0.7803191077809207
toxicity,llama_31_8B_instruct,20.0,0.8,200,100,Information-gain + sequential AHT + CRC,50,0.7989199984073639,0.0006995719428939604,9.236790009366203,1.905579038803895,4.732046318163979,1.4196138954491937,18.29662815230248,,0.005,1.3507345319388984,,1.0408750244050138
toxicity,llama_31_8B_instruct,20.0,0.8,200,100,Oracle,50,0.7979000031948089,9.180163659341883e-05,0.28745333333333334,0.0,,,129.62745333333334,,,,,
toxicity,llama_31_8B_instruct,20.0,0.8,200,100,Residual + sequential AHT,50,0.7988600015640259,0.0004081502006977072,7.906314839192918,1.5502490661670802,3.6543959387526876,1.0963187816258062,20.007098187833627,,0.005,1.386697253746478,,24.32472340654374
toxicity,llama_31_8B_instruct,20.0,0.8,200,100,Residual + sequential AHT + CRC,50,0.7975200009346008,0.0005316016940785299,9.894182614786365,1.9307192711410304,4.603962258879075,1.3811886776637223,18.308266652012136,,0.005,1.379983011059912,,31.283985316277246
toxicity,llama_31_8B_instruct,20.0,0.8,200,100,Soft-prefix DAPRO,50,0.8048733329772949,0.001263237655111715,2.530972235654921,1.427483896645717,7.794263007738625,2.3382789023215875,19.997831702982364,,0.005,1.4754030439851868,,1.4592219117096967
toxicity,llama_31_8B_instruct,20.0,0.8,200,100,Soft-prefix DAPRO + CRC,50,0.8062666678428649,0.001549709584065586,3.597793402256774,1.721269742507692,11.35437800752258,3.4063134022567745,18.310278231879025,,0.005,1.470934643096563,,2.2259071217437514
toxicity,llama_31_8B_instruct,20.0,0.8,200,100,Static,50,0.7947400009632111,0.0005971762792314947,2.0276666364520795,1.442232171482232,4.80744057160744,1.442232171482232,12.96274552649329,,,,,
toxicity,llama_31_8B_instruct,20.0,0.9,50,25,Endpoint/block + terminal residual AHT,50,0.8951933300495147,0.00029650377047786157,0.8199362830342274,0.6804918157903087,2.2683060526343626,0.6804918157903087,16.342270133667956,,0.005,,,
toxicity,llama_31_8B_instruct,20.0,0.9,50,25,Endpoint/block + terminal residual AHT + CRC,50,0.8967244470119476,0.00031872438577560985,1.0063764871407122,0.8617665329421779,2.8725551098072595,0.8617665329421779,15.511278055861112,,0.005,,,
toxicity,llama_31_8B_instruct,20.0,0.9,50,25,Information-gain + sequential AHT,50,0.8968399977684021,0.0002827449266249236,3.6937747416610374,0.9675756275351652,2.269260805564999,0.6807782416694999,19.90305763605478,,0.005,1.3192867330321862,,0.3695699590607689
toxicity,llama_31_8B_instruct,20.0,0.9,50,25,Information-gain + sequential AHT + CRC,50,0.8985933327674865,0.00037752060896701083,5.07709655124372,1.4829117952945368,3.7086277473512634,1.112588324205379,13.092866662102802,,0.005,1.3253422008203466,,0.6020753489731564
toxicity,llama_31_8B_instruct,20.0,0.9,50,25,Oracle,50,0.8987866652011871,5.97811740382156e-05,0.2174133333333333,0.0,,,129.62745333333334,,,,,
toxicity,llama_31_8B_instruct,20.0,0.9,50,25,Residual + sequential AHT,50,0.8951999986171723,0.0007258777843595266,6.517870124588828,1.4688060340403186,2.922397905319308,0.8767193715957923,19.87812266288588,,0.005,1.3596766331292103,,18.12187086360418
toxicity,llama_31_8B_instruct,20.0,0.9,50,25,Residual + sequential AHT + CRC,50,0.9002533328533172,0.00036923170453031254,8.38005865401783,2.102775243573875,4.54298379610277,1.3628951388308308,13.095059806519071,,0.005,1.3528019183232656,,29.332883223999488
toxicity,llama_31_8B_instruct,20.0,0.9,50,25,Soft-prefix DAPRO,50,0.9002266681194305,0.0005542877812467168,1.8498986307332848,0.6975034314816326,5.837306546888727,1.751191964066618,19.949577222007054,,0.005,1.485257187164045,,1.0250031367048167
toxicity,llama_31_8B_instruct,20.0,0.9,50,25,Soft-prefix DAPRO + CRC,50,0.9067799973487854,0.0006359983528085512,2.824638911508229,1.1319977862972654,9.106351927249653,2.731905578174896,13.248996219767058,,0.005,1.4770056521884114,,1.6816365510378009
toxicity,llama_31_8B_instruct,20.0,0.9,50,25,Static,50,0.8978399980068207,0.0003062550121330677,1.0128666515737774,0.8655499892637792,2.8851666308792643,0.8655499892637792,12.96274552649329,,,,,
toxicity,llama_31_8B_instruct,20.0,0.9,100,50,Endpoint/block + terminal residual AHT,50,0.8951933300495147,0.00029650377047786157,0.8199362830342274,0.6804918157903087,2.2683060526343626,0.6804918157903087,16.342270133667956,,0.005,,,
toxicity,llama_31_8B_instruct,20.0,0.9,100,50,Endpoint/block + terminal residual AHT + CRC,50,0.8967244470119476,0.00031872438577560985,1.0063764871407122,0.8617665329421779,2.8725551098072595,0.8617665329421779,15.511278055861112,,0.005,,,
toxicity,llama_31_8B_instruct,20.0,0.9,100,50,Information-gain + sequential AHT,50,0.8990199995040894,0.0003560292385599002,3.6864301455931963,0.9435547471374036,2.0546517258733523,0.6163955177620056,19.89670539001327,,0.005,1.3404681338003797,,0.34768534035679494
toxicity,llama_31_8B_instruct,20.0,0.9,100,50,Information-gain + sequential AHT + CRC,50,0.8974199986457825,0.000426824599326616,4.852804739264344,1.3406548864992494,3.2430884884788753,0.9729265465436626,16.350034927573176,,0.005,1.3229156884644866,,0.5338931596005689
toxicity,llama_31_8B_instruct,20.0,0.9,100,50,Oracle,50,0.8987866652011871,5.97811740382156e-05,0.2174133333333333,0.0,,,129.62745333333334,,,,,
toxicity,llama_31_8B_instruct,20.0,0.9,100,50,Residual + sequential AHT,50,0.8980266666412353,0.00034079287779737594,5.146582408628083,1.179549868206727,2.1316988157269434,0.639509644718083,19.896127112879412,,0.005,1.386052893649114,,12.01946666343063
toxicity,llama_31_8B_instruct,20.0,0.9,100,50,Residual + sequential AHT + CRC,50,0.8988999998569489,0.00040854548982292545,7.184834062210944,1.7783057318057618,3.7277264195464106,1.118317925863923,16.32350341483022,,0.005,1.3626770330122866,,24.288193700539573
toxicity,llama_31_8B_instruct,20.0,0.9,100,50,Soft-prefix DAPRO,50,0.9086666691303253,0.0005855828320533883,1.4725124769479967,0.6875764279891426,4.6064860342711,1.38194581028133,19.889825858827052,,0.005,1.5000037659186871,,0.8652766985453915
toxicity,llama_31_8B_instruct,20.0,0.9,100,50,Soft-prefix DAPRO + CRC,50,0.9047066688537597,0.000701758054322057,2.2941050084312935,0.9731884988400614,7.331283361437645,2.199385008431294,16.338917440039676,,0.005,1.4863108677129182,,1.3471129918857954
toxicity,llama_31_8B_instruct,20.0,0.9,100,50,Static,50,0.8978399980068207,0.0003062550121330677,1.0128666515737774,0.8655499892637792,2.8851666308792643,0.8655499892637792,12.96274552649329,,,,,
toxicity,llama_31_8B_instruct,20.0,0.9,200,100,Endpoint/block + terminal residual AHT,50,0.8951933300495147,0.00029650377047786157,0.8199362830342274,0.6804918157903087,2.2683060526343626,0.6804918157903087,16.342270133667956,,0.005,,,
toxicity,llama_31_8B_instruct,20.0,0.9,200,100,Endpoint/block + terminal residual AHT + CRC,50,0.8967244470119476,0.00031872438577560985,1.0063764871407122,0.8617665329421779,2.8725551098072595,0.8617665329421779,15.511278055861112,,0.005,,,
toxicity,llama_31_8B_instruct,20.0,0.9,200,100,Information-gain + sequential AHT,50,0.8984133303165436,0.00039380764599452055,4.0851346254097765,1.088873391276016,2.3320947479343404,0.6996284243803023,20.003055865307605,,0.005,1.364780058326762,,0.4066777706580298
toxicity,llama_31_8B_instruct,20.0,0.9,200,100,Information-gain + sequential AHT + CRC,50,0.9003733360767364,0.00042486908271869564,4.924459763673788,1.356276395389099,3.0918662202503144,0.9275598660750944,18.285722509784367,,0.005,1.344531849288565,,0.5402554383387013
toxicity,llama_31_8B_instruct,20.0,0.9,200,100,Oracle,50,0.8987866652011871,5.97811740382156e-05,0.2174133333333333,0.0,,,129.62745333333334,,,,,
toxicity,llama_31_8B_instruct,20.0,0.9,200,100,Residual + sequential AHT,50,0.900059996843338,0.00028347704496137953,4.792584354028639,1.208350151108127,2.3248969133685313,0.6974690740105594,20.005419499409406,,0.005,1.4007889008255783,,14.083923826961335
toxicity,llama_31_8B_instruct,20.0,0.9,200,100,Residual + sequential AHT + CRC,50,0.9016733348369599,0.00038997496489268736,6.044216292429565,1.534492936670994,3.0428505952656555,0.9128551785796967,18.299556612415884,,0.005,1.3889648626323428,,18.72782835436962
toxicity,llama_31_8B_instruct,20.0,0.9,200,100,Soft-prefix DAPRO,50,0.9071466672420502,0.0006215697032985329,1.4150040891377487,0.8626467471862628,4.41079140823694,1.323237422471082,20.002620943510877,,0.005,1.5088259960744435,,0.7954743671717911
toxicity,llama_31_8B_instruct,20.0,0.9,200,100,Soft-prefix DAPRO + CRC,50,0.9055599999427796,0.0006748001584384802,1.9959939190023896,1.0620771364440822,6.341335285563522,1.9024005856690565,18.314377236207502,,0.005,1.5002036264506629,,1.2040891230437267
toxicity,llama_31_8B_instruct,20.0,0.9,200,100,Static,50,0.8978399980068207,0.0003062550121330677,1.0128666515737774,0.8655499892637792,2.8851666308792643,0.8655499892637792,12.96274552649329,,,,,
toxicity,mini_phi_4_instruct,20.0,0.7,50,25,Endpoint/block + terminal residual AHT,50,0.6982333338260651,0.00044825034973387573,2.4889896520033945,0.825587680953138,2.75195893651046,0.825587680953138,18.234351333922845,,0.005,,,
toxicity,mini_phi_4_instruct,20.0,0.7,50,25,Endpoint/block + terminal residual AHT + CRC,50,0.6972111093997956,0.0003760647340447138,3.518714579885359,1.2169574738294697,4.0565249127649,1.2169574738294697,15.581106586638889,,0.005,,,
toxicity,mini_phi_4_instruct,20.0,0.7,50,25,Information-gain + sequential AHT,50,0.6974266672134399,0.00026860336857327256,7.059686751926911,0.764950870100338,2.226337875907942,0.6679013627723827,19.574860084570354,,0.005,1.2343919118968218,,0.6538203814429093
toxicity,mini_phi_4_instruct,20.0,0.7,50,25,Information-gain + sequential AHT + CRC,50,0.697313334941864,0.0004005007698807433,9.429586411374842,1.1998760529655177,3.587091387709852,1.0761274163129555,12.775606617037372,,0.005,1.4298548359473464,,1.0179608398447684
toxicity,mini_phi_4_instruct,20.0,0.7,50,25,Oracle,50,0.7006266689300538,0.00010951756833495137,0.1559133333333333,0.0,,,150.19781999999998,,,,,
toxicity,mini_phi_4_instruct,20.0,0.7,50,25,Residual + sequential AHT,50,0.698880000114441,0.0004776723422109252,8.61774467463889,0.874527300795999,2.4806059976510086,0.7441817992953026,19.487319436751847,,0.005,1.2783964219354476,,19.313721681997148
toxicity,mini_phi_4_instruct,20.0,0.7,50,25,Residual + sequential AHT + CRC,50,0.6976133346557617,0.0003813395598154949,12.071853069075173,1.4697380234209598,4.360701473438746,1.3082104420316238,12.741403674346708,,0.005,1.5025660314265183,,33.737079680836
toxicity,mini_phi_4_instruct,20.0,0.7,50,25,Soft-prefix DAPRO,50,0.7053666627407074,0.0014385634333501014,4.926341839818118,0.7699897297292289,15.43520613272706,4.630561839818117,19.440488806871617,,0.005,1.3398662509931203,,3.5032914924396517
toxicity,mini_phi_4_instruct,20.0,0.7,50,25,Soft-prefix DAPRO + CRC,50,0.7165999972820282,0.0025781863315200693,8.329709087822653,1.3875031675848024,26.820030292742175,8.046009087822652,12.77052891633888,,0.005,1.5716760978450486,,6.295831835102206
toxicity,mini_phi_4_instruct,20.0,0.7,50,25,Static,50,0.7033866631984711,0.0004929767472044383,2.973252448494195,1.0220178447596489,3.4067261491988297,1.0220178447596489,15.02060214719971,,,,,
toxicity,mini_phi_4_instruct,20.0,0.7,100,50,Endpoint/block + terminal residual AHT,50,0.6982333338260651,0.00044825034973387573,2.4889896520033945,0.825587680953138,2.75195893651046,0.825587680953138,18.234351333922845,,0.005,,,
toxicity,mini_phi_4_instruct,20.0,0.7,100,50,Endpoint/block + terminal residual AHT + CRC,50,0.6972111093997956,0.0003760647340447138,3.518714579885359,1.2169574738294697,4.0565249127649,1.2169574738294697,15.581106586638889,,0.005,,,
toxicity,mini_phi_4_instruct,20.0,0.7,100,50,Information-gain + sequential AHT,50,0.7051999986171722,0.00032375053846080045,6.734573796930802,0.7310518234031318,2.099829491649175,0.6299488474947524,19.833244861953254,,0.005,1.1682778913051093,,0.6611871918319367
toxicity,mini_phi_4_instruct,20.0,0.7,100,50,Information-gain + sequential AHT + CRC,50,0.6981400001049042,0.00033547419365288924,9.197600890521125,1.0733932081108712,3.166010445668474,0.9498031337005421,16.383941432064795,,0.005,1.2339742549417816,,0.9679812584896722
toxicity,mini_phi_4_instruct,20.0,0.7,100,50,Oracle,50,0.7006266689300538,0.00010951756833495137,0.1559133333333333,0.0,,,150.19781999999998,,,,,
toxicity,mini_phi_4_instruct,20.0,0.7,100,50,Residual + sequential AHT,50,0.6979733324050903,0.000328742913180143,7.7071371765885495,0.7850089556645888,2.217578699876256,0.6652736099628769,19.805176913228713,,0.005,1.1847728229616066,,17.566291904355186
toxicity,mini_phi_4_instruct,20.0,0.7,100,50,Residual + sequential AHT + CRC,50,0.7011266660690307,0.0004815142814996003,10.211855212603648,1.1286644620059767,3.232269020531941,0.9696807061595822,16.379340898645058,,0.005,1.2778642934985605,,26.462243753480003
toxicity,mini_phi_4_instruct,20.0,0.7,100,50,Soft-prefix DAPRO,50,0.705699999332428,0.001320704041007818,4.011352141499472,0.7640459541794431,12.388751582776019,3.7166254748328056,19.8272558960038,,0.005,1.203264675445301,,3.11434461058716
toxicity,mini_phi_4_instruct,20.0,0.7,100,50,Soft-prefix DAPRO + CRC,50,0.7046266615390777,0.002329395257936547,6.239658431464857,1.1272700007387435,19.813239215993967,5.94397176479819,16.35779136444905,,0.005,1.3389030139455718,,4.541244037366396
toxicity,mini_phi_4_instruct,20.0,0.7,100,50,Static,50,0.7033866631984711,0.0004929767472044383,2.973252448494195,1.0220178447596489,3.4067261491988297,1.0220178447596489,15.02060214719971,,,,,
toxicity,mini_phi_4_instruct,20.0,0.7,200,100,Endpoint/block + terminal residual AHT,50,0.6982333338260651,0.00044825034973387573,2.4889896520033945,0.825587680953138,2.75195893651046,0.825587680953138,18.234351333922845,,0.005,,,
toxicity,mini_phi_4_instruct,20.0,0.7,200,100,Endpoint/block + terminal residual AHT + CRC,50,0.6972111093997956,0.0003760647340447138,3.518714579885359,1.2169574738294697,4.0565249127649,1.2169574738294697,15.581106586638889,,0.005,,,
toxicity,mini_phi_4_instruct,20.0,0.7,200,100,Information-gain + sequential AHT,50,0.7001266634464264,0.0003884484185725965,7.6872764965910445,0.8981436675180998,2.621500306169617,0.7864500918508851,20.014902961013487,,0.005,1.134852937322335,,0.8640121454495768
toxicity,mini_phi_4_instruct,20.0,0.7,200,100,Information-gain + sequential AHT + CRC,50,0.7020999968051911,0.0005249805708507624,9.633621507421783,1.191994938531715,3.503476584798197,1.0510429754394592,18.253236887361865,,0.005,1.1676754539946232,,1.1419573207674443
toxicity,mini_phi_4_instruct,20.0,0.7,200,100,Oracle,50,0.7006266689300538,0.00010951756833495137,0.1559133333333333,0.0,,,150.19781999999998,,,,,
toxicity,mini_phi_4_instruct,20.0,0.7,200,100,Residual + sequential AHT,50,0.7004133379459381,0.00031229271505966614,7.871419596042916,0.9311365417937774,2.711187953788348,0.8133563861365044,20.010486779406655,,0.005,1.144029806072281,,21.141190501846335
toxicity,mini_phi_4_instruct,20.0,0.7,200,100,Residual + sequential AHT + CRC,50,0.7005199992656708,0.0005099055340886201,9.77955447971482,1.196794888797899,3.5077593842277275,1.0523278152683182,18.256552875820084,,0.005,1.1837227116451514,,28.889480198907087
toxicity,mini_phi_4_instruct,20.0,0.7,200,100,Soft-prefix DAPRO,50,0.7137733364105224,0.0012927321465253288,3.975706812467798,1.0326626138430957,12.29817826378155,3.689453479134465,20.031975088670855,,0.005,1.1514318046085825,,3.29957334157636
toxicity,mini_phi_4_instruct,20.0,0.7,200,100,Soft-prefix DAPRO + CRC,50,0.7100266647338868,0.001984883886519927,5.681730438568608,1.2951983661164945,17.971857017450915,5.391557105235274,18.293739690546907,,0.005,1.2017394682474614,,4.7264735125508945
toxicity,mini_phi_4_instruct,20.0,0.7,200,100,Static,50,0.7033866631984711,0.0004929767472044383,2.973252448494195,1.0220178447596489,3.4067261491988297,1.0220178447596489,15.02060214719971,,,,,
toxicity,mini_phi_4_instruct,20.0,0.8,50,25,Endpoint/block + terminal residual AHT,50,0.7997400009632111,0.0003052892219810671,1.6537533997289058,0.7230786618102676,2.410262206034225,0.7230786618102676,18.234351333922845,,0.005,,,
toxicity,mini_phi_4_instruct,20.0,0.8,50,25,Endpoint/block + terminal residual AHT + CRC,50,0.7988866682847341,0.0003801116725449189,2.338089648113272,1.0622946399357218,3.540982133119073,1.0622946399357218,15.581106586638889,,0.005,,,
toxicity,mini_phi_4_instruct,20.0,0.8,50,25,Information-gain + sequential AHT,50,0.7965600037574768,0.0002734531960547365,4.788764397939902,0.7270922371693253,1.949632832769796,0.5848898498309388,19.916890913893045,,0.005,1.1598668494735274,,0.6958067387042454
toxicity,mini_phi_4_instruct,20.0,0.8,50,25,Information-gain + sequential AHT + CRC,50,0.8003333342075348,0.00046943297349430013,7.776831784657031,1.3228442496898853,3.6273027954665427,1.0881908386399628,12.838471894165998,,0.005,1.205863551022354,,1.2756083815093457
toxicity,mini_phi_4_instruct,20.0,0.8,50,25,Oracle,50,0.8000466656684876,8.931522580362151e-05,0.15801999999999997,0.0,,,150.19781999999998,,,,,
toxicity,mini_phi_4_instruct,20.0,0.8,50,25,Residual + sequential AHT,50,0.8025400018692017,0.00016097001356624193,5.653987720613798,0.8102939120883939,1.9881949718356646,0.5964584915506994,19.904372056323677,,0.005,1.1747296734039,,20.406179069640842
toxicity,mini_phi_4_instruct,20.0,0.8,50,25,Residual + sequential AHT + CRC,50,0.8022866642475128,0.0003032427005078624,10.166947362121295,1.5922783504497382,4.169265901779069,1.250779770533721,12.835106220637206,,0.005,1.2228080031777195,,46.78625824724483
toxicity,mini_phi_4_instruct,20.0,0.8,50,25,Soft-prefix DAPRO,50,0.8099666702747345,0.0016199650382685096,2.9080780615470885,0.6853075164748684,9.059504649601404,2.7178513948804213,19.956596940831602,,0.005,1.2032982769968588,,2.461757464633641
toxicity,mini_phi_4_instruct,20.0,0.8,50,25,Soft-prefix DAPRO + CRC,50,0.8111600005626678,0.0021513256549070864,5.877478195388647,1.378509493813215,18.96321620685104,5.688964862055312,12.85340324118444,,0.005,1.2713620703354713,,5.1873402189149305
toxicity,mini_phi_4_instruct,20.0,0.8,50,25,Static,50,0.8013533329963685,0.00033231024988618764,1.9910040057101728,0.8953222237529767,2.9844074125099223,0.8953222237529767,15.02060214719971,,,,,
toxicity,mini_phi_4_instruct,20.0,0.8,100,50,Endpoint/block + terminal residual AHT,50,0.7997400009632111,0.0003052892219810671,1.6537533997289058,0.7230786618102676,2.410262206034225,0.7230786618102676,18.234351333922845,,0.005,,,
toxicity,mini_phi_4_instruct,20.0,0.8,100,50,Endpoint/block + terminal residual AHT + CRC,50,0.7988866682847341,0.0003801116725449189,2.338089648113272,1.0622946399357218,3.540982133119073,1.0622946399357218,15.581106586638889,,0.005,,,
toxicity,mini_phi_4_instruct,20.0,0.8,100,50,Information-gain + sequential AHT,50,0.8014799976348876,0.0002445630705520216,4.626902058320315,0.739296246580774,1.9442051879234916,0.5832615563770475,19.933103522379508,,0.005,1.1693536260180928,,0.6953884535898909
toxicity,mini_phi_4_instruct,20.0,0.8,100,50,Information-gain + sequential AHT + CRC,50,0.7963066697120667,0.00028639817203784343,6.367175864660103,1.0486034314672832,2.8772805994958244,0.8631841798487472,16.3728718242736,,0.005,1.1608971825207788,,1.0259681872152322
toxicity,mini_phi_4_instruct,20.0,0.8,100,50,Oracle,50,0.8000466656684876,8.931522580362151e-05,0.15801999999999997,0.0,,,150.19781999999998,,,,,
toxicity,mini_phi_4_instruct,20.0,0.8,100,50,Residual + sequential AHT,50,0.8000866663455963,0.00021702872301500287,5.405640860935729,0.8176275445526557,2.08522551622148,0.625567654866444,19.924075184532683,,0.005,1.182890884103886,,19.5558216756866
toxicity,mini_phi_4_instruct,20.0,0.8,100,50,Residual + sequential AHT + CRC,50,0.8039266669750214,0.00018721222535511114,6.8687331665121665,1.096848357504658,2.838113375697304,0.8514340127091912,16.37616206107845,,0.005,1.175420932318999,,29.03768153610581
toxicity,mini_phi_4_instruct,20.0,0.8,100,50,Soft-prefix DAPRO,50,0.8097666668891906,0.0012572482799806373,2.631108335439244,0.7304990553852592,8.1348500070197,2.44045500210591,19.941017769958805,,0.005,1.2045769179331216,,2.1599629911732454
toxicity,mini_phi_4_instruct,20.0,0.8,100,50,Soft-prefix DAPRO + CRC,50,0.81082000374794,0.0018863457350778738,3.7867996056850366,1.013036338299205,11.99182090783901,3.597546272351703,16.365152138601612,,0.005,1.2034010908266672,,3.2909936095797923
toxicity,mini_phi_4_instruct,20.0,0.8,100,50,Static,50,0.8013533329963685,0.00033231024988618764,1.9910040057101728,0.8953222237529767,2.9844074125099223,0.8953222237529767,15.02060214719971,,,,,
toxicity,mini_phi_4_instruct,20.0,0.8,200,100,Endpoint/block + terminal residual AHT,50,0.7997400009632111,0.0003052892219810671,1.6537533997289058,0.7230786618102676,2.410262206034225,0.7230786618102676,18.234351333922845,,0.005,,,
toxicity,mini_phi_4_instruct,20.0,0.8,200,100,Endpoint/block + terminal residual AHT + CRC,50,0.7988866682847341,0.0003801116725449189,2.338089648113272,1.0622946399357218,3.540982133119073,1.0622946399357218,15.581106586638889,,0.005,,,
toxicity,mini_phi_4_instruct,20.0,0.8,200,100,Information-gain + sequential AHT,50,0.8009599912166595,0.0002579937357022908,5.3076858774005355,0.9275018191531396,2.536565606036827,0.760969681811048,20.020019385078662,,0.005,1.1733086421101258,,0.8988620243188123
toxicity,mini_phi_4_instruct,20.0,0.8,200,100,Information-gain + sequential AHT + CRC,50,0.8022733330726624,0.00030210288428233367,6.557137751806406,1.1925452887279302,3.3046408908512435,0.991392267255373,18.284211023053267,,0.005,1.170302839447933,,1.1813767633897667
toxicity,mini_phi_4_instruct,20.0,0.8,200,100,Oracle,50,0.8000466656684876,8.931522580362151e-05,0.15801999999999997,0.0,,,150.19781999999998,,,,,
toxicity,mini_phi_4_instruct,20.0,0.8,200,100,Residual + sequential AHT,50,0.8031333315372468,0.00040705237559481185,5.746903967225735,0.996798608465423,2.6658371521439443,0.7997511456431833,20.01709609944006,,0.005,1.184196991559399,,24.441976308033677
toxicity,mini_phi_4_instruct,20.0,0.8,200,100,Residual + sequential AHT + CRC,50,0.8022333300113678,0.00036886736406947307,6.938097179434213,1.2450799874349592,3.3683063661117547,1.0104919098335265,18.28668365420793,,0.005,1.1832930767388783,,32.610805529366466
toxicity,mini_phi_4_instruct,20.0,0.8,200,100,Soft-prefix DAPRO,50,0.8136400020122528,0.0011930697768517266,2.8438519348861484,1.00974056856657,8.857928671842718,2.657378601552815,20.036569518446175,,0.005,1.2039025705194313,,2.446600966369458
toxicity,mini_phi_4_instruct,20.0,0.8,200,100,Soft-prefix DAPRO + CRC,50,0.8096933352947235,0.0021243937088333883,3.7833476210464396,1.2346975190552676,11.978358736821464,3.5935076210464394,18.305577838989162,,0.005,1.2040264299520511,,3.3124684328075165
toxicity,mini_phi_4_instruct,20.0,0.8,200,100,Static,50,0.8013533329963685,0.00033231024988618764,1.9910040057101728,0.8953222237529767,2.9844074125099223,0.8953222237529767,15.02060214719971,,,,,
toxicity,mini_phi_4_instruct,20.0,0.9,50,25,Endpoint/block + terminal residual AHT,50,0.9017866694927216,0.00022269727580756795,0.8168900887298459,0.45656596511092856,1.521886550369762,0.45656596511092856,18.234351333922845,,0.005,,,
toxicity,mini_phi_4_instruct,20.0,0.9,50,25,Endpoint/block + terminal residual AHT + CRC,50,0.9016955558458964,0.00018222516424773515,1.1479143243119985,0.6693855879269766,2.231285293089922,0.6693855879269766,15.581106586638889,,0.005,,,
toxicity,mini_phi_4_instruct,20.0,0.9,50,25,Information-gain + sequential AHT,50,0.8976000034809113,0.00020054411203710202,3.263229103386971,0.7926707804283234,1.3997970848885148,0.41993912546655443,19.883859323425746,,0.005,1.1947847034583494,,0.4920572151263223
toxicity,mini_phi_4_instruct,20.0,0.9,50,25,Information-gain + sequential AHT + CRC,50,0.9007466709613801,0.00023025654331733508,4.973866666674487,1.321680665365846,2.5392391014941262,0.7617717304482379,12.872993001043064,,0.005,1.1903014413272706,,0.8557946254306404
toxicity,mini_phi_4_instruct,20.0,0.9,50,25,Oracle,50,0.9003066670894623,5.275659514335665e-05,0.1391333333333333,0.0,,,150.19781999999998,,,,,
toxicity,mini_phi_4_instruct,20.0,0.9,50,25,Residual + sequential AHT,50,0.9008066654205322,0.000118780496654516,4.580431935305574,1.0577137330998756,1.4536727234784643,0.4361018170435393,19.888462115202675,,0.005,1.2066527911223108,,16.815333677896763
toxicity,mini_phi_4_instruct,20.0,0.9,50,25,Residual + sequential AHT + CRC,50,0.9014199984073639,0.0002582306112702971,6.701869516456648,1.666850764936607,2.8115802188421593,0.8434740656526479,12.882960253913584,,0.005,1.2004797753506689,,31.674118142939033
toxicity,mini_phi_4_instruct,20.0,0.9,50,25,Soft-prefix DAPRO,50,0.9100600016117096,0.000491631178228189,1.8034682488287905,0.6245614950913438,5.708871940540412,1.7126615821621238,20.03147510182727,,0.005,1.2577014320277968,,1.6356107103999025
toxicity,mini_phi_4_instruct,20.0,0.9,50,25,Soft-prefix DAPRO + CRC,50,0.9063600027561187,0.0006890605786132528,3.0600778024761643,1.0727488352999694,9.888570452698326,2.966571135809498,12.96595337920062,,0.005,1.2525693742215558,,2.901577339721698
toxicity,mini_phi_4_instruct,20.0,0.9,50,25,Static,50,0.9020333361625671,0.00018397404835100725,0.9862781240875251,0.5658739207101388,1.886246402367129,0.5658739207101388,15.02060214719971,,,,,
toxicity,mini_phi_4_instruct,20.0,0.9,100,50,Endpoint/block + terminal residual AHT,50,0.9017866694927216,0.00022269727580756795,0.8168900887298459,0.45656596511092856,1.521886550369762,0.45656596511092856,18.234351333922845,,0.005,,,
toxicity,mini_phi_4_instruct,20.0,0.9,100,50,Endpoint/block + terminal residual AHT + CRC,50,0.9016955558458964,0.00018222516424773515,1.1479143243119985,0.6693855879269766,2.231285293089922,0.6693855879269766,15.581106586638889,,0.005,,,
toxicity,mini_phi_4_instruct,20.0,0.9,100,50,Information-gain + sequential AHT,50,0.8985466718673706,0.0002467154478855884,3.4212232976995183,0.8498499078767601,1.4804242970502666,0.4441272891150799,19.901433601206044,,0.005,1.2002763851215628,,0.5275186774327524
toxicity,mini_phi_4_instruct,20.0,0.9,100,50,Information-gain + sequential AHT + CRC,50,0.8997933292388915,0.00015470691462677677,4.324105623805652,1.1159323751767962,2.067021028236549,0.6201063084709647,16.360188895807113,,0.005,1.1964270377913544,,0.7245497386554741
toxicity,mini_phi_4_instruct,20.0,0.9,100,50,Oracle,50,0.9003066670894623,5.275659514335665e-05,0.1391333333333333,0.0,,,150.19781999999998,,,,,
toxicity,mini_phi_4_instruct,20.0,0.9,100,50,Residual + sequential AHT,50,0.9022266685962677,0.00012777979704421368,4.310672947356794,1.0334534784206746,1.4551094177380828,0.4365328253214248,19.89628618793137,,0.005,1.2109148255505213,,17.0932058048452
toxicity,mini_phi_4_instruct,20.0,0.9,100,50,Residual + sequential AHT + CRC,50,0.901060004234314,0.00018322302686445358,5.465020130883948,1.341407922448509,2.073107753059256,0.6219323259177769,16.360934503362376,,0.005,1.2080348300539046,,23.767466421348797
toxicity,mini_phi_4_instruct,20.0,0.9,100,50,Soft-prefix DAPRO,50,0.917113333940506,0.0004847283609025895,1.4835116206868793,0.6063053921072314,4.6658387356229305,1.3997516206868792,19.940189149121505,,0.005,1.2598209934110747,,1.367145616563443
toxicity,mini_phi_4_instruct,20.0,0.9,100,50,Soft-prefix DAPRO + CRC,50,0.9117533385753631,0.0005387249238766954,2.2802979627084237,0.8689268663110511,7.3054820979169675,2.1916446293750904,16.347686866775433,,0.005,1.258004076455145,,2.1694158863386503
toxicity,mini_phi_4_instruct,20.0,0.9,100,50,Static,50,0.9020333361625671,0.00018397404835100725,0.9862781240875251,0.5658739207101388,1.886246402367129,0.5658739207101388,15.02060214719971,,,,,
toxicity,mini_phi_4_instruct,20.0,0.9,200,100,Endpoint/block + terminal residual AHT,50,0.9017866694927216,0.00022269727580756795,0.8168900887298459,0.45656596511092856,1.521886550369762,0.45656596511092856,18.234351333922845,,0.005,,,
toxicity,mini_phi_4_instruct,20.0,0.9,200,100,Endpoint/block + terminal residual AHT + CRC,50,0.9016955558458964,0.00018222516424773515,1.1479143243119985,0.6693855879269766,2.231285293089922,0.6693855879269766,15.581106586638889,,0.005,,,
toxicity,mini_phi_4_instruct,20.0,0.9,200,100,Information-gain + sequential AHT,50,0.9026666724681854,0.00018218602286687818,3.6255748059651722,0.9875856641352047,1.816412968794646,0.5449238906383939,20.014723108682894,,0.005,1.2100567138480554,,0.6530251141853393
toxicity,mini_phi_4_instruct,20.0,0.9,200,100,Information-gain + sequential AHT + CRC,50,0.8960933327674866,0.00029191847740237973,4.8830948337477444,1.279784870413781,2.51849918986492,0.755549756959476,18.285085775257677,,0.005,1.202388938762079,,0.87598225391617
toxicity,mini_phi_4_instruct,20.0,0.9,200,100,Oracle,50,0.9003066670894623,5.275659514335665e-05,0.1391333333333333,0.0,,,150.19781999999998,,,,,
toxicity,mini_phi_4_instruct,20.0,0.9,200,100,Residual + sequential AHT,50,0.902193330526352,0.00021948325970698934,4.152527616748638,1.0937937872012236,1.8692502759411023,0.5607750827823307,20.014033149673455,,0.005,1.2192868473568805,,20.707491773759113
toxicity,mini_phi_4_instruct,20.0,0.9,200,100,Residual + sequential AHT + CRC,50,0.9036266708374023,0.00027646538982661645,5.506313852252762,1.4593739191750728,2.4813003145184886,0.7443900943555467,18.291222618319267,,0.005,1.2125935904849279,,27.831945733696333
toxicity,mini_phi_4_instruct,20.0,0.9,200,100,Soft-prefix DAPRO,50,0.9067133367061615,0.0006927575924717368,1.629739644705805,0.788179330341105,5.122865482352683,1.5368596447058054,20.045248798199577,,0.005,1.2602336236503864,,1.4412822370057636
toxicity,mini_phi_4_instruct,20.0,0.9,200,100,Soft-prefix DAPRO + CRC,50,0.9146200025081634,0.0007746893944559264,2.1342180544721034,0.9710417543743851,6.830949070462569,2.04928472113877,18.32552837058248,,0.005,1.2596271157305112,,2.04539617851829
toxicity,mini_phi_4_instruct,20.0,0.9,200,100,Static,50,0.9020333361625671,0.00018397404835100725,0.9862781240875251,0.5658739207101388,1.886246402367129,0.5658739207101388,15.02060214719971,,,,,
toxicity,qwen25_14b_instruct,20.0,0.7,50,25,Endpoint/block + terminal residual AHT,50,0.6976733362674713,0.0004499749834794553,2.5539670501434184,0.9925382125926719,3.3084607086422397,0.9925382125926719,16.440002807151014,,0.005,,,
toxicity,qwen25_14b_instruct,20.0,0.7,50,25,Endpoint/block + terminal residual AHT + CRC,50,0.6980866650740306,0.0005293504503248338,2.9744946275578017,1.1983408800526576,3.994469600175525,1.1983408800526576,15.763171855206311,,0.005,,,
toxicity,qwen25_14b_instruct,20.0,0.7,50,25,Information-gain + sequential AHT,50,0.7003333306312561,0.00043071663239999244,7.455721839202766,1.5073508874046002,3.355462237281985,1.0066386711845954,19.20242187254704,,0.005,2.4622744710163325,,0.43910524918956595
toxicity,qwen25_14b_instruct,20.0,0.7,50,25,Information-gain + sequential AHT + CRC,50,0.6976333320140838,0.0008392666863932933,10.07408910553022,2.1040831235807467,4.865616022131534,1.4596848066394603,13.025912856793143,,0.005,2.184951186368876,,0.9213835532787271
toxicity,qwen25_14b_instruct,20.0,0.7,50,25,Oracle,50,0.6990400016307831,0.0001415720962145433,0.3018066666666666,0.0,,,124.05292666666666,,,,,
toxicity,qwen25_14b_instruct,20.0,0.7,50,25,Residual + sequential AHT,50,0.6994799971580505,0.0005117603760886152,10.754870549696593,2.458549603186364,5.994294569636718,1.7982883708910153,19.07193190334576,,0.005,2.627950486649801,,18.83081630096971
toxicity,qwen25_14b_instruct,20.0,0.7,50,25,Residual + sequential AHT + CRC,50,0.6933733344078064,0.0006028558195093769,13.740803820346768,3.0417195993725783,7.362748571555317,2.208824571466595,13.06446078964067,,0.005,2.3184972816185834,,37.49502855843888
toxicity,qwen25_14b_instruct,20.0,0.7,50,25,Soft-prefix DAPRO,50,0.6939466679096222,0.002759207899090256,6.032251098735672,1.6747713596453888,19.091392551341126,5.727417765402338,18.990634979406924,,0.005,2.8837121330544586,,1.898678596223256
toxicity,qwen25_14b_instruct,20.0,0.7,50,25,Soft-prefix DAPRO + CRC,50,0.6916533321142196,0.004194693610730324,8.783025521712501,2.355601857299454,28.25115173904167,8.475345521712502,13.163291381923857,,0.005,2.5701674162898063,,4.171075925630316
toxicity,qwen25_14b_instruct,20.0,0.7,50,25,Static,50,0.697333334684372,0.00039617680716380675,3.014865438565624,1.4702952922279786,4.9009843074265955,1.4702952922279786,12.405297849773019,,,,,
toxicity,qwen25_14b_instruct,20.0,0.7,100,50,Endpoint/block + terminal residual AHT,50,0.6976733362674713,0.0004499749834794553,2.5539670501434184,0.9925382125926719,3.3084607086422397,0.9925382125926719,16.440002807151014,,0.005,,,
toxicity,qwen25_14b_instruct,20.0,0.7,100,50,Endpoint/block + terminal residual AHT + CRC,50,0.6980866650740306,0.0005293504503248338,2.9744946275578017,1.1983408800526576,3.994469600175525,1.1983408800526576,15.763171855206311,,0.005,,,
toxicity,qwen25_14b_instruct,20.0,0.7,100,50,Information-gain + sequential AHT,50,0.7031333291530609,0.00048568235679360896,6.885301679223546,1.4251499276960757,3.2046610563916618,0.9613983169174984,19.222628714590623,,0.005,2.438297324122007,,0.4543123308827451
toxicity,qwen25_14b_instruct,20.0,0.7,100,50,Information-gain + sequential AHT + CRC,50,0.70253999710083,0.0004490062169095398,8.527211599131611,1.8343033462421992,4.259551809011347,1.2778655427034042,16.28695904210606,,0.005,2.448107273039107,,0.6410128444541507
toxicity,qwen25_14b_instruct,20.0,0.7,100,50,Oracle,50,0.6990400016307831,0.0001415720962145433,0.3018066666666666,0.0,,,124.05292666666666,,,,,
toxicity,qwen25_14b_instruct,20.0,0.7,100,50,Residual + sequential AHT,50,0.7034666669368744,0.0005259499657584431,8.961549492762424,2.053029652447867,4.96433822330424,1.4893014669912719,19.159165616233064,,0.005,2.560726458968462,,16.701460773961287
toxicity,qwen25_14b_instruct,20.0,0.7,100,50,Residual + sequential AHT + CRC,50,0.7033466649055481,0.0007976461603728048,11.200776812260154,2.6760886133689197,6.681168338098121,2.0043505014294363,16.333751985400806,,0.005,2.611813107650478,,24.971760657640495
toxicity,qwen25_14b_instruct,20.0,0.7,100,50,Soft-prefix DAPRO,50,0.6975866651535034,0.001937825640280549,5.159475371263575,1.5932319856794512,16.19296234865636,4.857888704596908,19.104762703591888,,0.005,2.8169043230494357,,1.6241286942174944
toxicity,qwen25_14b_instruct,20.0,0.7,100,50,Soft-prefix DAPRO + CRC,50,0.7064999985694885,0.002426386564986001,6.04060456739512,1.8076248598556077,19.1608152246504,5.74824456739512,16.30521907375746,,0.005,2.86416265493818,,2.4083824672982463
toxicity,qwen25_14b_instruct,20.0,0.7,100,50,Static,50,0.697333334684372,0.00039617680716380675,3.014865438565624,1.4702952922279786,4.9009843074265955,1.4702952922279786,12.405297849773019,,,,,
toxicity,qwen25_14b_instruct,20.0,0.7,200,100,Endpoint/block + terminal residual AHT,50,0.6976733362674713,0.0004499749834794553,2.5539670501434184,0.9925382125926719,3.3084607086422397,0.9925382125926719,16.440002807151014,,0.005,,,
toxicity,qwen25_14b_instruct,20.0,0.7,200,100,Endpoint/block + terminal residual AHT + CRC,50,0.6980866650740306,0.0005293504503248338,2.9744946275578017,1.1983408800526576,3.994469600175525,1.1983408800526576,15.763171855206311,,0.005,,,
toxicity,qwen25_14b_instruct,20.0,0.7,200,100,Information-gain + sequential AHT,50,0.6959066700935364,0.0006158686038773211,7.3204898932527716,1.5882221703969892,3.750994924740015,1.1252984774220045,19.67939325540463,,0.005,2.2807504466616195,,0.6051168642476616
toxicity,qwen25_14b_instruct,20.0,0.7,200,100,Information-gain + sequential AHT + CRC,50,0.7040666651725769,0.0007811654671112066,8.172111329931809,1.7958551162093084,4.253410993345723,1.276023298003717,18.33024343947392,,0.005,2.420611440574609,,0.7106623155982479
toxicity,qwen25_14b_instruct,20.0,0.7,200,100,Oracle,50,0.6990400016307831,0.0001415720962145433,0.3018066666666666,0.0,,,124.05292666666666,,,,,
toxicity,qwen25_14b_instruct,20.0,0.7,200,100,Residual + sequential AHT,50,0.701986665725708,0.0006160632836137224,8.58642174617656,2.050821374670062,5.113995635574394,1.5341986906723182,19.643580085964487,,0.005,2.3908300344420743,,19.103836858920264
toxicity,qwen25_14b_instruct,20.0,0.7,200,100,Residual + sequential AHT + CRC,50,0.7025066637992858,0.0005375793557516485,9.890655022478672,2.4207438824334884,6.0818428594909495,1.824552857847285,18.368897076615646,,0.005,2.5410333341986577,,24.480323684605466
toxicity,qwen25_14b_instruct,20.0,0.7,200,100,Soft-prefix DAPRO,50,0.701366662979126,0.002101742746595634,4.957009042000413,1.7448406405197219,15.533474584445823,4.660042375333747,19.57975153238315,,0.005,2.626016361782719,,1.7339244683811763
toxicity,qwen25_14b_instruct,20.0,0.7,200,100,Soft-prefix DAPRO + CRC,50,0.6982333338260651,0.0019738554942736143,6.348194368109953,2.113494405799352,20.158825671477622,6.047647701443286,18.352070126025673,,0.005,2.7926786337732237,,2.2353437527686713
toxicity,qwen25_14b_instruct,20.0,0.7,200,100,Static,50,0.697333334684372,0.00039617680716380675,3.014865438565624,1.4702952922279786,4.9009843074265955,1.4702952922279786,12.405297849773019,,,,,
toxicity,qwen25_14b_instruct,20.0,0.8,50,25,Endpoint/block + terminal residual AHT,50,0.7953266680240632,0.0004205330267064337,1.3912642242793236,0.751242473346799,2.5041415778226632,0.751242473346799,18.18427449780002,,0.005,,,
toxicity,qwen25_14b_instruct,20.0,0.8,50,25,Endpoint/block + terminal residual AHT + CRC,50,0.7932755589485169,0.00038544477936184956,1.9071319203760284,1.0723755782500712,3.574585260833571,1.0723755782500712,15.733065355555558,,0.005,,,
toxicity,qwen25_14b_instruct,20.0,0.8,50,25,Information-gain + sequential AHT,50,0.7995199990272522,0.00035828167266337087,4.369765699591782,1.0944291906351404,1.9694986280307023,0.5908495884092106,19.711591300095645,,0.005,1.6044789779244544,,0.5491733637089581
toxicity,qwen25_14b_instruct,20.0,0.8,50,25,Information-gain + sequential AHT + CRC,50,0.8029133367538452,0.0007825343340724665,7.147419057153802,1.9043727579122933,3.7405795548208958,1.1221738664462688,12.847852320539737,,0.005,1.8024944082252032,,1.0145748578749911
toxicity,qwen25_14b_instruct,20.0,0.8,50,25,Oracle,50,0.7987266647815704,0.00011898712227562523,0.2803,0.0,,,124.05292666666666,,,,,
toxicity,qwen25_14b_instruct,20.0,0.8,50,25,Residual + sequential AHT,50,0.7994933331012726,0.00033435049094994055,6.342363614277742,1.5435422087310673,2.4290985460270598,0.728729563808118,19.70629930438499,,0.005,1.6541738457845185,,19.395611456685547
toxicity,qwen25_14b_instruct,20.0,0.8,50,25,Residual + sequential AHT + CRC,50,0.8003200018405914,0.0004864804274980826,10.080206342243851,2.6388926926110283,4.816769097517281,1.4450307292551843,12.828794118006128,,0.005,1.8895007593768511,,40.17842544256289
toxicity,qwen25_14b_instruct,20.0,0.8,50,25,Soft-prefix DAPRO,50,0.803946670293808,0.0011999155491840081,2.990997636160792,1.0205438719726927,9.317881009424863,2.795364302827459,19.752228334411587,,0.005,1.7819200917133238,,2.093075952585208
toxicity,qwen25_14b_instruct,20.0,0.8,50,25,Soft-prefix DAPRO + CRC,50,0.8025933337211609,0.0016462917095021454,5.25369430321829,1.81198487444422,16.85635878850541,5.056907636551624,12.919388297440165,,0.005,2.008712998296795,,3.8070902948331535
toxicity,qwen25_14b_instruct,20.0,0.8,50,25,Static,50,0.7989000022411347,0.00041686271321177945,2.002532518515658,1.148102554542747,3.8270085151424906,1.148102554542747,12.405297849773019,,,,,
toxicity,qwen25_14b_instruct,20.0,0.8,100,50,Endpoint/block + terminal residual AHT,50,0.7953266680240632,0.0004205330267064337,1.3912642242793236,0.751242473346799,2.5041415778226632,0.751242473346799,18.18427449780002,,0.005,,,
toxicity,qwen25_14b_instruct,20.0,0.8,100,50,Endpoint/block + terminal residual AHT + CRC,50,0.7932755589485169,0.00038544477936184956,1.9071319203760284,1.0723755782500712,3.574585260833571,1.0723755782500712,15.733065355555558,,0.005,,,
toxicity,qwen25_14b_instruct,20.0,0.8,100,50,Information-gain + sequential AHT,50,0.7982799994945526,0.0002442057729500896,4.0092515924254135,1.02812654074978,1.9078987381589008,0.5723696214476702,19.771671529622118,,0.005,1.4642759870337128,,0.5660983268078844
toxicity,qwen25_14b_instruct,20.0,0.8,100,50,Information-gain + sequential AHT + CRC,50,0.7961866664886474,0.00047050429157944983,5.657724406343055,1.4760155522200633,2.839641624232046,0.8518924872696136,16.286536697551853,,0.005,1.6049199475112195,,0.8134491955809457
toxicity,qwen25_14b_instruct,20.0,0.8,100,50,Oracle,50,0.7987266647815704,0.00011898712227562523,0.2803,0.0,,,124.05292666666666,,,,,
toxicity,qwen25_14b_instruct,20.0,0.8,100,50,Residual + sequential AHT,50,0.8000333392620087,0.00033517573369086186,5.446606589780358,1.3425015314341255,2.1058802771080427,0.6317640831324128,19.76442488702703,,0.005,1.4932426501653608,,19.177863201254375
toxicity,qwen25_14b_instruct,20.0,0.8,100,50,Residual + sequential AHT + CRC,50,0.7986266660690308,0.0005210732190481188,7.526606097719523,1.9300850503843836,3.321119282298582,0.9963357846895746,16.292252777253587,,0.005,1.6541879460815883,,28.01550635318449
toxicity,qwen25_14b_instruct,20.0,0.8,100,50,Soft-prefix DAPRO,50,0.8044866645336151,0.0010293206249736408,2.3320112686095293,0.9230955038422849,7.124237562031765,2.1372712686095294,19.76934549081964,,0.005,1.5734414258823448,,1.7751901092611575
toxicity,qwen25_14b_instruct,20.0,0.8,100,50,Soft-prefix DAPRO + CRC,50,0.810566668510437,0.001439887764334145,3.703535427111581,1.371520134485489,11.71242920148305,3.513728760444914,16.21991504482584,,0.005,1.780482975864417,,2.784131369651777
toxicity,qwen25_14b_instruct,20.0,0.8,100,50,Static,50,0.7989000022411347,0.00041686271321177945,2.002532518515658,1.148102554542747,3.8270085151424906,1.148102554542747,12.405297849773019,,,,,
toxicity,qwen25_14b_instruct,20.0,0.8,200,100,Endpoint/block + terminal residual AHT,50,0.7953266680240632,0.0004205330267064337,1.3912642242793236,0.751242473346799,2.5041415778226632,0.751242473346799,18.18427449780002,,0.005,,,
toxicity,qwen25_14b_instruct,20.0,0.8,200,100,Endpoint/block + terminal residual AHT + CRC,50,0.7932755589485169,0.00038544477936184956,1.9071319203760284,1.0723755782500712,3.574585260833571,1.0723755782500712,15.733065355555558,,0.005,,,
toxicity,qwen25_14b_instruct,20.0,0.8,200,100,Information-gain + sequential AHT,50,0.7952733325958252,0.0003647151820994997,4.36372430199907,1.177611036797075,2.369714788747683,0.710914436624305,19.954180652200975,,0.005,1.4099171504222614,,0.727044080166837
toxicity,qwen25_14b_instruct,20.0,0.8,200,100,Information-gain + sequential AHT + CRC,50,0.7967533314228058,0.0003633505057607382,5.365596559676342,1.4629754246661681,2.950691113261758,0.8852073339785274,18.217270251158187,,0.005,1.4662696807574358,,0.8999467389811288
toxicity,qwen25_14b_instruct,20.0,0.8,200,100,Oracle,50,0.7987266647815704,0.00011898712227562523,0.2803,0.0,,,124.05292666666666,,,,,
toxicity,qwen25_14b_instruct,20.0,0.8,200,100,Residual + sequential AHT,50,0.7988866710662842,0.0003884470325768786,5.307400084615316,1.396439526907176,2.4677151426582706,0.7403145427974812,19.95692637891726,,0.005,1.4279063416534683,,24.598702087426744
toxicity,qwen25_14b_instruct,20.0,0.8,200,100,Residual + sequential AHT + CRC,50,0.7973400020599365,0.0005527596060427564,6.66966607572397,1.7807175048013542,3.252175704003792,0.9756527112011376,18.219298161118168,,0.005,1.4948613039066354,,30.47709175540453
toxicity,qwen25_14b_instruct,20.0,0.8,200,100,Soft-prefix DAPRO,50,0.8038133335113525,0.0007837603770746795,2.2442796570061265,1.090576962687624,6.829465523353755,2.0488396570061265,19.961378900481865,,0.005,1.5026696309601766,,1.6958305506454412
toxicity,qwen25_14b_instruct,20.0,0.8,200,100,Soft-prefix DAPRO + CRC,50,0.8025399994850159,0.0008029019609046087,3.144406355575736,1.3678799584821135,9.825821185252455,2.9477463555757364,18.220980825527967,,0.005,1.5736802299560124,,2.501603544693607
toxicity,qwen25_14b_instruct,20.0,0.8,200,100,Static,50,0.7989000022411347,0.00041686271321177945,2.002532518515658,1.148102554542747,3.8270085151424906,1.148102554542747,12.405297849773019,,,,,
toxicity,qwen25_14b_instruct,20.0,0.9,50,25,Endpoint/block + terminal residual AHT,50,0.8969133341312409,0.0002847565377672265,0.7005077166530955,0.4610481626133454,1.5368272087111514,0.4610481626133454,18.18427449780002,,0.005,,,
toxicity,qwen25_14b_instruct,20.0,0.9,50,25,Endpoint/block + terminal residual AHT + CRC,50,0.8964999997615815,0.0003579385543064321,0.9524077639791692,0.6547973201771982,2.1826577339239943,0.6547973201771982,15.733065355555558,,0.005,,,
toxicity,qwen25_14b_instruct,20.0,0.9,50,25,Information-gain + sequential AHT,50,0.8983933341503143,0.00018247036291577036,2.512610124316632,0.8818065490529514,1.432346318725762,0.42970389561772854,19.96022802485555,,0.005,1.4278909551421768,,0.3498152786557193
toxicity,qwen25_14b_instruct,20.0,0.9,50,25,Information-gain + sequential AHT + CRC,50,0.9013599991798401,0.0004105163032645535,3.737718514778162,1.4104517695081027,2.6820511296187983,0.8046153388856395,12.937048053706866,,0.005,1.4157988459668323,,0.6548851549255881
toxicity,qwen25_14b_instruct,20.0,0.9,50,25,Oracle,50,0.8994133317470551,7.802066626521521e-05,0.23197999999999996,0.0,,,124.05292666666666,,,,,
toxicity,qwen25_14b_instruct,20.0,0.9,50,25,Residual + sequential AHT,50,0.8983799946308136,0.00025714738574234393,4.247113530520566,1.4331499445029423,1.7098847948570413,0.5129654384571123,20.014080280118833,,0.005,1.4538598010008519,,15.94135780268239
toxicity,qwen25_14b_instruct,20.0,0.9,50,25,Residual + sequential AHT + CRC,50,0.8978533327579499,0.00041654049309321943,6.782297701727008,2.361018381011683,3.5796019766082123,1.0738805929824635,12.926426545885727,,0.005,1.436551846529718,,35.72351246034711
toxicity,qwen25_14b_instruct,20.0,0.9,50,25,Soft-prefix DAPRO,50,0.9085399997234345,0.0005883714183005949,1.4884374113146466,0.6684218230979249,4.6554358154932665,1.39663074464798,20.115447766309575,,0.005,1.5411666203434151,,1.169783921680794
toxicity,qwen25_14b_instruct,20.0,0.9,50,25,Soft-prefix DAPRO + CRC,50,0.9109733366966247,0.0007624344696975419,2.268692954898978,1.0858654474800569,7.2643542941077035,2.179306288232311,13.03267784588291,,0.005,1.5282516336240772,,1.853393092289087
toxicity,qwen25_14b_instruct,20.0,0.9,50,25,Static,50,0.8990066671371459,0.00030673694364209854,1.009199587473611,0.7006185548643618,2.335395182881206,0.7006185548643618,12.405297849773019,,,,,
toxicity,qwen25_14b_instruct,20.0,0.9,100,50,Endpoint/block + terminal residual AHT,50,0.8969133341312409,0.0002847565377672265,0.7005077166530955,0.4610481626133454,1.5368272087111514,0.4610481626133454,18.18427449780002,,0.005,,,
toxicity,qwen25_14b_instruct,20.0,0.9,100,50,Endpoint/block + terminal residual AHT + CRC,50,0.8964999997615815,0.0003579385543064321,0.9524077639791692,0.6547973201771982,2.1826577339239943,0.6547973201771982,15.733065355555558,,0.005,,,
toxicity,qwen25_14b_instruct,20.0,0.9,100,50,Information-gain + sequential AHT,50,0.8972466659545898,0.000340021792115558,2.2247203609595916,0.8046100958764509,1.3644040744029688,0.40932122232089063,19.870055344841386,,0.005,1.4552123020610157,,0.326666122041065
toxicity,qwen25_14b_instruct,20.0,0.9,100,50,Information-gain + sequential AHT + CRC,50,0.8966933286190033,0.0003203257059898982,3.3998758918025653,1.2266830468781607,2.125594406026881,0.6376783218080643,16.28993604006065,,0.005,1.4303371792590844,,0.5155856088679068
toxicity,qwen25_14b_instruct,20.0,0.9,100,50,Oracle,50,0.8994133317470551,7.802066626521521e-05,0.23197999999999996,0.0,,,124.05292666666666,,,,,
toxicity,qwen25_14b_instruct,20.0,0.9,100,50,Residual + sequential AHT,50,0.89882000207901,0.0002523411285985078,3.31459143226125,1.1605332828791013,1.485265712438,0.4455797137314,19.87217751315697,,0.005,1.4737959242617782,,14.187305977492445
toxicity,qwen25_14b_instruct,20.0,0.9,100,50,Residual + sequential AHT + CRC,50,0.8991799986362458,0.00038438644387920863,4.937237549683411,1.737405787516192,2.37902982948209,0.7137089488446271,16.29923178212516,,0.005,1.4558950824166306,,22.82284532514253
toxicity,qwen25_14b_instruct,20.0,0.9,100,50,Soft-prefix DAPRO,50,0.9049066638946534,0.0005033472719712366,1.185674444688802,0.6093617628377425,3.635648148962673,1.0906944446888018,19.885738968383542,,0.005,1.5554040648890268,,0.8615012977087784
toxicity,qwen25_14b_instruct,20.0,0.9,100,50,Soft-prefix DAPRO + CRC,50,0.913199998140335,0.0010752064620213537,1.887454718049418,0.9139071482761364,6.001271282386949,1.8003813847160848,16.27507167336963,,0.005,1.5417003352901353,,1.581718018494443
toxicity,qwen25_14b_instruct,20.0,0.9,100,50,Static,50,0.8990066671371459,0.00030673694364209854,1.009199587473611,0.7006185548643618,2.335395182881206,0.7006185548643618,12.405297849773019,,,,,
toxicity,qwen25_14b_instruct,20.0,0.9,200,100,Endpoint/block + terminal residual AHT,50,0.8969133341312409,0.0002847565377672265,0.7005077166530955,0.4610481626133454,1.5368272087111514,0.4610481626133454,18.18427449780002,,0.005,,,
toxicity,qwen25_14b_instruct,20.0,0.9,200,100,Endpoint/block + terminal residual AHT + CRC,50,0.8964999997615815,0.0003579385543064321,0.9524077639791692,0.6547973201771982,2.1826577339239943,0.6547973201771982,15.733065355555558,,0.005,,,
toxicity,qwen25_14b_instruct,20.0,0.9,200,100,Information-gain + sequential AHT,50,0.8941799962520599,0.00031131626806179993,2.489728233353482,0.9345495314268575,1.727151648064808,0.5181454944194424,19.949912068370896,,0.005,1.462362735425427,,0.41627385506527204
toxicity,qwen25_14b_instruct,20.0,0.9,200,100,Information-gain + sequential AHT + CRC,50,0.8956066632270813,0.00043640226620024095,3.0709052842743803,1.1613819667153884,2.157823123309252,0.6473469369927757,18.231858451398367,,0.005,1.4577730490840504,,0.5218673456372959
toxicity,qwen25_14b_instruct,20.0,0.9,200,100,Oracle,50,0.8994133317470551,7.802066626521521e-05,0.23197999999999996,0.0,,,124.05292666666666,,,,,
toxicity,qwen25_14b_instruct,20.0,0.9,200,100,Residual + sequential AHT,50,0.8970133352279663,0.0002803310008821614,3.226914410667639,1.183360387838796,1.7857621984899594,0.5357286595469879,19.955597453169492,,0.005,1.4787193544200408,,18.263767896884374
toxicity,qwen25_14b_instruct,20.0,0.9,200,100,Residual + sequential AHT + CRC,50,0.8968000030517578,0.00039663938742300395,4.101146526864152,1.504494695427546,2.299370243987154,0.6898110731961463,18.238682707928422,,0.005,1.4759552410310712,,22.871829658751174
toxicity,qwen25_14b_instruct,20.0,0.9,200,100,Soft-prefix DAPRO,50,0.9017733335494995,0.0007252037506562523,1.2462682452319143,0.7212829678297975,3.8278719285508256,1.1483615785652475,19.960348953617995,,0.005,1.5597562444889448,,0.8529286896084575
toxicity,qwen25_14b_instruct,20.0,0.9,200,100,Soft-prefix DAPRO + CRC,50,0.90560666680336,0.0008736039491137387,1.620287978473924,0.8955965857972926,5.083693261579746,1.5251079784739239,18.24652029080452,,0.005,1.555835431014732,,1.2267663821413521
toxicity,qwen25_14b_instruct,20.0,0.9,200,100,Static,50,0.8990066671371459,0.00030673694364209854,1.009199587473611,0.7006185548643618,2.335395182881206,0.7006185548643618,12.405297849773019,,,,,
